F18+19.txt;small and medium-sized enterprises;economicoperands;78
F18+19.txt;non-trading financial assets;economicoperands;1
F18+19.txt;paragraphs 213 to 239 or 260;legalreferences;1
F18+19.txt;credit-impaired instruments;economicoperands;12
F18+19.txt;non-financial corporations;economicoperands;180
F18+19.txt;off-balance sheet exposure;economicoperands;1
F18+19.txt;on-balance sheet exposures;economicoperands;2
F18+19.txt;national gaap compatible;legalreferences;108
F18+19.txt;non-performing exposures;economicoperands;152
F18+19.txt;trading financial assets;economicoperands;2
F18+19.txt;accumulated impairments;economicoperands;4
F18+19.txt;non-performing exposure;economicoperands;14
F18+19.txt;this part of this annex;legalreferences;3
F18+19.txt;accumulated impairment;economicoperands;219
F18+19.txt;commercial real estate;economicoperands;40
F18+19.txt;credit-impaired assets;economicoperands;2
F18+19.txt;financial corporations;economicoperands;185
F18+19.txt;accounting portfolios;economicoperands;3
F18+19.txt;have the same meaning;regulatoryoperators;1
F18+19.txt;reporting institution;economicoperands;1
F18+19.txt;265- 266 crr art 178;legalreferences;18
F18+19.txt;accounting framework;economicoperands;7
F18+19.txt;accounting portfolio;economicoperands;3
F18+19.txt;comprehensive income;economicoperands;25
F18+19.txt;delegated regulation;legalreferences;1
F18+19.txt;financial guarantees;economicoperands;91
F18+19.txt;forbearance measures;economicoperands;225
F18+19.txt;part 1 of this annex;legalreferences;6
F18+19.txt;terms and conditions;economicoperands;56
F18+19.txt;that are included in;logicalconnectors;2
F18+19.txt;under moderate locom;economicoperands;1
F18+19.txt;235-236 crr art 178;legalreferences;15
F18+19.txt;265-266 crr art 178;legalreferences;9
F18+19.txt;collateral obtained;economicoperands;1
F18+19.txt;for the purposes of;logicalconnectors;4
F18+19.txt;forbearance measure;economicoperands;1
F18+19.txt;reporting reference;economicoperands;1
F18+19.txt;taking into account;regulatoryoperators;1
F18+19.txt;under national gaap;legalreferences;2
F18+19.txt;annexes iii and iv;legalreferences;1
F18+19.txt;for the purpose of;logicalconnectors;8
F18+19.txt;forborne exposures;economicoperands;42
F18+19.txt;immovable property;economicoperands;172
F18+19.txt;in accordance with;logicalconnectors;34
F18+19.txt;less than or equal;mathematicaloperators;60
F18+19.txt;notional amount of;mathematicaloperators;1
F18+19.txt;under strict locom;economicoperands;1
F18+19.txt;within the meaning;logicalconnectors;2
F18+19.txt;are considered as;regulatoryoperators;2
F18+19.txt;as referred to in;logicalconnectors;2
F18+19.txt;at amortised cost;economicoperands;24
F18+19.txt;forborne exposure;economicoperands;5
F18+19.txt;impairment stages;economicoperands;1
F18+19.txt;in the context of;functionwords;1
F18+19.txt;off-balance sheet;economicoperands;20
F18+19.txt;on- balance sheet;economicoperands;1
F18+19.txt;with reference to;logicalconnectors;1
F18+19.txt;accrued interest;economicoperands;1
F18+19.txt;at the beginning;logicalconnectors;1
F18+19.txt;be considered as;regulatoryoperators;6
F18+19.txt;carrying amounts;economicoperands;1
F18+19.txt;credit- impaired;economicoperands;139
F18+19.txt;debt instruments;economicoperands;128
F18+19.txt;financial assets;economicoperands;98
F18+19.txt;held for trading;economicoperands;28
F18+19.txt;loan commitments;economicoperands;26
F18+19.txt;reclassification;regulatoryoperators;2
F18+19.txt;where applicable;logicalconnectors;1
F18+19.txt;article 178 crr;legalreferences;8
F18+19.txt;at strict locom;economicoperands;25
F18+19.txt;be allocated to;regulatoryoperators;1
F18+19.txt;be reported for;regulatoryoperators;1
F18+19.txt;carrying amount;economicoperands;144
F18+19.txt;consistent with;logicalconnectors;1
F18+19.txt;credit-impaired;economicoperands;65
F18+19.txt;debt securities;economicoperands;69
F18+19.txt;demand deposits;economicoperands;24
F18+19.txt;disposal groups;economicoperands;1
F18+19.txt;financial asset;economicoperands;1
F18+19.txt;impaired assets;economicoperands;3
F18+19.txt;irrespective of;logicalconnectors;1
F18+19.txt;non- performing;economicoperands;70
F18+19.txt;total amount of;mathematicaloperators;1
F18+19.txt;under probation;economicoperands;28
F18+19.txt;amortised cost;economicoperands;1
F18+19.txt;be reported as;regulatoryoperators;5
F18+19.txt;be reported in;regulatoryoperators;9
F18+19.txt;broken down by;mathematicaloperators;4
F18+19.txt;categorisation;economicoperands;2
F18+19.txt;classification;economicoperands;6
F18+19.txt;collateralised;economicoperands;145
F18+19.txt;financial year;economicoperands;3
F18+19.txt;nominal amount;economicoperands;115
F18+19.txt;profit or loss;economicoperands;30
F18+19.txt;recommendation;economicoperands;3
F18+19.txt;referred to in;functionwords;4
F18+19.txt;reporting date;economicoperands;1
F18+19.txt;resulting from;other;2
F18+19.txt;as defined in;logicalconnectors;15
F18+19.txt;at fair value;economicoperands;37
F18+19.txt;at the end of;logicalconnectors;2
F18+19.txt;cash balances;economicoperands;24
F18+19.txt;central banks;economicoperands;200
F18+19.txt;circumstances;economicoperands;1
F18+19.txt;classified as;regulatoryoperators;17
F18+19.txt;derecognition;economicoperands;2
F18+19.txt;held for sale;economicoperands;31
F18+19.txt;in respect of;logicalconnectors;3
F18+19.txt;modifications;economicoperands;29
F18+19.txt;national gaap;legalreferences;117
F18+19.txt;regardless of;logicalconnectors;2
F18+19.txt;systemic risk;economicoperands;1
F18+19.txt;consequently;functionwords;1
F18+19.txt;counterparty;economicoperands;6
F18+19.txt;deduction of;mathematicaloperators;2
F18+19.txt;derecognised;economicoperands;1
F18+19.txt;difficulties;economicoperands;3
F18+19.txt;discontinued;economicoperands;1
F18+19.txt;experiencing;economicoperands;1
F18+19.txt;institutions;economicoperands;176
F18+19.txt;laid down in;economicoperands;2
F18+19.txt;modification;economicoperands;3
F18+19.txt;nevertheless;logicalconnectors;1
F18+19.txt;paragraph 15;legalreferences;2
F18+19.txt;paragraph 16;legalreferences;2
F18+19.txt;reclassified;regulatoryoperators;28
F18+19.txt;respectively;logicalconnectors;1
F18+19.txt;accumulated;economicoperands;181
F18+19.txt;application;economicoperands;3
F18+19.txt;article 47a;legalreferences;12
F18+19.txt;broken down;mathematicaloperators;1
F18+19.txt;calculation;economicoperands;1
F18+19.txt;categorised;economicoperands;2
F18+19.txt;commitments;economicoperands;17
F18+19.txt;comply with;regulatoryoperators;1
F18+19.txt;consecutive;economicoperands;1
F18+19.txt;consumption;economicoperands;70
F18+19.txt;credit risk;economicoperands;310
F18+19.txt;designation;regulatoryoperators;3
F18+19.txt;discontinue;economicoperands;2
F18+19.txt;enterprises;economicoperands;7
F18+19.txt;forbearance;economicoperands;40
F18+19.txt;governments;economicoperands;176
F18+19.txt;higher than;mathematicaloperators;90
F18+19.txt;in addition;mathematicaloperators;1
F18+19.txt;information;economicoperands;13
F18+19.txt;institution;economicoperands;5
F18+19.txt;instruments;economicoperands;212
F18+19.txt;irrevocable;economicoperands;2
F18+19.txt;liquidation;economicoperands;2
F18+19.txt;mandatorily;regulatoryoperators;1
F18+19.txt;materiality;economicoperands;3
F18+19.txt;measurement;mathematicaloperators;3
F18+19.txt;obligations;economicoperands;1
F18+19.txt;outstanding;economicoperands;2
F18+19.txt;paragraph 1;legalreferences;2
F18+19.txt;presumption;economicoperands;1
F18+19.txt;real estate;economicoperands;3
F18+19.txt;recognition;economicoperands;133
F18+19.txt;refinancing;economicoperands;64
F18+19.txt;repackaging;economicoperands;1
F18+19.txt;residential;economicoperands;65
F18+19.txt;significant;attributes;128
F18+19.txt;template 18;legalreferences;8
F18+19.txt;template 19;legalreferences;7
F18+19.txt;transaction;economicoperands;3
F18+19.txt;transferred;economicoperands;1
F18+19.txt;unlikely to;economicoperands;50
F18+19.txt;written-off;economicoperands;2
F18+19.txt;additional;mathematicaloperators;4
F18+19.txt;appendix a;legalreferences;62
F18+19.txt;applicable;logicalconnectors;7
F18+19.txt;approaches;economicoperands;1
F18+19.txt;as well as;logicalconnectors;2
F18+19.txt;calculated;economicoperands;3
F18+19.txt;cash flows;economicoperands;2
F18+19.txt;categories;economicoperands;1
F18+19.txt;classified;regulatoryoperators;1
F18+19.txt;collateral;economicoperands;189
F18+19.txt;commercial;economicoperands;84
F18+19.txt;commission;economicoperands;1
F18+19.txt;comparison;logicalconnectors;1
F18+19.txt;concession;economicoperands;3
F18+19.txt;conditions;economicoperands;10
F18+19.txt;considered;logicalconnectors;52
F18+19.txt;cumulative;mathematicaloperators;2
F18+19.txt;derivative;economicoperands;7
F18+19.txt;designated;regulatoryoperators;4
F18+19.txt;discretion;economicoperands;1
F18+19.txt;fair value;economicoperands;204
F18+19.txt;gaap based;legalreferences;1
F18+19.txt;guarantees;economicoperands;7
F18+19.txt;households;economicoperands;111
F18+19.txt;identified;economicoperands;10
F18+19.txt;impairment;economicoperands;52
F18+19.txt;in case of;logicalconnectors;3
F18+19.txt;individual;economicoperands;3
F18+19.txt;instrument;economicoperands;1
F18+19.txt;likelihood;economicoperands;2
F18+19.txt;liquidated;economicoperands;1
F18+19.txt;originated;economicoperands;89
F18+19.txt;other than;logicalconnectors;44
F18+19.txt;paragraphs;legalreferences;10
F18+19.txt;performing;economicoperands;331
F18+19.txt;pertaining;logicalconnectors;1
F18+19.txt;possession;economicoperands;1
F18+19.txt;procedures;economicoperands;2
F18+19.txt;provisions;economicoperands;207
F18+19.txt;rebuttable;economicoperands;1
F18+19.txt;references;functionwords;363
F18+19.txt;refinanced;economicoperands;1
F18+19.txt;represents;economicoperands;1
F18+19.txt;secured by;economicoperands;3
F18+19.txt;separately;economicoperands;6
F18+19.txt;subject to;logicalconnectors;50
F18+19.txt;surrenders;economicoperands;1
F18+19.txt;this annex;legalreferences;2
F18+19.txt;treated as;regulatoryoperators;4
F18+19.txt;under ifrs;legalreferences;9
F18+19.txt;vice versa;logicalconnectors;1
F18+19.txt;allocated;economicoperands;1
F18+19.txt;amount of;mathematicaloperators;53
F18+19.txt;beginning;logicalconnectors;2
F18+19.txt;capped at;regulatoryoperators;3
F18+19.txt;combining;mathematicaloperators;1
F18+19.txt;commences;economicoperands;1
F18+19.txt;concludes;economicoperands;1
F18+19.txt;continued;economicoperands;1
F18+19.txt;continues;economicoperands;1
F18+19.txt;contracts;economicoperands;3
F18+19.txt;dedicated;economicoperands;1
F18+19.txt;defaulted;economicoperands;38
F18+19.txt;depending;logicalconnectors;1
F18+19.txt;different;mathematicaloperators;1
F18+19.txt;encompass;logicalconnectors;3
F18+19.txt;exception;logicalconnectors;1
F18+19.txt;excluding;logicalconnectors;1
F18+19.txt;executing;economicoperands;1
F18+19.txt;existence;economicoperands;1
F18+19.txt;exposures;economicoperands;307
F18+19.txt;extension;economicoperands;3
F18+19.txt;financial;economicoperands;28
F18+19.txt;following;other;13
F18+19.txt;guarantee;economicoperands;45
F18+19.txt;incidence;economicoperands;1
F18+19.txt;including;logicalconnectors;10
F18+19.txt;liability;economicoperands;1
F18+19.txt;listed in;functionwords;6
F18+19.txt;more than;mathematicaloperators;5
F18+19.txt;paragraph;legalreferences;22
F18+19.txt;partially;economicoperands;2
F18+19.txt;perfoming;economicoperands;18
F18+19.txt;principal;economicoperands;1
F18+19.txt;probation;economicoperands;1
F18+19.txt;purchased;economicoperands;90
F18+19.txt;qualifies;economicoperands;1
F18+19.txt;quarterly;attributes;2
F18+19.txt;repayment;economicoperands;3
F18+19.txt;revocable;economicoperands;2
F18+19.txt;section 2;legalreferences;2
F18+19.txt;specified;regulatoryoperators;1
F18+19.txt;threshold;economicoperands;2
F18+19.txt;unrelated;economicoperands;1
F18+19.txt;voluntary;economicoperands;2
F18+19.txt;180 days;attributes;100
F18+19.txt;advances;economicoperands;83
F18+19.txt;affected;economicoperands;1
F18+19.txt;annex v.;legalreferences;4333
F18+19.txt;approach;economicoperands;2
F18+19.txt;approves;regulatoryoperators;1
F18+19.txt;assessed;economicoperands;5
F18+19.txt;at least;logicalconnectors;2
F18+19.txt;based on;other;119
F18+19.txt;breaches;economicoperands;1
F18+19.txt;category;economicoperands;14
F18+19.txt;comprise;logicalconnectors;5
F18+19.txt;consider;logicalconnectors;1
F18+19.txt;continue;economicoperands;3
F18+19.txt;contract;economicoperands;3
F18+19.txt;counting;economicoperands;1
F18+19.txt;criteria;economicoperands;9
F18+19.txt;decrease;mathematicaloperators;2
F18+19.txt;disputes;economicoperands;1
F18+19.txt;embedded;logicalconnectors;1
F18+19.txt;entities;economicoperands;1
F18+19.txt;european;economicoperands;1
F18+19.txt;excluded;logicalconnectors;1
F18+19.txt;exercise;economicoperands;1
F18+19.txt;exposues;economicoperands;46
F18+19.txt;exposure;economicoperands;22
F18+19.txt;extended;economicoperands;2
F18+19.txt;forborne;economicoperands;7
F18+19.txt;granting;economicoperands;1
F18+19.txt;impaired;economicoperands;32
F18+19.txt;included;logicalconnectors;6
F18+19.txt;increase;mathematicaloperators;130
F18+19.txt;interest;economicoperands;2
F18+19.txt;isolated;economicoperands;1
F18+19.txt;material;economicoperands;2
F18+19.txt;measured;economicoperands;6
F18+19.txt;modified;other;1
F18+19.txt;multiple;mathematicaloperators;1
F18+19.txt;negative;mathematicaloperators;181
F18+19.txt;occurred;economicoperands;2
F18+19.txt;of which;logicalconnectors;812
F18+19.txt;one year;attributes;1
F18+19.txt;original;economicoperands;1
F18+19.txt;outflows;economicoperands;12
F18+19.txt;past due;economicoperands;414
F18+19.txt;past-due;economicoperands;83
F18+19.txt;provided;logicalconnectors;4
F18+19.txt;received;economicoperands;271
F18+19.txt;referred;functionwords;1
F18+19.txt;regarded;economicoperands;1
F18+19.txt;relevant;attributes;4
F18+19.txt;reported;economicoperands;23
F18+19.txt;separate;economicoperands;4
F18+19.txt;solvency;economicoperands;1
F18+19.txt;template;legalreferences;3
F18+19.txt;troubled;economicoperands;1
F18+19.txt;2 years;attributes;25
F18+19.txt;30 days;attributes;74
F18+19.txt;5 years;attributes;25
F18+19.txt;7 years;attributes;100
F18+19.txt;90 days;attributes;151
F18+19.txt;amounts;mathematicaloperators;6
F18+19.txt;annex i;legalreferences;72
F18+19.txt;another;functionwords;1
F18+19.txt;applied;logicalconnectors;8
F18+19.txt;applies;logicalconnectors;1
F18+19.txt;article;legalreferences;6
F18+19.txt;becomes;economicoperands;1
F18+19.txt;belongs;logicalconnectors;1
F18+19.txt;between;functionwords;1
F18+19.txt;ceasing;economicoperands;1
F18+19.txt;changes;economicoperands;181
F18+19.txt;chapter;legalreferences;2
F18+19.txt;clauses;legalreferences;3
F18+19.txt;closing;economicoperands;3
F18+19.txt;columns;legalreferences;2
F18+19.txt;current;attributes;4
F18+19.txt;default;economicoperands;2
F18+19.txt;exclude;logicalconnectors;1
F18+19.txt;follows;other;1
F18+19.txt;general;functionwords;176
F18+19.txt;granted;economicoperands;1
F18+19.txt;in that;logicalconnectors;2
F18+19.txt;include;logicalconnectors;8
F18+19.txt;inflows;economicoperands;12
F18+19.txt;initial;economicoperands;132
F18+19.txt;maximum;mathematicaloperators;45
F18+19.txt;measure;economicoperands;1
F18+19.txt;neither;logicalconnectors;2
F18+19.txt;obligor;economicoperands;2
F18+19.txt;october;attributes;1
F18+19.txt;of debt;economicoperands;2
F18+19.txt;outflow;economicoperands;7
F18+19.txt;overall;logicalconnectors;1
F18+19.txt;part of;logicalconnectors;2
F18+19.txt;partial;economicoperands;4
F18+19.txt;payment;economicoperands;1
F18+19.txt;present;economicoperands;2
F18+19.txt;provide;economicoperands;2
F18+19.txt;re-paid;economicoperands;1
F18+19.txt;reasons;economicoperands;1
F18+19.txt;reflect;economicoperands;2
F18+19.txt;related;logicalconnectors;4
F18+19.txt;several;attributes;1
F18+19.txt;such as;logicalconnectors;1
F18+19.txt;that is;logicalconnectors;1
F18+19.txt;through;functionwords;107
F18+19.txt;totally;mathematicaloperators;2
F18+19.txt;trading;economicoperands;31
F18+19.txt;whether;logicalconnectors;1
F18+19.txt;without;logicalconnectors;44
F18+19.txt;2 year;attributes;75
F18+19.txt;5 year;attributes;75
F18+19.txt;amount;mathematicaloperators;6
F18+19.txt;assets;economicoperands;6
F18+19.txt;become;economicoperands;2
F18+19.txt;ceased;economicoperands;2
F18+19.txt;ceases;economicoperands;1
F18+19.txt;change;economicoperands;2
F18+19.txt;column;legalreferences;8
F18+19.txt;credit;economicoperands;249
F18+19.txt;debtor;economicoperands;17
F18+19.txt;deemed;regulatoryoperators;1
F18+19.txt;due to;logicalconnectors;188
F18+19.txt;during;logicalconnectors;3
F18+19.txt;either;logicalconnectors;1
F18+19.txt;enable;economicoperands;1
F18+19.txt;ensure;regulatoryoperators;1
F18+19.txt;entire;logicalconnectors;2
F18+19.txt;equity;economicoperands;51
F18+19.txt;except;logicalconnectors;3
F18+19.txt;ifrs 4;legalreferences;14
F18+19.txt;ifrs 5;legalreferences;4
F18+19.txt;ifrs 9;legalreferences;61
F18+19.txt;impact;economicoperands;2
F18+19.txt;inflow;economicoperands;4
F18+19.txt;larger;mathematicaloperators;1
F18+19.txt;medium;attributes;7
F18+19.txt;method;economicoperands;2
F18+19.txt;number;economicoperands;1
F18+19.txt;period;economicoperands;5
F18+19.txt;profit;economicoperands;2
F18+19.txt;repaid;economicoperands;2
F18+19.txt;sector;economicoperands;4
F18+19.txt;should;regulatoryoperators;1
F18+19.txt;status;economicoperands;5
F18+19.txt;sum of;mathematicaloperators;5
F18+19.txt;unable;economicoperands;1
F18+19.txt;unless;logicalconnectors;1
F18+19.txt;within;logicalconnectors;3
F18+19.txt;after;logicalconnectors;2
F18+19.txt;annex;legalreferences;14
F18+19.txt;asset;economicoperands;3
F18+19.txt;bands;economicoperands;3
F18+19.txt;banks;economicoperands;1
F18+19.txt;based;other;3
F18+19.txt;basis;economicoperands;6
F18+19.txt;being;functionwords;3
F18+19.txt;board;economicoperands;1
F18+19.txt;cases;economicoperands;2
F18+19.txt;cease;economicoperands;1
F18+19.txt;debts;economicoperands;1
F18+19.txt;found;other;1
F18+19.txt;given;functionwords;57
F18+19.txt;gross;economicoperands;140
F18+19.txt;group;economicoperands;2
F18+19.txt;has a;functionwords;1
F18+19.txt;holds;economicoperands;15
F18+19.txt;house;economicoperands;15
F18+19.txt;items;other;1
F18+19.txt;leads;economicoperands;1
F18+19.txt;legal;economicoperands;2
F18+19.txt;level;economicoperands;1
F18+19.txt;loans;economicoperands;388
F18+19.txt;ltv-c;economicoperands;1
F18+19.txt;means;other;1
F18+19.txt;meets;economicoperands;3
F18+19.txt;other;logicalconnectors;247
F18+19.txt;parts;economicoperands;1
F18+19.txt;place;economicoperands;1
F18+19.txt;point;economicoperands;4
F18+19.txt;prior;economicoperands;21
F18+19.txt;ratio;mathematicaloperators;94
F18+19.txt;shall;regulatoryoperators;109
F18+19.txt;shown;other;1
F18+19.txt;since;logicalconnectors;131
F18+19.txt;small;economicoperands;7
F18+19.txt;stage;economicoperands;174
F18+19.txt;still;logicalconnectors;2
F18+19.txt;swaps;economicoperands;2
F18+19.txt;taken;other;1
F18+19.txt;takes;other;1
F18+19.txt;terms;other;2
F18+19.txt;their;functionwords;60
F18+19.txt;there;functionwords;2
F18+19.txt;those;functionwords;8
F18+19.txt;times;economicoperands;1
F18+19.txt;total;mathematicaloperators;3
F18+19.txt;types;economicoperands;1
F18+19.txt;under;functionwords;5
F18+19.txt;until;logicalconnectors;3
F18+19.txt;value;economicoperands;2
F18+19.txt;where;logicalconnectors;25
F18+19.txt;which;functionwords;19
F18+19.txt;write;economicoperands;2
F18+19.txt;also;logicalconnectors;5
F18+19.txt;been;functionwords;9
F18+19.txt;both;logicalconnectors;5
F18+19.txt;cost;economicoperands;25
F18+19.txt;data;economicoperands;3
F18+19.txt;date;economicoperands;3
F18+19.txt;days;attributes;2
F18+19.txt;debt;economicoperands;13
F18+19.txt;does;functionwords;1
F18+19.txt;each;logicalconnectors;1
F18+19.txt;esrb;economicoperands;3
F18+19.txt;fees;economicoperands;1
F18+19.txt;from;functionwords;33
F18+19.txt;full;economicoperands;3
F18+19.txt;gaps;economicoperands;3
F18+19.txt;have;functionwords;11
F18+19.txt;held;economicoperands;1
F18+19.txt;ifrs;legalreferences;595
F18+19.txt;into;functionwords;3
F18+19.txt;laid;economicoperands;1
F18+19.txt;less;mathematicaloperators;1
F18+19.txt;loan;economicoperands;2
F18+19.txt;loss;economicoperands;2
F18+19.txt;made;functionwords;3
F18+19.txt;mean;other;3
F18+19.txt;meet;economicoperands;3
F18+19.txt;most;mathematicaloperators;1
F18+19.txt;need;regulatoryoperators;1
F18+19.txt;non-;logicalconnectors;153
F18+19.txt;once;attributes;1
F18+19.txt;only;logicalconnectors;3
F18+19.txt;paid;economicoperands;1
F18+19.txt;part;functionwords;4496
F18+19.txt;past;functionwords;21
F18+19.txt;pool;economicoperands;1
F18+19.txt;risk;economicoperands;1
F18+19.txt;rows;economicoperands;2
F18+19.txt;sale;economicoperands;1
F18+19.txt;smes;economicoperands;19
F18+19.txt;sold;economicoperands;1
F18+19.txt;that;functionwords;129
F18+19.txt;then;logicalconnectors;1
F18+19.txt;they;functionwords;3
F18+19.txt;this;functionwords;24
F18+19.txt;time;economicoperands;3
F18+19.txt;upon;other;1
F18+19.txt;used;economicoperands;2
F18+19.txt;well;attributes;2
F18+19.txt;were;functionwords;5
F18+19.txt;with;functionwords;442
F18+19.txt;year;economicoperands;100
F18+19.txt;100;attributes;60
F18+19.txt;105;legalreferences;50
F18+19.txt;106;legalreferences;2
F18+19.txt;110;legalreferences;1
F18+19.txt;113;legalreferences;32
F18+19.txt;115;legalreferences;20
F18+19.txt;215;legalreferences;2
F18+19.txt;217;legalreferences;12
F18+19.txt;220;legalreferences;1
F18+19.txt;250;attributes;1
F18+19.txt;all;logicalconnectors;11
F18+19.txt;and;logicalconnectors;498
F18+19.txt;any;logicalconnectors;10
F18+19.txt;are;functionwords;82
F18+19.txt;bad;economicoperands;129
F18+19.txt;but;logicalconnectors;87
F18+19.txt;can;regulatoryoperators;46
F18+19.txt;cre;economicoperands;41
F18+19.txt;crr;legalreferences;401
F18+19.txt;due;attributes;21
F18+19.txt;for;functionwords;102
F18+19.txt;has;functionwords;8
F18+19.txt;iii;legalreferences;2
F18+19.txt;led;economicoperands;1
F18+19.txt;ltv;economicoperands;92
F18+19.txt;may;regulatoryoperators;1
F18+19.txt;met;functionwords;9
F18+19.txt;new;economicoperands;4
F18+19.txt;non;logicalconnectors;37
F18+19.txt;nor;logicalconnectors;2
F18+19.txt;not;logicalconnectors;200
F18+19.txt;old;economicoperands;1
F18+19.txt;one;attributes;1
F18+19.txt;out;functionwords;5
F18+19.txt;pay;economicoperands;50
F18+19.txt;rts;legalreferences;1
F18+19.txt;sme;economicoperands;125
F18+19.txt;the;functionwords;253
F18+19.txt;use;economicoperands;1
F18+19.txt;via;functionwords;1
F18+19.txt;was;functionwords;1
F18+19.txt;11;legalreferences;2
F18+19.txt;13;legalreferences;10
F18+19.txt;14;legalreferences;1
F18+19.txt;17;legalreferences;1
F18+19.txt;18;legalreferences;4
F18+19.txt;19;legalreferences;3
F18+19.txt;20;attributes;1
F18+19.txt;31;attributes;2
F18+19.txt;44;legalreferences;192
F18+19.txt;60;attributes;30
F18+19.txt;90;attributes;1
F18+19.txt;an;functionwords;13
F18+19.txt;as;logicalconnectors;27
F18+19.txt;at;functionwords;57
F18+19.txt;be;functionwords;123
F18+19.txt;by;functionwords;181
F18+19.txt;do;functionwords;2
F18+19.txt;eu;economicoperands;1
F18+19.txt;if;logicalconnectors;1
F18+19.txt;ii;legalreferences;3
F18+19.txt;in;functionwords;394
F18+19.txt;is;functionwords;15
F18+19.txt;it;functionwords;1
F18+19.txt;iv;legalreferences;1
F18+19.txt;of;functionwords;176
F18+19.txt;on;functionwords;204
F18+19.txt;or;logicalconnectors;360
F18+19.txt;to;functionwords;172
F18+19.txt;1;attributes;463
F18+19.txt;2;attributes;1875
F18+19.txt;3;attributes;114
F18+19.txt;4;attributes;20
F18+19.txt;5;attributes;1
F18+19.txt;6;attributes;2
F18+19.txt;7;attributes;240
F18+19.txt;8;attributes;2
F18+19.txt;9;attributes;1
