C17.txt;reporting reference periods;economicoperands;11
C17.txt;reporting reference period;economicoperands;28
C17.txt;risk transfer mechanisms;economicoperands;20
C17.txt;table 2 of article 317;legalreferences;11
C17.txt;standardised approach;economicoperands;1
C17.txt;reporting reference;economicoperands;2
C17.txt;taking into account;regulatoryoperators;1
C17.txt;business practices;economicoperands;12
C17.txt;commercial banking;economicoperands;3
C17.txt;for the first time;attributes;15
C17.txt;in accordance with;logicalconnectors;9
C17.txt;interest rate risk;economicoperands;1
C17.txt;as referred to in;logicalconnectors;8
C17.txt;corporate finance;economicoperands;3
C17.txt;take into account;regulatoryoperators;4
C17.txt;asset management;economicoperands;3
C17.txt;be considered as;regulatoryoperators;3
C17.txt;corresponding to;logicalconnectors;1
C17.txt;foreign exchange;economicoperands;1
C17.txt;operational risk;economicoperands;17
C17.txt;reporting period;economicoperands;3
C17.txt;associated with;economicoperands;1
C17.txt;attributable to;functionwords;4
C17.txt;be allocated to;regulatoryoperators;1
C17.txt;be reported for;regulatoryoperators;1
C17.txt;data collection;economicoperands;20
C17.txt;debt instrument;economicoperands;2
C17.txt;adjustment for;mathematicaloperators;1
C17.txt;be reported as;regulatoryoperators;1
C17.txt;be reported in;regulatoryoperators;1
C17.txt;in the case of;logicalconnectors;3
C17.txt;interest rates;economicoperands;1
C17.txt;it is possible;regulatoryoperators;1
C17.txt;reference date;economicoperands;2
C17.txt;referred to in;functionwords;10
C17.txt;retail banking;economicoperands;3
C17.txt;simultaneously;economicoperands;1
C17.txt;business line;economicoperands;40
C17.txt;comparability;logicalconnectors;1
C17.txt;corresponding;logicalconnectors;1
C17.txt;in every case;logicalconnectors;2
C17.txt;last sentence;legalreferences;1
C17.txt;provided that;logicalconnectors;11
C17.txt;regardless of;logicalconnectors;1
C17.txt;together with;logicalconnectors;1
C17.txt;additionally;mathematicaloperators;1
C17.txt;distributing;economicoperands;1
C17.txt;institutions;economicoperands;8
C17.txt;instructions;regulatoryoperators;4
C17.txt;legal entity;economicoperands;4
C17.txt;requirements;regulatoryoperators;4
C17.txt;respectively;logicalconnectors;1
C17.txt;accumulated;economicoperands;5
C17.txt;adjustments;mathematicaloperators;51
C17.txt;aggregation;mathematicaloperators;9
C17.txt;appropriate;attributes;1
C17.txt;broken down;mathematicaloperators;2
C17.txt;calculating;economicoperands;2
C17.txt;calculation;economicoperands;2
C17.txt;commodities;economicoperands;1
C17.txt;description;other;3
C17.txt;distributed;economicoperands;2
C17.txt;higher than;mathematicaloperators;3
C17.txt;in order to;logicalconnectors;1
C17.txt;information;economicoperands;9
C17.txt;institution;economicoperands;21
C17.txt;instruments;economicoperands;1
C17.txt;necessarily;attributes;3
C17.txt;relating to;logicalconnectors;20
C17.txt;requirement;regulatoryoperators;2
C17.txt;settlements;economicoperands;2
C17.txt;supervisory;economicoperands;4
C17.txt;accounting;economicoperands;3
C17.txt;additional;mathematicaloperators;3
C17.txt;adjustment;mathematicaloperators;20
C17.txt;anonymised;economicoperands;1
C17.txt;applicable;logicalconnectors;1
C17.txt;as well as;logicalconnectors;1
C17.txt;attributed;functionwords;1
C17.txt;attributes;functionwords;1
C17.txt;components;economicoperands;1
C17.txt;concerning;logicalconnectors;2
C17.txt;considered;logicalconnectors;3
C17.txt;defined in;regulatoryoperators;2
C17.txt;derivative;economicoperands;4
C17.txt;identified;economicoperands;11
C17.txt;identifier;economicoperands;1
C17.txt;individual;economicoperands;2
C17.txt;instrument;economicoperands;3
C17.txt;memorandum;legalreferences;14
C17.txt;occurrence;economicoperands;3
C17.txt;procedures;economicoperands;1
C17.txt;provisions;economicoperands;3
C17.txt;recognised;economicoperands;1
C17.txt;recoveries;economicoperands;21
C17.txt;regulatory;economicoperands;1
C17.txt;respective;logicalconnectors;2
C17.txt;securities;economicoperands;1
C17.txt;settlement;economicoperands;3
C17.txt;subject to;logicalconnectors;22
C17.txt;thresholds;economicoperands;8
C17.txt;underlying;economicoperands;1
C17.txt;accounted;economicoperands;15
C17.txt;amount of;mathematicaloperators;5
C17.txt;available;economicoperands;1
C17.txt;brokerage;economicoperands;3
C17.txt;calculate;economicoperands;3
C17.txt;causes of;economicoperands;1
C17.txt;component;economicoperands;2
C17.txt;concerned;logicalconnectors;1
C17.txt;corporate;economicoperands;15
C17.txt;different;mathematicaloperators;9
C17.txt;discovery;economicoperands;3
C17.txt;divisions;mathematicaloperators;1
C17.txt;entailing;logicalconnectors;1
C17.txt;following;other;4
C17.txt;identical;mathematicaloperators;1
C17.txt;including;logicalconnectors;2
C17.txt;insurance;economicoperands;20
C17.txt;listed in;functionwords;9
C17.txt;more than;mathematicaloperators;4
C17.txt;necessary;attributes;1
C17.txt;numerical;economicoperands;1
C17.txt;otherwise;logicalconnectors;1
C17.txt;pertinent;economicoperands;8
C17.txt;positions;economicoperands;2
C17.txt;practices;economicoperands;12
C17.txt;presented;economicoperands;1
C17.txt;provision;economicoperands;1
C17.txt;remaining;economicoperands;1
C17.txt;reporting;economicoperands;20
C17.txt;statement;economicoperands;1
C17.txt;templates;legalreferences;2
C17.txt;therefore;logicalconnectors;1
C17.txt;threshold;economicoperands;25
C17.txt;treatment;economicoperands;1
C17.txt;unrelated;economicoperands;1
C17.txt;adjusted;mathematicaloperators;2
C17.txt;affected;economicoperands;6
C17.txt;approach;economicoperands;1
C17.txt;assigned;regulatoryoperators;8
C17.txt;at least;logicalconnectors;2
C17.txt;based on;other;2
C17.txt;business;economicoperands;53
C17.txt;comprise;logicalconnectors;1
C17.txt;december;attributes;2
C17.txt;decrease;mathematicaloperators;1
C17.txt;delivery;economicoperands;12
C17.txt;detailed;other;1
C17.txt;division;mathematicaloperators;1
C17.txt;elements;economicoperands;1
C17.txt;entities;economicoperands;2
C17.txt;equal to;logicalconnectors;4
C17.txt;exceeded;mathematicaloperators;2
C17.txt;failures;economicoperands;12
C17.txt;greatest;mathematicaloperators;3
C17.txt;identify;economicoperands;3
C17.txt;included;logicalconnectors;9
C17.txt;increase;mathematicaloperators;1
C17.txt;internal;economicoperands;26
C17.txt;lei code;economicoperands;2
C17.txt;movement;economicoperands;1
C17.txt;multiple;mathematicaloperators;2
C17.txt;negative;mathematicaloperators;14
C17.txt;obtained;economicoperands;5
C17.txt;occurred;economicoperands;3
C17.txt;of which;logicalconnectors;7
C17.txt;original;economicoperands;5
C17.txt;physical;economicoperands;12
C17.txt;position;economicoperands;1
C17.txt;positive;economicoperands;11
C17.txt;previous;logicalconnectors;40
C17.txt;products;economicoperands;12
C17.txt;provided;logicalconnectors;1
C17.txt;purposes;economicoperands;1
C17.txt;recorded;economicoperands;2
C17.txt;recovery;economicoperands;35
C17.txt;relevant;attributes;1
C17.txt;reported;economicoperands;50
C17.txt;required;regulatoryoperators;1
C17.txt;services;economicoperands;3
C17.txt;specific;functionwords;5
C17.txt;template;legalreferences;10
C17.txt;affects;economicoperands;1
C17.txt;against;functionwords;2
C17.txt;already;logicalconnectors;3
C17.txt;amongst;logicalconnectors;6
C17.txt;amounts;mathematicaloperators;18
C17.txt;another;functionwords;1
C17.txt;applied;logicalconnectors;15
C17.txt;applies;logicalconnectors;1
C17.txt;article;legalreferences;17
C17.txt;because;logicalconnectors;6
C17.txt;capital;economicoperands;1
C17.txt;certain;economicoperands;1
C17.txt;charges;economicoperands;1
C17.txt;clients;economicoperands;12
C17.txt;columns;legalreferences;5
C17.txt;counted;economicoperands;1
C17.txt;current;attributes;5
C17.txt;defined;regulatoryoperators;1
C17.txt;details;other;4
C17.txt;divided;mathematicaloperators;1
C17.txt;drivers;economicoperands;1
C17.txt;factors;mathematicaloperators;1
C17.txt;figures;economicoperands;2
C17.txt;general;functionwords;4
C17.txt;highest;mathematicaloperators;17
C17.txt;impacts;economicoperands;6
C17.txt;include;logicalconnectors;1
C17.txt;instead;logicalconnectors;2
C17.txt;largest;logicalconnectors;31
C17.txt;mapping;other;12
C17.txt;maximum;mathematicaloperators;26
C17.txt;minimum;mathematicaloperators;2
C17.txt;netting;economicoperands;1
C17.txt;numbers;economicoperands;1
C17.txt;payment;economicoperands;3
C17.txt;periods;economicoperands;18
C17.txt;present;economicoperands;2
C17.txt;process;economicoperands;12
C17.txt;provide;economicoperands;1
C17.txt;qualify;economicoperands;1
C17.txt;related;logicalconnectors;16
C17.txt;remarks;economicoperands;2
C17.txt;reports;economicoperands;2
C17.txt;reserve;economicoperands;1
C17.txt;section;legalreferences;1
C17.txt;several;attributes;4
C17.txt;that is;logicalconnectors;3
C17.txt;trading;economicoperands;3
C17.txt;without;logicalconnectors;1
C17.txt;agency;economicoperands;3
C17.txt;always;logicalconnectors;1
C17.txt;amount;mathematicaloperators;35
C17.txt;assets;economicoperands;12
C17.txt;became;economicoperands;1
C17.txt;before;logicalconnectors;1
C17.txt;cannot;regulatoryoperators;2
C17.txt;change;economicoperands;3
C17.txt;column;legalreferences;19
C17.txt;damage;economicoperands;12
C17.txt;direct;economicoperands;25
C17.txt;due to;logicalconnectors;4
C17.txt;either;logicalconnectors;8
C17.txt;equity;economicoperands;6
C17.txt;events;economicoperands;110
C17.txt;except;logicalconnectors;1
C17.txt;figure;economicoperands;5
C17.txt;filled;economicoperands;2
C17.txt;follow;other;1
C17.txt;having;functionwords;1
C17.txt;higher;mathematicaloperators;2
C17.txt;impact;economicoperands;2
C17.txt;issuer;economicoperands;2
C17.txt;itself;functionwords;4
C17.txt;larger;mathematicaloperators;1
C17.txt;linked;economicoperands;1
C17.txt;losses;economicoperands;71
C17.txt;lowest;mathematicaloperators;14
C17.txt;manner;other;1
C17.txt;market;economicoperands;2
C17.txt;matrix;mathematicaloperators;1
C17.txt;models;economicoperands;1
C17.txt;number;economicoperands;50
C17.txt;period;economicoperands;1
C17.txt;profit;economicoperands;1
C17.txt;ranges;economicoperands;3
C17.txt;relate;logicalconnectors;1
C17.txt;report;economicoperands;11
C17.txt;retail;economicoperands;3
C17.txt;safety;economicoperands;12
C17.txt;second;attributes;1
C17.txt;simple;economicoperands;5
C17.txt;single;attributes;24
C17.txt;sum of;mathematicaloperators;29
C17.txt;system;economicoperands;12
C17.txt;totals;mathematicaloperators;1
C17.txt;traded;economicoperands;2
C17.txt;unique;economicoperands;1
C17.txt;values;economicoperands;1
C17.txt;within;logicalconnectors;30
C17.txt;about;functionwords;2
C17.txt;above;functionwords;5
C17.txt;after;logicalconnectors;1
C17.txt;among;logicalconnectors;1
C17.txt;apply;logicalconnectors;2
C17.txt;aware;economicoperands;1
C17.txt;below;functionwords;3
C17.txt;broad;economicoperands;1
C17.txt;cover;economicoperands;1
C17.txt;event;economicoperands;87
C17.txt;falls;economicoperands;2
C17.txt;first;attributes;3
C17.txt;fraud;economicoperands;24
C17.txt;funds;economicoperands;6
C17.txt;gross;economicoperands;47
C17.txt;items;other;13
C17.txt;known;other;1
C17.txt;large;economicoperands;1
C17.txt;level;economicoperands;1
C17.txt;lines;economicoperands;37
C17.txt;lower;mathematicaloperators;2
C17.txt;means;other;2
C17.txt;minus;mathematicaloperators;5
C17.txt;order;economicoperands;1
C17.txt;other;logicalconnectors;21
C17.txt;point;economicoperands;12
C17.txt;price;economicoperands;2
C17.txt;refer;functionwords;4
C17.txt;sales;economicoperands;3
C17.txt;shall;regulatoryoperators;74
C17.txt;share;economicoperands;3
C17.txt;shows;other;1
C17.txt;since;logicalconnectors;2
C17.txt;table;other;2
C17.txt;their;functionwords;2
C17.txt;there;functionwords;3
C17.txt;these;functionwords;1
C17.txt;those;functionwords;9
C17.txt;total;mathematicaloperators;68
C17.txt;types;economicoperands;39
C17.txt;units;economicoperands;1
C17.txt;until;logicalconnectors;3
C17.txt;using;economicoperands;1
C17.txt;value;economicoperands;2
C17.txt;where;logicalconnectors;20
C17.txt;which;functionwords;18
C17.txt;whole;functionwords;1
C17.txt;also;logicalconnectors;1
C17.txt;been;functionwords;1
C17.txt;code;economicoperands;6
C17.txt;data;economicoperands;1
C17.txt;date;economicoperands;14
C17.txt;debt;economicoperands;2
C17.txt;each;logicalconnectors;17
C17.txt;five;attributes;26
C17.txt;from;functionwords;20
C17.txt;have;functionwords;2
C17.txt;into;functionwords;3
C17.txt;item;other;14
C17.txt;last;attributes;5
C17.txt;loss;economicoperands;301
C17.txt;made;functionwords;14
C17.txt;more;mathematicaloperators;1
C17.txt;name;economicoperands;3
C17.txt;once;attributes;1
C17.txt;ones;attributes;1
C17.txt;only;logicalconnectors;10
C17.txt;over;mathematicaloperators;1
C17.txt;part;functionwords;1
C17.txt;plus;functionwords;5
C17.txt;risk;economicoperands;9
C17.txt;rows;economicoperands;33
C17.txt;same;logicalconnectors;1
C17.txt;show;other;1
C17.txt;sign;economicoperands;4
C17.txt;such;functionwords;1
C17.txt;than;functionwords;2
C17.txt;that;functionwords;23
C17.txt;them;functionwords;1
C17.txt;they;functionwords;1
C17.txt;this;functionwords;6
C17.txt;time;economicoperands;2
C17.txt;type;economicoperands;13
C17.txt;unit;economicoperands;3
C17.txt;used;economicoperands;1
C17.txt;well;attributes;1
C17.txt;were;functionwords;7
C17.txt;when;logicalconnectors;3
C17.txt;with;functionwords;12
C17.txt;year;economicoperands;3
C17.txt;100;attributes;6
C17.txt;152;legalreferences;1
C17.txt;153;legalreferences;1
C17.txt;154;legalreferences;1
C17.txt;322;legalreferences;12
C17.txt;323;legalreferences;2
C17.txt;324;legalreferences;3
C17.txt;all;logicalconnectors;27
C17.txt;and;logicalconnectors;97
C17.txt;any;logicalconnectors;4
C17.txt;are;functionwords;11
C17.txt;can;regulatoryoperators;3
C17.txt;crr;legalreferences;28
C17.txt;due;attributes;1
C17.txt;etc;functionwords;3
C17.txt;for;functionwords;59
C17.txt;has;functionwords;16
C17.txt;i.e;functionwords;7
C17.txt;may;regulatoryoperators;8
C17.txt;net;economicoperands;3
C17.txt;new;economicoperands;35
C17.txt;not;logicalconnectors;14
C17.txt;one;attributes;14
C17.txt;opr;economicoperands;4
C17.txt;own;functionwords;6
C17.txt;per;functionwords;3
C17.txt;row;economicoperands;17
C17.txt;sec;economicoperands;1
C17.txt;set;other;2
C17.txt;sum;mathematicaloperators;3
C17.txt;ten;attributes;1
C17.txt;the;functionwords;354
C17.txt;two;attributes;1
C17.txt;was;functionwords;13
C17.txt;10;attributes;3
C17.txt;20;attributes;5
C17.txt;an;functionwords;7
C17.txt;as;logicalconnectors;20
C17.txt;at;functionwords;1
C17.txt;be;functionwords;58
C17.txt;by;functionwords;12
C17.txt;do;functionwords;2
C17.txt;fx;economicoperands;1
C17.txt;if;logicalconnectors;3
C17.txt;ii;legalreferences;4
C17.txt;in;functionwords;98
C17.txt;is;functionwords;8
C17.txt;it;functionwords;9
C17.txt;of;functionwords;156
C17.txt;on;functionwords;7
C17.txt;or;logicalconnectors;36
C17.txt;sa;economicoperands;6
C17.txt;to;functionwords;78
C17.txt;up;functionwords;2
C17.txt;1;attributes;8
C17.txt;2;attributes;3
C17.txt;3;attributes;13
C17.txt;4;attributes;10
C17.txt;5;attributes;1
