F42.txt;national gaap compatible;legalreferences;1
F42.txt;accounting framework;economicoperands;1
F42.txt;in accordance with;logicalconnectors;1
F42.txt;intangible assets;economicoperands;9
F42.txt;carrying amount;economicoperands;5
F42.txt;right-of-use;economicoperands;3
F42.txt;information;economicoperands;1
F42.txt;institution;economicoperands;1
F42.txt;measurement;mathematicaloperators;4
F42.txt;revaluation;economicoperands;4
F42.txt;applicable;logicalconnectors;1
F42.txt;fair value;economicoperands;2
F42.txt;investment;economicoperands;3
F42.txt;other than;logicalconnectors;1
F42.txt;references;functionwords;2
F42.txt;equipment;economicoperands;4
F42.txt;annex v.;legalreferences;10
F42.txt;criteria;economicoperands;1
F42.txt;goodwill;economicoperands;1
F42.txt;of which;logicalconnectors;6
F42.txt;property;economicoperands;7
F42.txt;reported;economicoperands;2
F42.txt;separate;economicoperands;1
F42.txt;software;economicoperands;5
F42.txt;tangible;economicoperands;3
F42.txt;assumes;logicalconnectors;1
F42.txt;include;logicalconnectors;1
F42.txt;provide;economicoperands;1
F42.txt;role of;economicoperands;1
F42.txt;used in;economicoperands;1
F42.txt;assets;economicoperands;9
F42.txt;lessee;economicoperands;1
F42.txt;method;economicoperands;3
F42.txt;within;logicalconnectors;2
F42.txt;lease;economicoperands;1
F42.txt;model;economicoperands;12
F42.txt;other;logicalconnectors;5
F42.txt;plant;economicoperands;4
F42.txt;shall;regulatoryoperators;4
F42.txt;their;functionwords;1
F42.txt;where;logicalconnectors;1
F42.txt;cost;economicoperands;6
F42.txt;ifrs;legalreferences;3
F42.txt;part;functionwords;10
F42.txt;303;legalreferences;1
F42.txt;all;logicalconnectors;1
F42.txt;and;logicalconnectors;8
F42.txt;the;functionwords;4
F42.txt;30;attributes;2
F42.txt;38;legalreferences;1
F42.txt;42;legalreferences;3
F42.txt;53;legalreferences;2
F42.txt;be;functionwords;2
F42.txt;by;functionwords;4
F42.txt;ii;legalreferences;2
F42.txt;it;functionwords;1
F42.txt;on;functionwords;1
F42.txt;or;logicalconnectors;1
F42.txt;2;attributes;2
