F22.txt;non-trading financial assets;economicoperands;1
F22.txt;fee and commission income;economicoperands;32
F22.txt;national gaap compatible;legalreferences;4
F22.txt;financial instruments;economicoperands;6
F22.txt;regardless of whether;logicalconnectors;1
F22.txt;accounting portfolio;economicoperands;1
F22.txt;financial guarantees;economicoperands;6
F22.txt;financial guarantee;economicoperands;1
F22.txt;for the purposes of;logicalconnectors;1
F22.txt;difference between;mathematicaloperators;2
F22.txt;in accordance with;logicalconnectors;1
F22.txt;as referred to in;logicalconnectors;1
F22.txt;corporate finance;economicoperands;11
F22.txt;service providers;economicoperands;1
F22.txt;transaction costs;economicoperands;5
F22.txt;accrued interest;economicoperands;1
F22.txt;asset management;economicoperands;15
F22.txt;financial assets;economicoperands;2
F22.txt;foreign exchange;economicoperands;7
F22.txt;foreign-exchange;economicoperands;1
F22.txt;held for trading;economicoperands;1
F22.txt;loan commitments;economicoperands;6
F22.txt;operating income;economicoperands;1
F22.txt;payment services;economicoperands;15
F22.txt;where applicable;logicalconnectors;1
F22.txt;are not part of;logicalconnectors;1
F22.txt;attributable to;functionwords;3
F22.txt;be allocated to;regulatoryoperators;1
F22.txt;interest income;economicoperands;1
F22.txt;irrespective of;logicalconnectors;1
F22.txt;loan commitment;economicoperands;1
F22.txt;vertical layout;other;3
F22.txt;administration;economicoperands;1
F22.txt;administrative;economicoperands;7
F22.txt;be reported as;regulatoryoperators;1
F22.txt;capital market;economicoperands;1
F22.txt;correspondence;logicalconnectors;1
F22.txt;distinguishing;logicalconnectors;1
F22.txt;in relation to;logicalconnectors;15
F22.txt;profit or loss;economicoperands;7
F22.txt;at fair value;economicoperands;5
F22.txt;balance sheet;economicoperands;1
F22.txt;custodianship;economicoperands;1
F22.txt;discretionary;economicoperands;4
F22.txt;interest rate;economicoperands;2
F22.txt;international;economicoperands;2
F22.txt;national gaap;legalreferences;4
F22.txt;of securities;economicoperands;1
F22.txt;acquisitions;economicoperands;1
F22.txt;among others;logicalconnectors;1
F22.txt;amortization;economicoperands;1
F22.txt;counterparty;economicoperands;2
F22.txt;credit cards;economicoperands;3
F22.txt;distributing;economicoperands;1
F22.txt;distribution;economicoperands;5
F22.txt;institutions;economicoperands;1
F22.txt;on behalf of;functionwords;1
F22.txt;participates;economicoperands;1
F22.txt;transactions;economicoperands;10
F22.txt;undertakings;economicoperands;5
F22.txt;acquisition;economicoperands;4
F22.txt;arrangement;economicoperands;1
F22.txt;calculating;economicoperands;1
F22.txt;calculation;economicoperands;3
F22.txt;commissions;economicoperands;12
F22.txt;commodities;economicoperands;3
F22.txt;consequence;functionwords;1
F22.txt;debit cards;economicoperands;4
F22.txt;definitions;regulatoryoperators;1
F22.txt;distributed;economicoperands;9
F22.txt;exclusively;logicalconnectors;1
F22.txt;immediately;attributes;1
F22.txt;information;economicoperands;3
F22.txt;institution;economicoperands;29
F22.txt;instruments;economicoperands;2
F22.txt;involvement;economicoperands;2
F22.txt;liabilities;economicoperands;3
F22.txt;measurement;mathematicaloperators;1
F22.txt;origination;economicoperands;1
F22.txt;redemptions;economicoperands;1
F22.txt;safekeeping;economicoperands;1
F22.txt;surrounding;economicoperands;1
F22.txt;accounting;economicoperands;1
F22.txt;activities;economicoperands;11
F22.txt;as well as;logicalconnectors;2
F22.txt;by type of;logicalconnectors;16
F22.txt;classified;regulatoryoperators;1
F22.txt;collateral;economicoperands;1
F22.txt;collective;economicoperands;20
F22.txt;commission;economicoperands;14
F22.txt;considered;logicalconnectors;1
F22.txt;debit card;economicoperands;1
F22.txt;designated;regulatoryoperators;1
F22.txt;directives;legalreferences;1
F22.txt;externally;economicoperands;3
F22.txt;facilities;economicoperands;1
F22.txt;fair value;economicoperands;2
F22.txt;frequently;economicoperands;1
F22.txt;investment;economicoperands;23
F22.txt;management;economicoperands;2
F22.txt;originated;economicoperands;2
F22.txt;other than;logicalconnectors;2
F22.txt;portfolios;economicoperands;4
F22.txt;prospectus;economicoperands;1
F22.txt;prudential;economicoperands;2
F22.txt;recognised;economicoperands;3
F22.txt;recognized;economicoperands;2
F22.txt;references;functionwords;12
F22.txt;regulation;economicoperands;2
F22.txt;securities;economicoperands;15
F22.txt;separately;economicoperands;2
F22.txt;settlement;economicoperands;6
F22.txt;structured;economicoperands;4
F22.txt;under ifrs;legalreferences;2
F22.txt;amortised;economicoperands;1
F22.txt;amount of;mathematicaloperators;7
F22.txt;available;economicoperands;1
F22.txt;banknotes;economicoperands;1
F22.txt;belonging;logicalconnectors;1
F22.txt;commodity;economicoperands;2
F22.txt;compiling;economicoperands;1
F22.txt;concerned;logicalconnectors;1
F22.txt;corporate;economicoperands;2
F22.txt;customers;economicoperands;6
F22.txt;depending;logicalconnectors;1
F22.txt;directive;legalreferences;4
F22.txt;documents;economicoperands;3
F22.txt;effective;other;4
F22.txt;entrusted;economicoperands;3
F22.txt;execution;economicoperands;1
F22.txt;fiduciary;economicoperands;8
F22.txt;financial;economicoperands;2
F22.txt;following;other;3
F22.txt;functions;economicoperands;4
F22.txt;generated;economicoperands;8
F22.txt;including;logicalconnectors;2
F22.txt;initially;economicoperands;2
F22.txt;insurance;economicoperands;4
F22.txt;investors;economicoperands;3
F22.txt;issuances;economicoperands;3
F22.txt;listed in;functionwords;1
F22.txt;platforms;economicoperands;1
F22.txt;preparing;economicoperands;1
F22.txt;providers;economicoperands;1
F22.txt;providing;economicoperands;3
F22.txt;receiving;economicoperands;1
F22.txt;reception;economicoperands;1
F22.txt;repealing;regulatoryoperators;1
F22.txt;resources;economicoperands;8
F22.txt;separated;economicoperands;1
F22.txt;servicing;economicoperands;6
F22.txt;threshold;economicoperands;1
F22.txt;transfers;economicoperands;3
F22.txt;absolute;mathematicaloperators;2
F22.txt;accounts;economicoperands;3
F22.txt;activity;economicoperands;4
F22.txt;advisory;economicoperands;8
F22.txt;amending;other;1
F22.txt;annex v.;legalreferences;144
F22.txt;based on;other;4
F22.txt;business;economicoperands;2
F22.txt;carrying;economicoperands;2
F22.txt;clearing;economicoperands;6
F22.txt;comprise;logicalconnectors;2
F22.txt;criteria;economicoperands;1
F22.txt;currency;economicoperands;1
F22.txt;customer;economicoperands;18
F22.txt;directly;attributes;4
F22.txt;entities;economicoperands;8
F22.txt;european;economicoperands;2
F22.txt;exchange;economicoperands;1
F22.txt;expenses;economicoperands;23
F22.txt;external;economicoperands;2
F22.txt;granting;economicoperands;1
F22.txt;included;logicalconnectors;4
F22.txt;includes;logicalconnectors;1
F22.txt;intended;economicoperands;2
F22.txt;interest;economicoperands;3
F22.txt;involved;economicoperands;6
F22.txt;issuance;economicoperands;3
F22.txt;managing;economicoperands;1
F22.txt;measured;economicoperands;3
F22.txt;mortgage;economicoperands;1
F22.txt;november;attributes;1
F22.txt;of which;logicalconnectors;5
F22.txt;payments;economicoperands;3
F22.txt;products;economicoperands;10
F22.txt;provided;logicalconnectors;12
F22.txt;provides;economicoperands;5
F22.txt;purposes;economicoperands;1
F22.txt;received;economicoperands;8
F22.txt;receives;economicoperands;1
F22.txt;register;economicoperands;1
F22.txt;reported;economicoperands;11
F22.txt;residual;economicoperands;1
F22.txt;services;economicoperands;34
F22.txt;template;legalreferences;1
F22.txt;transfer;economicoperands;4
F22.txt;treasury;economicoperands;3
F22.txt;vehicles;economicoperands;3
F22.txt;account;economicoperands;2
F22.txt;amounts;mathematicaloperators;3
F22.txt;annex i;legalreferences;2
F22.txt;arising;economicoperands;1
F22.txt;article;legalreferences;1
F22.txt;banking;economicoperands;1
F22.txt;between;functionwords;1
F22.txt;brokers;economicoperands;1
F22.txt;central;economicoperands;6
F22.txt;charged;economicoperands;8
F22.txt;charges;economicoperands;1
F22.txt;cheques;economicoperands;1
F22.txt;clients;economicoperands;4
F22.txt;council;economicoperands;2
F22.txt;current;attributes;11
F22.txt;custody;economicoperands;18
F22.txt;expense;economicoperands;4
F22.txt;finance;economicoperands;3
F22.txt;fintech;economicoperands;1
F22.txt;foreign;economicoperands;1
F22.txt;granted;economicoperands;3
F22.txt;holding;economicoperands;1
F22.txt;include;logicalconnectors;23
F22.txt;initial;economicoperands;2
F22.txt;keeping;economicoperands;1
F22.txt;managed;economicoperands;11
F22.txt;mergers;economicoperands;1
F22.txt;mission;economicoperands;1
F22.txt;network;economicoperands;2
F22.txt;nominal;economicoperands;1
F22.txt;outside;functionwords;2
F22.txt;part of;logicalconnectors;3
F22.txt;payment;economicoperands;3
F22.txt;pension;economicoperands;4
F22.txt;private;economicoperands;1
F22.txt;process;economicoperands;1
F22.txt;product;economicoperands;7
F22.txt;related;logicalconnectors;11
F22.txt;reports;economicoperands;2
F22.txt;service;economicoperands;3
F22.txt;such as;logicalconnectors;5
F22.txt;that is;logicalconnectors;1
F22.txt;through;functionwords;5
F22.txt;trading;economicoperands;1
F22.txt;whether;logicalconnectors;1
F22.txt;acting;economicoperands;1
F22.txt;advice;economicoperands;3
F22.txt;amount;mathematicaloperators;1
F22.txt;assets;economicoperands;18
F22.txt;cannot;regulatoryoperators;1
F22.txt;charge;economicoperands;1
F22.txt;credit;economicoperands;5
F22.txt;during;logicalconnectors;2
F22.txt;entity;economicoperands;1
F22.txt;except;logicalconnectors;1
F22.txt;income;economicoperands;10
F22.txt;issued;economicoperands;7
F22.txt;issues;economicoperands;1
F22.txt;linked;economicoperands;1
F22.txt;listed;functionwords;1
F22.txt;losses;economicoperands;3
F22.txt;market;economicoperands;1
F22.txt;online;economicoperands;1
F22.txt;orders;economicoperands;7
F22.txt;others;logicalconnectors;1
F22.txt;period;economicoperands;8
F22.txt;report;economicoperands;2
F22.txt;spread;economicoperands;1
F22.txt;agent;economicoperands;2
F22.txt;asset;economicoperands;1
F22.txt;based;other;3
F22.txt;bases;economicoperands;1
F22.txt;basis;economicoperands;4
F22.txt;cards;economicoperands;4
F22.txt;coins;economicoperands;1
F22.txt;debit;economicoperands;3
F22.txt;funds;economicoperands;4
F22.txt;gains;economicoperands;2
F22.txt;given;functionwords;8
F22.txt;group;economicoperands;2
F22.txt;issue;economicoperands;3
F22.txt;items;other;1
F22.txt;loans;economicoperands;4
F22.txt;other;logicalconnectors;54
F22.txt;refer;functionwords;7
F22.txt;shall;regulatoryoperators;52
F22.txt;shown;other;1
F22.txt;their;functionwords;2
F22.txt;those;functionwords;8
F22.txt;under;functionwords;4
F22.txt;using;economicoperands;3
F22.txt;value;economicoperands;7
F22.txt;where;logicalconnectors;6
F22.txt;which;functionwords;8
F22.txt;acts;economicoperands;1
F22.txt;also;logicalconnectors;1
F22.txt;both;logicalconnectors;1
F22.txt;card;economicoperands;3
F22.txt;cash;economicoperands;1
F22.txt;fees;economicoperands;19
F22.txt;form;economicoperands;1
F22.txt;from;functionwords;4
F22.txt;gain;economicoperands;1
F22.txt;here;functionwords;1
F22.txt;ifrs;legalreferences;17
F22.txt;item;other;4
F22.txt;life;economicoperands;1
F22.txt;loan;economicoperands;8
F22.txt;made;functionwords;1
F22.txt;name;economicoperands;1
F22.txt;over;mathematicaloperators;1
F22.txt;part;functionwords;144
F22.txt;risk;economicoperands;1
F22.txt;same;logicalconnectors;1
F22.txt;sell;economicoperands;1
F22.txt;side;economicoperands;2
F22.txt;that;functionwords;8
F22.txt;they;functionwords;1
F22.txt;this;functionwords;6
F22.txt;used;economicoperands;1
F22.txt;with;functionwords;3
F22.txt;110;legalreferences;1
F22.txt;all;logicalconnectors;4
F22.txt;and;logicalconnectors;81
F22.txt;any;logicalconnectors;1
F22.txt;are;functionwords;5
F22.txt;ask;economicoperands;1
F22.txt;atm;economicoperands;1
F22.txt;bad;economicoperands;7
F22.txt;bid;economicoperands;1
F22.txt;but;logicalconnectors;11
F22.txt;buy;economicoperands;1
F22.txt;can;regulatoryoperators;1
F22.txt;fee;economicoperands;16
F22.txt;for;functionwords;28
F22.txt;has;functionwords;3
F22.txt;may;regulatoryoperators;2
F22.txt;net;economicoperands;6
F22.txt;not;logicalconnectors;18
F22.txt;out;functionwords;2
F22.txt;own;functionwords;2
F22.txt;the;functionwords;117
F22.txt;use;economicoperands;1
F22.txt;via;functionwords;2
F22.txt;21;legalreferences;1
F22.txt;22;legalreferences;3
F22.txt;25;attributes;1
F22.txt;27;legalreferences;3
F22.txt;35;attributes;1
F22.txt;36;legalreferences;1
F22.txt;65;attributes;1
F22.txt;an;functionwords;1
F22.txt;as;logicalconnectors;6
F22.txt;at;functionwords;3
F22.txt;be;functionwords;21
F22.txt;by;functionwords;24
F22.txt;eu;economicoperands;5
F22.txt;ii;legalreferences;4
F22.txt;in;functionwords;19
F22.txt;is;functionwords;5
F22.txt;it;functionwords;2
F22.txt;no;logicalconnectors;1
F22.txt;of;functionwords;42
F22.txt;on;functionwords;16
F22.txt;or;logicalconnectors;20
F22.txt;to;functionwords;34
F22.txt;4;attributes;3
F22.txt;5;attributes;3
F22.txt;9;attributes;3
