C32.04.txt;internal risk management;economicoperands;2
C32.04.txt;on a consolidated basis;mathematicaloperators;1
C32.04.txt;delegated regulation;legalreferences;7
C32.04.txt;in accordance with;logicalconnectors;5
C32.04.txt;value adjustments;economicoperands;1
C32.04.txt;corresponding to;logicalconnectors;1
C32.04.txt;foreign exchange;economicoperands;1
C32.04.txt;value adjustment;economicoperands;2
C32.04.txt;with respect to;logicalconnectors;1
C32.04.txt;be reported in;regulatoryoperators;1
C32.04.txt;identification;economicoperands;1
C32.04.txt;in the case of;logicalconnectors;4
C32.04.txt;interest rates;economicoperands;2
C32.04.txt;referred to in;functionwords;1
C32.04.txt;reporting date;economicoperands;1
C32.04.txt;trading system;economicoperands;1
C32.04.txt;appropriately;attributes;1
C32.04.txt;characterises;logicalconnectors;1
C32.04.txt;correspond to;logicalconnectors;2
C32.04.txt;corresponding;logicalconnectors;1
C32.04.txt;risk category;economicoperands;3
C32.04.txt;article 4(1);legalreferences;1
C32.04.txt;concentrated;economicoperands;18
C32.04.txt;institutions;economicoperands;3
C32.04.txt;instructions;regulatoryoperators;1
C32.04.txt;verification;economicoperands;1
C32.04.txt;assigned to;regulatoryoperators;1
C32.04.txt;calculation;economicoperands;2
C32.04.txt;commodities;economicoperands;2
C32.04.txt;derivatives;economicoperands;3
C32.04.txt;differences;mathematicaloperators;1
C32.04.txt;independent;economicoperands;2
C32.04.txt;information;economicoperands;3
C32.04.txt;institution;economicoperands;2
C32.04.txt;instruments;economicoperands;1
C32.04.txt;larger than;mathematicaloperators;2
C32.04.txt;methodology;economicoperands;1
C32.04.txt;underlyings;economicoperands;1
C32.04.txt;aggregated;mathematicaloperators;1
C32.04.txt;calculated;economicoperands;2
C32.04.txt;concerning;logicalconnectors;1
C32.04.txt;contribute;economicoperands;1
C32.04.txt;decreasing;mathematicaloperators;1
C32.04.txt;difference;mathematicaloperators;7
C32.04.txt;homogenous;attributes;1
C32.04.txt;identified;economicoperands;1
C32.04.txt;identifier;economicoperands;1
C32.04.txt;individual;economicoperands;7
C32.04.txt;internally;economicoperands;1
C32.04.txt;unadjusted;economicoperands;3
C32.04.txt;underlying;economicoperands;3
C32.04.txt;valuations;economicoperands;2
C32.04.txt;aggregate;mathematicaloperators;1
C32.04.txt;amount of;mathematicaloperators;1
C32.04.txt;available;economicoperands;1
C32.04.txt;breaching;economicoperands;1
C32.04.txt;completed;economicoperands;1
C32.04.txt;concerned;logicalconnectors;3
C32.04.txt;described;other;1
C32.04.txt;estimated;mathematicaloperators;1
C32.04.txt;expressed;economicoperands;1
C32.04.txt;following;other;1
C32.04.txt;generated;economicoperands;1
C32.04.txt;inventory;economicoperands;2
C32.04.txt;numerical;economicoperands;1
C32.04.txt;performed;economicoperands;1
C32.04.txt;positions;economicoperands;14
C32.04.txt;threshold;economicoperands;3
C32.04.txt;valuation;economicoperands;8
C32.04.txt;adjusted;mathematicaloperators;1
C32.04.txt;assessed;economicoperands;1
C32.04.txt;category;economicoperands;1
C32.04.txt;computed;mathematicaloperators;1
C32.04.txt;coverage;economicoperands;1
C32.04.txt;end date;economicoperands;1
C32.04.txt;equities;economicoperands;2
C32.04.txt;included;logicalconnectors;1
C32.04.txt;internal;economicoperands;2
C32.04.txt;maximise;mathematicaloperators;1
C32.04.txt;parallel;economicoperands;1
C32.04.txt;position;economicoperands;15
C32.04.txt;possible;regulatoryoperators;1
C32.04.txt;products;economicoperands;2
C32.04.txt;referred;functionwords;1
C32.04.txt;relevant;attributes;1
C32.04.txt;reported;economicoperands;3
C32.04.txt;required;regulatoryoperators;2
C32.04.txt;specific;functionwords;1
C32.04.txt;starting;economicoperands;1
C32.04.txt;template;legalreferences;6
C32.04.txt;amounts;mathematicaloperators;3
C32.04.txt;applied;logicalconnectors;1
C32.04.txt;article;legalreferences;7
C32.04.txt;between;functionwords;1
C32.04.txt;compute;mathematicaloperators;1
C32.04.txt;details;other;1
C32.04.txt;general;functionwords;1
C32.04.txt;highest;mathematicaloperators;2
C32.04.txt;largest;logicalconnectors;1
C32.04.txt;measure;economicoperands;3
C32.04.txt;monthly;attributes;1
C32.04.txt;part of;logicalconnectors;2
C32.04.txt;process;economicoperands;2
C32.04.txt;product;economicoperands;6
C32.04.txt;prudent;attributes;5
C32.04.txt;records;economicoperands;1
C32.04.txt;reflect;economicoperands;1
C32.04.txt;remarks;economicoperands;1
C32.04.txt;such as;logicalconnectors;2
C32.04.txt;amount;mathematicaloperators;4
C32.04.txt;column;legalreferences;3
C32.04.txt;credit;economicoperands;2
C32.04.txt;during;logicalconnectors;1
C32.04.txt;equity;economicoperands;1
C32.04.txt;exceed;mathematicaloperators;2
C32.04.txt;follow;other;1
C32.04.txt;inputs;economicoperands;1
C32.04.txt;market;economicoperands;4
C32.04.txt;normal;attributes;1
C32.04.txt;number;economicoperands;3
C32.04.txt;period;economicoperands;3
C32.04.txt;quotes;economicoperands;1
C32.04.txt;report;economicoperands;5
C32.04.txt;second;attributes;1
C32.04.txt;shares;economicoperands;1
C32.04.txt;sum of;mathematicaloperators;1
C32.04.txt;traded;economicoperands;1
C32.04.txt;trades;economicoperands;1
C32.04.txt;unique;economicoperands;1
C32.04.txt;volume;economicoperands;1
C32.04.txt;based;other;1
C32.04.txt;basis;economicoperands;1
C32.04.txt;being;functionwords;1
C32.04.txt;bonds;economicoperands;2
C32.04.txt;books;economicoperands;1
C32.04.txt;codes;economicoperands;1
C32.04.txt;curve;economicoperands;1
C32.04.txt;group;economicoperands;2
C32.04.txt;level;economicoperands;2
C32.04.txt;model;economicoperands;1
C32.04.txt;month;attributes;2
C32.04.txt;order;economicoperands;2
C32.04.txt;point;economicoperands;5
C32.04.txt;price;economicoperands;2
C32.04.txt;refer;functionwords;1
C32.04.txt;shall;regulatoryoperators;13
C32.04.txt;shift;economicoperands;1
C32.04.txt;sizes;economicoperands;1
C32.04.txt;taken;other;1
C32.04.txt;terms;other;2
C32.04.txt;their;functionwords;1
C32.04.txt;these;functionwords;1
C32.04.txt;total;mathematicaloperators;1
C32.04.txt;under;functionwords;1
C32.04.txt;using;economicoperands;1
C32.04.txt;value;economicoperands;4
C32.04.txt;where;logicalconnectors;2
C32.04.txt;which;functionwords;2
C32.04.txt;yield;economicoperands;1
C32.04.txt;also;logicalconnectors;1
C32.04.txt;been;functionwords;1
C32.04.txt;best;mathematicaloperators;1
C32.04.txt;data;economicoperands;1
C32.04.txt;days;attributes;1
C32.04.txt;each;logicalconnectors;1
C32.04.txt;exit;economicoperands;3
C32.04.txt;fact;economicoperands;1
C32.04.txt;fair;economicoperands;3
C32.04.txt;from;functionwords;1
C32.04.txt;held;economicoperands;1
C32.04.txt;line;economicoperands;1
C32.04.txt;most;mathematicaloperators;1
C32.04.txt;name;economicoperands;2
C32.04.txt;non-;logicalconnectors;1
C32.04.txt;only;logicalconnectors;2
C32.04.txt;rank;economicoperands;3
C32.04.txt;size;economicoperands;7
C32.04.txt;that;functionwords;7
C32.04.txt;they;functionwords;1
C32.04.txt;this;functionwords;6
C32.04.txt;unit;economicoperands;4
C32.04.txt;used;economicoperands;6
C32.04.txt;with;functionwords;2
C32.04.txt;101;legalreferences;7
C32.04.txt;105;legalreferences;1
C32.04.txt;and;logicalconnectors;6
C32.04.txt;any;logicalconnectors;1
C32.04.txt;are;functionwords;4
C32.04.txt;crr;legalreferences;1
C32.04.txt;end;logicalconnectors;1
C32.04.txt;etc;functionwords;1
C32.04.txt;for;functionwords;7
C32.04.txt;has;functionwords;1
C32.04.txt;per;functionwords;1
C32.04.txt;row;economicoperands;2
C32.04.txt;the;functionwords;57
C32.04.txt;14;legalreferences;4
C32.04.txt;19;legalreferences;2
C32.04.txt;20;attributes;2
C32.04.txt;as;logicalconnectors;1
C32.04.txt;at;functionwords;2
C32.04.txt;be;functionwords;6
C32.04.txt;by;functionwords;6
C32.04.txt;eu;economicoperands;7
C32.04.txt;fx;economicoperands;2
C32.04.txt;in;functionwords;13
C32.04.txt;is;functionwords;3
C32.04.txt;it;functionwords;1
C32.04.txt;no;logicalconnectors;1
C32.04.txt;of;functionwords;28
C32.04.txt;on;functionwords;2
C32.04.txt;or;logicalconnectors;8
C32.04.txt;so;logicalconnectors;1
C32.04.txt;to;functionwords;10
C32.04.txt;1;attributes;6
C32.04.txt;2;attributes;2
C32.04.txt;3;attributes;3
C32.04.txt;4;attributes;2
C32.04.txt;8;attributes;1
