C02.txt;international organisations;economicoperands;2
C02.txt;prudential requirements;economicoperands;14
C02.txt;risk weighted exposure;economicoperands;3
C02.txt;standardised approach;economicoperands;2
C02.txt;capital requirements;economicoperands;1
C02.txt;difference between;mathematicaloperators;1
C02.txt;equity instruments;economicoperands;2
C02.txt;immovable property;economicoperands;2
C02.txt;in accordance with;logicalconnectors;8
C02.txt;interest rate risk;economicoperands;2
C02.txt;credit assessment;economicoperands;2
C02.txt;debt instruments;economicoperands;4
C02.txt;financial sector;economicoperands;2
C02.txt;foreign exchange;economicoperands;9
C02.txt;non-trading book;economicoperands;2
C02.txt;operational risk;economicoperands;2
C02.txt;adjustment risk;economicoperands;3
C02.txt;article 112 crr;legalreferences;1
C02.txt;article 124 crr;legalreferences;5
C02.txt;article 164 crr;legalreferences;3
C02.txt;article 458 crr;legalreferences;6
C02.txt;article 459 crr;legalreferences;3
C02.txt;associated with;economicoperands;3
C02.txt;exposure amount;economicoperands;26
C02.txt;securitisations;economicoperands;1
C02.txt;article 98 crr;legalreferences;5
C02.txt;referred to in;functionwords;5
C02.txt;securitisation;economicoperands;4
C02.txt;article 3 crr;legalreferences;5
C02.txt;central banks;economicoperands;6
C02.txt;contributions;economicoperands;2
C02.txt;public sector;economicoperands;2
C02.txt;risk exposure;economicoperands;7
C02.txt;communicated;economicoperands;2
C02.txt;constituents;economicoperands;1
C02.txt;counterparty;economicoperands;2
C02.txt;greater than;mathematicaloperators;2
C02.txt;institutions;economicoperands;15
C02.txt;instructions;regulatoryoperators;8
C02.txt;laid down in;economicoperands;5
C02.txt;multilateral;economicoperands;2
C02.txt;net position;economicoperands;3
C02.txt;requirements;regulatoryoperators;8
C02.txt;respectively;logicalconnectors;1
C02.txt;standardised;economicoperands;8
C02.txt;trading book;economicoperands;4
C02.txt;undertakings;economicoperands;2
C02.txt;alternative;logicalconnectors;2
C02.txt;assigned to;regulatoryoperators;1
C02.txt;authorities;economicoperands;3
C02.txt;commodities;economicoperands;7
C02.txt;comply with;regulatoryoperators;4
C02.txt;consequence;functionwords;1
C02.txt;development;economicoperands;2
C02.txt;exclusively;logicalconnectors;6
C02.txt;governments;economicoperands;8
C02.txt;immediately;attributes;1
C02.txt;instruments;economicoperands;5
C02.txt;investments;economicoperands;2
C02.txt;measurement;mathematicaloperators;2
C02.txt;paragraph 2;legalreferences;4
C02.txt;real estate;economicoperands;4
C02.txt;residential;economicoperands;1
C02.txt;risk weight;economicoperands;1
C02.txt;specialised;economicoperands;4
C02.txt;subtracting;mathematicaloperators;1
C02.txt;additional;mathematicaloperators;20
C02.txt;adjustment;mathematicaloperators;2
C02.txt;approaches;economicoperands;10
C02.txt;as follows;functionwords;1
C02.txt;calculated;economicoperands;2
C02.txt;collateral;economicoperands;1
C02.txt;collective;economicoperands;2
C02.txt;commercial;economicoperands;2
C02.txt;commission;economicoperands;1
C02.txt;concerning;logicalconnectors;1
C02.txt;conversion;economicoperands;4
C02.txt;corporates;economicoperands;15
C02.txt;currencies;economicoperands;1
C02.txt;deliveries;economicoperands;2
C02.txt;explicitly;economicoperands;1
C02.txt;investment;economicoperands;10
C02.txt;multiplied;mathematicaloperators;3
C02.txt;obligation;economicoperands;2
C02.txt;paragraphs;legalreferences;3
C02.txt;particular;logicalconnectors;6
C02.txt;qualifying;economicoperands;2
C02.txt;references;functionwords;7
C02.txt;secured by;economicoperands;4
C02.txt;settlement;economicoperands;6
C02.txt;short-term;economicoperands;2
C02.txt;subject to;logicalconnectors;2
C02.txt;commodity;economicoperands;1
C02.txt;competent;economicoperands;1
C02.txt;consulted;economicoperands;2
C02.txt;corporate;economicoperands;1
C02.txt;estimates;mathematicaloperators;6
C02.txt;excluding;logicalconnectors;3
C02.txt;exposures;economicoperands;12
C02.txt;following;other;1
C02.txt;indicator;economicoperands;2
C02.txt;mentioned;functionwords;1
C02.txt;mortgages;economicoperands;2
C02.txt;overheads;economicoperands;2
C02.txt;positions;economicoperands;11
C02.txt;revolving;economicoperands;2
C02.txt;targeting;economicoperands;2
C02.txt;templates;legalreferences;1
C02.txt;valuation;economicoperands;5
C02.txt;advanced;economicoperands;4
C02.txt;approach;economicoperands;8
C02.txt;articles;legalreferences;7
C02.txt;based on;other;13
C02.txt;delivery;economicoperands;6
C02.txt;dilution;economicoperands;2
C02.txt;eligible;economicoperands;1
C02.txt;entities;economicoperands;2
C02.txt;exposure;economicoperands;7
C02.txt;internal;economicoperands;4
C02.txt;invested;economicoperands;6
C02.txt;modified;other;2
C02.txt;national;economicoperands;1
C02.txt;notified;economicoperands;1
C02.txt;of which;logicalconnectors;22
C02.txt;position;economicoperands;7
C02.txt;property;economicoperands;2
C02.txt;question;economicoperands;1
C02.txt;regional;economicoperands;2
C02.txt;relevant;attributes;1
C02.txt;reported;economicoperands;7
C02.txt;sentence;other;2
C02.txt;specific;functionwords;1
C02.txt;stricter;mathematicaloperators;14
C02.txt;template;legalreferences;51
C02.txt;amounts;mathematicaloperators;11
C02.txt;applied;logicalconnectors;2
C02.txt;applies;logicalconnectors;1
C02.txt;article;legalreferences;45
C02.txt;bubbles;economicoperands;2
C02.txt;central;economicoperands;6
C02.txt;classes;other;3
C02.txt;covered;economicoperands;2
C02.txt;default;economicoperands;4
C02.txt;details;other;1
C02.txt;element;economicoperands;1
C02.txt;factors;mathematicaloperators;3
C02.txt;imposed;regulatoryoperators;1
C02.txt;include;logicalconnectors;1
C02.txt;lending;economicoperands;4
C02.txt;markets;economicoperands;1
C02.txt;neither;logicalconnectors;2
C02.txt;ratings;economicoperands;2
C02.txt;related;logicalconnectors;3
C02.txt;unknown;economicoperands;1
C02.txt;weights;economicoperands;2
C02.txt;amount;mathematicaloperators;16
C02.txt;and/or;logicalconnectors;3
C02.txt;assets;economicoperands;2
C02.txt;assign;regulatoryoperators;1
C02.txt;cannot;regulatoryoperators;1
C02.txt;claims;economicoperands;2
C02.txt;credit;economicoperands;11
C02.txt;due to;logicalconnectors;9
C02.txt;either;logicalconnectors;3
C02.txt;equity;economicoperands;8
C02.txt;factor;mathematicaloperators;1
C02.txt;former;economicoperands;1
C02.txt;having;functionwords;3
C02.txt;latter;functionwords;1
C02.txt;limits;regulatoryoperators;1
C02.txt;market;economicoperands;1
C02.txt;method;economicoperands;4
C02.txt;models;economicoperands;2
C02.txt;needed;regulatoryoperators;4
C02.txt;points;economicoperands;2
C02.txt;report;economicoperands;6
C02.txt;result;economicoperands;1
C02.txt;retail;economicoperands;12
C02.txt;second;attributes;1
C02.txt;secure;economicoperands;2
C02.txt;traded;economicoperands;4
C02.txt;weight;economicoperands;1
C02.txt;after;logicalconnectors;3
C02.txt;arise;economicoperands;1
C02.txt;asset;economicoperands;2
C02.txt;banks;economicoperands;2
C02.txt;based;other;2
C02.txt;basic;economicoperands;2
C02.txt;bonds;economicoperands;2
C02.txt;firms;economicoperands;10
C02.txt;first;attributes;1
C02.txt;fixed;economicoperands;2
C02.txt;funds;economicoperands;6
C02.txt;has a;functionwords;1
C02.txt;intra;functionwords;2
C02.txt;items;other;5
C02.txt;label;economicoperands;3
C02.txt;large;economicoperands;4
C02.txt;legal;economicoperands;7
C02.txt;level;economicoperands;6
C02.txt;local;economicoperands;2
C02.txt;lower;mathematicaloperators;1
C02.txt;mixed;economicoperands;3
C02.txt;other;logicalconnectors;14
C02.txt;point;economicoperands;17
C02.txt;risks;economicoperands;8
C02.txt;shall;regulatoryoperators;10
C02.txt;those;functionwords;2
C02.txt;total;mathematicaloperators;21
C02.txt;under;functionwords;14
C02.txt;value;economicoperands;1
C02.txt;where;logicalconnectors;4
C02.txt;which;functionwords;2
C02.txt;also;logicalconnectors;1
C02.txt;been;functionwords;2
C02.txt;does;functionwords;2
C02.txt;free;economicoperands;2
C02.txt;from;functionwords;3
C02.txt;fund;economicoperands;2
C02.txt;have;functionwords;1
C02.txt;high;economicoperands;2
C02.txt;item;other;7
C02.txt;link;economicoperands;1
C02.txt;memo;legalreferences;3
C02.txt;non-;logicalconnectors;4
C02.txt;only;logicalconnectors;2
C02.txt;risk;economicoperands;40
C02.txt;rows;economicoperands;3
C02.txt;that;functionwords;1
C02.txt;this;functionwords;4
C02.txt;used;economicoperands;6
C02.txt;when;logicalconnectors;6
C02.txt;with;functionwords;3
C02.txt;zero;attributes;2
C02.txt;100;attributes;1
C02.txt;125;attributes;1
C02.txt;and;logicalconnectors;58
C02.txt;are;functionwords;10
C02.txt;cap;regulatoryoperators;1
C02.txt;crr;legalreferences;32
C02.txt;eba;economicoperands;3
C02.txt;for;functionwords;32
C02.txt;has;functionwords;1
C02.txt;iii;legalreferences;1
C02.txt;irb;economicoperands;26
C02.txt;lgd;economicoperands;6
C02.txt;non;logicalconnectors;2
C02.txt;nor;logicalconnectors;2
C02.txt;not;logicalconnectors;3
C02.txt;one;attributes;1
C02.txt;opr;economicoperands;11
C02.txt;own;functionwords;12
C02.txt;row;economicoperands;7
C02.txt;sec;economicoperands;2
C02.txt;see;other;46
C02.txt;set;other;1
C02.txt;sme;economicoperands;12
C02.txt;the;functionwords;69
C02.txt;12;attributes;2
C02.txt;20;attributes;1
C02.txt;30;attributes;1
C02.txt;32;legalreferences;2
C02.txt;40;legalreferences;1
C02.txt;50;attributes;1
C02.txt;an;functionwords;1
C02.txt;as;logicalconnectors;6
C02.txt;at;functionwords;6
C02.txt;be;functionwords;11
C02.txt;by;functionwords;7
C02.txt;fx;economicoperands;1
C02.txt;if;logicalconnectors;5
C02.txt;ii;legalreferences;2
C02.txt;in;functionwords;26
C02.txt;is;functionwords;10
C02.txt;it;functionwords;1
C02.txt;of;functionwords;52
C02.txt;on;functionwords;5
C02.txt;or;logicalconnectors;11
C02.txt;sa;economicoperands;30
C02.txt;to;functionwords;23
C02.txt;1;attributes;11
C02.txt;2;attributes;17
C02.txt;3;attributes;10
C02.txt;4;attributes;3
C02.txt;5;attributes;5
C02.txt;7;attributes;1
