F18.txt;small and medium-sized enterprises;economicoperands;54
F18.txt;non-trading financial assets;economicoperands;1
F18.txt;paragraphs 213 to 239 or 260;legalreferences;1
F18.txt;credit-impaired instruments;economicoperands;12
F18.txt;non-financial corporations;economicoperands;132
F18.txt;on-balance sheet exposures;economicoperands;2
F18.txt;national gaap compatible;legalreferences;72
F18.txt;non-performing exposures;economicoperands;75
F18.txt;trading financial assets;economicoperands;2
F18.txt;accumulated impairments;economicoperands;4
F18.txt;non-performing exposure;economicoperands;13
F18.txt;this part of this annex;legalreferences;2
F18.txt;accumulated impairment;economicoperands;164
F18.txt;commercial real estate;economicoperands;40
F18.txt;credit-impaired assets;economicoperands;1
F18.txt;financial corporations;economicoperands;137
F18.txt;accounting portfolios;economicoperands;2
F18.txt;accounting framework;economicoperands;5
F18.txt;accounting portfolio;economicoperands;3
F18.txt;comprehensive income;economicoperands;17
F18.txt;delegated regulation;legalreferences;1
F18.txt;financial guarantees;economicoperands;54
F18.txt;forbearance measures;economicoperands;26
F18.txt;part 1 of this annex;legalreferences;3
F18.txt;under moderate locom;economicoperands;1
F18.txt;235-236 crr art 178;legalreferences;15
F18.txt;collateral obtained;economicoperands;1
F18.txt;for the purposes of;logicalconnectors;1
F18.txt;reporting reference;economicoperands;1
F18.txt;taking into account;regulatoryoperators;1
F18.txt;under national gaap;legalreferences;2
F18.txt;for the purpose of;logicalconnectors;5
F18.txt;forborne exposures;economicoperands;4
F18.txt;immovable property;economicoperands;124
F18.txt;in accordance with;logicalconnectors;20
F18.txt;less than or equal;mathematicaloperators;60
F18.txt;notional amount of;mathematicaloperators;1
F18.txt;under strict locom;economicoperands;1
F18.txt;within the meaning;logicalconnectors;1
F18.txt;are considered as;regulatoryoperators;1
F18.txt;as referred to in;logicalconnectors;1
F18.txt;at amortised cost;economicoperands;16
F18.txt;forborne exposure;economicoperands;1
F18.txt;impairment stages;economicoperands;1
F18.txt;in the context of;functionwords;1
F18.txt;off-balance sheet;economicoperands;19
F18.txt;with reference to;logicalconnectors;1
F18.txt;accrued interest;economicoperands;1
F18.txt;at the beginning;logicalconnectors;1
F18.txt;be considered as;regulatoryoperators;3
F18.txt;carrying amounts;economicoperands;1
F18.txt;credit- impaired;economicoperands;139
F18.txt;debt instruments;economicoperands;88
F18.txt;financial assets;economicoperands;96
F18.txt;held for trading;economicoperands;19
F18.txt;loan commitments;economicoperands;15
F18.txt;reclassification;regulatoryoperators;2
F18.txt;where applicable;logicalconnectors;1
F18.txt;article 178 crr;legalreferences;6
F18.txt;at strict locom;economicoperands;17
F18.txt;carrying amount;economicoperands;104
F18.txt;consistent with;logicalconnectors;1
F18.txt;credit-impaired;economicoperands;64
F18.txt;debt securities;economicoperands;43
F18.txt;demand deposits;economicoperands;15
F18.txt;impaired assets;economicoperands;3
F18.txt;non- performing;economicoperands;52
F18.txt;under probation;economicoperands;4
F18.txt;amortised cost;economicoperands;1
F18.txt;be reported as;regulatoryoperators;4
F18.txt;be reported in;regulatoryoperators;6
F18.txt;broken down by;mathematicaloperators;4
F18.txt;categorisation;economicoperands;2
F18.txt;classification;economicoperands;4
F18.txt;collateralised;economicoperands;121
F18.txt;financial year;economicoperands;3
F18.txt;nominal amount;economicoperands;77
F18.txt;profit or loss;economicoperands;22
F18.txt;recommendation;economicoperands;2
F18.txt;referred to in;functionwords;3
F18.txt;resulting from;other;2
F18.txt;as defined in;logicalconnectors;12
F18.txt;at fair value;economicoperands;28
F18.txt;at the end of;logicalconnectors;1
F18.txt;cash balances;economicoperands;15
F18.txt;central banks;economicoperands;143
F18.txt;classified as;regulatoryoperators;11
F18.txt;derecognition;economicoperands;1
F18.txt;held for sale;economicoperands;21
F18.txt;in respect of;logicalconnectors;1
F18.txt;national gaap;legalreferences;80
F18.txt;consequently;functionwords;1
F18.txt;counterparty;economicoperands;6
F18.txt;deduction of;mathematicaloperators;1
F18.txt;derecognised;economicoperands;1
F18.txt;institutions;economicoperands;128
F18.txt;laid down in;economicoperands;1
F18.txt;nevertheless;logicalconnectors;1
F18.txt;paragraph 15;legalreferences;1
F18.txt;paragraph 16;legalreferences;1
F18.txt;reclassified;regulatoryoperators;4
F18.txt;respectively;logicalconnectors;1
F18.txt;accumulated;economicoperands;144
F18.txt;application;economicoperands;1
F18.txt;article 47a;legalreferences;8
F18.txt;broken down;mathematicaloperators;1
F18.txt;calculation;economicoperands;1
F18.txt;categorised;economicoperands;2
F18.txt;commitments;economicoperands;17
F18.txt;consecutive;economicoperands;1
F18.txt;consumption;economicoperands;46
F18.txt;credit risk;economicoperands;272
F18.txt;designation;regulatoryoperators;3
F18.txt;discontinue;economicoperands;2
F18.txt;enterprises;economicoperands;7
F18.txt;governments;economicoperands;128
F18.txt;higher than;mathematicaloperators;90
F18.txt;information;economicoperands;11
F18.txt;institution;economicoperands;2
F18.txt;instruments;economicoperands;157
F18.txt;irrevocable;economicoperands;1
F18.txt;liquidation;economicoperands;2
F18.txt;mandatorily;regulatoryoperators;1
F18.txt;materiality;economicoperands;3
F18.txt;measurement;mathematicaloperators;3
F18.txt;obligations;economicoperands;1
F18.txt;paragraph 1;legalreferences;2
F18.txt;real estate;economicoperands;2
F18.txt;recognition;economicoperands;132
F18.txt;residential;economicoperands;53
F18.txt;significant;attributes;128
F18.txt;template 18;legalreferences;8
F18.txt;transaction;economicoperands;1
F18.txt;transferred;economicoperands;1
F18.txt;unlikely to;economicoperands;50
F18.txt;written-off;economicoperands;2
F18.txt;additional;mathematicaloperators;3
F18.txt;appendix a;legalreferences;43
F18.txt;applicable;logicalconnectors;5
F18.txt;approaches;economicoperands;1
F18.txt;calculated;economicoperands;2
F18.txt;categories;economicoperands;1
F18.txt;classified;regulatoryoperators;1
F18.txt;collateral;economicoperands;113
F18.txt;commercial;economicoperands;60
F18.txt;commission;economicoperands;1
F18.txt;comparison;logicalconnectors;1
F18.txt;conditions;economicoperands;5
F18.txt;considered;logicalconnectors;31
F18.txt;cumulative;mathematicaloperators;2
F18.txt;derivative;economicoperands;7
F18.txt;designated;regulatoryoperators;3
F18.txt;fair value;economicoperands;159
F18.txt;gaap based;legalreferences;1
F18.txt;guarantees;economicoperands;4
F18.txt;households;economicoperands;87
F18.txt;identified;economicoperands;6
F18.txt;impairment;economicoperands;36
F18.txt;in case of;logicalconnectors;3
F18.txt;individual;economicoperands;3
F18.txt;instrument;economicoperands;1
F18.txt;likelihood;economicoperands;2
F18.txt;liquidated;economicoperands;1
F18.txt;originated;economicoperands;88
F18.txt;other than;logicalconnectors;36
F18.txt;paragraphs;legalreferences;6
F18.txt;performing;economicoperands;248
F18.txt;pertaining;logicalconnectors;1
F18.txt;possession;economicoperands;1
F18.txt;procedures;economicoperands;2
F18.txt;provisions;economicoperands;151
F18.txt;references;functionwords;255
F18.txt;represents;economicoperands;1
F18.txt;secured by;economicoperands;3
F18.txt;separately;economicoperands;3
F18.txt;subject to;logicalconnectors;34
F18.txt;surrenders;economicoperands;1
F18.txt;this annex;legalreferences;1
F18.txt;under ifrs;legalreferences;6
F18.txt;vice versa;logicalconnectors;1
F18.txt;allocated;economicoperands;1
F18.txt;amount of;mathematicaloperators;32
F18.txt;beginning;logicalconnectors;2
F18.txt;capped at;regulatoryoperators;2
F18.txt;commences;economicoperands;1
F18.txt;continued;economicoperands;1
F18.txt;continues;economicoperands;1
F18.txt;dedicated;economicoperands;1
F18.txt;defaulted;economicoperands;28
F18.txt;different;mathematicaloperators;1
F18.txt;encompass;logicalconnectors;3
F18.txt;exception;logicalconnectors;1
F18.txt;excluding;logicalconnectors;1
F18.txt;existence;economicoperands;1
F18.txt;exposures;economicoperands;162
F18.txt;financial;economicoperands;25
F18.txt;following;other;10
F18.txt;guarantee;economicoperands;27
F18.txt;including;logicalconnectors;6
F18.txt;liability;economicoperands;1
F18.txt;listed in;functionwords;3
F18.txt;more than;mathematicaloperators;4
F18.txt;paragraph;legalreferences;15
F18.txt;partially;economicoperands;2
F18.txt;principal;economicoperands;1
F18.txt;purchased;economicoperands;89
F18.txt;quarterly;attributes;1
F18.txt;repayment;economicoperands;3
F18.txt;revocable;economicoperands;1
F18.txt;section 2;legalreferences;2
F18.txt;specified;regulatoryoperators;1
F18.txt;threshold;economicoperands;2
F18.txt;unrelated;economicoperands;1
F18.txt;voluntary;economicoperands;2
F18.txt;180 days;attributes;100
F18.txt;advances;economicoperands;57
F18.txt;affected;economicoperands;1
F18.txt;annex v.;legalreferences;3119
F18.txt;approach;economicoperands;2
F18.txt;assessed;economicoperands;3
F18.txt;at least;logicalconnectors;1
F18.txt;based on;other;82
F18.txt;breaches;economicoperands;1
F18.txt;category;economicoperands;6
F18.txt;comprise;logicalconnectors;2
F18.txt;consider;logicalconnectors;1
F18.txt;continue;economicoperands;1
F18.txt;counting;economicoperands;1
F18.txt;criteria;economicoperands;6
F18.txt;decrease;mathematicaloperators;2
F18.txt;disputes;economicoperands;1
F18.txt;entities;economicoperands;1
F18.txt;excluded;logicalconnectors;1
F18.txt;exposues;economicoperands;46
F18.txt;exposure;economicoperands;12
F18.txt;forborne;economicoperands;2
F18.txt;granting;economicoperands;1
F18.txt;impaired;economicoperands;12
F18.txt;included;logicalconnectors;5
F18.txt;increase;mathematicaloperators;130
F18.txt;interest;economicoperands;2
F18.txt;isolated;economicoperands;1
F18.txt;material;economicoperands;2
F18.txt;measured;economicoperands;6
F18.txt;multiple;mathematicaloperators;1
F18.txt;negative;mathematicaloperators;144
F18.txt;occurred;economicoperands;1
F18.txt;of which;logicalconnectors;605
F18.txt;one year;attributes;1
F18.txt;original;economicoperands;1
F18.txt;outflows;economicoperands;12
F18.txt;past due;economicoperands;412
F18.txt;past-due;economicoperands;83
F18.txt;provided;logicalconnectors;2
F18.txt;received;economicoperands;159
F18.txt;referred;functionwords;1
F18.txt;relevant;attributes;3
F18.txt;reported;economicoperands;17
F18.txt;separate;economicoperands;3
F18.txt;solvency;economicoperands;1
F18.txt;template;legalreferences;3
F18.txt;2 years;attributes;25
F18.txt;30 days;attributes;73
F18.txt;5 years;attributes;25
F18.txt;7 years;attributes;100
F18.txt;90 days;attributes;151
F18.txt;amounts;mathematicaloperators;4
F18.txt;annex i;legalreferences;60
F18.txt;another;functionwords;1
F18.txt;applied;logicalconnectors;3
F18.txt;article;legalreferences;1
F18.txt;belongs;logicalconnectors;1
F18.txt;between;functionwords;1
F18.txt;ceasing;economicoperands;1
F18.txt;changes;economicoperands;144
F18.txt;chapter;legalreferences;2
F18.txt;closing;economicoperands;2
F18.txt;columns;legalreferences;1
F18.txt;current;attributes;2
F18.txt;default;economicoperands;1
F18.txt;follows;other;1
F18.txt;general;functionwords;128
F18.txt;in that;logicalconnectors;2
F18.txt;include;logicalconnectors;4
F18.txt;inflows;economicoperands;12
F18.txt;initial;economicoperands;131
F18.txt;maximum;mathematicaloperators;27
F18.txt;neither;logicalconnectors;2
F18.txt;obligor;economicoperands;1
F18.txt;of debt;economicoperands;1
F18.txt;outflow;economicoperands;7
F18.txt;overall;logicalconnectors;1
F18.txt;part of;logicalconnectors;1
F18.txt;partial;economicoperands;3
F18.txt;present;economicoperands;2
F18.txt;provide;economicoperands;2
F18.txt;reasons;economicoperands;1
F18.txt;reflect;economicoperands;2
F18.txt;related;logicalconnectors;2
F18.txt;such as;logicalconnectors;1
F18.txt;through;functionwords;73
F18.txt;totally;mathematicaloperators;2
F18.txt;trading;economicoperands;23
F18.txt;without;logicalconnectors;44
F18.txt;2 year;attributes;75
F18.txt;5 year;attributes;75
F18.txt;amount;mathematicaloperators;5
F18.txt;assets;economicoperands;3
F18.txt;become;economicoperands;1
F18.txt;ceased;economicoperands;2
F18.txt;ceases;economicoperands;1
F18.txt;column;legalreferences;1
F18.txt;credit;economicoperands;177
F18.txt;debtor;economicoperands;10
F18.txt;deemed;regulatoryoperators;1
F18.txt;due to;logicalconnectors;150
F18.txt;during;logicalconnectors;3
F18.txt;either;logicalconnectors;1
F18.txt;entire;logicalconnectors;2
F18.txt;equity;economicoperands;35
F18.txt;except;logicalconnectors;3
F18.txt;ifrs 4;legalreferences;14
F18.txt;ifrs 5;legalreferences;2
F18.txt;ifrs 9;legalreferences;43
F18.txt;inflow;economicoperands;4
F18.txt;medium;attributes;7
F18.txt;method;economicoperands;2
F18.txt;number;economicoperands;1
F18.txt;period;economicoperands;4
F18.txt;profit;economicoperands;1
F18.txt;repaid;economicoperands;2
F18.txt;sector;economicoperands;4
F18.txt;should;regulatoryoperators;1
F18.txt;status;economicoperands;4
F18.txt;sum of;mathematicaloperators;4
F18.txt;within;logicalconnectors;2
F18.txt;after;logicalconnectors;1
F18.txt;annex;legalreferences;14
F18.txt;asset;economicoperands;3
F18.txt;bands;economicoperands;3
F18.txt;based;other;3
F18.txt;basis;economicoperands;5
F18.txt;being;functionwords;3
F18.txt;cases;economicoperands;2
F18.txt;cease;economicoperands;1
F18.txt;found;other;1
F18.txt;given;functionwords;47
F18.txt;gross;economicoperands;101
F18.txt;group;economicoperands;2
F18.txt;holds;economicoperands;15
F18.txt;house;economicoperands;15
F18.txt;items;other;1
F18.txt;legal;economicoperands;2
F18.txt;loans;economicoperands;314
F18.txt;ltv-c;economicoperands;1
F18.txt;meets;economicoperands;3
F18.txt;other;logicalconnectors;181
F18.txt;parts;economicoperands;1
F18.txt;point;economicoperands;3
F18.txt;ratio;mathematicaloperators;94
F18.txt;shall;regulatoryoperators;69
F18.txt;since;logicalconnectors;130
F18.txt;small;economicoperands;7
F18.txt;stage;economicoperands;173
F18.txt;swaps;economicoperands;2
F18.txt;takes;other;1
F18.txt;their;functionwords;5
F18.txt;those;functionwords;4
F18.txt;times;economicoperands;1
F18.txt;total;mathematicaloperators;2
F18.txt;types;economicoperands;1
F18.txt;under;functionwords;4
F18.txt;until;logicalconnectors;1
F18.txt;value;economicoperands;2
F18.txt;where;logicalconnectors;12
F18.txt;which;functionwords;5
F18.txt;write;economicoperands;2
F18.txt;also;logicalconnectors;1
F18.txt;been;functionwords;2
F18.txt;both;logicalconnectors;3
F18.txt;cost;economicoperands;17
F18.txt;data;economicoperands;2
F18.txt;date;economicoperands;1
F18.txt;days;attributes;2
F18.txt;debt;economicoperands;1
F18.txt;does;functionwords;1
F18.txt;each;logicalconnectors;1
F18.txt;esrb;economicoperands;2
F18.txt;fees;economicoperands;1
F18.txt;from;functionwords;12
F18.txt;full;economicoperands;3
F18.txt;gaps;economicoperands;2
F18.txt;have;functionwords;5
F18.txt;held;economicoperands;1
F18.txt;ifrs;legalreferences;540
F18.txt;into;functionwords;2
F18.txt;laid;economicoperands;1
F18.txt;less;mathematicaloperators;1
F18.txt;loan;economicoperands;2
F18.txt;loss;economicoperands;1
F18.txt;made;functionwords;1
F18.txt;mean;other;1
F18.txt;meet;economicoperands;1
F18.txt;need;regulatoryoperators;1
F18.txt;non-;logicalconnectors;121
F18.txt;once;attributes;1
F18.txt;only;logicalconnectors;2
F18.txt;paid;economicoperands;1
F18.txt;part;functionwords;3236
F18.txt;past;functionwords;21
F18.txt;risk;economicoperands;1
F18.txt;rows;economicoperands;2
F18.txt;sale;economicoperands;1
F18.txt;smes;economicoperands;19
F18.txt;sold;economicoperands;1
F18.txt;that;functionwords;98
F18.txt;then;logicalconnectors;1
F18.txt;they;functionwords;2
F18.txt;this;functionwords;16
F18.txt;time;economicoperands;3
F18.txt;upon;other;1
F18.txt;used;economicoperands;1
F18.txt;well;attributes;2
F18.txt;were;functionwords;1
F18.txt;with;functionwords;200
F18.txt;year;economicoperands;100
F18.txt;100;attributes;60
F18.txt;105;legalreferences;42
F18.txt;106;legalreferences;1
F18.txt;113;legalreferences;20
F18.txt;115;legalreferences;20
F18.txt;215;legalreferences;1
F18.txt;217;legalreferences;12
F18.txt;220;legalreferences;1
F18.txt;all;logicalconnectors;7
F18.txt;and;logicalconnectors;367
F18.txt;any;logicalconnectors;8
F18.txt;are;functionwords;70
F18.txt;bad;economicoperands;88
F18.txt;but;logicalconnectors;87
F18.txt;can;regulatoryoperators;28
F18.txt;cre;economicoperands;41
F18.txt;crr;legalreferences;128
F18.txt;due;attributes;21
F18.txt;for;functionwords;73
F18.txt;has;functionwords;2
F18.txt;iii;legalreferences;2
F18.txt;ltv;economicoperands;92
F18.txt;met;functionwords;4
F18.txt;non;logicalconnectors;33
F18.txt;nor;logicalconnectors;2
F18.txt;not;logicalconnectors;186
F18.txt;one;attributes;1
F18.txt;out;functionwords;2
F18.txt;pay;economicoperands;50
F18.txt;rts;legalreferences;1
F18.txt;sme;economicoperands;89
F18.txt;the;functionwords;149
F18.txt;via;functionwords;1
F18.txt;11;legalreferences;1
F18.txt;13;legalreferences;6
F18.txt;17;legalreferences;1
F18.txt;18;legalreferences;3
F18.txt;20;attributes;1
F18.txt;44;legalreferences;120
F18.txt;60;attributes;30
F18.txt;90;attributes;1
F18.txt;an;functionwords;12
F18.txt;as;logicalconnectors;18
F18.txt;at;functionwords;35
F18.txt;be;functionwords;78
F18.txt;by;functionwords;131
F18.txt;do;functionwords;1
F18.txt;eu;economicoperands;1
F18.txt;if;logicalconnectors;1
F18.txt;ii;legalreferences;3
F18.txt;in;functionwords;292
F18.txt;is;functionwords;8
F18.txt;it;functionwords;1
F18.txt;iv;legalreferences;1
F18.txt;of;functionwords;78
F18.txt;on;functionwords;124
F18.txt;or;logicalconnectors;292
F18.txt;to;functionwords;133
F18.txt;1;attributes;234
F18.txt;2;attributes;1344
F18.txt;3;attributes;99
F18.txt;4;attributes;10
F18.txt;5;attributes;1
F18.txt;6;attributes;2
F18.txt;7;attributes;210
F18.txt;8;attributes;1
F18.txt;9;attributes;1
