C71.txt;international organisations;economicoperands;1
C71.txt;non-financial corporations;economicoperands;1
C71.txt;financial corporations;economicoperands;1
C71.txt;asset backed security;economicoperands;1
C71.txt;financial instruments;economicoperands;1
C71.txt;for the purposes of;logicalconnectors;1
C71.txt;reporting reference;economicoperands;1
C71.txt;for the purpose of;logicalconnectors;1
C71.txt;in accordance with;logicalconnectors;5
C71.txt;to the extent that;logicalconnectors;1
C71.txt;in the event that;logicalconnectors;1
C71.txt;commercial paper;economicoperands;1
C71.txt;corresponding to;logicalconnectors;2
C71.txt;counterbalancing;economicoperands;16
C71.txt;where applicable;logicalconnectors;1
C71.txt;be allocated to;regulatoryoperators;1
C71.txt;maturity ladder;economicoperands;1
C71.txt;on the basis of;logicalconnectors;1
C71.txt;be reported as;regulatoryoperators;1
C71.txt;be reported in;regulatoryoperators;1
C71.txt;be the same as;regulatoryoperators;2
C71.txt;concentrations;economicoperands;3
C71.txt;counterparties;economicoperands;5
C71.txt;with regard to;logicalconnectors;1
C71.txt;concentration;economicoperands;12
C71.txt;incorporation;economicoperands;1
C71.txt;qualification;economicoperands;1
C71.txt;central bank;economicoperands;4
C71.txt;counterparty;economicoperands;8
C71.txt;institutions;economicoperands;6
C71.txt;instructions;regulatoryoperators;5
C71.txt;legal entity;economicoperands;2
C71.txt;representing;economicoperands;1
C71.txt;subordinated;economicoperands;1
C71.txt;transferable;economicoperands;1
C71.txt;unencumbered;economicoperands;3
C71.txt;appropriate;attributes;1
C71.txt;assigned to;regulatoryoperators;1
C71.txt;calculating;economicoperands;1
C71.txt;denominated;economicoperands;1
C71.txt;eligibility;economicoperands;1
C71.txt;governments;economicoperands;1
C71.txt;in order to;logicalconnectors;1
C71.txt;information;economicoperands;1
C71.txt;institution;economicoperands;8
C71.txt;investments;economicoperands;1
C71.txt;predominant;economicoperands;1
C71.txt;relevant to;logicalconnectors;1
C71.txt;significant;attributes;5
C71.txt;undertaking;economicoperands;1
C71.txt;assessment;economicoperands;1
C71.txt;collateral;economicoperands;4
C71.txt;collective;economicoperands;1
C71.txt;currencies;economicoperands;4
C71.txt;facilities;economicoperands;1
C71.txt;fair value;economicoperands;1
C71.txt;households;economicoperands;1
C71.txt;identifier;economicoperands;1
C71.txt;operations;economicoperands;1
C71.txt;references;functionwords;3
C71.txt;regulation;economicoperands;4
C71.txt;securities;economicoperands;1
C71.txt;this annex;legalreferences;1
C71.txt;treated as;regulatoryoperators;1
C71.txt;available;economicoperands;2
C71.txt;committed;economicoperands;3
C71.txt;connected;economicoperands;4
C71.txt;contained;economicoperands;1
C71.txt;extremely;attributes;1
C71.txt;following;other;1
C71.txt;including;logicalconnectors;2
C71.txt;indicated;economicoperands;1
C71.txt;liquidity;economicoperands;8
C71.txt;more than;mathematicaloperators;1
C71.txt;reporting;economicoperands;6
C71.txt;residence;economicoperands;3
C71.txt;specified;regulatoryoperators;1
C71.txt;templates;legalreferences;3
C71.txt;assigned;regulatoryoperators;4
C71.txt;capacity;economicoperands;16
C71.txt;currency;economicoperands;13
C71.txt;economic;economicoperands;1
C71.txt;eligible;economicoperands;3
C71.txt;facility;economicoperands;1
C71.txt;holdings;economicoperands;1
C71.txt;included;logicalconnectors;1
C71.txt;lei code;economicoperands;3
C71.txt;national;economicoperands;1
C71.txt;original;economicoperands;2
C71.txt;payments;economicoperands;1
C71.txt;physical;economicoperands;1
C71.txt;received;economicoperands;2
C71.txt;recorded;economicoperands;5
C71.txt;reported;economicoperands;8
C71.txt;security;economicoperands;1
C71.txt;separate;economicoperands;2
C71.txt;specific;functionwords;1
C71.txt;standard;economicoperands;1
C71.txt;standing;other;1
C71.txt;template;legalreferences;6
C71.txt;article;legalreferences;1
C71.txt;balance;economicoperands;1
C71.txt;belongs;logicalconnectors;1
C71.txt;classes;other;1
C71.txt;clients;economicoperands;4
C71.txt;collect;economicoperands;1
C71.txt;company;economicoperands;2
C71.txt;convert;economicoperands;1
C71.txt;counted;economicoperands;1
C71.txt;country;economicoperands;2
C71.txt;covered;economicoperands;1
C71.txt;fashion;other;1
C71.txt;forming;economicoperands;1
C71.txt;general;functionwords;1
C71.txt;granted;economicoperands;6
C71.txt;in that;logicalconnectors;1
C71.txt;issuers;economicoperands;5
C71.txt;largest;logicalconnectors;3
C71.txt;nominal;economicoperands;4
C71.txt;part of;logicalconnectors;1
C71.txt;product;economicoperands;9
C71.txt;purpose;economicoperands;1
C71.txt;quality;economicoperands;6
C71.txt;several;attributes;1
C71.txt;that is;logicalconnectors;1
C71.txt;undrawn;economicoperands;4
C71.txt;amount;mathematicaloperators;1
C71.txt;assets;economicoperands;9
C71.txt;column;legalreferences;6
C71.txt;credit;economicoperands;8
C71.txt;equity;economicoperands;1
C71.txt;except;logicalconnectors;1
C71.txt;finrep;legalreferences;1
C71.txt;groups;economicoperands;3
C71.txt;higher;mathematicaloperators;1
C71.txt;in all;logicalconnectors;1
C71.txt;issued;economicoperands;2
C71.txt;issuer;economicoperands;21
C71.txt;letter;economicoperands;1
C71.txt;likely;attributes;1
C71.txt;market;economicoperands;1
C71.txt;narrow;economicoperands;1
C71.txt;number;economicoperands;1
C71.txt;rating;economicoperands;1
C71.txt;report;economicoperands;2
C71.txt;second;attributes;1
C71.txt;sector;economicoperands;6
C71.txt;senior;economicoperands;1
C71.txt;single;attributes;2
C71.txt;about;functionwords;1
C71.txt;annex;legalreferences;2
C71.txt;apply;logicalconnectors;1
C71.txt;asset;economicoperands;2
C71.txt;bonds;economicoperands;1
C71.txt;claim;economicoperands;1
C71.txt;codes;economicoperands;2
C71.txt;field;economicoperands;1
C71.txt;group;economicoperands;3
C71.txt;items;other;2
C71.txt;leave;other;1
C71.txt;legal;economicoperands;2
C71.txt;lines;economicoperands;4
C71.txt;occur;economicoperands;1
C71.txt;other;logicalconnectors;3
C71.txt;rated;economicoperands;1
C71.txt;rules;economicoperands;1
C71.txt;shall;regulatoryoperators;26
C71.txt;share;economicoperands;1
C71.txt;stand;economicoperands;1
C71.txt;there;functionwords;1
C71.txt;these;functionwords;1
C71.txt;three;attributes;1
C71.txt;total;mathematicaloperators;2
C71.txt;ucits;legalreferences;1
C71.txt;under;functionwords;3
C71.txt;using;economicoperands;1
C71.txt;value;economicoperands;9
C71.txt;where;logicalconnectors;3
C71.txt;which;functionwords;5
C71.txt;been;functionwords;1
C71.txt;bond;economicoperands;2
C71.txt;cash;economicoperands;1
C71.txt;code;economicoperands;5
C71.txt;date;economicoperands;1
C71.txt;each;logicalconnectors;1
C71.txt;fall;economicoperands;1
C71.txt;flow;economicoperands;1
C71.txt;full;economicoperands;1
C71.txt;gold;economicoperands;2
C71.txt;held;economicoperands;1
C71.txt;into;functionwords;1
C71.txt;item;other;3
C71.txt;last;attributes;1
C71.txt;line;economicoperands;6
C71.txt;make;functionwords;1
C71.txt;name;economicoperands;5
C71.txt;once;attributes;1
C71.txt;ones;attributes;1
C71.txt;only;logicalconnectors;2
C71.txt;rest;logicalconnectors;1
C71.txt;step;economicoperands;7
C71.txt;that;functionwords;4
C71.txt;this;functionwords;3
C71.txt;type;economicoperands;9
C71.txt;unit;economicoperands;1
C71.txt;used;economicoperands;2
C71.txt;when;logicalconnectors;1
C71.txt;will;functionwords;1
C71.txt;with;functionwords;5
C71.txt;100;attributes;1
C71.txt;110;legalreferences;1
C71.txt;120;legalreferences;2
C71.txt;322;legalreferences;1
C71.txt;all;logicalconnectors;1
C71.txt;and;logicalconnectors;8
C71.txt;any;logicalconnectors;1
C71.txt;are;functionwords;1
C71.txt;can;regulatoryoperators;1
C71.txt;for;functionwords;14
C71.txt;has;functionwords;2
C71.txt;i.e;functionwords;1
C71.txt;iii;legalreferences;1
C71.txt;law;economicoperands;1
C71.txt;non;logicalconnectors;1
C71.txt;not;logicalconnectors;1
C71.txt;one;attributes;4
C71.txt;pre;economicoperands;1
C71.txt;row;economicoperands;3
C71.txt;ten;attributes;4
C71.txt;the;functionwords;74
C71.txt;use;economicoperands;1
C71.txt;10;attributes;1
C71.txt;an;functionwords;5
C71.txt;as;logicalconnectors;5
C71.txt;at;functionwords;1
C71.txt;be;functionwords;19
C71.txt;by;functionwords;8
C71.txt;cp;economicoperands;1
C71.txt;eu;economicoperands;4
C71.txt;if;logicalconnectors;1
C71.txt;ii;legalreferences;1
C71.txt;in;functionwords;25
C71.txt;is;functionwords;5
C71.txt;it;functionwords;1
C71.txt;iv;legalreferences;1
C71.txt;no;logicalconnectors;5
C71.txt;of;functionwords;40
C71.txt;on;functionwords;4
C71.txt;or;logicalconnectors;18
C71.txt;so;logicalconnectors;1
C71.txt;to;functionwords;11
C71.txt;us;economicoperands;1
C71.txt;1;attributes;13
C71.txt;2;attributes;4
C71.txt;3;attributes;1
C71.txt;4;attributes;1
C71.txt;5;attributes;1
C71.txt;6;attributes;1
