F33+34+36.txt;non-encumbered collateral;economicoperands;6
F33+34+36.txt;on a consolidated basis;mathematicaloperators;3
F33+34+36.txt;contingent liabilities;economicoperands;7
F33+34+36.txt;debt securities issued;economicoperands;9
F33+34+36.txt;financial corporations;economicoperands;16
F33+34+36.txt;non-encumbered assets;economicoperands;3
F33+34+36.txt;repurchase agreements;economicoperands;14
F33+34+36.txt;equity instruments;economicoperands;4
F33+34+36.txt;immovable property;economicoperands;8
F33+34+36.txt;securities issued;economicoperands;6
F33+34+36.txt;over-the-counter;economicoperands;7
F33+34+36.txt;carrying amount;economicoperands;1
F33+34+36.txt;debt securities;economicoperands;8
F33+34+36.txt;exchange traded;economicoperands;6
F33+34+36.txt;securitisations;economicoperands;17
F33+34+36.txt;classification;economicoperands;12
F33+34+36.txt;collateralised;economicoperands;11
F33+34+36.txt;central banks;economicoperands;6
F33+34+36.txt;central bank;economicoperands;18
F33+34+36.txt;depreciation;economicoperands;1
F33+34+36.txt;derivatives;economicoperands;13
F33+34+36.txt;encumbrance;economicoperands;16
F33+34+36.txt;governments;economicoperands;8
F33+34+36.txt;in any case;logicalconnectors;1
F33+34+36.txt;liabilities;economicoperands;63
F33+34+36.txt;significant;attributes;4
F33+34+36.txt;additional;mathematicaloperators;2
F33+34+36.txt;collateral;economicoperands;46
F33+34+36.txt;contingent;economicoperands;2
F33+34+36.txt;currencies;economicoperands;1
F33+34+36.txt;encumbered;economicoperands;73
F33+34+36.txt;fair value;economicoperands;1
F33+34+36.txt;households;economicoperands;4
F33+34+36.txt;other than;logicalconnectors;23
F33+34+36.txt;securities;economicoperands;7
F33+34+36.txt;amount of;mathematicaloperators;2
F33+34+36.txt;financial;economicoperands;1
F33+34+36.txt;including;logicalconnectors;6
F33+34+36.txt;overnight;economicoperands;1
F33+34+36.txt;receiving;economicoperands;1
F33+34+36.txt;advanced;economicoperands;1
F33+34+36.txt;advances;economicoperands;8
F33+34+36.txt;currency;economicoperands;3
F33+34+36.txt;decrease;mathematicaloperators;1
F33+34+36.txt;deposits;economicoperands;8
F33+34+36.txt;eligible;economicoperands;12
F33+34+36.txt;entities;economicoperands;8
F33+34+36.txt;matching;economicoperands;49
F33+34+36.txt;maturity;economicoperands;3
F33+34+36.txt;of which;logicalconnectors;53
F33+34+36.txt;received;economicoperands;40
F33+34+36.txt;residual;economicoperands;1
F33+34+36.txt;selected;economicoperands;1
F33+34+36.txt;template;legalreferences;3
F33+34+36.txt;advance;economicoperands;1
F33+34+36.txt;covered;economicoperands;19
F33+34+36.txt;funding;economicoperands;6
F33+34+36.txt;general;functionwords;8
F33+34+36.txt;part ii;legalreferences;1
F33+34+36.txt;sources;economicoperands;20
F33+34+36.txt;assets;economicoperands;48
F33+34+36.txt;demand;economicoperands;12
F33+34+36.txt;effect;economicoperands;1
F33+34+36.txt;filled;economicoperands;6
F33+34+36.txt;issued;economicoperands;28
F33+34+36.txt;part i;legalreferences;1
F33+34+36.txt;asset;economicoperands;12
F33+34+36.txt;bonds;economicoperands;19
F33+34+36.txt;group;economicoperands;8
F33+34+36.txt;loans;economicoperands;28
F33+34+36.txt;other;logicalconnectors;19
F33+34+36.txt;repos;economicoperands;6
F33+34+36.txt;total;mathematicaloperators;21
F33+34+36.txt;types;economicoperands;6
F33+34+36.txt;using;economicoperands;1
F33+34+36.txt;data;economicoperands;3
F33+34+36.txt;lent;economicoperands;7
F33+34+36.txt;non-;logicalconnectors;3
F33+34+36.txt;open;economicoperands;1
F33+34+36.txt;type;economicoperands;24
F33+34+36.txt;used;economicoperands;2
F33+34+36.txt;with;functionwords;8
F33+34+36.txt;100;attributes;12
F33+34+36.txt;110;legalreferences;12
F33+34+36.txt;120;legalreferences;12
F33+34+36.txt;140;legalreferences;10
F33+34+36.txt;150;attributes;10
F33+34+36.txt;180;attributes;10
F33+34+36.txt;210;attributes;6
F33+34+36.txt;220;legalreferences;6
F33+34+36.txt;all;logicalconnectors;6
F33+34+36.txt;and;logicalconnectors;18
F33+34+36.txt;any;logicalconnectors;2
F33+34+36.txt;leg;economicoperands;2
F33+34+36.txt;net;economicoperands;1
F33+34+36.txt;non;logicalconnectors;8
F33+34+36.txt;not;logicalconnectors;6
F33+34+36.txt;own;functionwords;4
F33+34+36.txt;the;functionwords;9
F33+34+36.txt;10;attributes;1
F33+34+36.txt;30;attributes;1
F33+34+36.txt;be;functionwords;6
F33+34+36.txt;by;functionwords;33
F33+34+36.txt;in;functionwords;2
F33+34+36.txt;of;functionwords;40
F33+34+36.txt;on;functionwords;12
F33+34+36.txt;or;logicalconnectors;9
F33+34+36.txt;to;functionwords;6
F33+34+36.txt;1;attributes;2
F33+34+36.txt;2;attributes;2
