F11.txt;non-trading financial assets;economicoperands;2
F11.txt;national gaap compatible;legalreferences;6
F11.txt;that meet the definition;logicalconnectors;2
F11.txt;trading financial assets;economicoperands;1
F11.txt;this part of this annex;legalreferences;2
F11.txt;financial corporations;economicoperands;5
F11.txt;foreign exchange swaps;economicoperands;1
F11.txt;meet the definition of;regulatoryoperators;2
F11.txt;accounting portfolios;economicoperands;4
F11.txt;financial instruments;economicoperands;2
F11.txt;regardless of whether;logicalconnectors;2
F11.txt;with the exception of;logicalconnectors;2
F11.txt;accounting framework;economicoperands;1
F11.txt;accounting portfolio;economicoperands;4
F11.txt;appendix a to ifrs 9;legalreferences;1
F11.txt;comprehensive income;economicoperands;5
F11.txt;credit spread option;economicoperands;6
F11.txt;financial guarantees;economicoperands;1
F11.txt;financial instrument;economicoperands;4
F11.txt;for hedging purposes;economicoperands;1
F11.txt;part 1 of this annex;legalreferences;1
F11.txt;accounting standard;economicoperands;1
F11.txt;credit default swap;economicoperands;6
F11.txt;financial guarantee;economicoperands;2
F11.txt;financial liability;economicoperands;2
F11.txt;hedging derivatives;economicoperands;6
F11.txt;hedging instruments;economicoperands;11
F11.txt;proprietary trading;economicoperands;1
F11.txt;templates 10 and 11;legalreferences;4
F11.txt;under national gaap;legalreferences;5
F11.txt;commodity contract;economicoperands;1
F11.txt;credit derivatives;economicoperands;7
F11.txt;equity instruments;economicoperands;1
F11.txt;for the purpose of;logicalconnectors;1
F11.txt;hedge relationship;economicoperands;3
F11.txt;hedging derivative;economicoperands;1
F11.txt;hedging instrument;economicoperands;2
F11.txt;in accordance with;logicalconnectors;11
F11.txt;interest rate risk;economicoperands;19
F11.txt;notional amount of;mathematicaloperators;4
F11.txt;taken into account;regulatoryoperators;1
F11.txt;at amortised cost;economicoperands;18
F11.txt;cost-based method;economicoperands;1
F11.txt;cost-price hedges;economicoperands;3
F11.txt;hybrid instrument;economicoperands;1
F11.txt;off-balance sheet;economicoperands;1
F11.txt;total return swap;economicoperands;6
F11.txt;carrying amounts;economicoperands;1
F11.txt;commodity-linked;economicoperands;1
F11.txt;creditworthiness;economicoperands;1
F11.txt;currency options;economicoperands;2
F11.txt;financial assets;economicoperands;26
F11.txt;foreign exchange;economicoperands;21
F11.txt;hedge accounting;economicoperands;16
F11.txt;held for trading;economicoperands;8
F11.txt;interest-bearing;economicoperands;2
F11.txt;is designated as;regulatoryoperators;2
F11.txt;on-balance sheet;economicoperands;3
F11.txt;organised market;economicoperands;3
F11.txt;organized market;economicoperands;37
F11.txt;where applicable;logicalconnectors;2
F11.txt;amortised costs;economicoperands;2
F11.txt;are not part of;logicalconnectors;1
F11.txt;be allocated to;regulatoryoperators;1
F11.txt;be reported for;regulatoryoperators;7
F11.txt;carrying amount;economicoperands;34
F11.txt;cash flow hedge;economicoperands;2
F11.txt;discontinuation;economicoperands;1
F11.txt;economic hedges;economicoperands;6
F11.txt;financial asset;economicoperands;2
F11.txt;irrespective of;logicalconnectors;4
F11.txt;net investments;economicoperands;5
F11.txt;notional amount;mathematicaloperators;20
F11.txt;portfolio hedge;economicoperands;9
F11.txt;single-currency;economicoperands;1
F11.txt;at the date of;logicalconnectors;1
F11.txt;be reported as;regulatoryoperators;3
F11.txt;be reported in;regulatoryoperators;12
F11.txt;broken down by;mathematicaloperators;5
F11.txt;characteristic;logicalconnectors;1
F11.txt;classification;economicoperands;1
F11.txt;counterparties;economicoperands;5
F11.txt;cross-currency;economicoperands;4
F11.txt;exchange rates;economicoperands;2
F11.txt;in addition to;mathematicaloperators;1
F11.txt;interest rates;economicoperands;3
F11.txt;multi-exposure;economicoperands;1
F11.txt;net investment;economicoperands;2
F11.txt;precious metal;economicoperands;1
F11.txt;profit or loss;economicoperands;13
F11.txt;reference date;economicoperands;3
F11.txt;required to be;regulatoryoperators;1
F11.txt;as defined in;logicalconnectors;3
F11.txt;at fair value;economicoperands;17
F11.txt;balance sheet;economicoperands;2
F11.txt;classified as;regulatoryoperators;6
F11.txt;consideration;logicalconnectors;1
F11.txt;credit spread;economicoperands;1
F11.txt;in particular;logicalconnectors;1
F11.txt;interest rate;economicoperands;27
F11.txt;micro- hedges;economicoperands;4
F11.txt;national gaap;legalreferences;17
F11.txt;risk category;economicoperands;1
F11.txt;according to;regulatoryoperators;4
F11.txt;agricultural;economicoperands;1
F11.txt;article 4(1);legalreferences;2
F11.txt;breakdown by;mathematicaloperators;6
F11.txt;breakdown of;mathematicaloperators;2
F11.txt;constituting;logicalconnectors;1
F11.txt;counterparty;economicoperands;2
F11.txt;discontinued;economicoperands;5
F11.txt;except where;logicalconnectors;2
F11.txt;gain or loss;economicoperands;1
F11.txt;hedged items;economicoperands;14
F11.txt;institutions;economicoperands;7
F11.txt;macro hedges;economicoperands;4
F11.txt;micro hedges;economicoperands;4
F11.txt;micro-hedges;economicoperands;13
F11.txt;net position;economicoperands;11
F11.txt;recalculated;mathematicaloperators;1
F11.txt;relationship;economicoperands;1
F11.txt;trading book;economicoperands;1
F11.txt;transactions;economicoperands;3
F11.txt;unfavourable;economicoperands;1
F11.txt;unrecognised;economicoperands;2
F11.txt;accumulated;economicoperands;1
F11.txt;adjustments;mathematicaloperators;19
F11.txt;application;economicoperands;1
F11.txt;appropriate;attributes;1
F11.txt;commitments;economicoperands;2
F11.txt;commodities;economicoperands;4
F11.txt;contractual;economicoperands;1
F11.txt;credit risk;economicoperands;6
F11.txt;derivatives;economicoperands;56
F11.txt;estimate of;mathematicaloperators;1
F11.txt;hedged item;economicoperands;1
F11.txt;implemented;regulatoryoperators;1
F11.txt;information;economicoperands;1
F11.txt;institution;economicoperands;5
F11.txt;instruments;economicoperands;5
F11.txt;liabilities;economicoperands;44
F11.txt;mandatorily;regulatoryoperators;2
F11.txt;measurement;mathematicaloperators;1
F11.txt;performance;economicoperands;2
F11.txt;predominant;economicoperands;1
F11.txt;receivables;economicoperands;1
F11.txt;recognition;economicoperands;4
F11.txt;referencing;functionwords;1
F11.txt;referred to;functionwords;1
F11.txt;transaction;economicoperands;3
F11.txt;uncertainty;economicoperands;1
F11.txt;accounting;economicoperands;4
F11.txt;adjustment;mathematicaloperators;1
F11.txt;agreements;economicoperands;1
F11.txt;allocation;economicoperands;2
F11.txt;appendix a;legalreferences;4
F11.txt;applicable;logicalconnectors;4
F11.txt;as well as;logicalconnectors;2
F11.txt;breakdowns;mathematicaloperators;1
F11.txt;by type of;logicalconnectors;14
F11.txt;cash flows;economicoperands;1
F11.txt;categories;economicoperands;5
F11.txt;classified;regulatoryoperators;1
F11.txt;components;economicoperands;1
F11.txt;comprising;logicalconnectors;1
F11.txt;compulsory;regulatoryoperators;1
F11.txt;considered;logicalconnectors;3
F11.txt;constitute;logicalconnectors;1
F11.txt;contracted;economicoperands;1
F11.txt;cumulative;mathematicaloperators;1
F11.txt;currencies;economicoperands;2
F11.txt;derivative;economicoperands;33
F11.txt;designated;regulatoryoperators;5
F11.txt;determined;regulatoryoperators;2
F11.txt;fair value;economicoperands;32
F11.txt;fair-value;economicoperands;1
F11.txt;favourable;economicoperands;1
F11.txt;gaap based;legalreferences;1
F11.txt;identified;economicoperands;1
F11.txt;influenced;economicoperands;1
F11.txt;instrument;economicoperands;1
F11.txt;multiplied;mathematicaloperators;2
F11.txt;multiplier;mathematicaloperators;1
F11.txt;obligation;economicoperands;1
F11.txt;otc market;economicoperands;2
F11.txt;other than;logicalconnectors;2
F11.txt;particular;logicalconnectors;2
F11.txt;pertaining;logicalconnectors;1
F11.txt;precedence;economicoperands;1
F11.txt;predefined;economicoperands;2
F11.txt;previously;logicalconnectors;1
F11.txt;protection;economicoperands;3
F11.txt;qualifying;economicoperands;3
F11.txt;recognised;economicoperands;5
F11.txt;references;functionwords;22
F11.txt;represents;economicoperands;1
F11.txt;restricted;regulatoryoperators;1
F11.txt;separately;economicoperands;7
F11.txt;stipulated;regulatoryoperators;1
F11.txt;subsequent;logicalconnectors;2
F11.txt;under ifrs;legalreferences;1
F11.txt;underlying;economicoperands;5
F11.txt;allocated;economicoperands;1
F11.txt;amortised;economicoperands;1
F11.txt;amount of;mathematicaloperators;2
F11.txt;available;economicoperands;1
F11.txt;cash flow;economicoperands;10
F11.txt;commodity;economicoperands;22
F11.txt;component;economicoperands;2
F11.txt;concluded;economicoperands;1
F11.txt;contracts;economicoperands;20
F11.txt;corridors;economicoperands;1
F11.txt;decreases;mathematicaloperators;1
F11.txt;dedicated;economicoperands;2
F11.txt;determine;regulatoryoperators;1
F11.txt;directive;legalreferences;4
F11.txt;downgrade;economicoperands;1
F11.txt;effective;other;3
F11.txt;exception;logicalconnectors;1
F11.txt;exchanges;economicoperands;2
F11.txt;exposures;economicoperands;1
F11.txt;financial;economicoperands;21
F11.txt;following;other;7
F11.txt;framework;economicoperands;1
F11.txt;generally;functionwords;1
F11.txt;including;logicalconnectors;12
F11.txt;increases;mathematicaloperators;1
F11.txt;insurance;economicoperands;1
F11.txt;involving;economicoperands;5
F11.txt;mandatory;regulatoryoperators;1
F11.txt;more than;mathematicaloperators;4
F11.txt;operation;economicoperands;6
F11.txt;paragraph;legalreferences;5
F11.txt;petroleum;economicoperands;1
F11.txt;portfolio;economicoperands;12
F11.txt;positions;economicoperands;6
F11.txt;primarily;attributes;1
F11.txt;principal;economicoperands;5
F11.txt;recognise;economicoperands;1
F11.txt;reference;functionwords;4
F11.txt;regulated;regulatoryoperators;1
F11.txt;remaining;economicoperands;6
F11.txt;reporting;economicoperands;5
F11.txt;sensitive;economicoperands;1
F11.txt;separated;economicoperands;1
F11.txt;statement;economicoperands;1
F11.txt;templates;legalreferences;2
F11.txt;therefore;logicalconnectors;2
F11.txt;triggered;economicoperands;1
F11.txt;whichever;logicalconnectors;1
F11.txt;adjusted;mathematicaloperators;1
F11.txt;annex v.;legalreferences;287
F11.txt;applying;logicalconnectors;1
F11.txt;at least;logicalconnectors;1
F11.txt;based on;other;15
F11.txt;category;economicoperands;6
F11.txt;classify;regulatoryoperators;1
F11.txt;clearing;economicoperands;2
F11.txt;climatic;economicoperands;1
F11.txt;cognised;economicoperands;1
F11.txt;concerns;logicalconnectors;1
F11.txt;contract;economicoperands;11
F11.txt;criteria;economicoperands;1
F11.txt;currency;economicoperands;8
F11.txt;eligible;economicoperands;1
F11.txt;embedded;logicalconnectors;1
F11.txt;equal to;logicalconnectors;1
F11.txt;equities;economicoperands;4
F11.txt;exchange;economicoperands;5
F11.txt;exercise;economicoperands;1
F11.txt;exposure;economicoperands;10
F11.txt;forwards;economicoperands;1
F11.txt;included;logicalconnectors;14
F11.txt;interest;economicoperands;1
F11.txt;maturity;economicoperands;1
F11.txt;measured;economicoperands;19
F11.txt;monetary;economicoperands;2
F11.txt;multiple;mathematicaloperators;1
F11.txt;negative;mathematicaloperators;6
F11.txt;notional;mathematicaloperators;7
F11.txt;of which;logicalconnectors;62
F11.txt;outright;attributes;1
F11.txt;payments;economicoperands;1
F11.txt;position;economicoperands;1
F11.txt;positive;economicoperands;6
F11.txt;products;economicoperands;1
F11.txt;purchase;economicoperands;2
F11.txt;purposes;economicoperands;1
F11.txt;quantity;economicoperands;1
F11.txt;relevant;attributes;5
F11.txt;reported;economicoperands;18
F11.txt;template;legalreferences;10
F11.txt;treasury;economicoperands;1
F11.txt;unquoted;economicoperands;1
F11.txt;variable;economicoperands;1
F11.txt;warrants;economicoperands;2
F11.txt;allowed;regulatoryoperators;1
F11.txt;already;logicalconnectors;1
F11.txt;amounts;mathematicaloperators;8
F11.txt;another;functionwords;1
F11.txt;applied;logicalconnectors;1
F11.txt;applies;logicalconnectors;1
F11.txt;article;legalreferences;2
F11.txt;between;functionwords;2
F11.txt;carried;economicoperands;12
F11.txt;central;economicoperands;1
F11.txt;collars;economicoperands;1
F11.txt;default;economicoperands;1
F11.txt;digital;economicoperands;2
F11.txt;elected;economicoperands;1
F11.txt;exclude;logicalconnectors;1
F11.txt;expense;economicoperands;1
F11.txt;exposed;economicoperands;1
F11.txt;foreign;economicoperands;8
F11.txt;forward;economicoperands;2
F11.txt;futures;economicoperands;3
F11.txt;hedging;economicoperands;16
F11.txt;holders;economicoperands;1
F11.txt;however;functionwords;1
F11.txt;include;logicalconnectors;14
F11.txt;indices;economicoperands;1
F11.txt;initial;economicoperands;5
F11.txt;involve;economicoperands;2
F11.txt;meaning;other;1
F11.txt;measure;economicoperands;1
F11.txt;netting;economicoperands;8
F11.txt;nominal;economicoperands;4
F11.txt;options;economicoperands;41
F11.txt;part of;logicalconnectors;5
F11.txt;payouts;economicoperands;1
F11.txt;portion;economicoperands;2
F11.txt;product;economicoperands;15
F11.txt;related;logicalconnectors;3
F11.txt;require;regulatoryoperators;1
F11.txt;settled;economicoperands;1
F11.txt;specify;economicoperands;1
F11.txt;such as;logicalconnectors;4
F11.txt;thereof;functionwords;1
F11.txt;through;functionwords;16
F11.txt;trading;economicoperands;9
F11.txt;used in;economicoperands;1
F11.txt;whether;logicalconnectors;6
F11.txt;across;functionwords;1
F11.txt;amount;mathematicaloperators;8
F11.txt;assets;economicoperands;30
F11.txt;become;economicoperands;1
F11.txt;before;logicalconnectors;7
F11.txt;belong;logicalconnectors;1
F11.txt;booked;economicoperands;3
F11.txt;buyers;economicoperands;1
F11.txt;change;economicoperands;1
F11.txt;column;legalreferences;1
F11.txt;credit;economicoperands;22
F11.txt;either;logicalconnectors;5
F11.txt;enters;economicoperands;1
F11.txt;entire;logicalconnectors;1
F11.txt;entity;economicoperands;3
F11.txt;equity;economicoperands;26
F11.txt;events;economicoperands;1
F11.txt;floors;economicoperands;1
F11.txt;gather;economicoperands;1
F11.txt;hedged;economicoperands;5
F11.txt;hedges;economicoperands;37
F11.txt;hybrid;economicoperands;1
F11.txt;ifrs 9;legalreferences;5
F11.txt;income;economicoperands;1
F11.txt;linked;economicoperands;3
F11.txt;losses;economicoperands;2
F11.txt;lumber;economicoperands;1
F11.txt;manage;economicoperands;2
F11.txt;market;economicoperands;17
F11.txt;nature;economicoperands;2
F11.txt;number;economicoperands;3
F11.txt;option;economicoperands;4
F11.txt;payoff;economicoperands;1
F11.txt;payout;economicoperands;1
F11.txt;prices;economicoperands;1
F11.txt;rating;economicoperands;1
F11.txt;remain;economicoperands;1
F11.txt;report;economicoperands;1
F11.txt;return;economicoperands;4
F11.txt;sector;economicoperands;1
F11.txt;seller;economicoperands;1
F11.txt;strike;mathematicaloperators;1
F11.txt;sum of;mathematicaloperators;1
F11.txt;taking;other;1
F11.txt;traded;economicoperands;1
F11.txt;values;economicoperands;1
F11.txt;within;logicalconnectors;3
F11.txt;writer;economicoperands;1
F11.txt;above;functionwords;1
F11.txt;after;logicalconnectors;1
F11.txt;among;logicalconnectors;1
F11.txt;apply;logicalconnectors;2
F11.txt;asset;economicoperands;1
F11.txt;based;other;1
F11.txt;basis;economicoperands;3
F11.txt;being;functionwords;1
F11.txt;below;functionwords;1
F11.txt;cases;economicoperands;3
F11.txt;cover;economicoperands;1
F11.txt;cross;economicoperands;1
F11.txt;deals;economicoperands;7
F11.txt;gains;economicoperands;2
F11.txt;gives;functionwords;1
F11.txt;gross;economicoperands;3
F11.txt;group;economicoperands;4
F11.txt;hedge;economicoperands;39
F11.txt;index;economicoperands;3
F11.txt;items;other;3
F11.txt;joint;logicalconnectors;2
F11.txt;loans;economicoperands;1
F11.txt;locom;economicoperands;13
F11.txt;names;economicoperands;2
F11.txt;order;economicoperands;1
F11.txt;other;logicalconnectors;75
F11.txt;place;economicoperands;1
F11.txt;point;economicoperands;2
F11.txt;price;economicoperands;6
F11.txt;refer;functionwords;2
F11.txt;right;economicoperands;1
F11.txt;rules;economicoperands;1
F11.txt;shall;regulatoryoperators;86
F11.txt;swaps;economicoperands;10
F11.txt;takes;other;1
F11.txt;terms;other;1
F11.txt;their;functionwords;5
F11.txt;there;functionwords;1
F11.txt;these;functionwords;3
F11.txt;those;functionwords;12
F11.txt;total;mathematicaloperators;12
F11.txt;types;economicoperands;5
F11.txt;under;functionwords;6
F11.txt;using;economicoperands;1
F11.txt;value;economicoperands;9
F11.txt;where;logicalconnectors;15
F11.txt;which;functionwords;22
F11.txt;while;logicalconnectors;2
F11.txt;whole;functionwords;1
F11.txt;also;logicalconnectors;3
F11.txt;been;functionwords;2
F11.txt;bill;economicoperands;1
F11.txt;caps;regulatoryoperators;1
F11.txt;cost;economicoperands;4
F11.txt;does;functionwords;1
F11.txt;each;logicalconnectors;3
F11.txt;face;economicoperands;1
F11.txt;fair;economicoperands;1
F11.txt;firm;economicoperands;1
F11.txt;from;functionwords;1
F11.txt;gold;economicoperands;17
F11.txt;have;functionwords;6
F11.txt;held;economicoperands;5
F11.txt;host;economicoperands;2
F11.txt;ifrs;legalreferences;115
F11.txt;into;functionwords;3
F11.txt;item;other;2
F11.txt;keep;economicoperands;1
F11.txt;lead;economicoperands;1
F11.txt;line;economicoperands;2
F11.txt;link;economicoperands;1
F11.txt;meet;economicoperands;1
F11.txt;more;mathematicaloperators;1
F11.txt;most;mathematicaloperators;1
F11.txt;non-;logicalconnectors;23
F11.txt;only;logicalconnectors;3
F11.txt;part;functionwords;305
F11.txt;rate;economicoperands;1
F11.txt;read;other;1
F11.txt;rest;logicalconnectors;5
F11.txt;risk;economicoperands;15
F11.txt;rows;economicoperands;1
F11.txt;sale;economicoperands;2
F11.txt;same;logicalconnectors;1
F11.txt;sold;economicoperands;13
F11.txt;some;logicalconnectors;1
F11.txt;swap;economicoperands;1
F11.txt;that;functionwords;21
F11.txt;they;functionwords;7
F11.txt;this;functionwords;5
F11.txt;thus;logicalconnectors;1
F11.txt;type;economicoperands;17
F11.txt;unit;economicoperands;1
F11.txt;upon;other;1
F11.txt;used;economicoperands;6
F11.txt;with;functionwords;14
F11.txt;zero;attributes;3
F11.txt;120;legalreferences;1
F11.txt;125;attributes;1
F11.txt;129;legalreferences;2
F11.txt;133;attributes;1
F11.txt;140;legalreferences;1
F11.txt;141;legalreferences;1
F11.txt;150;attributes;5
F11.txt;152;legalreferences;1
F11.txt;all;logicalconnectors;20
F11.txt;and;logicalconnectors;69
F11.txt;any;logicalconnectors;2
F11.txt;are;functionwords;21
F11.txt;bad;economicoperands;22
F11.txt;but;logicalconnectors;3
F11.txt;can;regulatoryoperators;2
F11.txt;crr;legalreferences;2
F11.txt;end;logicalconnectors;1
F11.txt;for;functionwords;41
F11.txt;has;functionwords;2
F11.txt;may;regulatoryoperators;3
F11.txt;net;economicoperands;6
F11.txt;nil;logicalconnectors;1
F11.txt;non;logicalconnectors;1
F11.txt;not;logicalconnectors;18
F11.txt;one;attributes;8
F11.txt;otc;economicoperands;52
F11.txt;row;economicoperands;1
F11.txt;the;functionwords;170
F11.txt;two;attributes;1
F11.txt;via;functionwords;1
F11.txt;yet;logicalconnectors;1
F11.txt;10;attributes;6
F11.txt;11;legalreferences;5
F11.txt;12;attributes;1
F11.txt;27;legalreferences;1
F11.txt;32;legalreferences;1
F11.txt;36;legalreferences;1
F11.txt;39;legalreferences;3
F11.txt;44;legalreferences;8
F11.txt;an;functionwords;11
F11.txt;as;logicalconnectors;17
F11.txt;at;functionwords;12
F11.txt;be;functionwords;57
F11.txt;by;functionwords;26
F11.txt;do;functionwords;4
F11.txt;ii;legalreferences;6
F11.txt;in;functionwords;66
F11.txt;is;functionwords;21
F11.txt;it;functionwords;6
F11.txt;no;logicalconnectors;1
F11.txt;of;functionwords;136
F11.txt;on;functionwords;15
F11.txt;or;logicalconnectors;76
F11.txt;to;functionwords;51
F11.txt;1;attributes;2
F11.txt;2;attributes;9
F11.txt;3;attributes;2
F11.txt;6;attributes;1
F11.txt;7;attributes;39
F11.txt;8;attributes;4
F11.txt;9;attributes;2
