C75.txt;asset-backed securities;economicoperands;72
C75.txt;collateral swaps;economicoperands;11
C75.txt;counterparties;economicoperands;4
C75.txt;exempted from;regulatoryoperators;24
C75.txt;central bank;economicoperands;4
C75.txt;counterparty;economicoperands;4
C75.txt;member state;economicoperands;36
C75.txt;requirements;regulatoryoperators;242
C75.txt;transactions;economicoperands;32
C75.txt;individuals;economicoperands;36
C75.txt;operational;economicoperands;252
C75.txt;residential;economicoperands;36
C75.txt;applicable;logicalconnectors;24
C75.txt;automobile;economicoperands;32
C75.txt;collateral;economicoperands;398
C75.txt;commercial;economicoperands;36
C75.txt;intragroup;economicoperands;2
C75.txt;memorandum;legalreferences;2
C75.txt;subject to;logicalconnectors;48
C75.txt;extremely;attributes;36
C75.txt;following;other;32
C75.txt;liquidity;economicoperands;49
C75.txt;positions;economicoperands;2
C75.txt;borrowed;economicoperands;90
C75.txt;coverage;economicoperands;1
C75.txt;currency;economicoperands;1
C75.txt;of which;logicalconnectors;268
C75.txt;outflows;economicoperands;24
C75.txt;standard;economicoperands;24
C75.txt;article;legalreferences;2
C75.txt;covered;economicoperands;108
C75.txt;inflows;economicoperands;144
C75.txt;quality;economicoperands;72
C75.txt;swapped;economicoperands;252
C75.txt;assets;economicoperands;111
C75.txt;cap on;regulatoryoperators;72
C75.txt;liquid;economicoperands;36
C75.txt;market;economicoperands;48
C75.txt;mobile;economicoperands;4
C75.txt;totals;mathematicaloperators;32
C75.txt;waived;regulatoryoperators;2
C75.txt;weight;economicoperands;48
C75.txt;bonds;economicoperands;106
C75.txt;cover;economicoperands;2
C75.txt;ehqcb;economicoperands;8
C75.txt;excl.;logicalconnectors;40
C75.txt;items;other;2
C75.txt;level;economicoperands;252
C75.txt;meets;economicoperands;252
C75.txt;other;logicalconnectors;36
C75.txt;short;economicoperands;2
C75.txt;total;mathematicaloperators;8
C75.txt;value;economicoperands;96
C75.txt;where;logicalconnectors;2
C75.txt;which;functionwords;32
C75.txt;auto;economicoperands;4
C75.txt;been;functionwords;2
C75.txt;from;functionwords;2
C75.txt;high;economicoperands;72
C75.txt;item;other;48
C75.txt;lent;economicoperands;88
C75.txt;non-;logicalconnectors;36
C75.txt;used;economicoperands;2
C75.txt;with;functionwords;2
C75.txt;all;logicalconnectors;2
C75.txt;and;logicalconnectors;34
C75.txt;are;functionwords;32
C75.txt;for;functionwords;32
C75.txt;has;functionwords;2
C75.txt;non;logicalconnectors;2
C75.txt;row;economicoperands;48
C75.txt;the;functionwords;104
C75.txt;10;attributes;6
C75.txt;15;attributes;9
C75.txt;17;legalreferences;2
C75.txt;18;legalreferences;2
C75.txt;20;attributes;6
C75.txt;23;attributes;3
C75.txt;25;attributes;6
C75.txt;28;legalreferences;3
C75.txt;30;attributes;3
C75.txt;35;attributes;6
C75.txt;43;legalreferences;2
C75.txt;50;attributes;6
C75.txt;65;attributes;3
C75.txt;75;attributes;26
C75.txt;90;attributes;24
C75.txt;in;functionwords;32
C75.txt;is;functionwords;52
C75.txt;of;functionwords;96
C75.txt;or;logicalconnectors;72
C75.txt;to;functionwords;2
C75.txt;1;attributes;77
C75.txt;2;attributes;4
C75.txt;3;attributes;4
C75.txt;4;attributes;2
C75.txt;5;attributes;2
