F40.txt;instrument-by-instrument;economicoperands;4
F40.txt;financial corporations;economicoperands;2
F40.txt;reporting institution;economicoperands;3
F40.txt;accounting treatment;economicoperands;8
F40.txt;country of residence;economicoperands;1
F40.txt;financial statements;economicoperands;1
F40.txt;part 1 of this annex;legalreferences;1
F40.txt;for the purposes of;logicalconnectors;1
F40.txt;within the scope of;logicalconnectors;1
F40.txt;annexes iii and iv;legalreferences;1
F40.txt;equity instruments;economicoperands;1
F40.txt;in accordance with;logicalconnectors;1
F40.txt;be excluded from;regulatoryoperators;1
F40.txt;entity-by-entity;economicoperands;4
F40.txt;carrying amount;economicoperands;6
F40.txt;group structure;economicoperands;12
F40.txt;holding company;economicoperands;11
F40.txt;on the basis of;logicalconnectors;1
F40.txt;total amount of;mathematicaloperators;1
F40.txt;treasury shares;economicoperands;1
F40.txt;disaggregation;mathematicaloperators;1
F40.txt;identification;economicoperands;2
F40.txt;joint ventures;economicoperands;4
F40.txt;proportionally;mathematicaloperators;2
F40.txt;reference date;economicoperands;4
F40.txt;referred to in;functionwords;1
F40.txt;reporting date;economicoperands;1
F40.txt;associated to;economicoperands;1
F40.txt;balance sheet;economicoperands;2
F40.txt;classified as;regulatoryoperators;1
F40.txt;consolidation;economicoperands;7
F40.txt;correspond to;logicalconnectors;1
F40.txt;equity method;economicoperands;2
F40.txt;held for sale;economicoperands;1
F40.txt;joint venture;economicoperands;1
F40.txt;percentage of;mathematicaloperators;2
F40.txt;regardless of;logicalconnectors;1
F40.txt;additionally;mathematicaloperators;2
F40.txt;consistently;attributes;2
F40.txt;consolidated;economicoperands;3
F40.txt;counterparty;economicoperands;1
F40.txt;institutions;economicoperands;7
F40.txt;proportional;mathematicaloperators;2
F40.txt;relationship;economicoperands;6
F40.txt;requirements;regulatoryoperators;1
F40.txt;subsidiaries;economicoperands;4
F40.txt;under ifrs 5;legalreferences;1
F40.txt;undertakings;economicoperands;2
F40.txt;accumulated;economicoperands;6
F40.txt;acquisition;economicoperands;6
F40.txt;information;economicoperands;3
F40.txt;institution;economicoperands;3
F40.txt;instruments;economicoperands;3
F40.txt;investments;economicoperands;7
F40.txt;paragraph 4;legalreferences;1
F40.txt;accounting;economicoperands;5
F40.txt;as well as;logicalconnectors;2
F40.txt;associated;economicoperands;1
F40.txt;associates;economicoperands;3
F40.txt;authorised;regulatoryoperators;1
F40.txt;defined in;regulatoryoperators;1
F40.txt;fair value;economicoperands;3
F40.txt;identifier;economicoperands;5
F40.txt;identifies;economicoperands;1
F40.txt;investment;economicoperands;1
F40.txt;quotations;economicoperands;3
F40.txt;securities;economicoperands;1
F40.txt;subsidiary;economicoperands;1
F40.txt;this annex;legalreferences;1
F40.txt;amount of;mathematicaloperators;1
F40.txt;associate;economicoperands;1
F40.txt;available;economicoperands;2
F40.txt;composite;economicoperands;1
F40.txt;directors;economicoperands;1
F40.txt;following;other;3
F40.txt;including;logicalconnectors;1
F40.txt;insurance;economicoperands;2
F40.txt;investees;economicoperands;1
F40.txt;investors;economicoperands;1
F40.txt;ownership;economicoperands;2
F40.txt;paragraph;legalreferences;2
F40.txt;principal;economicoperands;1
F40.txt;published;economicoperands;3
F40.txt;residence;economicoperands;3
F40.txt;templates;legalreferences;2
F40.txt;activity;economicoperands;2
F40.txt;annex v.;legalreferences;60
F40.txt;approved;regulatoryoperators;1
F40.txt;criteria;economicoperands;1
F40.txt;detailed;other;1
F40.txt;division;mathematicaloperators;1
F40.txt;entities;economicoperands;5
F40.txt;goodwill;economicoperands;5
F40.txt;identify;economicoperands;2
F40.txt;indicate;economicoperands;3
F40.txt;interest;economicoperands;6
F40.txt;investee;economicoperands;34
F40.txt;lei code;economicoperands;10
F40.txt;national;economicoperands;10
F40.txt;provided;logicalconnectors;2
F40.txt;reported;economicoperands;14
F40.txt;security;economicoperands;7
F40.txt;template;legalreferences;2
F40.txt;together;logicalconnectors;1
F40.txt;ultimate;attributes;1
F40.txt;uniquely;economicoperands;1
F40.txt;amounts;mathematicaloperators;3
F40.txt;another;functionwords;1
F40.txt;between;functionwords;3
F40.txt;capital;economicoperands;4
F40.txt;control;economicoperands;1
F40.txt;entered;economicoperands;1
F40.txt;include;logicalconnectors;4
F40.txt;neither;logicalconnectors;1
F40.txt;part of;logicalconnectors;2
F40.txt;perform;economicoperands;1
F40.txt;provide;economicoperands;1
F40.txt;related;logicalconnectors;1
F40.txt;section;legalreferences;1
F40.txt;similar;logicalconnectors;1
F40.txt;without;logicalconnectors;1
F40.txt;across;functionwords;4
F40.txt;always;logicalconnectors;4
F40.txt;amount;mathematicaloperators;1
F40.txt;assets;economicoperands;3
F40.txt;column;legalreferences;4
F40.txt;detail;other;1
F40.txt;entity;economicoperands;7
F40.txt;equity;economicoperands;9
F40.txt;if not;logicalconnectors;2
F40.txt;issued;economicoperands;1
F40.txt;parent;economicoperands;2
F40.txt;profit;economicoperands;3
F40.txt;quoted;economicoperands;1
F40.txt;report;economicoperands;4
F40.txt;rights;economicoperands;4
F40.txt;sector;economicoperands;4
F40.txt;shares;economicoperands;1
F40.txt;unique;economicoperands;5
F40.txt;voting;economicoperands;4
F40.txt;within;logicalconnectors;2
F40.txt;apply;logicalconnectors;1
F40.txt;basis;economicoperands;2
F40.txt;board;economicoperands;1
F40.txt;codes;economicoperands;2
F40.txt;entry;economicoperands;3
F40.txt;first;attributes;1
F40.txt;fully;economicoperands;2
F40.txt;group;economicoperands;8
F40.txt;holds;economicoperands;1
F40.txt;items;other;2
F40.txt;joint;logicalconnectors;1
F40.txt;level;economicoperands;2
F40.txt;other;logicalconnectors;4
F40.txt;owned;economicoperands;1
F40.txt;price;economicoperands;4
F40.txt;scope;economicoperands;3
F40.txt;shall;regulatoryoperators;44
F40.txt;share;economicoperands;3
F40.txt;there;functionwords;3
F40.txt;those;functionwords;2
F40.txt;total;mathematicaloperators;3
F40.txt;value;economicoperands;2
F40.txt;where;logicalconnectors;1
F40.txt;which;functionwords;5
F40.txt;body;economicoperands;1
F40.txt;code;economicoperands;59
F40.txt;cost;economicoperands;6
F40.txt;date;economicoperands;4
F40.txt;each;logicalconnectors;3
F40.txt;full;economicoperands;2
F40.txt;have;functionwords;2
F40.txt;held;economicoperands;3
F40.txt;ifrs;legalreferences;20
F40.txt;isin;economicoperands;2
F40.txt;last;attributes;1
F40.txt;link;economicoperands;3
F40.txt;loss;economicoperands;3
F40.txt;mean;other;9
F40.txt;meet;economicoperands;1
F40.txt;must;regulatoryoperators;2
F40.txt;name;economicoperands;6
F40.txt;non-;logicalconnectors;1
F40.txt;only;logicalconnectors;1
F40.txt;paid;economicoperands;1
F40.txt;part;functionwords;62
F40.txt;that;functionwords;4
F40.txt;they;functionwords;3
F40.txt;this;functionwords;3
F40.txt;time;economicoperands;2
F40.txt;type;economicoperands;13
F40.txt;used;economicoperands;2
F40.txt;when;logicalconnectors;2
F40.txt;with;functionwords;4
F40.txt;all;logicalconnectors;1
F40.txt;and;logicalconnectors;18
F40.txt;are;functionwords;7
F40.txt;crr;legalreferences;6
F40.txt;for;functionwords;15
F40.txt;iii;legalreferences;4
F40.txt;may;regulatoryoperators;2
F40.txt;non;logicalconnectors;2
F40.txt;nor;logicalconnectors;1
F40.txt;not;logicalconnectors;1
F40.txt;own;functionwords;1
F40.txt;row;economicoperands;4
F40.txt;the;functionwords;97
F40.txt;two;attributes;1
F40.txt;12;attributes;6
F40.txt;18;legalreferences;2
F40.txt;21;legalreferences;4
F40.txt;24;legalreferences;1
F40.txt;40;legalreferences;3
F40.txt;42;legalreferences;1
F40.txt;an;functionwords;1
F40.txt;as;logicalconnectors;11
F40.txt;at;functionwords;1
F40.txt;be;functionwords;23
F40.txt;by;functionwords;9
F40.txt;do;functionwords;1
F40.txt;in;functionwords;12
F40.txt;it;functionwords;3
F40.txt;iv;legalreferences;4
F40.txt;of;functionwords;58
F40.txt;on;functionwords;6
F40.txt;or;logicalconnectors;14
F40.txt;to;functionwords;4
