F26.txt;non-financial corporations;economicoperands;7
F26.txt;national gaap compatible;legalreferences;6
F26.txt;regardless of whether;logicalconnectors;1
F26.txt;reporting institution;economicoperands;1
F26.txt;forbearance measures;economicoperands;60
F26.txt;terms and conditions;economicoperands;1
F26.txt;forbearance measure;economicoperands;6
F26.txt;principal repayment;economicoperands;1
F26.txt;reporting reference;economicoperands;1
F26.txt;forborne exposures;economicoperands;6
F26.txt;in accordance with;logicalconnectors;2
F26.txt;forborne exposure;economicoperands;1
F26.txt;accrued interest;economicoperands;1
F26.txt;debt instruments;economicoperands;1
F26.txt;be allocated to;regulatoryoperators;2
F26.txt;carrying amount;economicoperands;15
F26.txt;demand deposits;economicoperands;1
F26.txt;non- performing;economicoperands;4
F26.txt;under probation;economicoperands;1
F26.txt;be reported in;regulatoryoperators;2
F26.txt;capitalisation;economicoperands;1
F26.txt;financial year;economicoperands;1
F26.txt;in addition to;mathematicaloperators;5
F26.txt;in the case of;logicalconnectors;1
F26.txt;in the form of;logicalconnectors;1
F26.txt;reference date;economicoperands;1
F26.txt;with regard to;logicalconnectors;1
F26.txt;as defined in;logicalconnectors;2
F26.txt;at the end of;logicalconnectors;1
F26.txt;cash balances;economicoperands;1
F26.txt;central banks;economicoperands;1
F26.txt;classified as;regulatoryoperators;3
F26.txt;held for sale;economicoperands;1
F26.txt;interest rate;economicoperands;5
F26.txt;national gaap;legalreferences;6
F26.txt;point in time;economicoperands;2
F26.txt;among others;logicalconnectors;3
F26.txt;cancellation;economicoperands;1
F26.txt;modification;economicoperands;1
F26.txt;respectively;logicalconnectors;1
F26.txt;application;economicoperands;1
F26.txt;broken-down;mathematicaloperators;1
F26.txt;capitalised;economicoperands;1
F26.txt;contractual;economicoperands;1
F26.txt;forbearance;economicoperands;6
F26.txt;forgiveness;economicoperands;5
F26.txt;information;economicoperands;1
F26.txt;instalments;economicoperands;1
F26.txt;instruments;economicoperands;12
F26.txt;obligations;economicoperands;1
F26.txt;outstanding;economicoperands;2
F26.txt;refinancing;economicoperands;4
F26.txt;replacement;other;1
F26.txt;rescheduled;economicoperands;5
F26.txt;sustainable;economicoperands;2
F26.txt;adjustment;mathematicaloperators;1
F26.txt;applicable;logicalconnectors;1
F26.txt;as well as;logicalconnectors;1
F26.txt;conditions;economicoperands;1
F26.txt;considered;logicalconnectors;1
F26.txt;determined;regulatoryoperators;1
F26.txt;forfeiture;economicoperands;1
F26.txt;households;economicoperands;10
F26.txt;identified;economicoperands;1
F26.txt;instalment;economicoperands;2
F26.txt;management;economicoperands;3
F26.txt;moratorium;legalreferences;5
F26.txt;originally;economicoperands;1
F26.txt;other than;logicalconnectors;1
F26.txt;paragraphs;legalreferences;2
F26.txt;performing;economicoperands;27
F26.txt;references;functionwords;16
F26.txt;reflecting;economicoperands;1
F26.txt;repayments;economicoperands;2
F26.txt;subject to;logicalconnectors;4
F26.txt;suspension;economicoperands;1
F26.txt;amount of;mathematicaloperators;1
F26.txt;described;other;1
F26.txt;different;mathematicaloperators;1
F26.txt;entailing;logicalconnectors;1
F26.txt;excluding;logicalconnectors;1
F26.txt;exposures;economicoperands;5
F26.txt;extension;economicoperands;6
F26.txt;following;other;5
F26.txt;forfeited;economicoperands;1
F26.txt;including;logicalconnectors;1
F26.txt;interests;economicoperands;1
F26.txt;more than;mathematicaloperators;5
F26.txt;paragraph;legalreferences;4
F26.txt;permanent;attributes;1
F26.txt;principal;economicoperands;2
F26.txt;probation;economicoperands;1
F26.txt;programme;economicoperands;1
F26.txt;qualifies;economicoperands;1
F26.txt;reduction;mathematicaloperators;6
F26.txt;referring;functionwords;1
F26.txt;repayment;economicoperands;3
F26.txt;specified;regulatoryoperators;1
F26.txt;spreading;economicoperands;1
F26.txt;temporary;attributes;2
F26.txt;advances;economicoperands;25
F26.txt;annex v.;legalreferences;196
F26.txt;based on;other;7
F26.txt;category;economicoperands;2
F26.txt;comprise;logicalconnectors;1
F26.txt;contract;economicoperands;4
F26.txt;criteria;economicoperands;4
F26.txt;decrease;mathematicaloperators;1
F26.txt;detailed;other;1
F26.txt;existing;economicoperands;4
F26.txt;exposure;economicoperands;5
F26.txt;forborne;economicoperands;13
F26.txt;includes;logicalconnectors;1
F26.txt;interest;economicoperands;1
F26.txt;maturity;economicoperands;5
F26.txt;multiple;mathematicaloperators;5
F26.txt;of which;logicalconnectors;59
F26.txt;payments;economicoperands;4
F26.txt;previous;logicalconnectors;1
F26.txt;relevant;attributes;1
F26.txt;reported;economicoperands;2
F26.txt;schedule;economicoperands;1
F26.txt;separate;economicoperands;2
F26.txt;specific;functionwords;1
F26.txt;template;legalreferences;1
F26.txt;troubled;economicoperands;2
F26.txt;variable;economicoperands;1
F26.txt;affects;economicoperands;1
F26.txt;already;logicalconnectors;4
F26.txt;amounts;mathematicaloperators;2
F26.txt;applied;logicalconnectors;3
F26.txt;arrears;economicoperands;2
F26.txt;balance;economicoperands;1
F26.txt;between;functionwords;1
F26.txt;ceasing;economicoperands;1
F26.txt;changes;economicoperands;1
F26.txt;columns;legalreferences;1
F26.txt;defined;regulatoryoperators;1
F26.txt;earlier;mathematicaloperators;1
F26.txt;granted;economicoperands;29
F26.txt;highest;mathematicaloperators;1
F26.txt;in time;attributes;5
F26.txt;include;logicalconnectors;2
F26.txt;legally;economicoperands;1
F26.txt;methods;economicoperands;1
F26.txt;partial;economicoperands;4
F26.txt;payment;economicoperands;5
F26.txt;periods;economicoperands;1
F26.txt;present;economicoperands;1
F26.txt;quality;economicoperands;3
F26.txt;re-paid;economicoperands;1
F26.txt;recover;economicoperands;1
F26.txt;resumed;economicoperands;1
F26.txt;that is;logicalconnectors;1
F26.txt;through;functionwords;1
F26.txt;whether;logicalconnectors;1
F26.txt;without;logicalconnectors;2
F26.txt;and/or;logicalconnectors;1
F26.txt;assets;economicoperands;1
F26.txt;during;logicalconnectors;21
F26.txt;either;logicalconnectors;1
F26.txt;equity;economicoperands;1
F26.txt;exited;economicoperands;1
F26.txt;failed;economicoperands;5
F26.txt;having;functionwords;29
F26.txt;impact;economicoperands;1
F26.txt;latter;functionwords;1
F26.txt;longer;mathematicaloperators;1
F26.txt;number;economicoperands;4
F26.txt;period;economicoperands;28
F26.txt;points;economicoperands;5
F26.txt;remain;economicoperands;1
F26.txt;status;economicoperands;1
F26.txt;after;logicalconnectors;2
F26.txt;asset;economicoperands;4
F26.txt;cured;economicoperands;2
F26.txt;fixed;economicoperands;1
F26.txt;grace;economicoperands;5
F26.txt;gross;economicoperands;15
F26.txt;items;other;1
F26.txt;later;mathematicaloperators;1
F26.txt;loans;economicoperands;25
F26.txt;other;logicalconnectors;6
F26.txt;right;economicoperands;1
F26.txt;shall;regulatoryoperators;15
F26.txt;since;logicalconnectors;1
F26.txt;still;logicalconnectors;1
F26.txt;swaps;economicoperands;4
F26.txt;total;mathematicaloperators;2
F26.txt;twice;attributes;8
F26.txt;types;economicoperands;5
F26.txt;under;functionwords;1
F26.txt;using;economicoperands;1
F26.txt;value;economicoperands;1
F26.txt;where;logicalconnectors;3
F26.txt;which;functionwords;9
F26.txt;been;functionwords;31
F26.txt;date;economicoperands;1
F26.txt;debt;economicoperands;12
F26.txt;exit;economicoperands;4
F26.txt;fair;economicoperands;1
F26.txt;full;economicoperands;1
F26.txt;have;functionwords;3
F26.txt;ifrs;legalreferences;6
F26.txt;last;attributes;1
F26.txt;mean;other;2
F26.txt;meet;economicoperands;5
F26.txt;more;mathematicaloperators;1
F26.txt;most;mathematicaloperators;1
F26.txt;non-;logicalconnectors;6
F26.txt;over;mathematicaloperators;2
F26.txt;paid;economicoperands;1
F26.txt;part;functionwords;259
F26.txt;rate;economicoperands;1
F26.txt;rows;economicoperands;1
F26.txt;term;other;5
F26.txt;that;functionwords;14
F26.txt;they;functionwords;1
F26.txt;this;functionwords;6
F26.txt;type;economicoperands;3
F26.txt;were;functionwords;10
F26.txt;with;functionwords;15
F26.txt;year;economicoperands;1
F26.txt;and;logicalconnectors;32
F26.txt;any;logicalconnectors;1
F26.txt;are;functionwords;1
F26.txt;bad;economicoperands;6
F26.txt;but;logicalconnectors;1
F26.txt;end;logicalconnectors;1
F26.txt;for;functionwords;5
F26.txt;has;functionwords;1
F26.txt;i.e;functionwords;1
F26.txt;net;economicoperands;1
F26.txt;new;economicoperands;2
F26.txt;npv;economicoperands;1
F26.txt;old;economicoperands;1
F26.txt;the;functionwords;69
F26.txt;two;attributes;2
F26.txt;42;legalreferences;28
F26.txt;44;legalreferences;28
F26.txt;an;functionwords;3
F26.txt;as;logicalconnectors;3
F26.txt;at;functionwords;10
F26.txt;be;functionwords;9
F26.txt;by;functionwords;3
F26.txt;ii;legalreferences;6
F26.txt;in;functionwords;6
F26.txt;it;functionwords;1
F26.txt;of;functionwords;56
F26.txt;on;functionwords;2
F26.txt;or;logicalconnectors;12
F26.txt;to;functionwords;23
F26.txt;1;attributes;1
F26.txt;2;attributes;1
