C24.txt;multiplication factor;mathematicaloperators;7
C24.txt;in conjunction with;logicalconnectors;3
C24.txt;taking into account;regulatoryoperators;4
C24.txt;in accordance with;logicalconnectors;4
C24.txt;interest rate risk;economicoperands;1
C24.txt;as referred to in;logicalconnectors;6
C24.txt;credit derivative;economicoperands;1
C24.txt;debt instruments;economicoperands;6
C24.txt;foreign exchange;economicoperands;6
C24.txt;where applicable;logicalconnectors;4
C24.txt;as specified in;logicalconnectors;1
C24.txt;exposure amount;economicoperands;2
C24.txt;capital charge;economicoperands;8
C24.txt;commodity risk;economicoperands;1
C24.txt;decompositions;mathematicaloperators;1
C24.txt;interest rates;economicoperands;1
C24.txt;internal model;economicoperands;1
C24.txt;multiplication;mathematicaloperators;2
C24.txt;referred to in;functionwords;4
C24.txt;according to;regulatoryoperators;1
C24.txt;breakdown of;mathematicaloperators;3
C24.txt;institutions;economicoperands;2
C24.txt;instructions;regulatoryoperators;1
C24.txt;net position;economicoperands;1
C24.txt;requirements;regulatoryoperators;6
C24.txt;trading book;economicoperands;1
C24.txt;working days;economicoperands;6
C24.txt;application;economicoperands;1
C24.txt;calculation;economicoperands;3
C24.txt;commodities;economicoperands;6
C24.txt;correlation;mathematicaloperators;3
C24.txt;corresponds;logicalconnectors;3
C24.txt;effectively;other;1
C24.txt;incremental;mathematicaloperators;4
C24.txt;information;economicoperands;1
C24.txt;institution;economicoperands;3
C24.txt;probability;economicoperands;2
C24.txt;relevant to;logicalconnectors;1
C24.txt;applicable;logicalconnectors;1
C24.txt;burdensome;economicoperands;1
C24.txt;calculated;economicoperands;2
C24.txt;calibrated;economicoperands;1
C24.txt;categories;economicoperands;1
C24.txt;components;economicoperands;1
C24.txt;concerning;logicalconnectors;2
C24.txt;continuous;economicoperands;1
C24.txt;determined;regulatoryoperators;2
C24.txt;discretion;economicoperands;1
C24.txt;historical;economicoperands;1
C24.txt;memorandum;legalreferences;2
C24.txt;separately;economicoperands;1
C24.txt;available;economicoperands;2
C24.txt;calculate;economicoperands;1
C24.txt;chapter 5;legalreferences;3
C24.txt;component;economicoperands;5
C24.txt;different;mathematicaloperators;1
C24.txt;excluding;logicalconnectors;1
C24.txt;financial;economicoperands;1
C24.txt;generally;functionwords;1
C24.txt;migration;economicoperands;5
C24.txt;movements;economicoperands;1
C24.txt;permitted;regulatoryoperators;1
C24.txt;portfolio;economicoperands;1
C24.txt;positions;economicoperands;8
C24.txt;potential;economicoperands;3
C24.txt;reporting;economicoperands;2
C24.txt;section 4;legalreferences;3
C24.txt;specified;regulatoryoperators;2
C24.txt;structure;economicoperands;1
C24.txt;articles;legalreferences;2
C24.txt;based on;other;1
C24.txt;equal to;logicalconnectors;1
C24.txt;equities;economicoperands;12
C24.txt;excluded;logicalconnectors;1
C24.txt;internal;economicoperands;1
C24.txt;obtained;economicoperands;1
C24.txt;position;economicoperands;3
C24.txt;possible;regulatoryoperators;1
C24.txt;previous;logicalconnectors;8
C24.txt;provides;economicoperands;1
C24.txt;relevant;attributes;2
C24.txt;reported;economicoperands;5
C24.txt;specific;functionwords;17
C24.txt;stressed;economicoperands;4
C24.txt;template;legalreferences;1
C24.txt;title iv;legalreferences;3
C24.txt;weighted;mathematicaloperators;3
C24.txt;article;legalreferences;36
C24.txt;assumed;logicalconnectors;3
C24.txt;average;mathematicaloperators;8
C24.txt;capital;economicoperands;1
C24.txt;certain;economicoperands;1
C24.txt;charges;economicoperands;1
C24.txt;columns;legalreferences;1
C24.txt;default;economicoperands;7
C24.txt;depends;economicoperands;1
C24.txt;effects;economicoperands;3
C24.txt;exclude;logicalconnectors;1
C24.txt;factors;mathematicaloperators;6
C24.txt;figures;economicoperands;5
C24.txt;general;functionwords;15
C24.txt;horizon;economicoperands;2
C24.txt;maximum;mathematicaloperators;4
C24.txt;measure;economicoperands;9
C24.txt;part of;logicalconnectors;3
C24.txt;product;economicoperands;1
C24.txt;related;logicalconnectors;1
C24.txt;remarks;economicoperands;1
C24.txt;serving;economicoperands;1
C24.txt;whether;logicalconnectors;1
C24.txt;amount;mathematicaloperators;7
C24.txt;caused;economicoperands;1
C24.txt;change;economicoperands;3
C24.txt;charge;economicoperands;3
C24.txt;column;legalreferences;1
C24.txt;during;logicalconnectors;2
C24.txt;equity;economicoperands;3
C24.txt;factor;mathematicaloperators;1
C24.txt;latest;mathematicaloperators;2
C24.txt;linked;economicoperands;5
C24.txt;market;economicoperands;7
C24.txt;models;economicoperands;1
C24.txt;months;attributes;1
C24.txt;number;economicoperands;4
C24.txt;period;economicoperands;1
C24.txt;result;economicoperands;4
C24.txt;stress;economicoperands;4
C24.txt;traded;economicoperands;6
C24.txt;unduly;attributes;1
C24.txt;weight;economicoperands;1
C24.txt;after;logicalconnectors;4
C24.txt;basis;economicoperands;1
C24.txt;floor;economicoperands;6
C24.txt;funds;economicoperands;6
C24.txt;given;functionwords;2
C24.txt;holds;economicoperands;1
C24.txt;input;economicoperands;1
C24.txt;items;other;2
C24.txt;means;other;3
C24.txt;model;economicoperands;1
C24.txt;other;logicalconnectors;1
C24.txt;point;economicoperands;16
C24.txt;price;economicoperands;8
C24.txt;risks;economicoperands;7
C24.txt;shall;regulatoryoperators;3
C24.txt;short;economicoperands;2
C24.txt;those;functionwords;3
C24.txt;three;attributes;3
C24.txt;total;mathematicaloperators;13
C24.txt;using;economicoperands;1
C24.txt;value;economicoperands;1
C24.txt;weeks;economicoperands;4
C24.txt;where;logicalconnectors;1
C24.txt;which;functionwords;2
C24.txt;would;functionwords;5
C24.txt;cell;legalreferences;1
C24.txt;data;economicoperands;1
C24.txt;debt;economicoperands;1
C24.txt;from;functionwords;6
C24.txt;into;functionwords;1
C24.txt;last;attributes;5
C24.txt;long;economicoperands;2
C24.txt;loss;economicoperands;4
C24.txt;only;logicalconnectors;1
C24.txt;over;mathematicaloperators;3
C24.txt;part;functionwords;3
C24.txt;plus;functionwords;1
C24.txt;risk;economicoperands;57
C24.txt;rows;economicoperands;2
C24.txt;same;logicalconnectors;1
C24.txt;that;functionwords;6
C24.txt;this;functionwords;2
C24.txt;time;economicoperands;2
C24.txt;with;functionwords;2
C24.txt;250;attributes;2
C24.txt;all;logicalconnectors;8
C24.txt;and;logicalconnectors;27
C24.txt;are;functionwords;2
C24.txt;but;logicalconnectors;1
C24.txt;can;regulatoryoperators;2
C24.txt;cap;regulatoryoperators;4
C24.txt;crr;legalreferences;32
C24.txt;day;attributes;2
C24.txt;for;functionwords;22
C24.txt;may;regulatoryoperators;1
C24.txt;net;economicoperands;4
C24.txt;not;logicalconnectors;1
C24.txt;own;functionwords;6
C24.txt;row;economicoperands;1
C24.txt;the;functionwords;49
C24.txt;var;economicoperands;22
C24.txt;12;attributes;5
C24.txt;60;attributes;4
C24.txt;an;functionwords;1
C24.txt;as;logicalconnectors;2
C24.txt;at;functionwords;2
C24.txt;be;functionwords;6
C24.txt;by;functionwords;4
C24.txt;fx;economicoperands;1
C24.txt;if;logicalconnectors;1
C24.txt;ii;legalreferences;3
C24.txt;in;functionwords;5
C24.txt;is;functionwords;1
C24.txt;it;functionwords;2
C24.txt;of;functionwords;56
C24.txt;on;functionwords;1
C24.txt;or;logicalconnectors;1
C24.txt;to;functionwords;13
C24.txt;1;attributes;18
C24.txt;2;attributes;9
C24.txt;3;attributes;4
C24.txt;4;attributes;1
C24.txt;8;attributes;1
