F41.txt;national gaap compatible;legalreferences;3
F41.txt;debt securities issued;economicoperands;5
F41.txt;financial instruments;economicoperands;5
F41.txt;accounting portfolio;economicoperands;1
F41.txt;under national gaap;legalreferences;1
F41.txt;credit derivatives;economicoperands;1
F41.txt;equity instruments;economicoperands;2
F41.txt;in accordance with;logicalconnectors;1
F41.txt;at amortised cost;economicoperands;8
F41.txt;cost-based method;economicoperands;2
F41.txt;financial assets;economicoperands;7
F41.txt;hybrid contracts;economicoperands;3
F41.txt;carrying amount;economicoperands;4
F41.txt;debt securities;economicoperands;6
F41.txt;loss accounting;economicoperands;2
F41.txt;be reported in;regulatoryoperators;2
F41.txt;profit or loss;economicoperands;6
F41.txt;at fair value;economicoperands;9
F41.txt;national gaap;legalreferences;4
F41.txt;institutions;economicoperands;1
F41.txt;credit risk;economicoperands;4
F41.txt;information;economicoperands;2
F41.txt;instruments;economicoperands;2
F41.txt;liabilities;economicoperands;16
F41.txt;accounting;economicoperands;7
F41.txt;allocation;economicoperands;1
F41.txt;derivative;economicoperands;3
F41.txt;designated;regulatoryoperators;7
F41.txt;fair value;economicoperands;20
F41.txt;references;functionwords;8
F41.txt;different;mathematicaloperators;1
F41.txt;directive;legalreferences;7
F41.txt;financial;economicoperands;11
F41.txt;hierarchy;economicoperands;7
F41.txt;separated;economicoperands;1
F41.txt;advances;economicoperands;6
F41.txt;annex v.;legalreferences;50
F41.txt;based on;other;3
F41.txt;deposits;economicoperands;5
F41.txt;entirety;logicalconnectors;1
F41.txt;measured;economicoperands;7
F41.txt;mismatch;economicoperands;2
F41.txt;occasion;economicoperands;1
F41.txt;requires;regulatoryoperators;1
F41.txt;template;legalreferences;3
F41.txt;against;functionwords;1
F41.txt;article;legalreferences;3
F41.txt;between;functionwords;1
F41.txt;hedging;economicoperands;1
F41.txt;include;logicalconnectors;3
F41.txt;managed;economicoperands;5
F41.txt;through;functionwords;8
F41.txt;trading;economicoperands;3
F41.txt;assets;economicoperands;6
F41.txt;hybrid;economicoperands;2
F41.txt;ifrs 9;legalreferences;4
F41.txt;levels;economicoperands;1
F41.txt;option;economicoperands;4
F41.txt;profit;economicoperands;2
F41.txt;report;economicoperands;1
F41.txt;annex;legalreferences;9
F41.txt;basis;economicoperands;2
F41.txt;level;economicoperands;9
F41.txt;loans;economicoperands;6
F41.txt;other;logicalconnectors;6
F41.txt;shall;regulatoryoperators;6
F41.txt;their;functionwords;2
F41.txt;under;functionwords;1
F41.txt;using;economicoperands;1
F41.txt;where;logicalconnectors;1
F41.txt;whole;functionwords;1
F41.txt;also;logicalconnectors;2
F41.txt;clas;other;1
F41.txt;ifrs;legalreferences;44
F41.txt;non-;logicalconnectors;7
F41.txt;part;functionwords;58
F41.txt;that;functionwords;1
F41.txt;this;functionwords;3
F41.txt;thus;logicalconnectors;1
F41.txt;301;legalreferences;1
F41.txt;and;logicalconnectors;9
F41.txt;are;functionwords;1
F41.txt;bad;economicoperands;6
F41.txt;ecb;economicoperands;9
F41.txt;for;functionwords;5
F41.txt;the;functionwords;10
F41.txt;use;economicoperands;4
F41.txt;12;attributes;1
F41.txt;18;legalreferences;1
F41.txt;19;legalreferences;1
F41.txt;25;attributes;1
F41.txt;27;legalreferences;1
F41.txt;28;legalreferences;1
F41.txt;35;attributes;1
F41.txt;41;legalreferences;9
F41.txt;as;logicalconnectors;1
F41.txt;at;functionwords;3
F41.txt;by;functionwords;1
F41.txt;in;functionwords;3
F41.txt;it;functionwords;1
F41.txt;of;functionwords;11
F41.txt;on;functionwords;4
F41.txt;or;logicalconnectors;2
F41.txt;1;attributes;7
F41.txt;2;attributes;13
F41.txt;3;attributes;5
F41.txt;4;attributes;1
F41.txt;5;attributes;2
F41.txt;6;attributes;5
F41.txt;7;attributes;1
F41.txt;8;attributes;6
