C67+68.txt;international organisations;economicoperands;1
C67+68.txt;non-financial corporations;economicoperands;1
C67+68.txt;deposit guarantee scheme;economicoperands;16
C67+68.txt;non-financial customers;economicoperands;3
C67+68.txt;financial corporations;economicoperands;1
C67+68.txt;asset backed security;economicoperands;4
C67+68.txt;repurchase agreements;economicoperands;2
C67+68.txt;delegated regulation;legalreferences;4
C67+68.txt;for the purpose of;logicalconnectors;1
C67+68.txt;in accordance with;logicalconnectors;10
C67+68.txt;wholesale funding;economicoperands;15
C67+68.txt;be excluded from;regulatoryoperators;2
C67+68.txt;carrying amounts;economicoperands;1
C67+68.txt;commercial paper;economicoperands;2
C67+68.txt;corresponding to;logicalconnectors;1
C67+68.txt;in proportion to;logicalconnectors;3
C67+68.txt;as specified in;logicalconnectors;1
C67+68.txt;be allocated to;regulatoryoperators;1
C67+68.txt;carrying amount;economicoperands;4
C67+68.txt;characteristics;logicalconnectors;2
C67+68.txt;on the basis of;logicalconnectors;1
C67+68.txt;retail deposits;economicoperands;4
C67+68.txt;subconsolidated;economicoperands;2
C67+68.txt;total amount of;mathematicaloperators;4
C67+68.txt;be reported in;regulatoryoperators;1
C67+68.txt;counterparties;economicoperands;8
C67+68.txt;identification;economicoperands;1
C67+68.txt;referred to in;functionwords;1
C67+68.txt;reporting date;economicoperands;1
C67+68.txt;retail funding;economicoperands;10
C67+68.txt;with regard to;logicalconnectors;1
C67+68.txt;as defined in;logicalconnectors;8
C67+68.txt;balance sheet;economicoperands;1
C67+68.txt;central banks;economicoperands;3
C67+68.txt;concentration;economicoperands;10
C67+68.txt;corresponding;logicalconnectors;1
C67+68.txt;incorporation;economicoperands;1
C67+68.txt;of securities;economicoperands;2
C67+68.txt;additionally;mathematicaloperators;1
C67+68.txt;article 4(1);legalreferences;3
C67+68.txt;by virtue of;functionwords;1
C67+68.txt;consistently;attributes;1
C67+68.txt;counterparty;economicoperands;27
C67+68.txt;greater than;mathematicaloperators;10
C67+68.txt;institutions;economicoperands;13
C67+68.txt;instructions;regulatoryoperators;11
C67+68.txt;legal entity;economicoperands;3
C67+68.txt;this section;legalreferences;1
C67+68.txt;transactions;economicoperands;1
C67+68.txt;undertakings;economicoperands;1
C67+68.txt;withdrawable;economicoperands;7
C67+68.txt;broken down;mathematicaloperators;1
C67+68.txt;calculation;economicoperands;1
C67+68.txt;governments;economicoperands;1
C67+68.txt;in order to;logicalconnectors;1
C67+68.txt;information;economicoperands;4
C67+68.txt;institution;economicoperands;2
C67+68.txt;intra-group;economicoperands;8
C67+68.txt;liabilities;economicoperands;8
C67+68.txt;significant;attributes;2
C67+68.txt;aggregated;mathematicaloperators;1
C67+68.txt;calculated;economicoperands;4
C67+68.txt;categories;economicoperands;7
C67+68.txt;completing;economicoperands;1
C67+68.txt;concerning;logicalconnectors;3
C67+68.txt;considered;logicalconnectors;1
C67+68.txt;consist of;logicalconnectors;4
C67+68.txt;currencies;economicoperands;2
C67+68.txt;defined in;regulatoryoperators;1
C67+68.txt;equivalent;logicalconnectors;8
C67+68.txt;households;economicoperands;1
C67+68.txt;identifier;economicoperands;2
C67+68.txt;intragroup;economicoperands;1
C67+68.txt;other than;logicalconnectors;3
C67+68.txt;references;functionwords;8
C67+68.txt;regulation;economicoperands;5
C67+68.txt;securities;economicoperands;2
C67+68.txt;underlying;economicoperands;2
C67+68.txt;undertaken;economicoperands;1
C67+68.txt;withdrawal;economicoperands;8
C67+68.txt;amount of;mathematicaloperators;6
C67+68.txt;available;economicoperands;3
C67+68.txt;connected;economicoperands;6
C67+68.txt;contained;economicoperands;1
C67+68.txt;custodian;economicoperands;1
C67+68.txt;customers;economicoperands;5
C67+68.txt;determine;regulatoryoperators;1
C67+68.txt;different;mathematicaloperators;4
C67+68.txt;directive;legalreferences;10
C67+68.txt;financial;economicoperands;6
C67+68.txt;financing;economicoperands;1
C67+68.txt;following;other;15
C67+68.txt;framework;economicoperands;1
C67+68.txt;including;logicalconnectors;5
C67+68.txt;indicated;economicoperands;1
C67+68.txt;insurance;economicoperands;1
C67+68.txt;issuances;economicoperands;4
C67+68.txt;listed in;functionwords;7
C67+68.txt;more than;mathematicaloperators;1
C67+68.txt;regarding;logicalconnectors;1
C67+68.txt;remaining;economicoperands;3
C67+68.txt;reporting;economicoperands;4
C67+68.txt;residence;economicoperands;2
C67+68.txt;section 1;legalreferences;2
C67+68.txt;section 2;legalreferences;2
C67+68.txt;similarly;logicalconnectors;1
C67+68.txt;templates;legalreferences;1
C67+68.txt;threshold;economicoperands;9
C67+68.txt;unsecured;economicoperands;7
C67+68.txt;wholesale;economicoperands;1
C67+68.txt;accounts;economicoperands;7
C67+68.txt;assigned;regulatoryoperators;1
C67+68.txt;based on;other;4
C67+68.txt;consider;logicalconnectors;1
C67+68.txt;deposits;economicoperands;22
C67+68.txt;economic;economicoperands;1
C67+68.txt;entities;economicoperands;9
C67+68.txt;equal to;logicalconnectors;2
C67+68.txt;identify;economicoperands;1
C67+68.txt;issuance;economicoperands;6
C67+68.txt;lei code;economicoperands;5
C67+68.txt;maturity;economicoperands;22
C67+68.txt;national;economicoperands;5
C67+68.txt;obtained;economicoperands;16
C67+68.txt;of which;logicalconnectors;22
C67+68.txt;original;economicoperands;11
C67+68.txt;payments;economicoperands;1
C67+68.txt;products;economicoperands;2
C67+68.txt;received;economicoperands;31
C67+68.txt;recorded;economicoperands;7
C67+68.txt;reported;economicoperands;29
C67+68.txt;residual;economicoperands;9
C67+68.txt;specific;functionwords;2
C67+68.txt;template;legalreferences;5
C67+68.txt;weighted;mathematicaloperators;22
C67+68.txt;30 days;attributes;16
C67+68.txt;amounts;mathematicaloperators;6
C67+68.txt;applied;logicalconnectors;1
C67+68.txt;applies;logicalconnectors;1
C67+68.txt;article;legalreferences;8
C67+68.txt;average;mathematicaloperators;26
C67+68.txt;balance;economicoperands;1
C67+68.txt;belongs;logicalconnectors;1
C67+68.txt;broader;mathematicaloperators;1
C67+68.txt;classes;other;1
C67+68.txt;clients;economicoperands;6
C67+68.txt;collect;economicoperands;2
C67+68.txt;columns;legalreferences;4
C67+68.txt;company;economicoperands;2
C67+68.txt;country;economicoperands;10
C67+68.txt;covered;economicoperands;12
C67+68.txt;deposit;economicoperands;1
C67+68.txt;derived;economicoperands;1
C67+68.txt;efforts;economicoperands;1
C67+68.txt;exceeds;mathematicaloperators;3
C67+68.txt;figures;economicoperands;1
C67+68.txt;funding;economicoperands;69
C67+68.txt;general;functionwords;1
C67+68.txt;highest;mathematicaloperators;1
C67+68.txt;include;logicalconnectors;1
C67+68.txt;largest;logicalconnectors;5
C67+68.txt;natural;economicoperands;1
C67+68.txt;parties;economicoperands;1
C67+68.txt;product;economicoperands;37
C67+68.txt;savings;economicoperands;5
C67+68.txt;secured;economicoperands;6
C67+68.txt;several;attributes;1
C67+68.txt;that is;logicalconnectors;2
C67+68.txt;therein;other;1
C67+68.txt;whether;logicalconnectors;1
C67+68.txt;without;logicalconnectors;4
C67+68.txt;across;functionwords;2
C67+68.txt;always;logicalconnectors;2
C67+68.txt;amount;mathematicaloperators;14
C67+68.txt;backed;economicoperands;2
C67+68.txt;column;legalreferences;34
C67+68.txt;credit;economicoperands;1
C67+68.txt;either;logicalconnectors;2
C67+68.txt;finrep;legalreferences;2
C67+68.txt;groups;economicoperands;3
C67+68.txt;holder;economicoperands;3
C67+68.txt;if not;logicalconnectors;1
C67+68.txt;issued;economicoperands;1
C67+68.txt;notice;economicoperands;8
C67+68.txt;period;economicoperands;8
C67+68.txt;person;economicoperands;1
C67+68.txt;recent;economicoperands;1
C67+68.txt;report;economicoperands;8
C67+68.txt;retail;economicoperands;1
C67+68.txt;saving;economicoperands;2
C67+68.txt;second;attributes;1
C67+68.txt;sector;economicoperands;5
C67+68.txt;sum of;mathematicaloperators;1
C67+68.txt;totals;mathematicaloperators;1
C67+68.txt;unique;economicoperands;2
C67+68.txt;within;logicalconnectors;8
C67+68.txt;about;functionwords;2
C67+68.txt;above;functionwords;2
C67+68.txt;apply;logicalconnectors;2
C67+68.txt;asset;economicoperands;2
C67+68.txt;basis;economicoperands;3
C67+68.txt;codes;economicoperands;2
C67+68.txt;equal;logicalconnectors;1
C67+68.txt;group;economicoperands;4
C67+68.txt;items;other;2
C67+68.txt;legal;economicoperands;7
C67+68.txt;level;economicoperands;1
C67+68.txt;loans;economicoperands;11
C67+68.txt;mixed;economicoperands;1
C67+68.txt;money;economicoperands;1
C67+68.txt;order;economicoperands;2
C67+68.txt;other;logicalconnectors;6
C67+68.txt;party;economicoperands;1
C67+68.txt;point;economicoperands;3
C67+68.txt;shall;regulatoryoperators;54
C67+68.txt;sight;economicoperands;4
C67+68.txt;there;functionwords;1
C67+68.txt;third;attributes;8
C67+68.txt;those;functionwords;13
C67+68.txt;total;mathematicaloperators;19
C67+68.txt;types;economicoperands;5
C67+68.txt;under;functionwords;1
C67+68.txt;using;economicoperands;1
C67+68.txt;value;economicoperands;1
C67+68.txt;where;logicalconnectors;8
C67+68.txt;which;functionwords;17
C67+68.txt;bank;economicoperands;1
C67+68.txt;been;functionwords;1
C67+68.txt;best;mathematicaloperators;1
C67+68.txt;bond;economicoperands;4
C67+68.txt;code;economicoperands;17
C67+68.txt;days;attributes;8
C67+68.txt;does;functionwords;1
C67+68.txt;each;logicalconnectors;13
C67+68.txt;from;functionwords;42
C67+68.txt;full;economicoperands;1
C67+68.txt;have;functionwords;2
C67+68.txt;into;functionwords;1
C67+68.txt;item;other;2
C67+68.txt;left;other;1
C67+68.txt;most;mathematicaloperators;1
C67+68.txt;name;economicoperands;15
C67+68.txt;once;attributes;1
C67+68.txt;only;logicalconnectors;4
C67+68.txt;role;economicoperands;1
C67+68.txt;rows;economicoperands;5
C67+68.txt;sfts;economicoperands;1
C67+68.txt;size;economicoperands;9
C67+68.txt;solo;economicoperands;2
C67+68.txt;term;other;8
C67+68.txt;than;functionwords;1
C67+68.txt;that;functionwords;26
C67+68.txt;they;functionwords;1
C67+68.txt;this;functionwords;7
C67+68.txt;time;economicoperands;1
C67+68.txt;type;economicoperands;21
C67+68.txt;used;economicoperands;3
C67+68.txt;when;logicalconnectors;1
C67+68.txt;with;functionwords;8
C67+68.txt;100;attributes;3
C67+68.txt;110;legalreferences;7
C67+68.txt;120;legalreferences;3
C67+68.txt;129;legalreferences;2
C67+68.txt;140;legalreferences;2
C67+68.txt;150;attributes;6
C67+68.txt;180;attributes;2
C67+68.txt;all;logicalconnectors;10
C67+68.txt;and;logicalconnectors;31
C67+68.txt;any;logicalconnectors;2
C67+68.txt;are;functionwords;6
C67+68.txt;can;regulatoryoperators;1
C67+68.txt;for;functionwords;36
C67+68.txt;has;functionwords;2
C67+68.txt;iii;legalreferences;1
C67+68.txt;law;economicoperands;1
C67+68.txt;may;regulatoryoperators;2
C67+68.txt;non;logicalconnectors;2
C67+68.txt;not;logicalconnectors;11
C67+68.txt;one;attributes;3
C67+68.txt;per;functionwords;1
C67+68.txt;row;economicoperands;25
C67+68.txt;sft;economicoperands;1
C67+68.txt;ten;attributes;2
C67+68.txt;the;functionwords;157
C67+68.txt;was;functionwords;3
C67+68.txt;39;legalreferences;1
C67+68.txt;49;legalreferences;8
C67+68.txt;65;attributes;2
C67+68.txt;an;functionwords;10
C67+68.txt;as;logicalconnectors;10
C67+68.txt;at;functionwords;1
C67+68.txt;be;functionwords;40
C67+68.txt;by;functionwords;17
C67+68.txt;eu;economicoperands;17
C67+68.txt;ii;legalreferences;1
C67+68.txt;in;functionwords;59
C67+68.txt;is;functionwords;17
C67+68.txt;it;functionwords;2
C67+68.txt;iv;legalreferences;1
C67+68.txt;no;logicalconnectors;8
C67+68.txt;of;functionwords;116
C67+68.txt;on;functionwords;7
C67+68.txt;or;logicalconnectors;21
C67+68.txt;to;functionwords;10
C67+68.txt;vi;legalreferences;1
C67+68.txt;1;attributes;19
C67+68.txt;2;attributes;7
C67+68.txt;3;attributes;6
C67+68.txt;4;attributes;6
C67+68.txt;5;attributes;4
C67+68.txt;6;attributes;2
C67+68.txt;7;attributes;1
C67+68.txt;8;attributes;5
