C28-29.txt;counterparty credit risk;economicoperands;1
C28-29.txt;off balance sheet items;economicoperands;11
C28-29.txt;credit risk mitigation;economicoperands;9
C28-29.txt;without application of;logicalconnectors;2
C28-29.txt;financial instruments;economicoperands;2
C28-29.txt;accounting framework;economicoperands;2
C28-29.txt;common equity tier 1;economicoperands;4
C28-29.txt;financial guarantees;economicoperands;10
C28-29.txt;financial instrument;economicoperands;2
C28-29.txt;terms and conditions;economicoperands;1
C28-29.txt;taking into account;regulatoryoperators;4
C28-29.txt;credit derivatives;economicoperands;2
C28-29.txt;credit institution;economicoperands;1
C28-29.txt;equity instruments;economicoperands;9
C28-29.txt;for the purpose of;logicalconnectors;2
C28-29.txt;in accordance with;logicalconnectors;10
C28-29.txt;netting agreements;economicoperands;1
C28-29.txt;taken into account;regulatoryoperators;1
C28-29.txt;additional tier 1;economicoperands;6
C28-29.txt;credit protection;economicoperands;6
C28-29.txt;netting agreement;economicoperands;2
C28-29.txt;off-balance sheet;economicoperands;1
C28-29.txt;off-balance-sheet;economicoperands;1
C28-29.txt;value adjustments;economicoperands;6
C28-29.txt;corresponding to;logicalconnectors;2
C28-29.txt;debt instruments;economicoperands;11
C28-29.txt;guarantees given;economicoperands;1
C28-29.txt;loan commitments;economicoperands;10
C28-29.txt;non-trading book;economicoperands;4
C28-29.txt;value adjustment;economicoperands;1
C28-29.txt;where applicable;logicalconnectors;1
C28-29.txt;article 178 crr;legalreferences;1
C28-29.txt;be allocated to;regulatoryoperators;2
C28-29.txt;debt instrument;economicoperands;2
C28-29.txt;debt securities;economicoperands;2
C28-29.txt;article 24 crr;legalreferences;1
C28-29.txt;article 25 crr;legalreferences;2
C28-29.txt;be reported as;regulatoryoperators;4
C28-29.txt;be reported in;regulatoryoperators;8
C28-29.txt;counterparties;economicoperands;1
C28-29.txt;in the case of;logicalconnectors;1
C28-29.txt;referred to in;functionwords;2
C28-29.txt;specifications;economicoperands;1
C28-29.txt;tier 1 capital;economicoperands;8
C28-29.txt;as defined in;logicalconnectors;5
C28-29.txt;correspond to;logicalconnectors;2
C28-29.txt;corresponding;logicalconnectors;1
C28-29.txt;deducted from;mathematicaloperators;9
C28-29.txt;exempted from;regulatoryoperators;1
C28-29.txt;percentage of;mathematicaloperators;2
C28-29.txt;pre-specified;economicoperands;1
C28-29.txt;provided that;logicalconnectors;1
C28-29.txt;according to;regulatoryoperators;5
C28-29.txt;article 4(1);legalreferences;2
C28-29.txt;breakdown of;mathematicaloperators;1
C28-29.txt;counterparty;economicoperands;6
C28-29.txt;institutions;economicoperands;1
C28-29.txt;instructions;regulatoryoperators;13
C28-29.txt;net position;economicoperands;2
C28-29.txt;substitution;mathematicaloperators;10
C28-29.txt;trading book;economicoperands;7
C28-29.txt;transactions;economicoperands;15
C28-29.txt;adjustments;mathematicaloperators;3
C28-29.txt;alternative;logicalconnectors;1
C28-29.txt;application;economicoperands;11
C28-29.txt;assigned to;regulatoryoperators;2
C28-29.txt;authorities;economicoperands;1
C28-29.txt;calculation;economicoperands;1
C28-29.txt;commitments;economicoperands;11
C28-29.txt;commodities;economicoperands;1
C28-29.txt;comply with;regulatoryoperators;1
C28-29.txt;composition;economicoperands;1
C28-29.txt;contractual;economicoperands;1
C28-29.txt;corresponds;logicalconnectors;2
C28-29.txt;credit risk;economicoperands;2
C28-29.txt;derivatives;economicoperands;12
C28-29.txt;determining;regulatoryoperators;1
C28-29.txt;in addition;mathematicaloperators;1
C28-29.txt;in order to;logicalconnectors;1
C28-29.txt;institution;economicoperands;21
C28-29.txt;instruments;economicoperands;3
C28-29.txt;real estate;economicoperands;4
C28-29.txt;risk weight;economicoperands;2
C28-29.txt;significant;attributes;1
C28-29.txt;subtracting;mathematicaloperators;1
C28-29.txt;third party;economicoperands;5
C28-29.txt;transaction;economicoperands;1
C28-29.txt;additional;mathematicaloperators;6
C28-29.txt;as well as;logicalconnectors;1
C28-29.txt;calculated;economicoperands;2
C28-29.txt;categories;economicoperands;3
C28-29.txt;collateral;economicoperands;8
C28-29.txt;concerning;logicalconnectors;2
C28-29.txt;considered;logicalconnectors;1
C28-29.txt;consistent;logicalconnectors;2
C28-29.txt;constitute;logicalconnectors;1
C28-29.txt;conversion;economicoperands;4
C28-29.txt;definition;regulatoryoperators;2
C28-29.txt;delivering;economicoperands;1
C28-29.txt;determined;regulatoryoperators;2
C28-29.txt;equivalent;logicalconnectors;2
C28-29.txt;exemptions;regulatoryoperators;12
C28-29.txt;guaranteed;economicoperands;5
C28-29.txt;identifier;economicoperands;2
C28-29.txt;individual;economicoperands;10
C28-29.txt;instrument;economicoperands;3
C28-29.txt;investment;economicoperands;1
C28-29.txt;obligation;economicoperands;1
C28-29.txt;other than;logicalconnectors;4
C28-29.txt;provisions;economicoperands;7
C28-29.txt;recognised;economicoperands;2
C28-29.txt;references;functionwords;10
C28-29.txt;regulation;economicoperands;2
C28-29.txt;repurchase;economicoperands;1
C28-29.txt;secured by;economicoperands;4
C28-29.txt;securities;economicoperands;2
C28-29.txt;set out in;regulatoryoperators;2
C28-29.txt;settlement;economicoperands;1
C28-29.txt;subject to;logicalconnectors;1
C28-29.txt;techniques;economicoperands;10
C28-29.txt;underlying;economicoperands;11
C28-29.txt;volatility;economicoperands;1
C28-29.txt;amount of;mathematicaloperators;5
C28-29.txt;available;economicoperands;3
C28-29.txt;belonging;logicalconnectors;3
C28-29.txt;borrowing;economicoperands;1
C28-29.txt;competent;economicoperands;1
C28-29.txt;composite;economicoperands;2
C28-29.txt;connected;economicoperands;15
C28-29.txt;contracts;economicoperands;1
C28-29.txt;defaulted;economicoperands;4
C28-29.txt;different;mathematicaloperators;3
C28-29.txt;directive;legalreferences;1
C28-29.txt;exposures;economicoperands;53
C28-29.txt;financing;economicoperands;1
C28-29.txt;guarantor;economicoperands;4
C28-29.txt;immediate;attributes;1
C28-29.txt;including;logicalconnectors;2
C28-29.txt;listed in;functionwords;1
C28-29.txt;otherwise;logicalconnectors;1
C28-29.txt;principal;economicoperands;1
C28-29.txt;protected;economicoperands;1
C28-29.txt;qualified;economicoperands;2
C28-29.txt;reduction;mathematicaloperators;2
C28-29.txt;reference;functionwords;1
C28-29.txt;reimburse;economicoperands;1
C28-29.txt;remaining;economicoperands;1
C28-29.txt;reporting;economicoperands;4
C28-29.txt;specified;regulatoryoperators;2
C28-29.txt;technical;economicoperands;1
C28-29.txt;treatment;economicoperands;2
C28-29.txt;valuation;economicoperands;2
C28-29.txt;advances;economicoperands;1
C28-29.txt;approach;economicoperands;1
C28-29.txt;articles;legalreferences;7
C28-29.txt;assigned;regulatoryoperators;1
C28-29.txt;based on;other;1
C28-29.txt;borrower;economicoperands;2
C28-29.txt;business;economicoperands;1
C28-29.txt;criteria;economicoperands;1
C28-29.txt;deducted;mathematicaloperators;3
C28-29.txt;effected;economicoperands;1
C28-29.txt;eligible;economicoperands;7
C28-29.txt;exempted;regulatoryoperators;3
C28-29.txt;exposure;economicoperands;54
C28-29.txt;included;logicalconnectors;14
C28-29.txt;increase;mathematicaloperators;2
C28-29.txt;incurred;economicoperands;1
C28-29.txt;indirect;economicoperands;8
C28-29.txt;maturity;economicoperands;1
C28-29.txt;modified;other;1
C28-29.txt;national;economicoperands;6
C28-29.txt;of which;logicalconnectors;9
C28-29.txt;one year;attributes;2
C28-29.txt;original;economicoperands;19
C28-29.txt;payments;economicoperands;1
C28-29.txt;previous;logicalconnectors;1
C28-29.txt;provided;logicalconnectors;1
C28-29.txt;reported;economicoperands;11
C28-29.txt;specific;functionwords;4
C28-29.txt;template;legalreferences;6
C28-29.txt;title ii;legalreferences;2
C28-29.txt;together;logicalconnectors;2
C28-29.txt;unfunded;economicoperands;1
C28-29.txt;against;functionwords;1
C28-29.txt;amounts;mathematicaloperators;7
C28-29.txt;annex i;legalreferences;4
C28-29.txt;another;functionwords;1
C28-29.txt;applied;logicalconnectors;4
C28-29.txt;arising;economicoperands;7
C28-29.txt;article;legalreferences;27
C28-29.txt;because;logicalconnectors;2
C28-29.txt;belongs;logicalconnectors;1
C28-29.txt;chapter;legalreferences;2
C28-29.txt;clients;economicoperands;19
C28-29.txt;columns;legalreferences;14
C28-29.txt;company;economicoperands;1
C28-29.txt;contain;economicoperands;1
C28-29.txt;depends;economicoperands;1
C28-29.txt;details;other;1
C28-29.txt;effects;economicoperands;1
C28-29.txt;factors;mathematicaloperators;4
C28-29.txt;further;logicalconnectors;1
C28-29.txt;include;logicalconnectors;5
C28-29.txt;issuing;economicoperands;1
C28-29.txt;lending;economicoperands;2
C28-29.txt;nominal;economicoperands;2
C28-29.txt;part of;logicalconnectors;1
C28-29.txt;payment;economicoperands;1
C28-29.txt;portion;economicoperands;1
C28-29.txt;product;economicoperands;1
C28-29.txt;provide;economicoperands;1
C28-29.txt;related;logicalconnectors;2
C28-29.txt;require;regulatoryoperators;1
C28-29.txt;section;legalreferences;1
C28-29.txt;settled;economicoperands;1
C28-29.txt;several;attributes;1
C28-29.txt;subject;economicoperands;1
C28-29.txt;such as;logicalconnectors;1
C28-29.txt;through;functionwords;1
C28-29.txt;trading;economicoperands;3
C28-29.txt;used in;economicoperands;2
C28-29.txt;weights;economicoperands;1
C28-29.txt;whether;logicalconnectors;1
C28-29.txt;without;logicalconnectors;2
C28-29.txt;across;functionwords;2
C28-29.txt;affect;economicoperands;1
C28-29.txt;amount;mathematicaloperators;3
C28-29.txt;and/or;logicalconnectors;1
C28-29.txt;as for;logicalconnectors;1
C28-29.txt;assets;economicoperands;13
C28-29.txt;before;logicalconnectors;8
C28-29.txt;client;economicoperands;3
C28-29.txt;column;legalreferences;41
C28-29.txt;credit;economicoperands;3
C28-29.txt;debtor;economicoperands;1
C28-29.txt;detail;other;1
C28-29.txt;direct;economicoperands;11
C28-29.txt;due to;logicalconnectors;2
C28-29.txt;effect;economicoperands;12
C28-29.txt;entity;economicoperands;1
C28-29.txt;equity;economicoperands;1
C28-29.txt;except;logicalconnectors;1
C28-29.txt;funded;economicoperands;6
C28-29.txt;groups;economicoperands;7
C28-29.txt;holder;economicoperands;1
C28-29.txt;incurs;economicoperands;1
C28-29.txt;issued;economicoperands;3
C28-29.txt;issuer;economicoperands;4
C28-29.txt;latter;functionwords;2
C28-29.txt;linked;economicoperands;1
C28-29.txt;margin;economicoperands;1
C28-29.txt;market;economicoperands;1
C28-29.txt;member;economicoperands;1
C28-29.txt;parent;economicoperands;2
C28-29.txt;points;economicoperands;3
C28-29.txt;report;economicoperands;14
C28-29.txt;shares;economicoperands;1
C28-29.txt;single;attributes;2
C28-29.txt;sum of;mathematicaloperators;1
C28-29.txt;system;economicoperands;1
C28-29.txt;unique;economicoperands;6
C28-29.txt;unless;logicalconnectors;1
C28-29.txt;within;logicalconnectors;4
C28-29.txt;after;logicalconnectors;8
C28-29.txt;annex;legalreferences;4
C28-29.txt;apply;logicalconnectors;1
C28-29.txt;arise;economicoperands;2
C28-29.txt;asset;economicoperands;2
C28-29.txt;basis;economicoperands;1
C28-29.txt;cases;economicoperands;1
C28-29.txt;cet 1;economicoperands;2
C28-29.txt;codes;economicoperands;2
C28-29.txt;cross;economicoperands;1
C28-29.txt;equal;logicalconnectors;1
C28-29.txt;fails;economicoperands;1
C28-29.txt;given;functionwords;1
C28-29.txt;gross;economicoperands;1
C28-29.txt;group;economicoperands;12
C28-29.txt;items;other;10
C28-29.txt;large;economicoperands;2
C28-29.txt;legal;economicoperands;11
C28-29.txt;level;economicoperands;4
C28-29.txt;limit;regulatoryoperators;1
C28-29.txt;loans;economicoperands;2
C28-29.txt;lower;mathematicaloperators;1
C28-29.txt;notes;economicoperands;1
C28-29.txt;other;logicalconnectors;11
C28-29.txt;point;economicoperands;7
C28-29.txt;shall;regulatoryoperators;78
C28-29.txt;table;other;4
C28-29.txt;terms;other;1
C28-29.txt;there;functionwords;13
C28-29.txt;these;functionwords;8
C28-29.txt;those;functionwords;3
C28-29.txt;three;attributes;3
C28-29.txt;total;mathematicaloperators;13
C28-29.txt;treat;economicoperands;1
C28-29.txt;under;functionwords;3
C28-29.txt;units;economicoperands;1
C28-29.txt;value;economicoperands;25
C28-29.txt;where;logicalconnectors;18
C28-29.txt;which;functionwords;7
C28-29.txt;whole;functionwords;1
C28-29.txt;would;functionwords;2
C28-29.txt;years;economicoperands;2
C28-29.txt;also;logicalconnectors;2
C28-29.txt;both;logicalconnectors;1
C28-29.txt;case;economicoperands;1
C28-29.txt;cash;economicoperands;1
C28-29.txt;code;economicoperands;22
C28-29.txt;data;economicoperands;1
C28-29.txt;does;functionwords;1
C28-29.txt;each;logicalconnectors;3
C28-29.txt;firm;economicoperands;1
C28-29.txt;five;attributes;2
C28-29.txt;from;functionwords;11
C28-29.txt;fund;economicoperands;1
C28-29.txt;have;functionwords;2
C28-29.txt;long;economicoperands;1
C28-29.txt;loss;economicoperands;1
C28-29.txt;make;functionwords;2
C28-29.txt;mean;other;1
C28-29.txt;most;mathematicaloperators;1
C28-29.txt;must;regulatoryoperators;2
C28-29.txt;non-;logicalconnectors;3
C28-29.txt;over;mathematicaloperators;2
C28-29.txt;part;functionwords;4
C28-29.txt;risk;economicoperands;2
C28-29.txt;rows;economicoperands;1
C28-29.txt;same;logicalconnectors;1
C28-29.txt;than;functionwords;1
C28-29.txt;that;functionwords;19
C28-29.txt;they;functionwords;2
C28-29.txt;this;functionwords;17
C28-29.txt;time;economicoperands;2
C28-29.txt;type;economicoperands;3
C28-29.txt;used;economicoperands;4
C28-29.txt;when;logicalconnectors;4
C28-29.txt;with;functionwords;2
C28-29.txt;100;attributes;5
C28-29.txt;110;legalreferences;9
C28-29.txt;120;legalreferences;4
C28-29.txt;140;legalreferences;3
C28-29.txt;150;attributes;4
C28-29.txt;180;attributes;4
C28-29.txt;210;attributes;5
C28-29.txt;220;legalreferences;3
C28-29.txt;250;attributes;3
C28-29.txt;all;logicalconnectors;1
C28-29.txt;and;logicalconnectors;69
C28-29.txt;any;logicalconnectors;4
C28-29.txt;are;functionwords;15
C28-29.txt;can;regulatoryoperators;1
C28-29.txt;crm;economicoperands;16
C28-29.txt;crr;legalreferences;43
C28-29.txt;due;attributes;1
C28-29.txt;ecb;economicoperands;4
C28-29.txt;for;functionwords;10
C28-29.txt;has;functionwords;1
C28-29.txt;i.e;functionwords;1
C28-29.txt;may;regulatoryoperators;1
C28-29.txt;net;economicoperands;1
C28-29.txt;non;logicalconnectors;4
C28-29.txt;not;logicalconnectors;6
C28-29.txt;row;economicoperands;4
C28-29.txt;see;other;14
C28-29.txt;the;functionwords;186
C28-29.txt;use;economicoperands;1
C28-29.txt;via;functionwords;1
C28-29.txt;way;economicoperands;2
C28-29.txt;yes;other;1
C28-29.txt;24;legalreferences;3
C28-29.txt;an;functionwords;16
C28-29.txt;as;logicalconnectors;6
C28-29.txt;at;functionwords;4
C28-29.txt;be;functionwords;44
C28-29.txt;by;functionwords;9
C28-29.txt;eu;economicoperands;2
C28-29.txt;if;logicalconnectors;2
C28-29.txt;ii;legalreferences;5
C28-29.txt;in;functionwords;41
C28-29.txt;is;functionwords;24
C28-29.txt;it;functionwords;2
C28-29.txt;no;logicalconnectors;5
C28-29.txt;of;functionwords;86
C28-29.txt;on;functionwords;2
C28-29.txt;or;logicalconnectors;26
C28-29.txt;to;functionwords;50
C28-29.txt;up;functionwords;2
C28-29.txt;1;attributes;8
C28-29.txt;2;attributes;9
C28-29.txt;3;attributes;6
C28-29.txt;4;attributes;3
C28-29.txt;5;attributes;1
C28-29.txt;6;attributes;4
C28-29.txt;7;attributes;3
