F46.txt;national gaap compatible;legalreferences;12
F46.txt;financial instruments;economicoperands;14
F46.txt;comprehensive income;economicoperands;16
F46.txt;equity instruments;economicoperands;20
F46.txt;retained earnings;economicoperands;5
F46.txt;at the beginning;logicalconnectors;1
F46.txt;reclassification;regulatoryoperators;14
F46.txt;carrying amount;economicoperands;1
F46.txt;closing balance;economicoperands;8
F46.txt;opening balance;economicoperands;15
F46.txt;treasury shares;economicoperands;19
F46.txt;profit or loss;economicoperands;1
F46.txt;reconciliation;economicoperands;1
F46.txt;resulting from;other;7
F46.txt;at fair value;economicoperands;2
F46.txt;consolidation;economicoperands;3
F46.txt;derecognition;economicoperands;1
F46.txt;national gaap;legalreferences;12
F46.txt;share premium;economicoperands;5
F46.txt;cancellation;economicoperands;7
F46.txt;combinations;mathematicaloperators;7
F46.txt;accumulated;economicoperands;11
F46.txt;atributable;functionwords;3
F46.txt;corrections;economicoperands;7
F46.txt;credit risk;economicoperands;1
F46.txt;differences;mathematicaloperators;3
F46.txt;liabilities;economicoperands;4
F46.txt;restatement;economicoperands;7
F46.txt;revaluation;economicoperands;5
F46.txt;transferred;economicoperands;2
F46.txt;accounting;economicoperands;22
F46.txt;components;economicoperands;9
F46.txt;conversion;economicoperands;7
F46.txt;designated;regulatoryoperators;1
F46.txt;expiration;economicoperands;7
F46.txt;fair value;economicoperands;4
F46.txt;other than;logicalconnectors;5
F46.txt;preference;economicoperands;7
F46.txt;references;functionwords;30
F46.txt;component;economicoperands;1
F46.txt;directive;legalreferences;15
F46.txt;dividends;economicoperands;12
F46.txt;including;logicalconnectors;1
F46.txt;interests;economicoperands;5
F46.txt;liability;economicoperands;14
F46.txt;reduction;mathematicaloperators;7
F46.txt;statement;economicoperands;4
F46.txt;transfers;economicoperands;8
F46.txt;annex v.;legalreferences;31
F46.txt;based on;other;12
F46.txt;business;economicoperands;7
F46.txt;decrease;mathematicaloperators;14
F46.txt;disclose;economicoperands;1
F46.txt;exercise;economicoperands;7
F46.txt;increase;mathematicaloperators;14
F46.txt;issuance;economicoperands;21
F46.txt;measured;economicoperands;1
F46.txt;minority;economicoperands;5
F46.txt;ordinary;attributes;7
F46.txt;payments;economicoperands;7
F46.txt;policies;economicoperands;7
F46.txt;purchase;economicoperands;7
F46.txt;reserves;economicoperands;13
F46.txt;amounts;mathematicaloperators;1
F46.txt;article;legalreferences;3
F46.txt;between;functionwords;1
F46.txt;capital;economicoperands;17
F46.txt;changes;economicoperands;30
F46.txt;current;attributes;14
F46.txt;effects;economicoperands;14
F46.txt;include;logicalconnectors;1
F46.txt;interim;economicoperands;5
F46.txt;of debt;economicoperands;7
F46.txt;sources;economicoperands;18
F46.txt;through;functionwords;2
F46.txt;assets;economicoperands;6
F46.txt;before;logicalconnectors;7
F46.txt;due to;logicalconnectors;1
F46.txt;equity;economicoperands;73
F46.txt;errors;economicoperands;7
F46.txt;income;economicoperands;2
F46.txt;issued;economicoperands;10
F46.txt;losses;economicoperands;1
F46.txt;owners;economicoperands;5
F46.txt;parent;economicoperands;5
F46.txt;period;economicoperands;16
F46.txt;profit;economicoperands;5
F46.txt;shares;economicoperands;14
F46.txt;within;logicalconnectors;1
F46.txt;among;logicalconnectors;8
F46.txt;annex;legalreferences;6
F46.txt;based;other;7
F46.txt;first;attributes;3
F46.txt;gains;economicoperands;1
F46.txt;items;other;5
F46.txt;other;logicalconnectors;48
F46.txt;shall;regulatoryoperators;2
F46.txt;share;economicoperands;7
F46.txt;table;other;2
F46.txt;total;mathematicaloperators;12
F46.txt;both;logicalconnectors;1
F46.txt;each;logicalconnectors;1
F46.txt;from;functionwords;14
F46.txt;ifrs;legalreferences;24
F46.txt;loss;economicoperands;5
F46.txt;part;functionwords;31
F46.txt;sale;economicoperands;7
F46.txt;that;functionwords;1
F46.txt;upon;other;1
F46.txt;year;economicoperands;7
F46.txt;106;legalreferences;10
F46.txt;all;logicalconnectors;1
F46.txt;and;logicalconnectors;3
F46.txt;are;functionwords;1
F46.txt;bad;economicoperands;33
F46.txt;crr;legalreferences;14
F46.txt;end;logicalconnectors;1
F46.txt;for;functionwords;8
F46.txt;iii;legalreferences;107
F46.txt;own;functionwords;1
F46.txt;the;functionwords;19
F46.txt;10;attributes;3
F46.txt;12;attributes;6
F46.txt;13;legalreferences;3
F46.txt;14;legalreferences;3
F46.txt;19;legalreferences;8
F46.txt;22;legalreferences;3
F46.txt;24;legalreferences;9
F46.txt;30;attributes;1
F46.txt;46;legalreferences;3
F46.txt;54;legalreferences;10
F46.txt;78;other;5
F46.txt;ii;legalreferences;7
F46.txt;in;functionwords;18
F46.txt;is;functionwords;2
F46.txt;of;functionwords;118
F46.txt;or;logicalconnectors;33
F46.txt;to;functionwords;27
F46.txt;1;attributes;36
F46.txt;2;attributes;3
F46.txt;3;attributes;3
F46.txt;4;attributes;35
F46.txt;6;attributes;3
F46.txt;8;attributes;3
F46.txt;9;attributes;3
