C26.txt;credit risk mitigation;economicoperands;1
C26.txt;systemically important;economicoperands;1
C26.txt;competent authority;economicoperands;3
C26.txt;taking into account;regulatoryoperators;1
C26.txt;in accordance with;logicalconnectors;8
C26.txt;article 458 crr;legalreferences;2
C26.txt;as a percentage;mathematicaloperators;1
C26.txt;with respect to;logicalconnectors;2
C26.txt;counterparties;economicoperands;3
C26.txt;referred to in;functionwords;2
C26.txt;tier 1 capital;economicoperands;7
C26.txt;greater than;mathematicaloperators;2
C26.txt;institutions;economicoperands;7
C26.txt;instructions;regulatoryoperators;2
C26.txt;requirements;regulatoryoperators;2
C26.txt;subparagraph;other;2
C26.txt;150 million;attributes;4
C26.txt;application;economicoperands;2
C26.txt;institution;economicoperands;4
C26.txt;lower limit;mathematicaloperators;4
C26.txt;applicable;logicalconnectors;3
C26.txt;concerning;logicalconnectors;1
C26.txt;determined;regulatoryoperators;1
C26.txt;identified;economicoperands;2
C26.txt;in case of;logicalconnectors;1
C26.txt;other than;logicalconnectors;1
C26.txt;percentage;mathematicaloperators;1
C26.txt;references;functionwords;1
C26.txt;amount of;mathematicaloperators;3
C26.txt;delegated;economicoperands;2
C26.txt;expressed;economicoperands;1
C26.txt;following;other;2
C26.txt;paragraph;legalreferences;1
C26.txt;absolute;mathematicaloperators;1
C26.txt;articles;legalreferences;2
C26.txt;exposure;economicoperands;1
C26.txt;measures;economicoperands;2
C26.txt;national;economicoperands;2
C26.txt;of which;logicalconnectors;1
C26.txt;reported;economicoperands;8
C26.txt;required;regulatoryoperators;1
C26.txt;specific;functionwords;1
C26.txt;stricter;mathematicaloperators;1
C26.txt;template;legalreferences;2
C26.txt;adopted;other;2
C26.txt;annex i;legalreferences;1
C26.txt;another;functionwords;1
C26.txt;applies;logicalconnectors;1
C26.txt;article;legalreferences;18
C26.txt;exceeds;mathematicaloperators;1
C26.txt;amount;mathematicaloperators;3
C26.txt;due to;logicalconnectors;1
C26.txt;effect;economicoperands;1
C26.txt;g-siis;economicoperands;1
C26.txt;global;economicoperands;1
C26.txt;limits;regulatoryoperators;2
C26.txt;report;economicoperands;1
C26.txt;second;attributes;1
C26.txt;unless;logicalconnectors;1
C26.txt;after;logicalconnectors;1
C26.txt;group;economicoperands;2
C26.txt;incur;economicoperands;1
C26.txt;legal;economicoperands;1
C26.txt;limit;regulatoryoperators;6
C26.txt;point;economicoperands;7
C26.txt;shall;regulatoryoperators;10
C26.txt;terms;other;1
C26.txt;these;functionwords;1
C26.txt;third;attributes;2
C26.txt;value;economicoperands;1
C26.txt;which;functionwords;2
C26.txt;acts;economicoperands;2
C26.txt;more;mathematicaloperators;1
C26.txt;non-;logicalconnectors;2
C26.txt;rows;economicoperands;2
C26.txt;than;functionwords;1
C26.txt;that;functionwords;3
C26.txt;this;functionwords;3
C26.txt;and;logicalconnectors;4
C26.txt;are;functionwords;2
C26.txt;crr;legalreferences;11
C26.txt;for;functionwords;3
C26.txt;has;functionwords;1
C26.txt;may;regulatoryoperators;1
C26.txt;non;logicalconnectors;1
C26.txt;not;logicalconnectors;1
C26.txt;out;functionwords;3
C26.txt;row;economicoperands;2
C26.txt;set;other;3
C26.txt;the;functionwords;30
C26.txt;10;attributes;2
C26.txt;15;attributes;1
C26.txt;25;attributes;4
C26.txt;an;functionwords;1
C26.txt;as;logicalconnectors;3
C26.txt;be;functionwords;9
C26.txt;by;functionwords;4
C26.txt;eu;economicoperands;2
C26.txt;if;logicalconnectors;4
C26.txt;ii;legalreferences;2
C26.txt;in;functionwords;4
C26.txt;is;functionwords;5
C26.txt;of;functionwords;17
C26.txt;or;logicalconnectors;10
C26.txt;to;functionwords;1
C26.txt;1;attributes;9
C26.txt;2;attributes;2
C26.txt;4;attributes;1
C26.txt;6;attributes;1
