C11.txt;within the scope of;logicalconnectors;1
C11.txt;difference between;mathematicaloperators;2
C11.txt;in accordance with;logicalconnectors;6
C11.txt;in connection with;logicalconnectors;2
C11.txt;as referred to in;logicalconnectors;5
C11.txt;debt instruments;economicoperands;2
C11.txt;foreign currency;economicoperands;2
C11.txt;non-trading book;economicoperands;6
C11.txt;debt instrument;economicoperands;2
C11.txt;exposure amount;economicoperands;4
C11.txt;irrespective of;logicalconnectors;1
C11.txt;settlement date;economicoperands;6
C11.txt;be reported in;regulatoryoperators;2
C11.txt;referred to in;functionwords;4
C11.txt;corresponding;logicalconnectors;2
C11.txt;institutions;economicoperands;17
C11.txt;instructions;regulatoryoperators;1
C11.txt;laid down in;economicoperands;1
C11.txt;nevertheless;logicalconnectors;1
C11.txt;requirements;regulatoryoperators;17
C11.txt;trading book;economicoperands;4
C11.txt;transactions;economicoperands;41
C11.txt;working days;economicoperands;4
C11.txt;appropriate;attributes;3
C11.txt;commodities;economicoperands;4
C11.txt;credit risk;economicoperands;1
C11.txt;derivatives;economicoperands;1
C11.txt;in order to;logicalconnectors;1
C11.txt;information;economicoperands;8
C11.txt;institution;economicoperands;2
C11.txt;multiplying;mathematicaloperators;2
C11.txt;aggregated;mathematicaloperators;8
C11.txt;calculated;economicoperands;1
C11.txt;categories;economicoperands;4
C11.txt;concerning;logicalconnectors;1
C11.txt;currencies;economicoperands;2
C11.txt;deliveries;economicoperands;1
C11.txt;determined;regulatoryoperators;1
C11.txt;difference;mathematicaloperators;10
C11.txt;in case of;logicalconnectors;1
C11.txt;multiplied;mathematicaloperators;1
C11.txt;repurchase;economicoperands;1
C11.txt;respective;logicalconnectors;3
C11.txt;securities;economicoperands;2
C11.txt;settlement;economicoperands;24
C11.txt;subject to;logicalconnectors;2
C11.txt;borrowing;economicoperands;1
C11.txt;calculate;economicoperands;2
C11.txt;commodity;economicoperands;2
C11.txt;determine;regulatoryoperators;1
C11.txt;less than;mathematicaloperators;2
C11.txt;positions;economicoperands;5
C11.txt;templates;legalreferences;1
C11.txt;unsettled;economicoperands;42
C11.txt;based on;other;2
C11.txt;delivery;economicoperands;18
C11.txt;equities;economicoperands;2
C11.txt;exposure;economicoperands;4
C11.txt;included;logicalconnectors;1
C11.txt;multiply;mathematicaloperators;2
C11.txt;question;economicoperands;2
C11.txt;reported;economicoperands;3
C11.txt;requests;regulatoryoperators;1
C11.txt;required;regulatoryoperators;2
C11.txt;specific;functionwords;1
C11.txt;template;legalreferences;3
C11.txt;15 days;attributes;4
C11.txt;30 days;attributes;4
C11.txt;45 days;attributes;4
C11.txt;actions;economicoperands;2
C11.txt;article;legalreferences;19
C11.txt;between;functionwords;12
C11.txt;current;attributes;2
C11.txt;derived;economicoperands;2
C11.txt;exposed;economicoperands;1
C11.txt;foreign;economicoperands;2
C11.txt;general;functionwords;1
C11.txt;however;functionwords;1
C11.txt;involve;economicoperands;2
C11.txt;lending;economicoperands;1
C11.txt;remarks;economicoperands;1
C11.txt;summing;mathematicaloperators;2
C11.txt;that is;logicalconnectors;1
C11.txt;trading;economicoperands;2
C11.txt;whether;logicalconnectors;1
C11.txt;agreed;economicoperands;5
C11.txt;column;legalreferences;5
C11.txt;due to;logicalconnectors;4
C11.txt;equity;economicoperands;2
C11.txt;factor;mathematicaloperators;23
C11.txt;linked;economicoperands;2
C11.txt;market;economicoperands;2
C11.txt;number;economicoperands;2
C11.txt;obtain;economicoperands;1
C11.txt;prices;economicoperands;3
C11.txt;report;economicoperands;14
C11.txt;sum of;mathematicaloperators;2
C11.txt;about;functionwords;4
C11.txt;after;logicalconnectors;12
C11.txt;could;functionwords;2
C11.txt;dates;economicoperands;4
C11.txt;funds;economicoperands;17
C11.txt;point;economicoperands;5
C11.txt;price;economicoperands;12
C11.txt;shall;regulatoryoperators;22
C11.txt;table;other;5
C11.txt;their;functionwords;8
C11.txt;those;functionwords;1
C11.txt;total;mathematicaloperators;6
C11.txt;value;economicoperands;2
C11.txt;where;logicalconnectors;2
C11.txt;which;functionwords;2
C11.txt;both;logicalconnectors;1
C11.txt;cell;legalreferences;2
C11.txt;date;economicoperands;2
C11.txt;days;attributes;8
C11.txt;free;economicoperands;1
C11.txt;from;functionwords;2
C11.txt;gain;economicoperands;1
C11.txt;held;economicoperands;1
C11.txt;long;economicoperands;1
C11.txt;loss;economicoperands;6
C11.txt;more;mathematicaloperators;4
C11.txt;note;economicoperands;2
C11.txt;only;logicalconnectors;1
C11.txt;risk;economicoperands;17
C11.txt;rows;economicoperands;3
C11.txt;that;functionwords;3
C11.txt;they;functionwords;2
C11.txt;this;functionwords;3
C11.txt;100;attributes;5
C11.txt;101;legalreferences;1
C11.txt;102;legalreferences;1
C11.txt;103;legalreferences;1
C11.txt;104;legalreferences;1
C11.txt;105;legalreferences;1
C11.txt;all;logicalconnectors;1
C11.txt;and;logicalconnectors;23
C11.txt;are;functionwords;7
C11.txt;crr;legalreferences;16
C11.txt;due;attributes;12
C11.txt;for;functionwords;25
C11.txt;irb;economicoperands;1
C11.txt;not;logicalconnectors;3
C11.txt;own;functionwords;17
C11.txt;the;functionwords;51
C11.txt;12;attributes;1
C11.txt;16;legalreferences;4
C11.txt;31;attributes;4
C11.txt;46;legalreferences;4
C11.txt;50;attributes;4
C11.txt;75;attributes;4
C11.txt;an;functionwords;1
C11.txt;as;logicalconnectors;2
C11.txt;at;functionwords;10
C11.txt;be;functionwords;3
C11.txt;by;functionwords;7
C11.txt;ii;legalreferences;3
C11.txt;in;functionwords;21
C11.txt;no;logicalconnectors;2
C11.txt;of;functionwords;13
C11.txt;on;functionwords;2
C11.txt;or;logicalconnectors;11
C11.txt;sa;economicoperands;1
C11.txt;to;functionwords;13
C11.txt;up;functionwords;4
C11.txt;1;attributes;5
C11.txt;3;attributes;3
C11.txt;4;attributes;6
C11.txt;5;attributes;7
C11.txt;8;attributes;4
