C23.txt;under the standardised approach;economicoperands;1
C23.txt;delta plus approach;economicoperands;3
C23.txt;in accordance with;logicalconnectors;4
C23.txt;exposure amount;economicoperands;3
C23.txt;maturity ladder;economicoperands;6
C23.txt;non-delta risks;economicoperands;3
C23.txt;be reported in;regulatoryoperators;1
C23.txt;capital charge;economicoperands;4
C23.txt;multiplication;mathematicaloperators;1
C23.txt;referred to in;functionwords;4
C23.txt;as defined in;logicalconnectors;1
C23.txt;correspondent;economicoperands;1
C23.txt;corresponding;logicalconnectors;1
C23.txt;agricultural;economicoperands;1
C23.txt;instructions;regulatoryoperators;1
C23.txt;requirements;regulatoryoperators;11
C23.txt;standardised;economicoperands;2
C23.txt;commodities;economicoperands;11
C23.txt;in the same;logicalconnectors;1
C23.txt;information;economicoperands;1
C23.txt;requirement;regulatoryoperators;1
C23.txt;additional;mathematicaloperators;5
C23.txt;approaches;economicoperands;3
C23.txt;calculated;economicoperands;2
C23.txt;concerning;logicalconnectors;1
C23.txt;considered;logicalconnectors;2
C23.txt;continuous;economicoperands;1
C23.txt;simplified;economicoperands;4
C23.txt;subject to;logicalconnectors;6
C23.txt;commodity;economicoperands;2
C23.txt;different;mathematicaloperators;1
C23.txt;positions;economicoperands;22
C23.txt;reporting;economicoperands;1
C23.txt;approach;economicoperands;10
C23.txt;category;economicoperands;1
C23.txt;extended;economicoperands;3
C23.txt;of which;logicalconnectors;1
C23.txt;position;economicoperands;1
C23.txt;precious;economicoperands;1
C23.txt;products;economicoperands;2
C23.txt;purposes;economicoperands;1
C23.txt;relevant;attributes;1
C23.txt;scenario;economicoperands;1
C23.txt;specific;functionwords;1
C23.txt;template;legalreferences;1
C23.txt;title iv;legalreferences;3
C23.txt;warrants;economicoperands;1
C23.txt;article;legalreferences;10
C23.txt;chapter;legalreferences;3
C23.txt;general;functionwords;1
C23.txt;grouped;economicoperands;1
C23.txt;options;economicoperands;4
C23.txt;receive;economicoperands;1
C23.txt;related;logicalconnectors;1
C23.txt;remarks;economicoperands;1
C23.txt;request;regulatoryoperators;1
C23.txt;treated;economicoperands;1
C23.txt;energy;economicoperands;1
C23.txt;except;logicalconnectors;1
C23.txt;groups;economicoperands;1
C23.txt;linked;economicoperands;1
C23.txt;market;economicoperands;3
C23.txt;matrix;mathematicaloperators;1
C23.txt;metals;economicoperands;2
C23.txt;method;economicoperands;1
C23.txt;others;logicalconnectors;1
C23.txt;result;economicoperands;1
C23.txt;funds;economicoperands;7
C23.txt;gamma;economicoperands;1
C23.txt;gross;economicoperands;1
C23.txt;point;economicoperands;2
C23.txt;shall;regulatoryoperators;2
C23.txt;short;economicoperands;7
C23.txt;table;other;1
C23.txt;their;functionwords;1
C23.txt;those;functionwords;1
C23.txt;three;attributes;3
C23.txt;total;mathematicaloperators;5
C23.txt;also;logicalconnectors;1
C23.txt;base;economicoperands;1
C23.txt;cell;legalreferences;1
C23.txt;four;attributes;1
C23.txt;gold;economicoperands;1
C23.txt;long;economicoperands;7
C23.txt;non-;logicalconnectors;1
C23.txt;part;functionwords;3
C23.txt;risk;economicoperands;8
C23.txt;rows;economicoperands;1
C23.txt;that;functionwords;1
C23.txt;this;functionwords;1
C23.txt;vega;economicoperands;1
C23.txt;all;logicalconnectors;4
C23.txt;and;logicalconnectors;6
C23.txt;any;logicalconnectors;1
C23.txt;crr;legalreferences;13
C23.txt;for;functionwords;10
C23.txt;gas;economicoperands;1
C23.txt;iii;legalreferences;1
C23.txt;net;economicoperands;4
C23.txt;oil;economicoperands;1
C23.txt;own;functionwords;7
C23.txt;see;other;1
C23.txt;the;functionwords;12
C23.txt;12;attributes;1
C23.txt;be;functionwords;1
C23.txt;by;functionwords;2
C23.txt;in;functionwords;9
C23.txt;of;functionwords;13
C23.txt;on;functionwords;1
C23.txt;sa;economicoperands;2
C23.txt;to;functionwords;2
C23.txt;1;attributes;1
C23.txt;2;attributes;1
C23.txt;3;attributes;2
C23.txt;4;attributes;6
C23.txt;5;attributes;1
