C66.txt;non-operational deposits;economicoperands;15
C66.txt;asset backed securities;economicoperands;3
C66.txt;credit facilities;economicoperands;3
C66.txt;securities issued;economicoperands;3
C66.txt;counterbalancing;economicoperands;18
C66.txt;retail customers;economicoperands;1
C66.txt;maturity ladder;economicoperands;1
C66.txt;retail deposits;economicoperands;9
C66.txt;secured lending;economicoperands;6
C66.txt;securitisations;economicoperands;3
C66.txt;capital market;economicoperands;6
C66.txt;collateralised;economicoperands;6
C66.txt;counterparties;economicoperands;9
C66.txt;resulting from;other;12
C66.txt;central banks;economicoperands;9
C66.txt;contingencies;economicoperands;3
C66.txt;public sector;economicoperands;18
C66.txt;central bank;economicoperands;18
C66.txt;greater than;mathematicaloperators;240
C66.txt;institutions;economicoperands;6
C66.txt;transactions;economicoperands;3
C66.txt;withdrawable;economicoperands;3
C66.txt;behavioural;economicoperands;9
C66.txt;contractual;economicoperands;39
C66.txt;derivatives;economicoperands;6
C66.txt;liabilities;economicoperands;9
C66.txt;operational;economicoperands;3
C66.txt;receivables;economicoperands;3
C66.txt;significant;attributes;1
C66.txt;collateral;economicoperands;3
C66.txt;considered;logicalconnectors;3
C66.txt;corporates;economicoperands;6
C66.txt;currencies;economicoperands;1
C66.txt;facilities;economicoperands;18
C66.txt;government;economicoperands;6
C66.txt;intragroup;economicoperands;12
C66.txt;memorandum;legalreferences;3
C66.txt;other than;logicalconnectors;6
C66.txt;restricted;regulatoryoperators;3
C66.txt;securities;economicoperands;3
C66.txt;treated as;regulatoryoperators;3
C66.txt;12 months;attributes;24
C66.txt;committed;economicoperands;12
C66.txt;corporate;economicoperands;18
C66.txt;cumulated;mathematicaloperators;6
C66.txt;customers;economicoperands;6
C66.txt;downgrade;economicoperands;3
C66.txt;excluding;logicalconnectors;18
C66.txt;financial;economicoperands;12
C66.txt;liquidity;economicoperands;3
C66.txt;overnight;economicoperands;24
C66.txt;portfolio;economicoperands;3
C66.txt;regulated;regulatoryoperators;3
C66.txt;unsecured;economicoperands;3
C66.txt;2 months;attributes;24
C66.txt;6 months;attributes;24
C66.txt;9 months;attributes;24
C66.txt;advances;economicoperands;6
C66.txt;capacity;economicoperands;18
C66.txt;deposits;economicoperands;12
C66.txt;eligible;economicoperands;9
C66.txt;maturing;economicoperands;15
C66.txt;maturity;economicoperands;33
C66.txt;outflows;economicoperands;25
C66.txt;received;economicoperands;9
C66.txt;receiver;economicoperands;3
C66.txt;reported;economicoperands;12
C66.txt;reserves;economicoperands;3
C66.txt;tradable;economicoperands;42
C66.txt;triggers;economicoperands;2
C66.txt;2 years;attributes;24
C66.txt;30 days;attributes;24
C66.txt;5 years;attributes;24
C66.txt;actions;economicoperands;3
C66.txt;central;economicoperands;6
C66.txt;covered;economicoperands;42
C66.txt;granted;economicoperands;3
C66.txt;inflows;economicoperands;24
C66.txt;initial;economicoperands;5
C66.txt;parties;economicoperands;3
C66.txt;undrawn;economicoperands;3
C66.txt;3 days;attributes;24
C66.txt;amount;mathematicaloperators;6
C66.txt;assets;economicoperands;47
C66.txt;change;economicoperands;3
C66.txt;credit;economicoperands;6
C66.txt;driven;economicoperands;6
C66.txt;due to;logicalconnectors;3
C66.txt;if not;logicalconnectors;3
C66.txt;monies;economicoperands;6
C66.txt;months;attributes;72
C66.txt;retail;economicoperands;2
C66.txt;shares;economicoperands;11
C66.txt;stable;economicoperands;3
C66.txt;bonds;economicoperands;63
C66.txt;coins;economicoperands;3
C66.txt;downs;functionwords;3
C66.txt;items;other;3
C66.txt;level;economicoperands;165
C66.txt;loans;economicoperands;6
C66.txt;notes;economicoperands;3
C66.txt;other;logicalconnectors;51
C66.txt;paper;economicoperands;3
C66.txt;stock;economicoperands;5
C66.txt;swaps;economicoperands;6
C66.txt;those;functionwords;6
C66.txt;total;mathematicaloperators;7
C66.txt;weeks;economicoperands;72
C66.txt;bank;economicoperands;3
C66.txt;code;economicoperands;33
C66.txt;days;attributes;120
C66.txt;flow;economicoperands;33
C66.txt;from;functionwords;36
C66.txt;hqla;economicoperands;6
C66.txt;item;other;33
C66.txt;non-;logicalconnectors;9
C66.txt;100;attributes;14
C66.txt;110;legalreferences;14
C66.txt;120;legalreferences;14
C66.txt;140;legalreferences;14
C66.txt;150;attributes;14
C66.txt;180;attributes;14
C66.txt;210;attributes;14
C66.txt;220;legalreferences;14
C66.txt;250;attributes;3
C66.txt;500;attributes;3
C66.txt;920;legalreferences;3
C66.txt;and;logicalconnectors;19
C66.txt;cqs;economicoperands;24
C66.txt;due;attributes;12
C66.txt;for;functionwords;3
C66.txt;gap;economicoperands;5
C66.txt;ips;economicoperands;12
C66.txt;net;economicoperands;9
C66.txt;non;logicalconnectors;3
C66.txt;not;logicalconnectors;6
C66.txt;own;functionwords;3
C66.txt;the;functionwords;3
C66.txt;use;economicoperands;3
C66.txt;10;attributes;3
C66.txt;11;legalreferences;3
C66.txt;12;attributes;3
C66.txt;13;legalreferences;3
C66.txt;14;legalreferences;3
C66.txt;17;legalreferences;3
C66.txt;18;legalreferences;3
C66.txt;19;legalreferences;3
C66.txt;as;logicalconnectors;6
C66.txt;by;functionwords;9
C66.txt;fx;economicoperands;12
C66.txt;in;functionwords;15
C66.txt;of;functionwords;6
C66.txt;or;logicalconnectors;9
C66.txt;to;functionwords;231
C66.txt;up;functionwords;228
C66.txt;1;attributes;87
C66.txt;2;attributes;60
C66.txt;3;attributes;81
C66.txt;4;attributes;51
C66.txt;5;attributes;81
C66.txt;6;attributes;33
C66.txt;7;attributes;24
