F21.txt;national gaap compatible;legalreferences;1
F21.txt;accounting framework;economicoperands;1
F21.txt;for the purposes of;logicalconnectors;1
F21.txt;intangible assets;economicoperands;5
F21.txt;carrying amount;economicoperands;2
F21.txt;tangible assets;economicoperands;2
F21.txt;broken down by;mathematicaloperators;1
F21.txt;national gaap;legalreferences;1
F21.txt;third parties;economicoperands;2
F21.txt;calculation;economicoperands;1
F21.txt;institution;economicoperands;2
F21.txt;measurement;mathematicaloperators;1
F21.txt;revaluation;economicoperands;4
F21.txt;agreements;economicoperands;1
F21.txt;fair value;economicoperands;2
F21.txt;investment;economicoperands;2
F21.txt;references;functionwords;3
F21.txt;regulation;economicoperands;1
F21.txt;subject to;logicalconnectors;3
F21.txt;under ifrs;legalreferences;1
F21.txt;equipment;economicoperands;2
F21.txt;operating;economicoperands;5
F21.txt;threshold;economicoperands;1
F21.txt;annex v.;legalreferences;2
F21.txt;based on;other;1
F21.txt;property;economicoperands;4
F21.txt;relevant;attributes;1
F21.txt;tangible;economicoperands;3
F21.txt;article;legalreferences;1
F21.txt;divided;mathematicaloperators;1
F21.txt;qualify;economicoperands;1
F21.txt;assets;economicoperands;5
F21.txt;leased;economicoperands;2
F21.txt;leases;economicoperands;2
F21.txt;lessor;economicoperands;2
F21.txt;method;economicoperands;1
F21.txt;lease;economicoperands;3
F21.txt;model;economicoperands;12
F21.txt;other;logicalconnectors;2
F21.txt;plant;economicoperands;2
F21.txt;shall;regulatoryoperators;2
F21.txt;total;mathematicaloperators;1
F21.txt;under;functionwords;1
F21.txt;been;functionwords;2
F21.txt;cost;economicoperands;6
F21.txt;have;functionwords;2
F21.txt;ifrs;legalreferences;1
F21.txt;part;functionwords;2
F21.txt;that;functionwords;3
F21.txt;this;functionwords;1
F21.txt;and;logicalconnectors;5
F21.txt;bad;economicoperands;2
F21.txt;the;functionwords;6
F21.txt;20;attributes;1
F21.txt;21;legalreferences;3
F21.txt;38;legalreferences;1
F21.txt;40;legalreferences;2
F21.txt;as;logicalconnectors;2
F21.txt;be;functionwords;2
F21.txt;by;functionwords;3
F21.txt;ii;legalreferences;2
F21.txt;in;functionwords;3
F21.txt;of;functionwords;3
F21.txt;to;functionwords;2
F21.txt;4;attributes;1
F21.txt;9;attributes;2
