F08.txt;part 2 of annex ii to the ecb bsi regulation;legalreferences;2
F08.txt;non-financial corporations;economicoperands;2
F08.txt;national gaap compatible;legalreferences;13
F08.txt;asset backed securities;economicoperands;1
F08.txt;asset-backed securities;economicoperands;2
F08.txt;debt securities issued;economicoperands;10
F08.txt;financial corporations;economicoperands;2
F08.txt;accounting portfolios;economicoperands;1
F08.txt;financial instruments;economicoperands;4
F08.txt;regardless of whether;logicalconnectors;1
F08.txt;repurchase agreements;economicoperands;12
F08.txt;equity instruments;economicoperands;2
F08.txt;in accordance with;logicalconnectors;2
F08.txt;as referred to in;logicalconnectors;1
F08.txt;cost-based method;economicoperands;1
F08.txt;hedge accounting;economicoperands;12
F08.txt;held for trading;economicoperands;12
F08.txt;hybrid contracts;economicoperands;3
F08.txt;carrying amount;economicoperands;13
F08.txt;debt securities;economicoperands;3
F08.txt;amortised cost;economicoperands;12
F08.txt;in the form of;logicalconnectors;2
F08.txt;profit or loss;economicoperands;15
F08.txt;referred to in;functionwords;2
F08.txt;securitisation;economicoperands;1
F08.txt;as defined in;logicalconnectors;1
F08.txt;at fair value;economicoperands;14
F08.txt;central banks;economicoperands;2
F08.txt;classified as;regulatoryoperators;4
F08.txt;disaggregated;mathematicaloperators;1
F08.txt;in particular;logicalconnectors;1
F08.txt;national gaap;legalreferences;9
F08.txt;according to;regulatoryoperators;1
F08.txt;accumulative;economicoperands;1
F08.txt;article 4(1);legalreferences;1
F08.txt;breakdown of;mathematicaloperators;5
F08.txt;certificates;economicoperands;3
F08.txt;counterparty;economicoperands;3
F08.txt;institutions;economicoperands;2
F08.txt;restrictions;regulatoryoperators;1
F08.txt;subordinated;economicoperands;9
F08.txt;transactions;economicoperands;1
F08.txt;transferable;economicoperands;1
F08.txt;accumulated;economicoperands;5
F08.txt;convertible;economicoperands;7
F08.txt;cost- based;economicoperands;8
F08.txt;credit risk;economicoperands;13
F08.txt;derivatives;economicoperands;3
F08.txt;distinguish;logicalconnectors;1
F08.txt;distributed;economicoperands;1
F08.txt;governments;economicoperands;2
F08.txt;in the same;logicalconnectors;1
F08.txt;institution;economicoperands;1
F08.txt;instruments;economicoperands;2
F08.txt;liabilities;economicoperands;19
F08.txt;significant;attributes;1
F08.txt;accounting;economicoperands;51
F08.txt;appendix a;legalreferences;12
F08.txt;classified;regulatoryoperators;2
F08.txt;designated;regulatoryoperators;14
F08.txt;determined;regulatoryoperators;1
F08.txt;fair value;economicoperands;14
F08.txt;households;economicoperands;2
F08.txt;recognised;economicoperands;1
F08.txt;redeemable;economicoperands;14
F08.txt;references;functionwords;23
F08.txt;regulation;economicoperands;1
F08.txt;securities;economicoperands;3
F08.txt;subject to;logicalconnectors;1
F08.txt;subsidiary;economicoperands;1
F08.txt;amortized;economicoperands;2
F08.txt;breakdown;mathematicaloperators;1
F08.txt;contracts;economicoperands;1
F08.txt;directive;legalreferences;51
F08.txt;exercised;economicoperands;1
F08.txt;financial;economicoperands;15
F08.txt;following;other;1
F08.txt;overnight;economicoperands;13
F08.txt;penalties;economicoperands;1
F08.txt;positions;economicoperands;2
F08.txt;regulated;regulatoryoperators;1
F08.txt;satisfied;regulatoryoperators;1
F08.txt;accounts;economicoperands;12
F08.txt;although;logicalconnectors;1
F08.txt;annex v.;legalreferences;106
F08.txt;based on;other;8
F08.txt;compound;mathematicaloperators;4
F08.txt;comprise;logicalconnectors;1
F08.txt;deposits;economicoperands;51
F08.txt;embedded;logicalconnectors;1
F08.txt;features;economicoperands;1
F08.txt;included;logicalconnectors;2
F08.txt;incurred;economicoperands;1
F08.txt;maturity;economicoperands;12
F08.txt;of which;logicalconnectors;2
F08.txt;products;economicoperands;3
F08.txt;template;legalreferences;1
F08.txt;withdraw;economicoperands;1
F08.txt;account;economicoperands;1
F08.txt;article;legalreferences;1
F08.txt;between;functionwords;1
F08.txt;changes;economicoperands;15
F08.txt;covered;economicoperands;3
F08.txt;current;attributes;12
F08.txt;defined;regulatoryoperators;1
F08.txt;derived;economicoperands;1
F08.txt;general;functionwords;2
F08.txt;holders;economicoperands;1
F08.txt;include;logicalconnectors;2
F08.txt;issuing;economicoperands;1
F08.txt;legally;economicoperands;1
F08.txt;product;economicoperands;3
F08.txt;provide;economicoperands;1
F08.txt;savings;economicoperands;2
F08.txt;similar;logicalconnectors;1
F08.txt;through;functionwords;14
F08.txt;trading;economicoperands;8
F08.txt;treated;economicoperands;1
F08.txt;agreed;economicoperands;12
F08.txt;amount;mathematicaloperators;2
F08.txt;claims;economicoperands;1
F08.txt;credit;economicoperands;2
F08.txt;demand;economicoperands;1
F08.txt;due to;logicalconnectors;13
F08.txt;enable;economicoperands;1
F08.txt;higher;mathematicaloperators;1
F08.txt;ifrs 9;legalreferences;26
F08.txt;income;economicoperands;1
F08.txt;issued;economicoperands;2
F08.txt;method;economicoperands;8
F08.txt;notice;economicoperands;13
F08.txt;points;economicoperands;2
F08.txt;sector;economicoperands;2
F08.txt;status;economicoperands;1
F08.txt;after;logicalconnectors;1
F08.txt;annex;legalreferences;80
F08.txt;bonds;economicoperands;3
F08.txt;claim;economicoperands;1
F08.txt;funds;economicoperands;1
F08.txt;lease;economicoperands;2
F08.txt;other;logicalconnectors;9
F08.txt;point;economicoperands;2
F08.txt;shall;regulatoryoperators;14
F08.txt;short;economicoperands;2
F08.txt;sight;economicoperands;1
F08.txt;table;other;2
F08.txt;under;functionwords;1
F08.txt;which;functionwords;1
F08.txt;been;functionwords;1
F08.txt;cost;economicoperands;2
F08.txt;debt;economicoperands;2
F08.txt;from;functionwords;2
F08.txt;have;functionwords;2
F08.txt;ifrs;legalreferences;133
F08.txt;into;functionwords;1
F08.txt;non-;logicalconnectors;4
F08.txt;only;logicalconnectors;1
F08.txt;part;functionwords;187
F08.txt;said;economicoperands;1
F08.txt;that;functionwords;6
F08.txt;they;functionwords;1
F08.txt;type;economicoperands;1
F08.txt;very;logicalconnectors;1
F08.txt;with;functionwords;14
F08.txt;100;attributes;4
F08.txt;101;legalreferences;1
F08.txt;129;legalreferences;4
F08.txt;all;logicalconnectors;2
F08.txt;and;logicalconnectors;11
F08.txt;are;functionwords;6
F08.txt;bad;economicoperands;8
F08.txt;can;regulatoryoperators;1
F08.txt;crr;legalreferences;29
F08.txt;ecb;economicoperands;80
F08.txt;not;logicalconnectors;2
F08.txt;own;functionwords;1
F08.txt;the;functionwords;12
F08.txt;way;economicoperands;1
F08.txt;14;legalreferences;8
F08.txt;15;attributes;8
F08.txt;28;legalreferences;10
F08.txt;31;attributes;2
F08.txt;32;legalreferences;2
F08.txt;41;legalreferences;3
F08.txt;44;legalreferences;18
F08.txt;47;legalreferences;2
F08.txt;an;functionwords;1
F08.txt;as;logicalconnectors;2
F08.txt;at;functionwords;25
F08.txt;be;functionwords;11
F08.txt;by;functionwords;5
F08.txt;ii;legalreferences;13
F08.txt;in;functionwords;20
F08.txt;of;functionwords;8
F08.txt;on;functionwords;1
F08.txt;or;logicalconnectors;2
F08.txt;to;functionwords;3
F08.txt;1;attributes;78
F08.txt;2;attributes;84
F08.txt;3;attributes;26
F08.txt;4;attributes;3
F08.txt;5;attributes;1
F08.txt;6;attributes;46
F08.txt;7;attributes;28
F08.txt;8;attributes;63
F08.txt;9;attributes;2
