F07.txt;non-financial corporations;economicoperands;8
F07.txt;national gaap compatible;legalreferences;3
F07.txt;credit-impaired assets;economicoperands;6
F07.txt;financial corporations;economicoperands;8
F07.txt;accounting portfolios;economicoperands;2
F07.txt;accounting standards;economicoperands;1
F07.txt;collateralized loans;economicoperands;4
F07.txt;that are included in;logicalconnectors;1
F07.txt;under national gaap;legalreferences;2
F07.txt;in accordance with;logicalconnectors;1
F07.txt;collateralized by;economicoperands;4
F07.txt;impairment stages;economicoperands;1
F07.txt;carrying amounts;economicoperands;1
F07.txt;credit card debt;economicoperands;4
F07.txt;credit- impaired;economicoperands;3
F07.txt;debt instruments;economicoperands;5
F07.txt;financial assets;economicoperands;16
F07.txt;be allocated to;regulatoryoperators;1
F07.txt;be reported for;regulatoryoperators;1
F07.txt;carrying amount;economicoperands;15
F07.txt;credit-impaired;economicoperands;11
F07.txt;debt securities;economicoperands;4
F07.txt;on the basis of;logicalconnectors;1
F07.txt;be reported in;regulatoryoperators;1
F07.txt;reference date;economicoperands;1
F07.txt;central banks;economicoperands;8
F07.txt;corresponding;logicalconnectors;1
F07.txt;national gaap;legalreferences;3
F07.txt;subordination;economicoperands;4
F07.txt;according to;regulatoryoperators;1
F07.txt;institutions;economicoperands;8
F07.txt;short notice;economicoperands;4
F07.txt;broken down;mathematicaloperators;1
F07.txt;consumption;economicoperands;4
F07.txt;credit risk;economicoperands;12
F07.txt;governments;economicoperands;8
F07.txt;instruments;economicoperands;1
F07.txt;receivables;economicoperands;4
F07.txt;recognition;economicoperands;12
F07.txt;significant;attributes;12
F07.txt;applicable;logicalconnectors;1
F07.txt;collateral;economicoperands;4
F07.txt;defined as;regulatoryoperators;1
F07.txt;households;economicoperands;4
F07.txt;impairment;economicoperands;10
F07.txt;individual;economicoperands;1
F07.txt;originated;economicoperands;8
F07.txt;references;functionwords;12
F07.txt;repurchase;economicoperands;4
F07.txt;separately;economicoperands;1
F07.txt;subject to;logicalconnectors;9
F07.txt;term loans;economicoperands;4
F07.txt;under ifrs;legalreferences;1
F07.txt;amount of;mathematicaloperators;1
F07.txt;exposures;economicoperands;1
F07.txt;inmovable;economicoperands;4
F07.txt;paragraph;legalreferences;1
F07.txt;principal;economicoperands;1
F07.txt;purchased;economicoperands;8
F07.txt;situation;economicoperands;1
F07.txt;advances;economicoperands;12
F07.txt;annex v.;legalreferences;124
F07.txt;based on;other;4
F07.txt;impaired;economicoperands;6
F07.txt;increase;mathematicaloperators;12
F07.txt;interest;economicoperands;1
F07.txt;of which;logicalconnectors;20
F07.txt;past due;economicoperands;16
F07.txt;past-due;economicoperands;3
F07.txt;property;economicoperands;4
F07.txt;purchase;economicoperands;4
F07.txt;reported;economicoperands;3
F07.txt;template;legalreferences;1
F07.txt;30 days;attributes;30
F07.txt;90 days;attributes;34
F07.txt;account;economicoperands;4
F07.txt;annex v;legalreferences;4
F07.txt;buckets;economicoperands;1
F07.txt;current;attributes;4
F07.txt;finance;economicoperands;8
F07.txt;general;functionwords;8
F07.txt;initial;economicoperands;12
F07.txt;lending;economicoperands;4
F07.txt;product;economicoperands;4
F07.txt;project;economicoperands;4
F07.txt;qualify;economicoperands;1
F07.txt;reverse;economicoperands;4
F07.txt;without;logicalconnectors;6
F07.txt;amount;mathematicaloperators;1
F07.txt;assets;economicoperands;14
F07.txt;credit;economicoperands;12
F07.txt;demand;economicoperands;4
F07.txt;entire;logicalconnectors;1
F07.txt;leases;economicoperands;4
F07.txt;number;economicoperands;1
F07.txt;oldest;mathematicaloperators;1
F07.txt;status;economicoperands;1
F07.txt;unpaid;economicoperands;1
F07.txt;house;economicoperands;4
F07.txt;loans;economicoperands;24
F07.txt;other;logicalconnectors;16
F07.txt;shall;regulatoryoperators;8
F07.txt;since;logicalconnectors;12
F07.txt;stage;economicoperands;18
F07.txt;their;functionwords;2
F07.txt;total;mathematicaloperators;4
F07.txt;trade;economicoperands;4
F07.txt;where;logicalconnectors;2
F07.txt;been;functionwords;1
F07.txt;call;economicoperands;4
F07.txt;date;economicoperands;1
F07.txt;days;attributes;1
F07.txt;ifrs;legalreferences;21
F07.txt;only;logicalconnectors;1
F07.txt;paid;economicoperands;1
F07.txt;part;functionwords;129
F07.txt;that;functionwords;11
F07.txt;they;functionwords;1
F07.txt;this;functionwords;1
F07.txt;with;functionwords;6
F07.txt;and;logicalconnectors;17
F07.txt;any;logicalconnectors;1
F07.txt;are;functionwords;12
F07.txt;bad;economicoperands;4
F07.txt;but;logicalconnectors;9
F07.txt;crr;legalreferences;7
F07.txt;due;attributes;1
F07.txt;fee;economicoperands;1
F07.txt;for;functionwords;8
F07.txt;has;functionwords;1
F07.txt;not;logicalconnectors;15
F07.txt;the;functionwords;10
F07.txt;was;functionwords;1
F07.txt;28;legalreferences;3
F07.txt;44;legalreferences;8
F07.txt;as;logicalconnectors;2
F07.txt;at;functionwords;2
F07.txt;be;functionwords;4
F07.txt;by;functionwords;14
F07.txt;in;functionwords;13
F07.txt;it;functionwords;1
F07.txt;of;functionwords;6
F07.txt;on;functionwords;4
F07.txt;or;logicalconnectors;9
F07.txt;1;attributes;6
F07.txt;2;attributes;6
F07.txt;3;attributes;36
F07.txt;4;attributes;3
F07.txt;7;attributes;13
F07.txt;8;attributes;4
F07.txt;9;attributes;26
