F15.txt;non-trading financial assets;economicoperands;5
F15.txt;national gaap compatible;legalreferences;15
F15.txt;trading financial assets;economicoperands;3
F15.txt;accounting portfolios;economicoperands;1
F15.txt;repurchase agreements;economicoperands;19
F15.txt;comprehensive income;economicoperands;5
F15.txt;for capital purposes;economicoperands;9
F15.txt;equity instruments;economicoperands;33
F15.txt;in accordance with;logicalconnectors;1
F15.txt;at amortised cost;economicoperands;5
F15.txt;cost-based method;economicoperands;3
F15.txt;corresponding to;logicalconnectors;1
F15.txt;financial assets;economicoperands;74
F15.txt;held for trading;economicoperands;5
F15.txt;income statement;economicoperands;1
F15.txt;associated with;economicoperands;3
F15.txt;carrying amount;economicoperands;29
F15.txt;debt securities;economicoperands;40
F15.txt;in exchange for;economicoperands;4
F15.txt;loss accounting;economicoperands;6
F15.txt;securitizations;economicoperands;2
F15.txt;in the form of;logicalconnectors;2
F15.txt;profit or loss;economicoperands;7
F15.txt;securitisation;economicoperands;2
F15.txt;at fair value;economicoperands;21
F15.txt;de-recognised;economicoperands;1
F15.txt;derecognition;economicoperands;5
F15.txt;national gaap;legalreferences;15
F15.txt;to the extent;logicalconnectors;12
F15.txt;according to;regulatoryoperators;2
F15.txt;derecognised;economicoperands;14
F15.txt;derecognized;economicoperands;1
F15.txt;institutions;economicoperands;1
F15.txt;transactions;economicoperands;2
F15.txt;information;economicoperands;1
F15.txt;institution;economicoperands;3
F15.txt;involvement;economicoperands;14
F15.txt;liabilities;economicoperands;16
F15.txt;mandatorily;regulatoryoperators;5
F15.txt;outstanding;economicoperands;7
F15.txt;temporarily;attributes;2
F15.txt;third party;economicoperands;3
F15.txt;transaction;economicoperands;1
F15.txt;transferred;economicoperands;42
F15.txt;accounting;economicoperands;16
F15.txt;appendix a;legalreferences;5
F15.txt;associated;economicoperands;20
F15.txt;classified;regulatoryoperators;1
F15.txt;collateral;economicoperands;2
F15.txt;commitment;economicoperands;2
F15.txt;considered;logicalconnectors;1
F15.txt;continuing;economicoperands;14
F15.txt;derivative;economicoperands;12
F15.txt;designated;regulatoryoperators;5
F15.txt;liabilites;economicoperands;7
F15.txt;operations;economicoperands;1
F15.txt;prudential;economicoperands;1
F15.txt;recognised;economicoperands;8
F15.txt;recognized;economicoperands;24
F15.txt;references;functionwords;34
F15.txt;repurchase;economicoperands;2
F15.txt;securities;economicoperands;3
F15.txt;agreement;economicoperands;1
F15.txt;directive;legalreferences;21
F15.txt;financial;economicoperands;3
F15.txt;generated;economicoperands;1
F15.txt;identical;mathematicaloperators;1
F15.txt;instution;economicoperands;12
F15.txt;involving;economicoperands;1
F15.txt;liability;economicoperands;1
F15.txt;operation;economicoperands;1
F15.txt;portfolio;economicoperands;2
F15.txt;positions;economicoperands;1
F15.txt;principal;economicoperands;14
F15.txt;servicing;economicoperands;8
F15.txt;specified;regulatoryoperators;1
F15.txt;temporary;attributes;2
F15.txt;acquirer;economicoperands;1
F15.txt;advances;economicoperands;40
F15.txt;annex v.;legalreferences;147
F15.txt;articles;legalreferences;1
F15.txt;based on;other;15
F15.txt;cognised;economicoperands;2
F15.txt;entirely;logicalconnectors;20
F15.txt;included;logicalconnectors;3
F15.txt;measured;economicoperands;9
F15.txt;of which;logicalconnectors;29
F15.txt;original;economicoperands;7
F15.txt;purposes;economicoperands;2
F15.txt;received;economicoperands;4
F15.txt;receives;economicoperands;1
F15.txt;reported;economicoperands;1
F15.txt;template;legalreferences;1
F15.txt;transfer;economicoperands;1
F15.txt;treating;economicoperands;1
F15.txt;against;functionwords;2
F15.txt;amounts;mathematicaloperators;11
F15.txt;because;logicalconnectors;1
F15.txt;declare;regulatoryoperators;1
F15.txt;include;logicalconnectors;4
F15.txt;involve;economicoperands;6
F15.txt;lending;economicoperands;1
F15.txt;qualify;economicoperands;1
F15.txt;related;logicalconnectors;1
F15.txt;retains;economicoperands;8
F15.txt;reverse;economicoperands;3
F15.txt;through;functionwords;18
F15.txt;trading;economicoperands;12
F15.txt;amount;mathematicaloperators;14
F15.txt;assets;economicoperands;23
F15.txt;column;legalreferences;1
F15.txt;equity;economicoperands;3
F15.txt;future;economicoperands;1
F15.txt;ifrs 9;legalreferences;5
F15.txt;loaned;economicoperands;1
F15.txt;losses;economicoperands;1
F15.txt;merely;logicalconnectors;1
F15.txt;option;economicoperands;1
F15.txt;profit;economicoperands;6
F15.txt;rights;economicoperands;8
F15.txt;within;logicalconnectors;1
F15.txt;annex;legalreferences;18
F15.txt;fixed;economicoperands;1
F15.txt;gains;economicoperands;1
F15.txt;given;functionwords;1
F15.txt;loans;economicoperands;41
F15.txt;other;logicalconnectors;8
F15.txt;price;economicoperands;2
F15.txt;prior;economicoperands;1
F15.txt;repos;economicoperands;4
F15.txt;shall;regulatoryoperators;9
F15.txt;still;logicalconnectors;7
F15.txt;their;functionwords;1
F15.txt;there;functionwords;1
F15.txt;total;mathematicaloperators;3
F15.txt;under;functionwords;2
F15.txt;where;logicalconnectors;2
F15.txt;which;functionwords;13
F15.txt;also;logicalconnectors;2
F15.txt;back;economicoperands;1
F15.txt;cash;economicoperands;4
F15.txt;date;economicoperands;1
F15.txt;gold;economicoperands;1
F15.txt;ifrs;legalreferences;111
F15.txt;item;other;1
F15.txt;non-;logicalconnectors;24
F15.txt;part;functionwords;197
F15.txt;sale;economicoperands;1
F15.txt;same;logicalconnectors;1
F15.txt;side;economicoperands;2
F15.txt;sold;economicoperands;1
F15.txt;them;functionwords;1
F15.txt;they;functionwords;1
F15.txt;type;economicoperands;1
F15.txt;were;functionwords;3
F15.txt;109;legalreferences;13
F15.txt;180;attributes;1
F15.txt;all;logicalconnectors;1
F15.txt;and;logicalconnectors;48
F15.txt;are;functionwords;1
F15.txt;bad;economicoperands;21
F15.txt;but;logicalconnectors;1
F15.txt;buy;economicoperands;1
F15.txt;crr;legalreferences;30
F15.txt;ecb;economicoperands;18
F15.txt;for;functionwords;11
F15.txt;may;regulatoryoperators;1
F15.txt;not;logicalconnectors;3
F15.txt;out;functionwords;1
F15.txt;the;functionwords;49
F15.txt;14;legalreferences;1
F15.txt;15;attributes;4
F15.txt;27;legalreferences;3
F15.txt;28;legalreferences;5
F15.txt;31;attributes;2
F15.txt;32;legalreferences;2
F15.txt;35;attributes;3
F15.txt;an;functionwords;1
F15.txt;as;logicalconnectors;1
F15.txt;at;functionwords;5
F15.txt;be;functionwords;4
F15.txt;by;functionwords;3
F15.txt;do;functionwords;2
F15.txt;ii;legalreferences;5
F15.txt;in;functionwords;7
F15.txt;is;functionwords;2
F15.txt;of;functionwords;42
F15.txt;on;functionwords;2
F15.txt;or;logicalconnectors;9
F15.txt;so;logicalconnectors;1
F15.txt;to;functionwords;10
F15.txt;1;attributes;30
F15.txt;2;attributes;21
F15.txt;4;attributes;32
F15.txt;5;attributes;16
F15.txt;6;attributes;6
F15.txt;7;attributes;56
F15.txt;8;attributes;21
