C07.txt;sme and infrastructure supporting factors;economicoperands;1
C07.txt;infra structure supporting factor;economicoperands;3
C07.txt;under the standardised approach;economicoperands;5
C07.txt;international organisations;economicoperands;2
C07.txt;which meet the requirements;logicalconnectors;2
C07.txt;on-balance sheet exposures;economicoperands;2
C07.txt;counterparty credit risk;economicoperands;25
C07.txt;internal risk management;economicoperands;3
C07.txt;has the same meaning as;regulatoryoperators;1
C07.txt;off balance sheet items;economicoperands;1
C07.txt;risk- weighted exposure;economicoperands;8
C07.txt;commercial real estate;economicoperands;1
C07.txt;credit risk mitigation;economicoperands;17
C07.txt;geographical breakdown;economicoperands;1
C07.txt;mandate-based approach;economicoperands;6
C07.txt;risk weighted exposure;economicoperands;23
C07.txt;risk-weighted exposure;economicoperands;3
C07.txt;under the irb approach;economicoperands;1
C07.txt;chapter 3 of title ii;legalreferences;1
C07.txt;chapter 6 of title ii;legalreferences;4
C07.txt;reporting institution;economicoperands;1
C07.txt;sme supporting factor;economicoperands;6
C07.txt;standardised approach;economicoperands;10
C07.txt;accounting framework;economicoperands;1
C07.txt;capital requirements;economicoperands;4
C07.txt;residential property;economicoperands;6
C07.txt;that are included in;logicalconnectors;2
C07.txt;business activities;economicoperands;2
C07.txt;in conjunction with;logicalconnectors;3
C07.txt;taking into account;regulatoryoperators;7
C07.txt;within the scope of;logicalconnectors;1
C07.txt;credit derivatives;economicoperands;9
C07.txt;for the purpose of;logicalconnectors;4
C07.txt;immovable property;economicoperands;23
C07.txt;in accordance with;logicalconnectors;31
C07.txt;netting agreements;economicoperands;3
C07.txt;paragraphs 1 and 2;legalreferences;3
C07.txt;paragraphs 2 and 3;legalreferences;1
C07.txt;taken into account;regulatoryoperators;1
C07.txt;within the meaning;logicalconnectors;2
C07.txt;as referred to in;logicalconnectors;17
C07.txt;collateralization;economicoperands;1
C07.txt;credit assessment;economicoperands;13
C07.txt;credit protection;economicoperands;24
C07.txt;netting agreement;economicoperands;1
C07.txt;off-balance sheet;economicoperands;4
C07.txt;on- balance sheet;economicoperands;1
C07.txt;value adjustments;economicoperands;18
C07.txt;article 501a crr;legalreferences;4
C07.txt;be classified in;regulatoryoperators;2
C07.txt;be considered as;regulatoryoperators;1
C07.txt;on-balance sheet;economicoperands;5
C07.txt;adjustment risk;economicoperands;1
C07.txt;appropriateness;attributes;2
C07.txt;article 111 crr;legalreferences;2
C07.txt;article 112 crr;legalreferences;33
C07.txt;article 113 crr;legalreferences;5
C07.txt;article 124 crr;legalreferences;1
C07.txt;as specified in;logicalconnectors;1
C07.txt;associated with;economicoperands;10
C07.txt;be reported for;regulatoryoperators;3
C07.txt;consistent with;logicalconnectors;1
C07.txt;exposure amount;economicoperands;5
C07.txt;interpretations;economicoperands;1
C07.txt;product netting;economicoperands;6
C07.txt;straightforward;attributes;2
C07.txt;administrative;economicoperands;1
C07.txt;article 24 crr;legalreferences;1
C07.txt;be reported as;regulatoryoperators;3
C07.txt;be reported in;regulatoryoperators;16
C07.txt;be the same as;regulatoryoperators;1
C07.txt;categorisation;economicoperands;2
C07.txt;clarifications;economicoperands;1
C07.txt;classification;economicoperands;5
C07.txt;counterparties;economicoperands;1
C07.txt;implementation;regulatoryoperators;4
C07.txt;in the case of;logicalconnectors;4
C07.txt;in the form of;logicalconnectors;7
C07.txt;infrastructure;economicoperands;6
C07.txt;nominal amount;economicoperands;1
C07.txt;prior approval;regulatoryoperators;1
C07.txt;prioritisation;economicoperands;5
C07.txt;qualifications;economicoperands;1
C07.txt;redistribution;economicoperands;1
C07.txt;referred to in;functionwords;14
C07.txt;resulting from;other;3
C07.txt;securitisation;economicoperands;5
C07.txt;adjustment to;mathematicaloperators;16
C07.txt;applicability;logicalconnectors;1
C07.txt;as defined in;logicalconnectors;7
C07.txt;associated to;economicoperands;1
C07.txt;at the end of;logicalconnectors;3
C07.txt;balance sheet;economicoperands;14
C07.txt;central banks;economicoperands;5
C07.txt;classified as;regulatoryoperators;1
C07.txt;comprehensive;economicoperands;6
C07.txt;correspond to;logicalconnectors;2
C07.txt;corresponding;logicalconnectors;3
C07.txt;credit losses;economicoperands;1
C07.txt;cross product;economicoperands;1
C07.txt;deducted from;mathematicaloperators;2
C07.txt;dilution risk;economicoperands;1
C07.txt;has an effect;economicoperands;1
C07.txt;in particular;logicalconnectors;5
C07.txt;in respect of;logicalconnectors;1
C07.txt;institutional;economicoperands;1
C07.txt;intrinsically;economicoperands;1
C07.txt;percentage of;mathematicaloperators;1
C07.txt;public sector;economicoperands;4
C07.txt;redistributed;economicoperands;1
C07.txt;regardless of;logicalconnectors;1
C07.txt;risk exposure;economicoperands;3
C07.txt;according to;regulatoryoperators;5
C07.txt;article 4(1);legalreferences;6
C07.txt;banking book;economicoperands;5
C07.txt;breakdown of;mathematicaloperators;20
C07.txt;consequently;functionwords;1
C07.txt;consolidated;economicoperands;1
C07.txt;coordination;economicoperands;1
C07.txt;counterparty;economicoperands;10
C07.txt;credit risks;economicoperands;3
C07.txt;deduction of;mathematicaloperators;3
C07.txt;distribution;economicoperands;1
C07.txt;establishing;regulatoryoperators;1
C07.txt;incorporated;economicoperands;1
C07.txt;individually;economicoperands;1
C07.txt;institutions;economicoperands;20
C07.txt;instructions;regulatoryoperators;5
C07.txt;irb approach;economicoperands;4
C07.txt;laid down in;economicoperands;6
C07.txt;multilateral;economicoperands;2
C07.txt;nevertheless;logicalconnectors;2
C07.txt;periodically;attributes;2
C07.txt;relationship;economicoperands;1
C07.txt;representing;economicoperands;1
C07.txt;requirements;regulatoryoperators;10
C07.txt;subsequently;logicalconnectors;1
C07.txt;substitution;mathematicaloperators;18
C07.txt;trading book;economicoperands;7
C07.txt;transactions;economicoperands;26
C07.txt;transferable;economicoperands;1
C07.txt;undertakings;economicoperands;9
C07.txt;undiscounted;economicoperands;2
C07.txt;adjustments;mathematicaloperators;4
C07.txt;application;economicoperands;2
C07.txt;appropriate;attributes;1
C07.txt;assigned to;regulatoryoperators;24
C07.txt;authorities;economicoperands;5
C07.txt;backtesting;economicoperands;1
C07.txt;broken down;mathematicaloperators;2
C07.txt;broken-down;mathematicaloperators;1
C07.txt;calculation;economicoperands;8
C07.txt;classifying;regulatoryoperators;1
C07.txt;commodities;economicoperands;3
C07.txt;consequence;functionwords;1
C07.txt;considering;logicalconnectors;1
C07.txt;consists of;logicalconnectors;1
C07.txt;contractual;economicoperands;7
C07.txt;corresponds;logicalconnectors;1
C07.txt;credit risk;economicoperands;27
C07.txt;derivatives;economicoperands;7
C07.txt;development;economicoperands;2
C07.txt;explanation;economicoperands;1
C07.txt;governments;economicoperands;9
C07.txt;graphically;economicoperands;1
C07.txt;homogeneous;attributes;1
C07.txt;in addition;mathematicaloperators;1
C07.txt;in order to;logicalconnectors;2
C07.txt;independent;economicoperands;2
C07.txt;information;economicoperands;12
C07.txt;institution;economicoperands;6
C07.txt;instruments;economicoperands;2
C07.txt;intra-group;economicoperands;4
C07.txt;investments;economicoperands;2
C07.txt;necessarily;attributes;1
C07.txt;outstanding;economicoperands;2
C07.txt;paragraph 1;legalreferences;1
C07.txt;possibility;regulatoryoperators;1
C07.txt;potentially;other;2
C07.txt;pursuant to;functionwords;1
C07.txt;real estate;economicoperands;1
C07.txt;reallocated;economicoperands;1
C07.txt;receivables;economicoperands;1
C07.txt;regulations;economicoperands;1
C07.txt;relating to;logicalconnectors;1
C07.txt;risk weight;economicoperands;14
C07.txt;specialised;economicoperands;2
C07.txt;supervisory;economicoperands;3
C07.txt;transaction;economicoperands;1
C07.txt;undertaking;economicoperands;3
C07.txt;accounting;economicoperands;1
C07.txt;additional;mathematicaloperators;2
C07.txt;adjustment;mathematicaloperators;1
C07.txt;afterwards;logicalconnectors;1
C07.txt;allocation;economicoperands;1
C07.txt;applicable;logicalconnectors;2
C07.txt;approaches;economicoperands;1
C07.txt;as follows;functionwords;1
C07.txt;as long as;logicalconnectors;2
C07.txt;as well as;logicalconnectors;4
C07.txt;assessment;economicoperands;6
C07.txt;assignment;economicoperands;6
C07.txt;background;economicoperands;1
C07.txt;calculated;economicoperands;11
C07.txt;categories;economicoperands;1
C07.txt;classified;regulatoryoperators;3
C07.txt;collateral;economicoperands;27
C07.txt;collective;economicoperands;7
C07.txt;commercial;economicoperands;5
C07.txt;comparable;logicalconnectors;1
C07.txt;concerning;logicalconnectors;1
C07.txt;conditions;economicoperands;1
C07.txt;considered;logicalconnectors;5
C07.txt;consistent;logicalconnectors;1
C07.txt;constitute;logicalconnectors;1
C07.txt;containing;economicoperands;3
C07.txt;conversion;economicoperands;33
C07.txt;corporates;economicoperands;10
C07.txt;deductions;mathematicaloperators;1
C07.txt;defined in;regulatoryoperators;1
C07.txt;definition;regulatoryoperators;5
C07.txt;deliveries;economicoperands;6
C07.txt;derivative;economicoperands;2
C07.txt;derogation;regulatoryoperators;1
C07.txt;determined;regulatoryoperators;2
C07.txt;difference;mathematicaloperators;2
C07.txt;discounted;economicoperands;2
C07.txt;disjoining;economicoperands;1
C07.txt;equivalent;logicalconnectors;1
C07.txt;explaining;economicoperands;1
C07.txt;explicitly;economicoperands;2
C07.txt;facilities;economicoperands;1
C07.txt;foundation;economicoperands;2
C07.txt;fulfilment;economicoperands;1
C07.txt;government;economicoperands;6
C07.txt;guarantees;economicoperands;2
C07.txt;identified;economicoperands;1
C07.txt;in case of;logicalconnectors;1
C07.txt;individual;economicoperands;3
C07.txt;investment;economicoperands;6
C07.txt;memorandum;legalreferences;11
C07.txt;mitigating;economicoperands;1
C07.txt;obligation;economicoperands;1
C07.txt;operations;economicoperands;1
C07.txt;paragraphs;legalreferences;5
C07.txt;parameters;economicoperands;2
C07.txt;particular;logicalconnectors;5
C07.txt;permission;economicoperands;4
C07.txt;portfolios;economicoperands;1
C07.txt;procedures;economicoperands;1
C07.txt;protection;economicoperands;4
C07.txt;provisions;economicoperands;15
C07.txt;prudential;economicoperands;1
C07.txt;qualifying;economicoperands;2
C07.txt;reason for;logicalconnectors;1
C07.txt;reassessed;economicoperands;2
C07.txt;recognised;economicoperands;1
C07.txt;reductions;mathematicaloperators;1
C07.txt;reflecting;economicoperands;1
C07.txt;repurchase;economicoperands;2
C07.txt;respective;logicalconnectors;3
C07.txt;sections 4;legalreferences;1
C07.txt;secured by;economicoperands;31
C07.txt;securities;economicoperands;7
C07.txt;separately;economicoperands;2
C07.txt;sequential;economicoperands;6
C07.txt;settlement;economicoperands;9
C07.txt;short-term;economicoperands;4
C07.txt;structures;economicoperands;1
C07.txt;subject to;logicalconnectors;47
C07.txt;subsequent;logicalconnectors;1
C07.txt;subsidiary;economicoperands;2
C07.txt;supervisor;economicoperands;1
C07.txt;supporting;economicoperands;20
C07.txt;techniques;economicoperands;20
C07.txt;themselves;functionwords;2
C07.txt;treated as;regulatoryoperators;2
C07.txt;underlying;economicoperands;2
C07.txt;volatility;economicoperands;13
C07.txt;affecting;economicoperands;5
C07.txt;amount of;mathematicaloperators;4
C07.txt;ancillary;economicoperands;1
C07.txt;available;economicoperands;1
C07.txt;borrowing;economicoperands;2
C07.txt;breakdown;mathematicaloperators;1
C07.txt;calculate;economicoperands;6
C07.txt;capped at;regulatoryoperators;1
C07.txt;carry out;economicoperands;4
C07.txt;centrally;economicoperands;8
C07.txt;competent;economicoperands;1
C07.txt;continued;economicoperands;2
C07.txt;contracts;economicoperands;2
C07.txt;corporate;economicoperands;5
C07.txt;defaulted;economicoperands;6
C07.txt;described;other;1
C07.txt;different;mathematicaloperators;8
C07.txt;dimension;economicoperands;1
C07.txt;directive;legalreferences;6
C07.txt;essential;economicoperands;1
C07.txt;estimated;mathematicaloperators;3
C07.txt;estimates;mathematicaloperators;4
C07.txt;excluding;logicalconnectors;6
C07.txt;exposures;economicoperands;178
C07.txt;financial;economicoperands;20
C07.txt;financing;economicoperands;4
C07.txt;following;other;13
C07.txt;groupings;economicoperands;1
C07.txt;impact of;economicoperands;4
C07.txt;including;logicalconnectors;2
C07.txt;indicated;economicoperands;1
C07.txt;less than;mathematicaloperators;1
C07.txt;listed in;functionwords;6
C07.txt;mentioned;functionwords;1
C07.txt;more than;mathematicaloperators;1
C07.txt;mortgages;economicoperands;18
C07.txt;necessary;attributes;2
C07.txt;nominated;economicoperands;5
C07.txt;otherwise;logicalconnectors;2
C07.txt;permanent;attributes;4
C07.txt;positions;economicoperands;15
C07.txt;prejudice;economicoperands;4
C07.txt;presented;economicoperands;1
C07.txt;processes;economicoperands;3
C07.txt;purchased;economicoperands;1
C07.txt;refers to;functionwords;1
C07.txt;reporting;economicoperands;9
C07.txt;residence;economicoperands;1
C07.txt;revolving;economicoperands;1
C07.txt;section 2;legalreferences;1
C07.txt;section 4;legalreferences;1
C07.txt;section 9;legalreferences;1
C07.txt;specified;regulatoryoperators;1
C07.txt;statement;economicoperands;1
C07.txt;structure;economicoperands;2
C07.txt;templates;legalreferences;6
C07.txt;therefore;logicalconnectors;10
C07.txt;treatment;economicoperands;4
C07.txt;valuation;economicoperands;1
C07.txt;accounts;economicoperands;1
C07.txt;adjusted;mathematicaloperators;23
C07.txt;advanced;economicoperands;2
C07.txt;applying;logicalconnectors;1
C07.txt;approach;economicoperands;20
C07.txt;articles;legalreferences;7
C07.txt;assessed;economicoperands;3
C07.txt;assigned;regulatoryoperators;4
C07.txt;based on;other;2
C07.txt;business;economicoperands;3
C07.txt;category;economicoperands;1
C07.txt;chapters;legalreferences;4
C07.txt;comments;economicoperands;1
C07.txt;comprise;logicalconnectors;1
C07.txt;contains;economicoperands;1
C07.txt;contract;economicoperands;1
C07.txt;criteria;economicoperands;12
C07.txt;december;attributes;1
C07.txt;decision;economicoperands;6
C07.txt;deducted;mathematicaloperators;3
C07.txt;depicted;economicoperands;1
C07.txt;detailed;other;2
C07.txt;directly;attributes;2
C07.txt;disjoint;economicoperands;5
C07.txt;eligible;economicoperands;5
C07.txt;entities;economicoperands;8
C07.txt;european;economicoperands;2
C07.txt;examples;economicoperands;1
C07.txt;exposure;economicoperands;203
C07.txt;implicit;economicoperands;1
C07.txt;included;logicalconnectors;9
C07.txt;includes;logicalconnectors;2
C07.txt;incurred;economicoperands;2
C07.txt;internal;economicoperands;4
C07.txt;maturity;economicoperands;7
C07.txt;networks;economicoperands;1
C07.txt;not only;logicalconnectors;1
C07.txt;obligors;economicoperands;1
C07.txt;of which;logicalconnectors;62
C07.txt;original;economicoperands;23
C07.txt;outflows;economicoperands;9
C07.txt;overview;economicoperands;2
C07.txt;past due;economicoperands;1
C07.txt;physical;economicoperands;1
C07.txt;possible;regulatoryoperators;1
C07.txt;presents;economicoperands;1
C07.txt;priority;economicoperands;1
C07.txt;prohibit;regulatoryoperators;1
C07.txt;property;economicoperands;4
C07.txt;provided;logicalconnectors;5
C07.txt;provider;economicoperands;3
C07.txt;provides;economicoperands;6
C07.txt;purposes;economicoperands;1
C07.txt;received;economicoperands;1
C07.txt;regional;economicoperands;4
C07.txt;relevant;attributes;5
C07.txt;reported;economicoperands;35
C07.txt;required;regulatoryoperators;1
C07.txt;residual;economicoperands;13
C07.txt;sentence;other;3
C07.txt;separate;economicoperands;1
C07.txt;services;economicoperands;2
C07.txt;slotting;economicoperands;1
C07.txt;specific;functionwords;8
C07.txt;stemming;economicoperands;2
C07.txt;template;legalreferences;20
C07.txt;title ii;legalreferences;12
C07.txt;unfunded;economicoperands;8
C07.txt;weighted;mathematicaloperators;1
C07.txt;absence;economicoperands;1
C07.txt;actions;economicoperands;3
C07.txt;already;logicalconnectors;1
C07.txt;amounts;mathematicaloperators;17
C07.txt;annex i;legalreferences;1
C07.txt;applied;logicalconnectors;7
C07.txt;arising;economicoperands;13
C07.txt;article;legalreferences;110
C07.txt;between;functionwords;1
C07.txt;central;economicoperands;12
C07.txt;certain;economicoperands;3
C07.txt;changes;economicoperands;1
C07.txt;chapter;legalreferences;10
C07.txt;checked;economicoperands;1
C07.txt;classes;other;35
C07.txt;cleared;economicoperands;13
C07.txt;collect;economicoperands;1
C07.txt;columns;legalreferences;2
C07.txt;council;economicoperands;4
C07.txt;covered;economicoperands;7
C07.txt;default;economicoperands;22
C07.txt;derived;economicoperands;5
C07.txt;details;other;1
C07.txt;effects;economicoperands;15
C07.txt;example;economicoperands;1
C07.txt;factors;mathematicaloperators;41
C07.txt;figures;economicoperands;3
C07.txt;finance;economicoperands;1
C07.txt;follows;other;1
C07.txt;formula;economicoperands;3
C07.txt;further;logicalconnectors;1
C07.txt;general;functionwords;3
C07.txt;however;functionwords;3
C07.txt;in case;logicalconnectors;3
C07.txt;in that;logicalconnectors;2
C07.txt;include;logicalconnectors;5
C07.txt;inflows;economicoperands;7
C07.txt;leasing;economicoperands;2
C07.txt;lending;economicoperands;6
C07.txt;methods;economicoperands;2
C07.txt;neither;logicalconnectors;1
C07.txt;netting;economicoperands;16
C07.txt;obligor;economicoperands;3
C07.txt;obvious;attributes;3
C07.txt;operate;economicoperands;1
C07.txt;outcome;economicoperands;2
C07.txt;part of;logicalconnectors;5
C07.txt;partial;economicoperands;4
C07.txt;process;economicoperands;2
C07.txt;product;economicoperands;1
C07.txt;provide;economicoperands;6
C07.txt;purpose;economicoperands;3
C07.txt;receive;economicoperands;3
C07.txt;related;logicalconnectors;5
C07.txt;remarks;economicoperands;1
C07.txt;require;regulatoryoperators;1
C07.txt;results;economicoperands;1
C07.txt;section;legalreferences;1
C07.txt;seventh;attributes;1
C07.txt;specify;economicoperands;1
C07.txt;subject;economicoperands;1
C07.txt;support;economicoperands;1
C07.txt;systems;economicoperands;1
C07.txt;takings;other;1
C07.txt;that is;logicalconnectors;5
C07.txt;thereof;functionwords;1
C07.txt;through;functionwords;20
C07.txt;unrated;economicoperands;1
C07.txt;weights;economicoperands;13
C07.txt;whether;logicalconnectors;1
C07.txt;without;logicalconnectors;6
C07.txt;action;economicoperands;1
C07.txt;adjust;mathematicaloperators;4
C07.txt;affect;economicoperands;1
C07.txt;amount;mathematicaloperators;27
C07.txt;and/or;logicalconnectors;2
C07.txt;answer;economicoperands;1
C07.txt;arises;economicoperands;1
C07.txt;assets;economicoperands;5
C07.txt;assign;regulatoryoperators;1
C07.txt;before;logicalconnectors;3
C07.txt;caused;economicoperands;1
C07.txt;column;legalreferences;5
C07.txt;covers;economicoperands;1
C07.txt;credit;economicoperands;13
C07.txt;decide;economicoperands;1
C07.txt;due to;logicalconnectors;18
C07.txt;effect;economicoperands;3
C07.txt;either;logicalconnectors;1
C07.txt;ensure;regulatoryoperators;3
C07.txt;entity;economicoperands;1
C07.txt;equity;economicoperands;6
C07.txt;except;logicalconnectors;1
C07.txt;exists;economicoperands;1
C07.txt;factor;mathematicaloperators;12
C07.txt;follow;other;1
C07.txt;fulfil;economicoperands;2
C07.txt;funded;economicoperands;16
C07.txt;grades;economicoperands;1
C07.txt;having;functionwords;1
C07.txt;if not;logicalconnectors;1
C07.txt;inflow;economicoperands;1
C07.txt;issued;economicoperands;2
C07.txt;latter;functionwords;1
C07.txt;leased;economicoperands;1
C07.txt;leases;economicoperands;2
C07.txt;linked;economicoperands;5
C07.txt;margin;economicoperands;2
C07.txt;master;economicoperands;1
C07.txt;method;economicoperands;13
C07.txt;models;economicoperands;2
C07.txt;others;logicalconnectors;2
C07.txt;parent;economicoperands;2
C07.txt;points;economicoperands;7
C07.txt;public;economicoperands;1
C07.txt;reduce;mathematicaloperators;1
C07.txt;report;economicoperands;2
C07.txt;retail;economicoperands;18
C07.txt;scheme;economicoperands;1
C07.txt;second;attributes;3
C07.txt;shares;economicoperands;5
C07.txt;simple;economicoperands;7
C07.txt;single;attributes;1
C07.txt;status;economicoperands;1
C07.txt;subset;logicalconnectors;1
C07.txt;sum of;mathematicaloperators;1
C07.txt;treaty;economicoperands;1
C07.txt;unless;logicalconnectors;1
C07.txt;values;economicoperands;12
C07.txt;within;logicalconnectors;6
C07.txt;about;functionwords;2
C07.txt;above;functionwords;1
C07.txt;after;logicalconnectors;13
C07.txt;among;logicalconnectors;4
C07.txt;annex;legalreferences;1
C07.txt;apply;logicalconnectors;6
C07.txt;asset;economicoperands;1
C07.txt;banks;economicoperands;2
C07.txt;being;functionwords;10
C07.txt;below;functionwords;6
C07.txt;bonds;economicoperands;8
C07.txt;break;economicoperands;1
C07.txt;cases;economicoperands;1
C07.txt;class;other;53
C07.txt;clear;economicoperands;1
C07.txt;could;functionwords;1
C07.txt;cover;economicoperands;2
C07.txt;cross;economicoperands;6
C07.txt;first;attributes;6
C07.txt;fully;economicoperands;11
C07.txt;funds;economicoperands;8
C07.txt;given;functionwords;1
C07.txt;group;economicoperands;1
C07.txt;imply;logicalconnectors;1
C07.txt;items;other;29
C07.txt;joint;logicalconnectors;1
C07.txt;lease;economicoperands;3
C07.txt;level;economicoperands;1
C07.txt;local;economicoperands;4
C07.txt;means;other;1
C07.txt;meets;economicoperands;1
C07.txt;might;regulatoryoperators;1
C07.txt;never;logicalconnectors;1
C07.txt;notes;economicoperands;3
C07.txt;order;economicoperands;1
C07.txt;other;logicalconnectors;28
C07.txt;party;economicoperands;4
C07.txt;point;economicoperands;48
C07.txt;pools;economicoperands;1
C07.txt;prior;economicoperands;4
C07.txt;rated;economicoperands;2
C07.txt;ratio;mathematicaloperators;1
C07.txt;refer;functionwords;1
C07.txt;risks;economicoperands;1
C07.txt;rules;economicoperands;1
C07.txt;scope;economicoperands;6
C07.txt;shall;regulatoryoperators;90
C07.txt;since;logicalconnectors;1
C07.txt;their;functionwords;7
C07.txt;there;functionwords;2
C07.txt;these;functionwords;4
C07.txt;those;functionwords;5
C07.txt;three;attributes;18
C07.txt;title;legalreferences;1
C07.txt;total;mathematicaloperators;33
C07.txt;types;economicoperands;6
C07.txt;ucits;legalreferences;1
C07.txt;under;functionwords;17
C07.txt;units;economicoperands;5
C07.txt;using;economicoperands;1
C07.txt;value;economicoperands;47
C07.txt;where;logicalconnectors;8
C07.txt;which;functionwords;30
C07.txt;worth;economicoperands;1
C07.txt;would;functionwords;4
C07.txt;also;logicalconnectors;17
C07.txt;back;economicoperands;4
C07.txt;been;functionwords;3
C07.txt;case;economicoperands;7
C07.txt;cash;economicoperands;5
C07.txt;cell;legalreferences;1
C07.txt;data;economicoperands;1
C07.txt;does;functionwords;13
C07.txt;down;functionwords;1
C07.txt;each;logicalconnectors;9
C07.txt;even;logicalconnectors;1
C07.txt;fall;economicoperands;4
C07.txt;flow;economicoperands;1
C07.txt;free;economicoperands;6
C07.txt;from;functionwords;28
C07.txt;hand;economicoperands;1
C07.txt;have;functionwords;1
C07.txt;here;functionwords;4
C07.txt;high;economicoperands;5
C07.txt;into;functionwords;7
C07.txt;item;other;4
C07.txt;july;attributes;1
C07.txt;june;attributes;1
C07.txt;laws;economicoperands;1
C07.txt;line;economicoperands;4
C07.txt;loan;economicoperands;1
C07.txt;long;economicoperands;8
C07.txt;loss;economicoperands;2
C07.txt;made;functionwords;1
C07.txt;make;functionwords;1
C07.txt;most;mathematicaloperators;2
C07.txt;must;regulatoryoperators;2
C07.txt;need;regulatoryoperators;1
C07.txt;non-;logicalconnectors;3
C07.txt;note;economicoperands;1
C07.txt;only;logicalconnectors;12
C07.txt;part;functionwords;18
C07.txt;post;economicoperands;3
C07.txt;qccp;economicoperands;12
C07.txt;risk;economicoperands;22
C07.txt;rows;economicoperands;8
C07.txt;rwea;economicoperands;3
C07.txt;same;logicalconnectors;2
C07.txt;sets;economicoperands;17
C07.txt;sfts;economicoperands;3
C07.txt;some;logicalconnectors;1
C07.txt;step;economicoperands;5
C07.txt;term;other;4
C07.txt;that;functionwords;30
C07.txt;them;functionwords;2
C07.txt;then;logicalconnectors;2
C07.txt;they;functionwords;13
C07.txt;this;functionwords;27
C07.txt;time;economicoperands;1
C07.txt;type;economicoperands;2
C07.txt;used;economicoperands;13
C07.txt;were;functionwords;5
C07.txt;when;logicalconnectors;2
C07.txt;will;functionwords;1
C07.txt;with;functionwords;33
C07.txt;work;economicoperands;1
C07.txt;100;attributes;16
C07.txt;105;legalreferences;1
C07.txt;110;legalreferences;1
C07.txt;113;legalreferences;2
C07.txt;125;attributes;2
C07.txt;129;legalreferences;3
C07.txt;133;attributes;4
C07.txt;150;attributes;9
C07.txt;152;legalreferences;1
C07.txt;154;legalreferences;2
C07.txt;203;legalreferences;1
C07.txt;204;legalreferences;1
C07.txt;220;legalreferences;1
C07.txt;250;attributes;8
C07.txt;301;legalreferences;2
C07.txt;501;legalreferences;4
C07.txt;all;logicalconnectors;13
C07.txt;and;logicalconnectors;140
C07.txt;any;logicalconnectors;4
C07.txt;are;functionwords;31
C07.txt;but;logicalconnectors;4
C07.txt;can;regulatoryoperators;1
C07.txt;crm;economicoperands;24
C07.txt;crr;legalreferences;123
C07.txt;etc;functionwords;1
C07.txt;for;functionwords;70
C07.txt;has;functionwords;5
C07.txt;how;functionwords;1
C07.txt;i.e;functionwords;5
C07.txt;iii;legalreferences;3
C07.txt;irb;economicoperands;37
C07.txt;lgd;economicoperands;3
C07.txt;may;regulatoryoperators;3
C07.txt;net;economicoperands;11
C07.txt;non;logicalconnectors;2
C07.txt;nor;logicalconnectors;1
C07.txt;not;logicalconnectors;29
C07.txt;off;functionwords;8
C07.txt;one;attributes;9
C07.txt;own;functionwords;11
C07.txt;per;functionwords;1
C07.txt;pre;economicoperands;26
C07.txt;row;economicoperands;16
C07.txt;sec;economicoperands;3
C07.txt;see;other;12
C07.txt;set;other;4
C07.txt;sme;economicoperands;18
C07.txt;sum;mathematicaloperators;1
C07.txt;the;functionwords;391
C07.txt;two;attributes;1
C07.txt;use;economicoperands;9
C07.txt;via;functionwords;2
C07.txt;was;functionwords;1
C07.txt;way;economicoperands;1
C07.txt;yes;other;9
C07.txt;10;attributes;4
C07.txt;11;legalreferences;1
C07.txt;12;attributes;2
C07.txt;13;legalreferences;2
C07.txt;16;legalreferences;1
C07.txt;20;attributes;9
C07.txt;24;legalreferences;1
C07.txt;25;attributes;1
C07.txt;31;attributes;1
C07.txt;32;legalreferences;1
C07.txt;35;attributes;4
C07.txt;36;legalreferences;1
C07.txt;45;attributes;1
C07.txt;46;legalreferences;1
C07.txt;47;legalreferences;1
C07.txt;48;legalreferences;2
C07.txt;49;legalreferences;1
C07.txt;50;attributes;9
C07.txt;51;legalreferences;1
C07.txt;53;legalreferences;1
C07.txt;54;legalreferences;2
C07.txt;60;attributes;1
C07.txt;62;attributes;1
C07.txt;65;attributes;4
C07.txt;68;legalreferences;1
C07.txt;75;attributes;5
C07.txt;ab;other;1
C07.txt;an;functionwords;23
C07.txt;as;logicalconnectors;12
C07.txt;at;functionwords;6
C07.txt;be;functionwords;65
C07.txt;by;functionwords;29
C07.txt;do;functionwords;2
C07.txt;he;functionwords;1
C07.txt;if;logicalconnectors;16
C07.txt;ii;legalreferences;3
C07.txt;in;functionwords;94
C07.txt;is;functionwords;38
C07.txt;it;functionwords;18
C07.txt;iv;legalreferences;1
C07.txt;no;logicalconnectors;12
C07.txt;of;functionwords;254
C07.txt;on;functionwords;49
C07.txt;or;logicalconnectors;37
C07.txt;sa;economicoperands;18
C07.txt;to;functionwords;106
C07.txt;1;attributes;43
C07.txt;2;attributes;43
C07.txt;3;attributes;16
C07.txt;4;attributes;19
C07.txt;5;attributes;10
C07.txt;6;attributes;13
C07.txt;7;attributes;12
C07.txt;8;attributes;4
C07.txt;9;attributes;1
