C32.03+32.04.txt;internal risk management;economicoperands;2
C32.03+32.04.txt;on a consolidated basis;mathematicaloperators;2
C32.03+32.04.txt;delegated regulation;legalreferences;15
C32.03+32.04.txt;financial statements;economicoperands;3
C32.03+32.04.txt;for the purpose of;logicalconnectors;1
C32.03+32.04.txt;in accordance with;logicalconnectors;8
C32.03+32.04.txt;as referred to in;logicalconnectors;1
C32.03+32.04.txt;value adjustments;economicoperands;4
C32.03+32.04.txt;corresponding to;logicalconnectors;2
C32.03+32.04.txt;foreign exchange;economicoperands;2
C32.03+32.04.txt;value adjustment;economicoperands;2
C32.03+32.04.txt;diversification;economicoperands;1
C32.03+32.04.txt;with respect to;logicalconnectors;3
C32.03+32.04.txt;be reported in;regulatoryoperators;2
C32.03+32.04.txt;identification;economicoperands;1
C32.03+32.04.txt;in the case of;logicalconnectors;4
C32.03+32.04.txt;interest rates;economicoperands;4
C32.03+32.04.txt;referred to in;functionwords;3
C32.03+32.04.txt;reporting date;economicoperands;2
C32.03+32.04.txt;trading system;economicoperands;2
C32.03+32.04.txt;appropriately;attributes;2
C32.03+32.04.txt;as defined in;logicalconnectors;1
C32.03+32.04.txt;characterises;logicalconnectors;2
C32.03+32.04.txt;correspond to;logicalconnectors;3
C32.03+32.04.txt;corresponding;logicalconnectors;3
C32.03+32.04.txt;in respect of;logicalconnectors;1
C32.03+32.04.txt;percentage of;mathematicaloperators;1
C32.03+32.04.txt;risk category;economicoperands;5
C32.03+32.04.txt;third parties;economicoperands;1
C32.03+32.04.txt;article 4(1);legalreferences;2
C32.03+32.04.txt;concentrated;economicoperands;18
C32.03+32.04.txt;contribution;economicoperands;1
C32.03+32.04.txt;institutions;economicoperands;7
C32.03+32.04.txt;instructions;regulatoryoperators;2
C32.03+32.04.txt;observations;economicoperands;1
C32.03+32.04.txt;sufficiently;attributes;1
C32.03+32.04.txt;verification;economicoperands;2
C32.03+32.04.txt;adjustments;mathematicaloperators;1
C32.03+32.04.txt;assigned to;regulatoryoperators;2
C32.03+32.04.txt;calculation;economicoperands;3
C32.03+32.04.txt;commodities;economicoperands;4
C32.03+32.04.txt;corresponds;logicalconnectors;2
C32.03+32.04.txt;derivatives;economicoperands;3
C32.03+32.04.txt;differences;mathematicaloperators;2
C32.03+32.04.txt;independent;economicoperands;4
C32.03+32.04.txt;information;economicoperands;6
C32.03+32.04.txt;institution;economicoperands;6
C32.03+32.04.txt;instruments;economicoperands;2
C32.03+32.04.txt;larger than;mathematicaloperators;2
C32.03+32.04.txt;liabilities;economicoperands;6
C32.03+32.04.txt;methodology;economicoperands;1
C32.03+32.04.txt;observation;economicoperands;1
C32.03+32.04.txt;terminology;economicoperands;2
C32.03+32.04.txt;transaction;economicoperands;2
C32.03+32.04.txt;underlyings;economicoperands;1
C32.03+32.04.txt;adjustment;mathematicaloperators;1
C32.03+32.04.txt;aggregated;mathematicaloperators;5
C32.03+32.04.txt;applicable;logicalconnectors;3
C32.03+32.04.txt;calculated;economicoperands;5
C32.03+32.04.txt;calibrated;economicoperands;2
C32.03+32.04.txt;concerning;logicalconnectors;2
C32.03+32.04.txt;contribute;economicoperands;2
C32.03+32.04.txt;decreasing;mathematicaloperators;2
C32.03+32.04.txt;difference;mathematicaloperators;14
C32.03+32.04.txt;homogenous;attributes;2
C32.03+32.04.txt;identified;economicoperands;1
C32.03+32.04.txt;identifier;economicoperands;2
C32.03+32.04.txt;individual;economicoperands;14
C32.03+32.04.txt;internally;economicoperands;1
C32.03+32.04.txt;maximising;mathematicaloperators;1
C32.03+32.04.txt;model risk;economicoperands;19
C32.03+32.04.txt;regulation;economicoperands;1
C32.03+32.04.txt;unadjusted;economicoperands;6
C32.03+32.04.txt;underlying;economicoperands;3
C32.03+32.04.txt;valuations;economicoperands;4
C32.03+32.04.txt;12 months;attributes;1
C32.03+32.04.txt;aggregate;mathematicaloperators;1
C32.03+32.04.txt;amount of;mathematicaloperators;1
C32.03+32.04.txt;available;economicoperands;2
C32.03+32.04.txt;breaching;economicoperands;2
C32.03+32.04.txt;committed;economicoperands;1
C32.03+32.04.txt;completed;economicoperands;2
C32.03+32.04.txt;concerned;logicalconnectors;3
C32.03+32.04.txt;conducted;economicoperands;1
C32.03+32.04.txt;described;other;1
C32.03+32.04.txt;different;mathematicaloperators;1
C32.03+32.04.txt;estimated;mathematicaloperators;1
C32.03+32.04.txt;expressed;economicoperands;1
C32.03+32.04.txt;following;other;4
C32.03+32.04.txt;framework;economicoperands;3
C32.03+32.04.txt;generated;economicoperands;2
C32.03+32.04.txt;inventory;economicoperands;4
C32.03+32.04.txt;numerical;economicoperands;4
C32.03+32.04.txt;performed;economicoperands;2
C32.03+32.04.txt;portfolio;economicoperands;1
C32.03+32.04.txt;positions;economicoperands;18
C32.03+32.04.txt;threshold;economicoperands;6
C32.03+32.04.txt;valuation;economicoperands;12
C32.03+32.04.txt;absolute;mathematicaloperators;3
C32.03+32.04.txt;adjusted;mathematicaloperators;2
C32.03+32.04.txt;approach;economicoperands;2
C32.03+32.04.txt;assessed;economicoperands;2
C32.03+32.04.txt;category;economicoperands;4
C32.03+32.04.txt;computed;mathematicaloperators;3
C32.03+32.04.txt;coverage;economicoperands;3
C32.03+32.04.txt;criteria;economicoperands;1
C32.03+32.04.txt;end date;economicoperands;2
C32.03+32.04.txt;equities;economicoperands;4
C32.03+32.04.txt;identify;economicoperands;1
C32.03+32.04.txt;included;logicalconnectors;4
C32.03+32.04.txt;internal;economicoperands;4
C32.03+32.04.txt;maximise;mathematicaloperators;1
C32.03+32.04.txt;obtained;economicoperands;1
C32.03+32.04.txt;of which;logicalconnectors;4
C32.03+32.04.txt;parallel;economicoperands;1
C32.03+32.04.txt;position;economicoperands;15
C32.03+32.04.txt;possible;regulatoryoperators;1
C32.03+32.04.txt;products;economicoperands;9
C32.03+32.04.txt;referred;functionwords;1
C32.03+32.04.txt;relevant;attributes;3
C32.03+32.04.txt;reported;economicoperands;8
C32.03+32.04.txt;required;regulatoryoperators;5
C32.03+32.04.txt;specific;functionwords;2
C32.03+32.04.txt;starting;economicoperands;2
C32.03+32.04.txt;template;legalreferences;14
C32.03+32.04.txt;weighted;mathematicaloperators;1
C32.03+32.04.txt;against;functionwords;1
C32.03+32.04.txt;amounts;mathematicaloperators;9
C32.03+32.04.txt;applied;logicalconnectors;3
C32.03+32.04.txt;article;legalreferences;14
C32.03+32.04.txt;benefit;economicoperands;1
C32.03+32.04.txt;between;functionwords;3
C32.03+32.04.txt;columns;legalreferences;1
C32.03+32.04.txt;compute;mathematicaloperators;1
C32.03+32.04.txt;covered;economicoperands;1
C32.03+32.04.txt;details;other;2
C32.03+32.04.txt;general;functionwords;2
C32.03+32.04.txt;highest;mathematicaloperators;4
C32.03+32.04.txt;largest;logicalconnectors;2
C32.03+32.04.txt;measure;economicoperands;3
C32.03+32.04.txt;monthly;attributes;2
C32.03+32.04.txt;netting;economicoperands;1
C32.03+32.04.txt;part of;logicalconnectors;3
C32.03+32.04.txt;process;economicoperands;4
C32.03+32.04.txt;product;economicoperands;15
C32.03+32.04.txt;prudent;attributes;7
C32.03+32.04.txt;records;economicoperands;2
C32.03+32.04.txt;reflect;economicoperands;1
C32.03+32.04.txt;remarks;economicoperands;2
C32.03+32.04.txt;results;economicoperands;3
C32.03+32.04.txt;such as;logicalconnectors;2
C32.03+32.04.txt;testing;economicoperands;7
C32.03+32.04.txt;that is;logicalconnectors;2
C32.03+32.04.txt;towards;functionwords;1
C32.03+32.04.txt;actual;logicalconnectors;1
C32.03+32.04.txt;amount;mathematicaloperators;6
C32.03+32.04.txt;assets;economicoperands;6
C32.03+32.04.txt;before;logicalconnectors;1
C32.03+32.04.txt;column;legalreferences;13
C32.03+32.04.txt;credit;economicoperands;4
C32.03+32.04.txt;during;logicalconnectors;2
C32.03+32.04.txt;either;logicalconnectors;1
C32.03+32.04.txt;equity;economicoperands;1
C32.03+32.04.txt;exceed;mathematicaloperators;4
C32.03+32.04.txt;expert;economicoperands;3
C32.03+32.04.txt;follow;other;2
C32.03+32.04.txt;inputs;economicoperands;2
C32.03+32.04.txt;levels;economicoperands;1
C32.03+32.04.txt;mapped;other;4
C32.03+32.04.txt;market;economicoperands;5
C32.03+32.04.txt;merged;economicoperands;1
C32.03+32.04.txt;method;economicoperands;6
C32.03+32.04.txt;normal;attributes;1
C32.03+32.04.txt;number;economicoperands;4
C32.03+32.04.txt;output;economicoperands;6
C32.03+32.04.txt;period;economicoperands;3
C32.03+32.04.txt;prices;economicoperands;1
C32.03+32.04.txt;quotes;economicoperands;1
C32.03+32.04.txt;report;economicoperands;9
C32.03+32.04.txt;second;attributes;2
C32.03+32.04.txt;shares;economicoperands;1
C32.03+32.04.txt;stated;economicoperands;3
C32.03+32.04.txt;sum of;mathematicaloperators;2
C32.03+32.04.txt;tested;economicoperands;1
C32.03+32.04.txt;traded;economicoperands;1
C32.03+32.04.txt;trades;economicoperands;1
C32.03+32.04.txt;unique;economicoperands;2
C32.03+32.04.txt;valued;economicoperands;13
C32.03+32.04.txt;values;economicoperands;1
C32.03+32.04.txt;volume;economicoperands;1
C32.03+32.04.txt;after;logicalconnectors;1
C32.03+32.04.txt;annex;legalreferences;4
C32.03+32.04.txt;based;other;4
C32.03+32.04.txt;basis;economicoperands;1
C32.03+32.04.txt;being;functionwords;2
C32.03+32.04.txt;bonds;economicoperands;2
C32.03+32.04.txt;books;economicoperands;2
C32.03+32.04.txt;codes;economicoperands;2
C32.03+32.04.txt;cover;economicoperands;1
C32.03+32.04.txt;curve;economicoperands;1
C32.03+32.04.txt;early;economicoperands;1
C32.03+32.04.txt;given;functionwords;1
C32.03+32.04.txt;group;economicoperands;7
C32.03+32.04.txt;input;economicoperands;1
C32.03+32.04.txt;level;economicoperands;7
C32.03+32.04.txt;model;economicoperands;12
C32.03+32.04.txt;month;attributes;4
C32.03+32.04.txt;order;economicoperands;4
C32.03+32.04.txt;point;economicoperands;7
C32.03+32.04.txt;price;economicoperands;8
C32.03+32.04.txt;refer;functionwords;2
C32.03+32.04.txt;shall;regulatoryoperators;24
C32.03+32.04.txt;shift;economicoperands;1
C32.03+32.04.txt;shown;other;1
C32.03+32.04.txt;sizes;economicoperands;1
C32.03+32.04.txt;taken;other;1
C32.03+32.04.txt;terms;other;3
C32.03+32.04.txt;their;functionwords;3
C32.03+32.04.txt;these;functionwords;2
C32.03+32.04.txt;those;functionwords;2
C32.03+32.04.txt;total;mathematicaloperators;4
C32.03+32.04.txt;under;functionwords;9
C32.03+32.04.txt;using;economicoperands;11
C32.03+32.04.txt;value;economicoperands;7
C32.03+32.04.txt;where;logicalconnectors;5
C32.03+32.04.txt;which;functionwords;3
C32.03+32.04.txt;would;functionwords;1
C32.03+32.04.txt;yield;economicoperands;1
C32.03+32.04.txt;also;logicalconnectors;2
C32.03+32.04.txt;been;functionwords;7
C32.03+32.04.txt;best;mathematicaloperators;2
C32.03+32.04.txt;data;economicoperands;3
C32.03+32.04.txt;days;attributes;1
C32.03+32.04.txt;each;logicalconnectors;2
C32.03+32.04.txt;exit;economicoperands;3
C32.03+32.04.txt;fact;economicoperands;1
C32.03+32.04.txt;fair;economicoperands;15
C32.03+32.04.txt;from;functionwords;6
C32.03+32.04.txt;give;functionwords;1
C32.03+32.04.txt;have;functionwords;6
C32.03+32.04.txt;held;economicoperands;1
C32.03+32.04.txt;here;functionwords;1
C32.03+32.04.txt;last;attributes;1
C32.03+32.04.txt;line;economicoperands;3
C32.03+32.04.txt;meet;economicoperands;1
C32.03+32.04.txt;most;mathematicaloperators;2
C32.03+32.04.txt;name;economicoperands;4
C32.03+32.04.txt;non-;logicalconnectors;1
C32.03+32.04.txt;none;logicalconnectors;1
C32.03+32.04.txt;only;logicalconnectors;5
C32.03+32.04.txt;rank;economicoperands;6
C32.03+32.04.txt;rise;other;1
C32.03+32.04.txt;same;logicalconnectors;1
C32.03+32.04.txt;size;economicoperands;7
C32.03+32.04.txt;that;functionwords;26
C32.03+32.04.txt;they;functionwords;3
C32.03+32.04.txt;this;functionwords;10
C32.03+32.04.txt;unit;economicoperands;4
C32.03+32.04.txt;used;economicoperands;8
C32.03+32.04.txt;with;functionwords;4
C32.03+32.04.txt;100;attributes;2
C32.03+32.04.txt;101;legalreferences;15
C32.03+32.04.txt;105;legalreferences;2
C32.03+32.04.txt;age;economicoperands;1
C32.03+32.04.txt;and;logicalconnectors;17
C32.03+32.04.txt;any;logicalconnectors;1
C32.03+32.04.txt;app;legalreferences;1
C32.03+32.04.txt;are;functionwords;9
C32.03+32.04.txt;but;logicalconnectors;1
C32.03+32.04.txt;crr;legalreferences;2
C32.03+32.04.txt;day;attributes;1
C32.03+32.04.txt;end;logicalconnectors;2
C32.03+32.04.txt;etc;functionwords;2
C32.03+32.04.txt;for;functionwords;14
C32.03+32.04.txt;has;functionwords;2
C32.03+32.04.txt;not;logicalconnectors;1
C32.03+32.04.txt;one;attributes;2
C32.03+32.04.txt;p&l;economicoperands;2
C32.03+32.04.txt;per;functionwords;1
C32.03+32.04.txt;row;economicoperands;4
C32.03+32.04.txt;the;functionwords;132
C32.03+32.04.txt;11;legalreferences;4
C32.03+32.04.txt;14;legalreferences;4
C32.03+32.04.txt;19;legalreferences;4
C32.03+32.04.txt;20;attributes;4
C32.03+32.04.txt;24;legalreferences;2
C32.03+32.04.txt;an;functionwords;1
C32.03+32.04.txt;as;logicalconnectors;5
C32.03+32.04.txt;at;functionwords;6
C32.03+32.04.txt;be;functionwords;15
C32.03+32.04.txt;by;functionwords;12
C32.03+32.04.txt;eu;economicoperands;16
C32.03+32.04.txt;fx;economicoperands;4
C32.03+32.04.txt;in;functionwords;33
C32.03+32.04.txt;is;functionwords;8
C32.03+32.04.txt;it;functionwords;3
C32.03+32.04.txt;no;logicalconnectors;2
C32.03+32.04.txt;of;functionwords;63
C32.03+32.04.txt;on;functionwords;4
C32.03+32.04.txt;or;logicalconnectors;12
C32.03+32.04.txt;so;logicalconnectors;2
C32.03+32.04.txt;to;functionwords;29
C32.03+32.04.txt;1;attributes;11
C32.03+32.04.txt;2;attributes;10
C32.03+32.04.txt;3;attributes;8
C32.03+32.04.txt;4;attributes;3
C32.03+32.04.txt;6;attributes;2
C32.03+32.04.txt;7;attributes;1
C32.03+32.04.txt;8;attributes;2
