C10.txt;under the standardised approach;economicoperands;1
C10.txt;simple risk weight approach;economicoperands;13
C10.txt;off balance sheet items;economicoperands;3
C10.txt;risk- weighted exposure;economicoperands;1
C10.txt;credit risk mitigation;economicoperands;4
C10.txt;probability of default;economicoperands;1
C10.txt;risk weighted exposure;economicoperands;9
C10.txt;risk-weighted exposure;economicoperands;2
C10.txt;chapter 3 of title ii;legalreferences;2
C10.txt;internal rating scale;economicoperands;4
C10.txt;standardised approach;economicoperands;4
C10.txt;capital requirements;economicoperands;2
C10.txt;competent authority;economicoperands;1
C10.txt;taking into account;regulatoryoperators;3
C10.txt;credit derivatives;economicoperands;4
C10.txt;for the purpose of;logicalconnectors;1
C10.txt;in accordance with;logicalconnectors;24
C10.txt;paragraphs 2 and 3;legalreferences;1
C10.txt;as referred to in;logicalconnectors;3
C10.txt;credit protection;economicoperands;9
C10.txt;in the context of;functionwords;1
C10.txt;off-balance sheet;economicoperands;1
C10.txt;take into account;regulatoryoperators;2
C10.txt;corresponding to;logicalconnectors;1
C10.txt;financial sector;economicoperands;1
C10.txt;article 178 crr;legalreferences;1
C10.txt;characteristics;logicalconnectors;1
C10.txt;irrespective of;logicalconnectors;1
C10.txt;risk parameters;economicoperands;2
C10.txt;be reported in;regulatoryoperators;3
C10.txt;in the case of;logicalconnectors;1
C10.txt;referred to in;functionwords;3
C10.txt;with regard to;logicalconnectors;1
C10.txt;applicable to;logicalconnectors;1
C10.txt;associated to;economicoperands;1
C10.txt;balance sheet;economicoperands;1
C10.txt;deducted from;mathematicaloperators;1
C10.txt;exempted from;regulatoryoperators;1
C10.txt;expected loss;economicoperands;4
C10.txt;grandfathered;economicoperands;1
C10.txt;obligor grade;economicoperands;9
C10.txt;risk exposure;economicoperands;1
C10.txt;breakdown of;mathematicaloperators;5
C10.txt;institutions;economicoperands;24
C10.txt;instructions;regulatoryoperators;3
C10.txt;irb approach;economicoperands;2
C10.txt;laid down in;economicoperands;1
C10.txt;partnerships;economicoperands;1
C10.txt;rating scale;economicoperands;2
C10.txt;requirements;regulatoryoperators;2
C10.txt;respectively;logicalconnectors;1
C10.txt;restrictions;regulatoryoperators;1
C10.txt;subordinated;economicoperands;1
C10.txt;subparagraph;other;1
C10.txt;substitution;mathematicaloperators;8
C10.txt;trading book;economicoperands;2
C10.txt;undertakings;economicoperands;2
C10.txt;adjustments;mathematicaloperators;3
C10.txt;aggregation;mathematicaloperators;3
C10.txt;assigned to;regulatoryoperators;13
C10.txt;calculating;economicoperands;2
C10.txt;calculation;economicoperands;5
C10.txt;consists of;logicalconnectors;1
C10.txt;credit risk;economicoperands;9
C10.txt;derivatives;economicoperands;1
C10.txt;information;economicoperands;6
C10.txt;institution;economicoperands;1
C10.txt;investments;economicoperands;1
C10.txt;obligations;economicoperands;1
C10.txt;risk weight;economicoperands;5
C10.txt;significant;attributes;1
C10.txt;accounting;economicoperands;1
C10.txt;applicable;logicalconnectors;1
C10.txt;approaches;economicoperands;5
C10.txt;as well as;logicalconnectors;1
C10.txt;attracting;economicoperands;1
C10.txt;calculated;economicoperands;4
C10.txt;collective;economicoperands;1
C10.txt;concerning;logicalconnectors;1
C10.txt;considered;logicalconnectors;1
C10.txt;conversion;economicoperands;5
C10.txt;definition;regulatoryoperators;1
C10.txt;explicitly;economicoperands;3
C10.txt;government;economicoperands;1
C10.txt;guarantees;economicoperands;3
C10.txt;identifier;economicoperands;3
C10.txt;individual;economicoperands;1
C10.txt;internally;economicoperands;1
C10.txt;investment;economicoperands;2
C10.txt;legislated;economicoperands;1
C10.txt;memorandum;legalreferences;3
C10.txt;obligation;economicoperands;1
C10.txt;offsetting;economicoperands;1
C10.txt;paragraphs;legalreferences;2
C10.txt;portfolios;economicoperands;1
C10.txt;programmes;economicoperands;1
C10.txt;recognised;economicoperands;2
C10.txt;respective;logicalconnectors;1
C10.txt;securities;economicoperands;1
C10.txt;set out in;regulatoryoperators;3
C10.txt;subject to;logicalconnectors;3
C10.txt;sufficient;attributes;1
C10.txt;techniques;economicoperands;4
C10.txt;underlying;economicoperands;1
C10.txt;amount of;mathematicaloperators;2
C10.txt;ancillary;economicoperands;1
C10.txt;calculate;economicoperands;1
C10.txt;conveying;economicoperands;1
C10.txt;defaulted;economicoperands;1
C10.txt;different;mathematicaloperators;6
C10.txt;exposures;economicoperands;37
C10.txt;following;other;4
C10.txt;including;logicalconnectors;3
C10.txt;numerical;economicoperands;1
C10.txt;oversight;economicoperands;1
C10.txt;parameter;economicoperands;1
C10.txt;permanent;attributes;3
C10.txt;positions;economicoperands;4
C10.txt;recognise;economicoperands;1
C10.txt;refers to;functionwords;1
C10.txt;remaining;economicoperands;1
C10.txt;section 6;legalreferences;1
C10.txt;specified;regulatoryoperators;2
C10.txt;sponsored;economicoperands;1
C10.txt;subsidies;economicoperands;1
C10.txt;substance;economicoperands;1
C10.txt;templates;legalreferences;2
C10.txt;temporary;attributes;3
C10.txt;treatment;economicoperands;4
C10.txt;weighting;mathematicaloperators;1
C10.txt;applying;logicalconnectors;13
C10.txt;approach;economicoperands;19
C10.txt;approved;regulatoryoperators;1
C10.txt;aprroach;economicoperands;5
C10.txt;articles;legalreferences;1
C10.txt;assigned;regulatoryoperators;1
C10.txt;criteria;economicoperands;1
C10.txt;economic;economicoperands;1
C10.txt;entities;economicoperands;3
C10.txt;exposure;economicoperands;32
C10.txt;function;economicoperands;1
C10.txt;included;logicalconnectors;2
C10.txt;incurred;economicoperands;1
C10.txt;internal;economicoperands;7
C10.txt;maturity;economicoperands;2
C10.txt;moreover;logicalconnectors;1
C10.txt;obtained;economicoperands;1
C10.txt;of which;logicalconnectors;5
C10.txt;original;economicoperands;5
C10.txt;outflows;economicoperands;3
C10.txt;overview;economicoperands;1
C10.txt;provided;logicalconnectors;1
C10.txt;provides;economicoperands;3
C10.txt;publicly;economicoperands;1
C10.txt;purposes;economicoperands;1
C10.txt;reported;economicoperands;3
C10.txt;required;regulatoryoperators;4
C10.txt;residual;economicoperands;1
C10.txt;services;economicoperands;1
C10.txt;specific;functionwords;5
C10.txt;stemming;economicoperands;1
C10.txt;template;legalreferences;10
C10.txt;title ii;legalreferences;2
C10.txt;together;logicalconnectors;1
C10.txt;unfunded;economicoperands;9
C10.txt;vehicles;economicoperands;1
C10.txt;weighted;mathematicaloperators;9
C10.txt;5 years;attributes;1
C10.txt;adopted;other;1
C10.txt;amounts;mathematicaloperators;9
C10.txt;annex i;legalreferences;1
C10.txt;applied;logicalconnectors;1
C10.txt;article;legalreferences;34
C10.txt;attract;economicoperands;3
C10.txt;average;mathematicaloperators;8
C10.txt;chapter;legalreferences;2
C10.txt;columns;legalreferences;1
C10.txt;covered;economicoperands;1
C10.txt;default;economicoperands;1
C10.txt;derived;economicoperands;1
C10.txt;economy;economicoperands;1
C10.txt;effects;economicoperands;5
C10.txt;example;economicoperands;1
C10.txt;factors;mathematicaloperators;5
C10.txt;figures;economicoperands;1
C10.txt;general;functionwords;2
C10.txt;however;functionwords;3
C10.txt;include;logicalconnectors;1
C10.txt;involve;economicoperands;1
C10.txt;methods;economicoperands;3
C10.txt;minimum;mathematicaloperators;1
C10.txt;nominal;economicoperands;2
C10.txt;obligor;economicoperands;7
C10.txt;ordered;economicoperands;2
C10.txt;part of;logicalconnectors;1
C10.txt;partial;economicoperands;4
C10.txt;portion;economicoperands;1
C10.txt;promote;economicoperands;1
C10.txt;provide;economicoperands;2
C10.txt;ratings;economicoperands;1
C10.txt;remarks;economicoperands;1
C10.txt;sectors;economicoperands;1
C10.txt;similar;logicalconnectors;1
C10.txt;treated;economicoperands;5
C10.txt;used in;economicoperands;1
C10.txt;weights;economicoperands;5
C10.txt;without;logicalconnectors;3
C10.txt;amount;mathematicaloperators;7
C10.txt;assets;economicoperands;2
C10.txt;claims;economicoperands;2
C10.txt;column;legalreferences;10
C10.txt;credit;economicoperands;2
C10.txt;due to;logicalconnectors;3
C10.txt;employ;economicoperands;1
C10.txt;equals;logicalconnectors;1
C10.txt;equity;economicoperands;33
C10.txt;factor;mathematicaloperators;1
C10.txt;follow;other;1
C10.txt;grades;economicoperands;8
C10.txt;higher;mathematicaloperators;1
C10.txt;income;economicoperands;1
C10.txt;issuer;economicoperands;1
C10.txt;linked;economicoperands;1
C10.txt;master;economicoperands;2
C10.txt;merged;economicoperands;1
C10.txt;models;economicoperands;5
C10.txt;pooled;economicoperands;1
C10.txt;rating;economicoperands;3
C10.txt;report;economicoperands;17
C10.txt;scales;economicoperands;2
C10.txt;second;attributes;1
C10.txt;shares;economicoperands;1
C10.txt;simple;economicoperands;1
C10.txt;unique;economicoperands;3
C10.txt;unpaid;economicoperands;1
C10.txt;weight;economicoperands;5
C10.txt;after;logicalconnectors;3
C10.txt;apply;logicalconnectors;1
C10.txt;based;other;1
C10.txt;being;functionwords;3
C10.txt;claim;economicoperands;1
C10.txt;class;other;3
C10.txt;fixed;economicoperands;3
C10.txt;funds;economicoperands;2
C10.txt;grade;economicoperands;1
C10.txt;input;economicoperands;1
C10.txt;lower;mathematicaloperators;1
C10.txt;order;economicoperands;1
C10.txt;other;logicalconnectors;4
C10.txt;point;economicoperands;5
C10.txt;pools;economicoperands;5
C10.txt;scale;economicoperands;2
C10.txt;shall;regulatoryoperators;38
C10.txt;these;functionwords;1
C10.txt;those;functionwords;4
C10.txt;three;attributes;5
C10.txt;total;mathematicaloperators;15
C10.txt;under;functionwords;7
C10.txt;using;economicoperands;1
C10.txt;value;economicoperands;13
C10.txt;where;logicalconnectors;3
C10.txt;which;functionwords;3
C10.txt;able;economicoperands;1
C10.txt;also;logicalconnectors;5
C10.txt;both;logicalconnectors;2
C10.txt;case;economicoperands;1
C10.txt;cell;legalreferences;1
C10.txt;debt;economicoperands;2
C10.txt;each;logicalconnectors;3
C10.txt;form;economicoperands;2
C10.txt;from;functionwords;3
C10.txt;have;functionwords;1
C10.txt;item;other;3
C10.txt;line;economicoperands;1
C10.txt;non-;logicalconnectors;1
C10.txt;paid;economicoperands;1
C10.txt;part;functionwords;4
C10.txt;pool;economicoperands;4
C10.txt;risk;economicoperands;11
C10.txt;rows;economicoperands;3
C10.txt;some;logicalconnectors;1
C10.txt;that;functionwords;4
C10.txt;they;functionwords;1
C10.txt;this;functionwords;1
C10.txt;used;economicoperands;2
C10.txt;when;logicalconnectors;3
C10.txt;with;functionwords;6
C10.txt;150;attributes;3
C10.txt;152;legalreferences;1
C10.txt;165;legalreferences;4
C10.txt;167;legalreferences;3
C10.txt;250;attributes;1
C10.txt;all;logicalconnectors;2
C10.txt;and;logicalconnectors;16
C10.txt;any;logicalconnectors;1
C10.txt;are;functionwords;4
C10.txt;can;regulatoryoperators;1
C10.txt;crm;economicoperands;7
C10.txt;crr;legalreferences;39
C10.txt;etc;functionwords;1
C10.txt;for;functionwords;19
C10.txt;irb;economicoperands;30
C10.txt;lgd;economicoperands;20
C10.txt;may;regulatoryoperators;3
C10.txt;non;logicalconnectors;1
C10.txt;not;logicalconnectors;3
C10.txt;off;functionwords;1
C10.txt;one;attributes;1
C10.txt;own;functionwords;2
C10.txt;pre;economicoperands;5
C10.txt;row;economicoperands;10
C10.txt;see;other;1
C10.txt;the;functionwords;142
C10.txt;two;attributes;1
C10.txt;use;economicoperands;6
C10.txt;46;legalreferences;1
C10.txt;48;legalreferences;3
C10.txt;an;functionwords;3
C10.txt;as;logicalconnectors;2
C10.txt;be;functionwords;19
C10.txt;by;functionwords;6
C10.txt;do;functionwords;1
C10.txt;in;functionwords;23
C10.txt;is;functionwords;1
C10.txt;it;functionwords;1
C10.txt;of;functionwords;47
C10.txt;on;functionwords;8
C10.txt;or;logicalconnectors;23
C10.txt;pd;economicoperands;25
C10.txt;sa;economicoperands;1
C10.txt;to;functionwords;17
C10.txt;1;attributes;20
C10.txt;2;attributes;16
C10.txt;3;attributes;7
C10.txt;4;attributes;7
C10.txt;5;attributes;1
C10.txt;6;attributes;1
C10.txt;7;attributes;1
C10.txt;8;attributes;1
C10.txt;9;attributes;1
