C73-74.txt;non-operational deposits;economicoperands;2
C73-74.txt;asset backed securities;economicoperands;16
C73-74.txt;asset-backed securities;economicoperands;4
C73-74.txt;non-financial customers;economicoperands;24
C73-74.txt;regulatory requirements;economicoperands;4
C73-74.txt;financial institutions;economicoperands;1
C73-74.txt;delegated regulation;legalreferences;4
C73-74.txt;investment companies;economicoperands;1
C73-74.txt;principal repayment;economicoperands;4
C73-74.txt;segregated accounts;economicoperands;4
C73-74.txt;credit institution;economicoperands;14
C73-74.txt;difference between;mathematicaloperators;4
C73-74.txt;equity instruments;economicoperands;4
C73-74.txt;in accordance with;logicalconnectors;22
C73-74.txt;credit facilities;economicoperands;2
C73-74.txt;in the context of;functionwords;4
C73-74.txt;off-balance sheet;economicoperands;1
C73-74.txt;collateral swaps;economicoperands;5
C73-74.txt;corresponding to;logicalconnectors;8
C73-74.txt;loan commitments;economicoperands;4
C73-74.txt;retail customers;economicoperands;11
C73-74.txt;debt securities;economicoperands;2
C73-74.txt;double counting;economicoperands;4
C73-74.txt;prime brokerage;economicoperands;1
C73-74.txt;retail deposits;economicoperands;4
C73-74.txt;secured funding;economicoperands;1
C73-74.txt;secured lending;economicoperands;9
C73-74.txt;capital market;economicoperands;5
C73-74.txt;collateralized;economicoperands;1
C73-74.txt;counterparties;economicoperands;1
C73-74.txt;in the form of;logicalconnectors;2
C73-74.txt;interdependent;economicoperands;1
C73-74.txt;referred to in;functionwords;4
C73-74.txt;resulting from;other;1
C73-74.txt;undrawn credit;economicoperands;4
C73-74.txt;central banks;economicoperands;29
C73-74.txt;classified as;regulatoryoperators;16
C73-74.txt;correspondent;economicoperands;1
C73-74.txt;corresponding;logicalconnectors;8
C73-74.txt;deterioration;economicoperands;1
C73-74.txt;exempted from;regulatoryoperators;36
C73-74.txt;institutional;economicoperands;12
C73-74.txt;provided that;logicalconnectors;4
C73-74.txt;public sector;economicoperands;4
C73-74.txt;trade finance;economicoperands;1
C73-74.txt;central bank;economicoperands;10
C73-74.txt;counterparty;economicoperands;10
C73-74.txt;credit cards;economicoperands;1
C73-74.txt;institutions;economicoperands;4
C73-74.txt;margin loans;economicoperands;4
C73-74.txt;member state;economicoperands;2
C73-74.txt;multilateral;economicoperands;4
C73-74.txt;preferential;economicoperands;4
C73-74.txt;relationship;economicoperands;3
C73-74.txt;requirements;regulatoryoperators;65
C73-74.txt;restrictions;regulatoryoperators;4
C73-74.txt;transactions;economicoperands;23
C73-74.txt;authorities;economicoperands;4
C73-74.txt;calculation;economicoperands;1
C73-74.txt;commitments;economicoperands;1
C73-74.txt;contractual;economicoperands;4
C73-74.txt;convertible;economicoperands;4
C73-74.txt;cooperative;economicoperands;3
C73-74.txt;denominated;economicoperands;4
C73-74.txt;derivatives;economicoperands;9
C73-74.txt;development;economicoperands;4
C73-74.txt;established;regulatoryoperators;3
C73-74.txt;exchangable;economicoperands;1
C73-74.txt;individuals;economicoperands;10
C73-74.txt;institution;economicoperands;3
C73-74.txt;instruments;economicoperands;1
C73-74.txt;liabilities;economicoperands;3
C73-74.txt;operational;economicoperands;90
C73-74.txt;promotional;economicoperands;8
C73-74.txt;residential;economicoperands;10
C73-74.txt;specialised;economicoperands;4
C73-74.txt;symmetrical;economicoperands;8
C73-74.txt;uncommitted;economicoperands;1
C73-74.txt;additional;mathematicaloperators;1
C73-74.txt;applicable;logicalconnectors;27
C73-74.txt;automobile;economicoperands;2
C73-74.txt;collateral;economicoperands;245
C73-74.txt;commercial;economicoperands;10
C73-74.txt;comparable;logicalconnectors;2
C73-74.txt;corporates;economicoperands;5
C73-74.txt;currencies;economicoperands;4
C73-74.txt;depositing;economicoperands;4
C73-74.txt;facilities;economicoperands;7
C73-74.txt;maintained;economicoperands;5
C73-74.txt;management;economicoperands;2
C73-74.txt;memorandum;legalreferences;5
C73-74.txt;other than;logicalconnectors;6
C73-74.txt;permission;economicoperands;4
C73-74.txt;protection;economicoperands;16
C73-74.txt;provisions;economicoperands;1
C73-74.txt;secured by;economicoperands;25
C73-74.txt;securities;economicoperands;9
C73-74.txt;sovereigns;economicoperands;6
C73-74.txt;structured;economicoperands;2
C73-74.txt;subject to;logicalconnectors;73
C73-74.txt;treated as;regulatoryoperators;6
C73-74.txt;committed;economicoperands;1
C73-74.txt;competent;economicoperands;4
C73-74.txt;countries;economicoperands;5
C73-74.txt;customers;economicoperands;37
C73-74.txt;establish;regulatoryoperators;8
C73-74.txt;excluding;logicalconnectors;8
C73-74.txt;extension;economicoperands;1
C73-74.txt;extremely;attributes;16
C73-74.txt;financial;economicoperands;39
C73-74.txt;financing;economicoperands;7
C73-74.txt;following;other;1
C73-74.txt;impact of;economicoperands;1
C73-74.txt;liquidity;economicoperands;9
C73-74.txt;mortgages;economicoperands;1
C73-74.txt;operating;economicoperands;1
C73-74.txt;positions;economicoperands;6
C73-74.txt;qualifies;economicoperands;8
C73-74.txt;regulated;regulatoryoperators;1
C73-74.txt;treatment;economicoperands;4
C73-74.txt;undefined;economicoperands;4
C73-74.txt;unsecured;economicoperands;6
C73-74.txt;wholesale;economicoperands;2
C73-74.txt;advances;economicoperands;1
C73-74.txt;balances;economicoperands;4
C73-74.txt;borrowed;economicoperands;1
C73-74.txt;callable;economicoperands;1
C73-74.txt;captured;economicoperands;8
C73-74.txt;category;economicoperands;2
C73-74.txt;clearing;economicoperands;3
C73-74.txt;coverage;economicoperands;2
C73-74.txt;currency;economicoperands;2
C73-74.txt;customer;economicoperands;4
C73-74.txt;deposits;economicoperands;37
C73-74.txt;end date;economicoperands;4
C73-74.txt;entities;economicoperands;9
C73-74.txt;expenses;economicoperands;1
C73-74.txt;extended;economicoperands;40
C73-74.txt;internal;economicoperands;1
C73-74.txt;material;economicoperands;1
C73-74.txt;maturing;economicoperands;8
C73-74.txt;of which;logicalconnectors;104
C73-74.txt;outflows;economicoperands;22
C73-74.txt;personal;economicoperands;1
C73-74.txt;position;economicoperands;8
C73-74.txt;products;economicoperands;2
C73-74.txt;provided;logicalconnectors;8
C73-74.txt;purchase;economicoperands;1
C73-74.txt;received;economicoperands;84
C73-74.txt;scenario;economicoperands;1
C73-74.txt;services;economicoperands;4
C73-74.txt;standard;economicoperands;20
C73-74.txt;transfer;economicoperands;4
C73-74.txt;weighted;mathematicaloperators;8
C73-74.txt;30 days;attributes;9
C73-74.txt;adverse;economicoperands;1
C73-74.txt;already;logicalconnectors;8
C73-74.txt;applied;logicalconnectors;1
C73-74.txt;arising;economicoperands;4
C73-74.txt;article;legalreferences;36
C73-74.txt;banking;economicoperands;1
C73-74.txt;central;economicoperands;1
C73-74.txt;covered;economicoperands;38
C73-74.txt;custody;economicoperands;2
C73-74.txt;funding;economicoperands;11
C73-74.txt;granted;economicoperands;4
C73-74.txt;inflows;economicoperands;161
C73-74.txt;members;economicoperands;4
C73-74.txt;netting;economicoperands;1
C73-74.txt;network;economicoperands;4
C73-74.txt;outflow;economicoperands;14
C73-74.txt;planned;economicoperands;1
C73-74.txt;qualify;economicoperands;8
C73-74.txt;quality;economicoperands;25
C73-74.txt;related;logicalconnectors;6
C73-74.txt;release;economicoperands;4
C73-74.txt;renewal;economicoperands;1
C73-74.txt;section;legalreferences;8
C73-74.txt;secured;economicoperands;5
C73-74.txt;trading;economicoperands;4
C73-74.txt;undrawn;economicoperands;1
C73-74.txt;without;logicalconnectors;2
C73-74.txt;agreed;economicoperands;2
C73-74.txt;amount;mathematicaloperators;20
C73-74.txt;assets;economicoperands;22
C73-74.txt;cap on;regulatoryoperators;105
C73-74.txt;client;economicoperands;1
C73-74.txt;credit;economicoperands;6
C73-74.txt;driven;economicoperands;5
C73-74.txt;due to;logicalconnectors;1
C73-74.txt;equity;economicoperands;8
C73-74.txt;except;logicalconnectors;16
C73-74.txt;excess;mathematicaloperators;12
C73-74.txt;higher;mathematicaloperators;6
C73-74.txt;if not;logicalconnectors;2
C73-74.txt;inflow;economicoperands;19
C73-74.txt;liquid;economicoperands;53
C73-74.txt;market;economicoperands;28
C73-74.txt;monies;economicoperands;80
C73-74.txt;netted;economicoperands;1
C73-74.txt;obtain;economicoperands;1
C73-74.txt;others;logicalconnectors;1
C73-74.txt;payout;economicoperands;1
C73-74.txt;posted;economicoperands;2
C73-74.txt;retail;economicoperands;1
C73-74.txt;scheme;economicoperands;12
C73-74.txt;stable;economicoperands;2
C73-74.txt;waived;regulatoryoperators;5
C73-74.txt;weight;economicoperands;47
C73-74.txt;within;logicalconnectors;22
C73-74.txt;apply;logicalconnectors;4
C73-74.txt;asset;economicoperands;18
C73-74.txt;banks;economicoperands;4
C73-74.txt;basis;economicoperands;1
C73-74.txt;being;functionwords;16
C73-74.txt;bonds;economicoperands;31
C73-74.txt;cover;economicoperands;8
C73-74.txt;drawn;economicoperands;1
C73-74.txt;ehqcb;economicoperands;10
C73-74.txt;excl.;logicalconnectors;7
C73-74.txt;group;economicoperands;15
C73-74.txt;index;economicoperands;4
C73-74.txt;intra;functionwords;1
C73-74.txt;items;other;5
C73-74.txt;legal;economicoperands;5
C73-74.txt;level;economicoperands;72
C73-74.txt;loans;economicoperands;10
C73-74.txt;major;functionwords;4
C73-74.txt;meets;economicoperands;70
C73-74.txt;other;logicalconnectors;42
C73-74.txt;short;economicoperands;9
C73-74.txt;there;functionwords;8
C73-74.txt;third;attributes;5
C73-74.txt;total;mathematicaloperators;17
C73-74.txt;trade;economicoperands;4
C73-74.txt;value;economicoperands;54
C73-74.txt;where;logicalconnectors;18
C73-74.txt;which;functionwords;12
C73-74.txt;able;economicoperands;8
C73-74.txt;auto;economicoperands;8
C73-74.txt;been;functionwords;2
C73-74.txt;cash;economicoperands;3
C73-74.txt;does;functionwords;8
C73-74.txt;down;functionwords;1
C73-74.txt;from;functionwords;122
C73-74.txt;have;functionwords;5
C73-74.txt;held;economicoperands;4
C73-74.txt;high;economicoperands;24
C73-74.txt;item;other;41
C73-74.txt;loss;economicoperands;1
C73-74.txt;mdbs;economicoperands;1
C73-74.txt;non-;logicalconnectors;33
C73-74.txt;rate;economicoperands;8
C73-74.txt;that;functionwords;17
C73-74.txt;used;economicoperands;8
C73-74.txt;with;functionwords;22
C73-74.txt;all;logicalconnectors;8
C73-74.txt;and;logicalconnectors;33
C73-74.txt;any;logicalconnectors;4
C73-74.txt;are;functionwords;8
C73-74.txt;but;logicalconnectors;1
C73-74.txt;due;attributes;82
C73-74.txt;for;functionwords;31
C73-74.txt;has;functionwords;1
C73-74.txt;ips;economicoperands;6
C73-74.txt;new;economicoperands;1
C73-74.txt;non;logicalconnectors;9
C73-74.txt;not;logicalconnectors;33
C73-74.txt;own;functionwords;1
C73-74.txt;row;economicoperands;41
C73-74.txt;sft;economicoperands;1
C73-74.txt;the;functionwords;137
C73-74.txt;yet;logicalconnectors;1
C73-74.txt;10;attributes;5
C73-74.txt;15;attributes;5
C73-74.txt;17;legalreferences;5
C73-74.txt;20;attributes;5
C73-74.txt;25;attributes;7
C73-74.txt;30;attributes;5
C73-74.txt;31;attributes;4
C73-74.txt;35;attributes;3
C73-74.txt;40;legalreferences;6
C73-74.txt;50;attributes;9
C73-74.txt;75;attributes;37
C73-74.txt;90;attributes;35
C73-74.txt;an;functionwords;23
C73-74.txt;as;logicalconnectors;16
C73-74.txt;be;functionwords;1
C73-74.txt;by;functionwords;22
C73-74.txt;eu;economicoperands;4
C73-74.txt;fx;economicoperands;5
C73-74.txt;if;logicalconnectors;4
C73-74.txt;in;functionwords;38
C73-74.txt;is;functionwords;51
C73-74.txt;no;logicalconnectors;4
C73-74.txt;of;functionwords;85
C73-74.txt;on;functionwords;3
C73-74.txt;or;logicalconnectors;58
C73-74.txt;to;functionwords;43
C73-74.txt;1;attributes;67
C73-74.txt;2;attributes;11
C73-74.txt;3;attributes;10
C73-74.txt;4;attributes;5
C73-74.txt;5;attributes;1
C73-74.txt;6;attributes;1
C73-74.txt;9;attributes;31
