C06.txt;global systemically important institution buffer;economicoperands;4
C06.txt;systemically important institution buffer;economicoperands;4
C06.txt;countercyclical capital buffer;economicoperands;1
C06.txt;qualifying tier 1 instruments;economicoperands;6
C06.txt;common equity tier 1 capital;economicoperands;6
C06.txt;additional tier 1 capital;economicoperands;7
C06.txt;financial holding company;economicoperands;1
C06.txt;qualifying tier 2 capital;economicoperands;2
C06.txt;countercyclical buffer;economicoperands;1
C06.txt;financial institutions;economicoperands;1
C06.txt;risk weighted exposure;economicoperands;3
C06.txt;special purpose entity;economicoperands;1
C06.txt;financial institution;economicoperands;1
C06.txt;fx and commodity risk;economicoperands;1
C06.txt;reporting institution;economicoperands;2
C06.txt;common equity tier 1;economicoperands;3
C06.txt;conservation buffer;economicoperands;10
C06.txt;total capital ratio;economicoperands;1
C06.txt;within the scope of;logicalconnectors;4
C06.txt;consolidated group;economicoperands;1
C06.txt;credit institution;economicoperands;1
C06.txt;for the purpose of;logicalconnectors;1
C06.txt;in accordance with;logicalconnectors;15
C06.txt;taken into account;regulatoryoperators;1
C06.txt;within the meaning;logicalconnectors;1
C06.txt;additional tier 1;economicoperands;3
C06.txt;minority interest;economicoperands;1
C06.txt;operational risks;economicoperands;1
C06.txt;retained earnings;economicoperands;11
C06.txt;entity-by-entity;economicoperands;1
C06.txt;foreign exchange;economicoperands;2
C06.txt;operational risk;economicoperands;6
C06.txt;article 128 crd;legalreferences;1
C06.txt;article 131 crd;legalreferences;2
C06.txt;article 458 crr;legalreferences;1
C06.txt;attributable to;functionwords;1
C06.txt;be reported for;regulatoryoperators;5
C06.txt;diversification;economicoperands;1
C06.txt;exposure amount;economicoperands;13
C06.txt;on the basis of;logicalconnectors;1
C06.txt;article 25 crr;legalreferences;1
C06.txt;be reported as;regulatoryoperators;2
C06.txt;be reported in;regulatoryoperators;19
C06.txt;capital buffer;economicoperands;2
C06.txt;in addition to;mathematicaloperators;1
C06.txt;multiplication;mathematicaloperators;1
C06.txt;profit or loss;economicoperands;1
C06.txt;reference date;economicoperands;1
C06.txt;referred to in;functionwords;6
C06.txt;securitisation;economicoperands;1
C06.txt;t2 instruments;economicoperands;2
C06.txt;tier 1 capital;economicoperands;8
C06.txt;tier 2 capital;economicoperands;5
C06.txt;applicable to;logicalconnectors;3
C06.txt;balance sheet;economicoperands;1
C06.txt;capital ratio;economicoperands;1
C06.txt;consolidation;economicoperands;12
C06.txt;contributions;economicoperands;1
C06.txt;correspond to;logicalconnectors;6
C06.txt;risk exposure;economicoperands;9
C06.txt;share premium;economicoperands;11
C06.txt;systemic risk;economicoperands;8
C06.txt;third parties;economicoperands;1
C06.txt;additionally;mathematicaloperators;1
C06.txt;article 4(1);legalreferences;8
C06.txt;by virtue of;functionwords;1
C06.txt;calculations;economicoperands;4
C06.txt;conributions;economicoperands;3
C06.txt;consistently;attributes;1
C06.txt;consolidated;economicoperands;49
C06.txt;contribution;economicoperands;10
C06.txt;counterparty;economicoperands;6
C06.txt;institutions;economicoperands;14
C06.txt;instructions;regulatoryoperators;12
C06.txt;jurisdiction;economicoperands;1
C06.txt;laid down in;economicoperands;1
C06.txt;member state;economicoperands;5
C06.txt;requirements;regulatoryoperators;11
C06.txt;subsidiaries;economicoperands;19
C06.txt;transactions;economicoperands;1
C06.txt;transitional;economicoperands;6
C06.txt;undertakings;economicoperands;7
C06.txt;accumulated;economicoperands;1
C06.txt;calculation;economicoperands;2
C06.txt;commodities;economicoperands;4
C06.txt;computation;mathematicaloperators;2
C06.txt;corresponds;logicalconnectors;1
C06.txt;credit risk;economicoperands;1
C06.txt;effectively;other;1
C06.txt;granularity;economicoperands;1
C06.txt;information;economicoperands;22
C06.txt;institution;economicoperands;7
C06.txt;instruments;economicoperands;14
C06.txt;on the date;logicalconnectors;4
C06.txt;pursuant to;functionwords;2
C06.txt;requirement;regulatoryoperators;4
C06.txt;transposing;regulatoryoperators;1
C06.txt;undertaking;economicoperands;2
C06.txt;additional;mathematicaloperators;2
C06.txt;affiliates;economicoperands;4
C06.txt;applicable;logicalconnectors;1
C06.txt;categories;economicoperands;3
C06.txt;collateral;economicoperands;1
C06.txt;comparable;logicalconnectors;1
C06.txt;considered;logicalconnectors;3
C06.txt;contribute;economicoperands;2
C06.txt;deliveries;economicoperands;6
C06.txt;determined;regulatoryoperators;1
C06.txt;equivalent;logicalconnectors;10
C06.txt;especially;logicalconnectors;1
C06.txt;identified;economicoperands;4
C06.txt;identifier;economicoperands;2
C06.txt;in case of;logicalconnectors;2
C06.txt;individual;economicoperands;7
C06.txt;investment;economicoperands;3
C06.txt;memorandum;legalreferences;3
C06.txt;other than;logicalconnectors;7
C06.txt;percentage;mathematicaloperators;1
C06.txt;provisions;economicoperands;13
C06.txt;prudential;economicoperands;4
C06.txt;qualifying;economicoperands;20
C06.txt;regardless;logicalconnectors;1
C06.txt;respective;logicalconnectors;1
C06.txt;settlement;economicoperands;7
C06.txt;solo basis;economicoperands;3
C06.txt;subject to;logicalconnectors;11
C06.txt;subsidiary;economicoperands;9
C06.txt;summarises;economicoperands;1
C06.txt;amount of;mathematicaloperators;11
C06.txt;ancillary;economicoperands;1
C06.txt;available;economicoperands;2
C06.txt;breakdown;mathematicaloperators;1
C06.txt;carry out;economicoperands;1
C06.txt;commodity;economicoperands;3
C06.txt;completed;economicoperands;1
C06.txt;concerned;logicalconnectors;1
C06.txt;determine;regulatoryoperators;1
C06.txt;different;mathematicaloperators;1
C06.txt;excluding;logicalconnectors;3
C06.txt;following;other;4
C06.txt;including;logicalconnectors;2
C06.txt;insurance;economicoperands;1
C06.txt;interests;economicoperands;12
C06.txt;necessary;attributes;1
C06.txt;operating;economicoperands;2
C06.txt;otherwise;logicalconnectors;4
C06.txt;overheads;economicoperands;6
C06.txt;paragraph;legalreferences;1
C06.txt;partially;economicoperands;3
C06.txt;provision;economicoperands;1
C06.txt;refers to;functionwords;1
C06.txt;reporting;economicoperands;10
C06.txt;represent;economicoperands;2
C06.txt;requested;regulatoryoperators;1
C06.txt;situation;economicoperands;1
C06.txt;specified;regulatoryoperators;5
C06.txt;structure;economicoperands;2
C06.txt;subgroups;economicoperands;1
C06.txt;templates;legalreferences;1
C06.txt;therefore;logicalconnectors;3
C06.txt;threshold;economicoperands;1
C06.txt;accounts;economicoperands;11
C06.txt;articles;legalreferences;5
C06.txt;at least;logicalconnectors;3
C06.txt;based on;other;2
C06.txt;category;economicoperands;1
C06.txt;combined;mathematicaloperators;3
C06.txt;computed;mathematicaloperators;1
C06.txt;cyclical;economicoperands;2
C06.txt;delivery;economicoperands;7
C06.txt;designed;economicoperands;1
C06.txt;detailed;other;2
C06.txt;dilution;economicoperands;6
C06.txt;eligible;economicoperands;6
C06.txt;entities;economicoperands;21
C06.txt;goodwill;economicoperands;14
C06.txt;holdings;economicoperands;2
C06.txt;identify;economicoperands;1
C06.txt;included;logicalconnectors;32
C06.txt;includes;logicalconnectors;1
C06.txt;intended;economicoperands;1
C06.txt;lei code;economicoperands;5
C06.txt;minority;economicoperands;12
C06.txt;national;economicoperands;6
C06.txt;negative;mathematicaloperators;7
C06.txt;of which;logicalconnectors;22
C06.txt;position;economicoperands;8
C06.txt;provided;logicalconnectors;5
C06.txt;relevant;attributes;5
C06.txt;reported;economicoperands;34
C06.txt;required;regulatoryoperators;3
C06.txt;reserves;economicoperands;5
C06.txt;rules of;economicoperands;2
C06.txt;securing;economicoperands;1
C06.txt;services;economicoperands;1
C06.txt;solvency;economicoperands;18
C06.txt;specific;functionwords;3
C06.txt;subgroup;economicoperands;1
C06.txt;template;legalreferences;15
C06.txt;title ii;legalreferences;3
C06.txt;amounts;mathematicaloperators;18
C06.txt;article;legalreferences;35
C06.txt;between;functionwords;1
C06.txt;brought;economicoperands;3
C06.txt;buffers;economicoperands;8
C06.txt;capital;economicoperands;16
C06.txt;chapter;legalreferences;3
C06.txt;columns;legalreferences;7
C06.txt;company;economicoperands;1
C06.txt;country;economicoperands;3
C06.txt;covered;economicoperands;3
C06.txt;derived;economicoperands;2
C06.txt;effects;economicoperands;6
C06.txt;factual;economicoperands;1
C06.txt;general;functionwords;1
C06.txt;holding;economicoperands;3
C06.txt;include;logicalconnectors;7
C06.txt;located;economicoperands;1
C06.txt;part ii;legalreferences;1
C06.txt;part of;logicalconnectors;3
C06.txt;persons;economicoperands;5
C06.txt;reflect;economicoperands;2
C06.txt;related;logicalconnectors;20
C06.txt;results;economicoperands;2
C06.txt;section;legalreferences;1
C06.txt;that is;logicalconnectors;4
C06.txt;therein;other;1
C06.txt;across;functionwords;2
C06.txt;actual;logicalconnectors;2
C06.txt;always;logicalconnectors;2
C06.txt;amount;mathematicaloperators;27
C06.txt;buffer;economicoperands;8
C06.txt;column;legalreferences;18
C06.txt;credit;economicoperands;12
C06.txt;differ;mathematicaloperators;1
C06.txt;direct;economicoperands;1
C06.txt;double;attributes;1
C06.txt;due to;logicalconnectors;6
C06.txt;effect;economicoperands;1
C06.txt;effort;economicoperands;1
C06.txt;entity;economicoperands;18
C06.txt;except;logicalconnectors;3
C06.txt;follow;other;1
C06.txt;gather;economicoperands;2
C06.txt;if not;logicalconnectors;2
C06.txt;impose;regulatoryoperators;1
C06.txt;in all;logicalconnectors;1
C06.txt;issued;economicoperands;1
C06.txt;letter;economicoperands;1
C06.txt;listed;functionwords;2
C06.txt;mainly;logicalconnectors;1
C06.txt;market;economicoperands;1
C06.txt;parent;economicoperands;2
C06.txt;points;economicoperands;3
C06.txt;raised;economicoperands;1
C06.txt;report;economicoperands;5
C06.txt;result;economicoperands;4
C06.txt;set up;economicoperands;1
C06.txt;shares;economicoperands;1
C06.txt;stable;economicoperands;1
C06.txt;sum of;mathematicaloperators;6
C06.txt;unique;economicoperands;2
C06.txt;values;economicoperands;1
C06.txt;within;logicalconnectors;3
C06.txt;about;functionwords;1
C06.txt;above;functionwords;9
C06.txt;basis;economicoperands;8
C06.txt;being;functionwords;1
C06.txt;bonds;economicoperands;1
C06.txt;equal;logicalconnectors;5
C06.txt;firms;economicoperands;2
C06.txt;fixed;economicoperands;6
C06.txt;fully;economicoperands;8
C06.txt;funds;economicoperands;46
C06.txt;given;functionwords;1
C06.txt;group;economicoperands;18
C06.txt;holds;economicoperands;1
C06.txt;issue;economicoperands;1
C06.txt;level;economicoperands;6
C06.txt;local;economicoperands;3
C06.txt;mixed;economicoperands;1
C06.txt;other;logicalconnectors;19
C06.txt;owned;economicoperands;5
C06.txt;point;economicoperands;18
C06.txt;ratio;mathematicaloperators;1
C06.txt;risks;economicoperands;17
C06.txt;rules;economicoperands;5
C06.txt;scope;economicoperands;5
C06.txt;shall;regulatoryoperators;79
C06.txt;share;economicoperands;5
C06.txt;their;functionwords;1
C06.txt;those;functionwords;4
C06.txt;total;mathematicaloperators;22
C06.txt;using;economicoperands;1
C06.txt;value;economicoperands;1
C06.txt;where;logicalconnectors;6
C06.txt;which;functionwords;7
C06.txt;whose;functionwords;1
C06.txt;best;mathematicaloperators;1
C06.txt;bond;economicoperands;2
C06.txt;cell;legalreferences;6
C06.txt;cet1;economicoperands;2
C06.txt;code;economicoperands;19
C06.txt;data;economicoperands;3
C06.txt;each;logicalconnectors;8
C06.txt;fact;economicoperands;1
C06.txt;firm;economicoperands;1
C06.txt;free;economicoperands;6
C06.txt;from;functionwords;5
C06.txt;full;economicoperands;2
C06.txt;fund;economicoperands;2
C06.txt;have;functionwords;1
C06.txt;here;functionwords;2
C06.txt;hold;economicoperands;1
C06.txt;item;other;3
C06.txt;last;attributes;1
C06.txt;mind;economicoperands;1
C06.txt;must;regulatoryoperators;5
C06.txt;name;economicoperands;3
C06.txt;ones;attributes;4
C06.txt;only;logicalconnectors;7
C06.txt;part;functionwords;5
C06.txt;plus;functionwords;5
C06.txt;rate;economicoperands;1
C06.txt;rest;logicalconnectors;1
C06.txt;risk;economicoperands;19
C06.txt;rows;economicoperands;2
C06.txt;same;logicalconnectors;1
C06.txt;solo;economicoperands;4
C06.txt;some;logicalconnectors;1
C06.txt;sspe;economicoperands;1
C06.txt;that;functionwords;25
C06.txt;they;functionwords;2
C06.txt;this;functionwords;27
C06.txt;time;economicoperands;1
C06.txt;type;economicoperands;8
C06.txt;used;economicoperands;1
C06.txt;when;logicalconnectors;3
C06.txt;with;functionwords;1
C06.txt;129;legalreferences;2
C06.txt;133;attributes;1
C06.txt;140;legalreferences;1
C06.txt;all;logicalconnectors;6
C06.txt;and;logicalconnectors;56
C06.txt;any;logicalconnectors;11
C06.txt;are;functionwords;25
C06.txt;at1;economicoperands;3
C06.txt;but;logicalconnectors;1
C06.txt;can;regulatoryoperators;2
C06.txt;crd;legalreferences;7
C06.txt;crr;legalreferences;54
C06.txt;for;functionwords;34
C06.txt;i.e;functionwords;2
C06.txt;law;economicoperands;1
C06.txt;may;regulatoryoperators;2
C06.txt;net;economicoperands;1
C06.txt;non;logicalconnectors;1
C06.txt;not;logicalconnectors;7
C06.txt;one;attributes;3
C06.txt;opr;economicoperands;1
C06.txt;own;functionwords;46
C06.txt;row;economicoperands;8
C06.txt;see;other;2
C06.txt;the;functionwords;218
C06.txt;two;attributes;2
C06.txt;yes;other;4
C06.txt;16;legalreferences;1
C06.txt;18;legalreferences;2
C06.txt;20;attributes;2
C06.txt;21;legalreferences;2
C06.txt;50;attributes;1
C06.txt;an;functionwords;8
C06.txt;as;logicalconnectors;5
C06.txt;at;functionwords;6
C06.txt;be;functionwords;53
C06.txt;by;functionwords;11
C06.txt;do;functionwords;1
C06.txt;fx;economicoperands;5
C06.txt;if;logicalconnectors;1
C06.txt;ii;legalreferences;2
C06.txt;in;functionwords;48
C06.txt;is;functionwords;12
C06.txt;it;functionwords;7
C06.txt;iv;legalreferences;1
C06.txt;no;logicalconnectors;3
C06.txt;of;functionwords;111
C06.txt;on;functionwords;30
C06.txt;or;logicalconnectors;24
C06.txt;t1;economicoperands;3
C06.txt;t2;economicoperands;1
C06.txt;to;functionwords;63
C06.txt;1;attributes;8
C06.txt;2;attributes;12
C06.txt;3;attributes;2
C06.txt;4;attributes;1
C06.txt;5;attributes;2
C06.txt;6;attributes;1
