F10.txt;national gaap compatible;legalreferences;5
F10.txt;that meet the definition;logicalconnectors;2
F10.txt;this part of this annex;legalreferences;2
F10.txt;financial corporations;economicoperands;3
F10.txt;foreign exchange swaps;economicoperands;1
F10.txt;meet the definition of;regulatoryoperators;2
F10.txt;accounting portfolios;economicoperands;4
F10.txt;financial instruments;economicoperands;2
F10.txt;regardless of whether;logicalconnectors;2
F10.txt;with the exception of;logicalconnectors;2
F10.txt;accounting framework;economicoperands;1
F10.txt;accounting portfolio;economicoperands;1
F10.txt;appendix a to ifrs 9;legalreferences;1
F10.txt;comprehensive income;economicoperands;3
F10.txt;credit spread option;economicoperands;2
F10.txt;financial guarantees;economicoperands;1
F10.txt;financial instrument;economicoperands;4
F10.txt;for hedging purposes;economicoperands;1
F10.txt;part 1 of this annex;legalreferences;1
F10.txt;accounting standard;economicoperands;1
F10.txt;credit default swap;economicoperands;2
F10.txt;financial guarantee;economicoperands;2
F10.txt;financial liability;economicoperands;2
F10.txt;hedging derivatives;economicoperands;6
F10.txt;hedging instruments;economicoperands;8
F10.txt;proprietary trading;economicoperands;1
F10.txt;templates 10 and 11;legalreferences;4
F10.txt;under national gaap;legalreferences;3
F10.txt;commodity contract;economicoperands;1
F10.txt;credit derivatives;economicoperands;7
F10.txt;equity instruments;economicoperands;1
F10.txt;for the purpose of;logicalconnectors;1
F10.txt;hedge relationship;economicoperands;3
F10.txt;hedging derivative;economicoperands;1
F10.txt;hedging instrument;economicoperands;2
F10.txt;in accordance with;logicalconnectors;11
F10.txt;interest rate risk;economicoperands;7
F10.txt;notional amount of;mathematicaloperators;4
F10.txt;taken into account;regulatoryoperators;1
F10.txt;at amortised cost;economicoperands;2
F10.txt;cost-price hedges;economicoperands;1
F10.txt;hybrid instrument;economicoperands;1
F10.txt;off-balance sheet;economicoperands;1
F10.txt;total return swap;economicoperands;2
F10.txt;carrying amounts;economicoperands;1
F10.txt;commodity-linked;economicoperands;1
F10.txt;creditworthiness;economicoperands;1
F10.txt;currency options;economicoperands;2
F10.txt;financial assets;economicoperands;23
F10.txt;foreign exchange;economicoperands;11
F10.txt;hedge accounting;economicoperands;7
F10.txt;held for trading;economicoperands;20
F10.txt;interest-bearing;economicoperands;2
F10.txt;is designated as;regulatoryoperators;2
F10.txt;on-balance sheet;economicoperands;3
F10.txt;organised market;economicoperands;3
F10.txt;organized market;economicoperands;13
F10.txt;where applicable;logicalconnectors;2
F10.txt;are not part of;logicalconnectors;1
F10.txt;be allocated to;regulatoryoperators;1
F10.txt;be reported for;regulatoryoperators;7
F10.txt;carrying amount;economicoperands;21
F10.txt;discontinuation;economicoperands;1
F10.txt;economic hedges;economicoperands;22
F10.txt;financial asset;economicoperands;2
F10.txt;irrespective of;logicalconnectors;4
F10.txt;net investments;economicoperands;1
F10.txt;notional amount;mathematicaloperators;18
F10.txt;portfolio hedge;economicoperands;5
F10.txt;single-currency;economicoperands;1
F10.txt;at the date of;logicalconnectors;1
F10.txt;be reported as;regulatoryoperators;3
F10.txt;be reported in;regulatoryoperators;12
F10.txt;broken down by;mathematicaloperators;5
F10.txt;characteristic;logicalconnectors;1
F10.txt;classification;economicoperands;1
F10.txt;counterparties;economicoperands;5
F10.txt;cross-currency;economicoperands;4
F10.txt;exchange rates;economicoperands;2
F10.txt;in addition to;mathematicaloperators;1
F10.txt;interest rates;economicoperands;3
F10.txt;multi-exposure;economicoperands;1
F10.txt;precious metal;economicoperands;1
F10.txt;profit or loss;economicoperands;6
F10.txt;reference date;economicoperands;3
F10.txt;required to be;regulatoryoperators;1
F10.txt;as defined in;logicalconnectors;3
F10.txt;at fair value;economicoperands;7
F10.txt;balance sheet;economicoperands;2
F10.txt;classified as;regulatoryoperators;6
F10.txt;consideration;logicalconnectors;1
F10.txt;credit spread;economicoperands;1
F10.txt;in particular;logicalconnectors;1
F10.txt;interest rate;economicoperands;17
F10.txt;national gaap;legalreferences;15
F10.txt;risk category;economicoperands;1
F10.txt;according to;regulatoryoperators;4
F10.txt;agricultural;economicoperands;1
F10.txt;article 4(1);legalreferences;2
F10.txt;breakdown of;mathematicaloperators;2
F10.txt;constituting;logicalconnectors;1
F10.txt;counterparty;economicoperands;2
F10.txt;discontinued;economicoperands;1
F10.txt;except where;logicalconnectors;2
F10.txt;gain or loss;economicoperands;1
F10.txt;hedged items;economicoperands;8
F10.txt;institutions;economicoperands;5
F10.txt;micro-hedges;economicoperands;5
F10.txt;net position;economicoperands;3
F10.txt;recalculated;mathematicaloperators;1
F10.txt;relationship;economicoperands;1
F10.txt;trading book;economicoperands;1
F10.txt;transactions;economicoperands;3
F10.txt;unfavourable;economicoperands;1
F10.txt;unrecognised;economicoperands;2
F10.txt;accumulated;economicoperands;1
F10.txt;adjustments;mathematicaloperators;7
F10.txt;application;economicoperands;1
F10.txt;appropriate;attributes;1
F10.txt;commitments;economicoperands;2
F10.txt;commodities;economicoperands;4
F10.txt;contractual;economicoperands;1
F10.txt;cost- based;economicoperands;10
F10.txt;credit risk;economicoperands;6
F10.txt;derivatives;economicoperands;47
F10.txt;estimate of;mathematicaloperators;1
F10.txt;hedged item;economicoperands;1
F10.txt;implemented;regulatoryoperators;1
F10.txt;information;economicoperands;1
F10.txt;institution;economicoperands;5
F10.txt;instruments;economicoperands;5
F10.txt;liabilities;economicoperands;25
F10.txt;measurement;mathematicaloperators;1
F10.txt;performance;economicoperands;2
F10.txt;predominant;economicoperands;1
F10.txt;receivables;economicoperands;1
F10.txt;recognition;economicoperands;4
F10.txt;referencing;functionwords;1
F10.txt;referred to;functionwords;1
F10.txt;transaction;economicoperands;3
F10.txt;uncertainty;economicoperands;1
F10.txt;adjustment;mathematicaloperators;1
F10.txt;agreements;economicoperands;1
F10.txt;allocation;economicoperands;2
F10.txt;appendix a;legalreferences;2
F10.txt;applicable;logicalconnectors;4
F10.txt;as well as;logicalconnectors;2
F10.txt;breakdowns;mathematicaloperators;1
F10.txt;by type of;logicalconnectors;17
F10.txt;cash flows;economicoperands;1
F10.txt;categories;economicoperands;5
F10.txt;classified;regulatoryoperators;1
F10.txt;components;economicoperands;1
F10.txt;comprising;logicalconnectors;1
F10.txt;compulsory;regulatoryoperators;1
F10.txt;considered;logicalconnectors;3
F10.txt;constitute;logicalconnectors;1
F10.txt;contracted;economicoperands;1
F10.txt;cumulative;mathematicaloperators;1
F10.txt;currencies;economicoperands;2
F10.txt;derivative;economicoperands;20
F10.txt;designated;regulatoryoperators;1
F10.txt;determined;regulatoryoperators;2
F10.txt;fair value;economicoperands;24
F10.txt;fair-value;economicoperands;1
F10.txt;favourable;economicoperands;1
F10.txt;gaap based;legalreferences;1
F10.txt;identified;economicoperands;1
F10.txt;influenced;economicoperands;1
F10.txt;instrument;economicoperands;1
F10.txt;multiplied;mathematicaloperators;2
F10.txt;multiplier;mathematicaloperators;1
F10.txt;obligation;economicoperands;1
F10.txt;otc market;economicoperands;2
F10.txt;other than;logicalconnectors;2
F10.txt;particular;logicalconnectors;2
F10.txt;pertaining;logicalconnectors;1
F10.txt;precedence;economicoperands;1
F10.txt;predefined;economicoperands;2
F10.txt;previously;logicalconnectors;1
F10.txt;protection;economicoperands;3
F10.txt;qualifying;economicoperands;3
F10.txt;recognised;economicoperands;5
F10.txt;references;functionwords;15
F10.txt;represents;economicoperands;1
F10.txt;restricted;regulatoryoperators;1
F10.txt;separately;economicoperands;7
F10.txt;stipulated;regulatoryoperators;1
F10.txt;subsequent;logicalconnectors;2
F10.txt;under ifrs;legalreferences;1
F10.txt;underlying;economicoperands;5
F10.txt;allocated;economicoperands;1
F10.txt;amortised;economicoperands;1
F10.txt;amount of;mathematicaloperators;2
F10.txt;available;economicoperands;1
F10.txt;cash flow;economicoperands;2
F10.txt;commodity;economicoperands;12
F10.txt;component;economicoperands;2
F10.txt;concluded;economicoperands;1
F10.txt;contracts;economicoperands;20
F10.txt;corridors;economicoperands;1
F10.txt;decreases;mathematicaloperators;1
F10.txt;dedicated;economicoperands;2
F10.txt;determine;regulatoryoperators;1
F10.txt;downgrade;economicoperands;1
F10.txt;effective;other;3
F10.txt;exception;logicalconnectors;1
F10.txt;exchanges;economicoperands;2
F10.txt;exposures;economicoperands;1
F10.txt;financial;economicoperands;23
F10.txt;following;other;7
F10.txt;framework;economicoperands;1
F10.txt;generally;functionwords;1
F10.txt;including;logicalconnectors;8
F10.txt;increases;mathematicaloperators;1
F10.txt;insurance;economicoperands;1
F10.txt;involving;economicoperands;5
F10.txt;mandatory;regulatoryoperators;1
F10.txt;more than;mathematicaloperators;4
F10.txt;operation;economicoperands;1
F10.txt;paragraph;legalreferences;5
F10.txt;petroleum;economicoperands;1
F10.txt;portfolio;economicoperands;4
F10.txt;positions;economicoperands;2
F10.txt;primarily;attributes;1
F10.txt;principal;economicoperands;5
F10.txt;recognise;economicoperands;1
F10.txt;reference;functionwords;4
F10.txt;regulated;regulatoryoperators;1
F10.txt;remaining;economicoperands;2
F10.txt;reporting;economicoperands;5
F10.txt;sensitive;economicoperands;1
F10.txt;separated;economicoperands;1
F10.txt;statement;economicoperands;1
F10.txt;templates;legalreferences;2
F10.txt;therefore;logicalconnectors;2
F10.txt;triggered;economicoperands;1
F10.txt;whichever;logicalconnectors;1
F10.txt;adjusted;mathematicaloperators;1
F10.txt;annex v.;legalreferences;157
F10.txt;applying;logicalconnectors;1
F10.txt;at least;logicalconnectors;1
F10.txt;based on;other;13
F10.txt;category;economicoperands;6
F10.txt;classify;regulatoryoperators;1
F10.txt;clearing;economicoperands;2
F10.txt;climatic;economicoperands;1
F10.txt;cognised;economicoperands;1
F10.txt;concerns;logicalconnectors;1
F10.txt;contract;economicoperands;11
F10.txt;criteria;economicoperands;1
F10.txt;currency;economicoperands;8
F10.txt;eligible;economicoperands;1
F10.txt;embedded;logicalconnectors;1
F10.txt;equal to;logicalconnectors;1
F10.txt;equities;economicoperands;4
F10.txt;exchange;economicoperands;5
F10.txt;exercise;economicoperands;1
F10.txt;exposure;economicoperands;10
F10.txt;forwards;economicoperands;1
F10.txt;included;logicalconnectors;6
F10.txt;interest;economicoperands;1
F10.txt;maturity;economicoperands;1
F10.txt;measured;economicoperands;20
F10.txt;monetary;economicoperands;2
F10.txt;multiple;mathematicaloperators;1
F10.txt;negative;mathematicaloperators;8
F10.txt;notional;mathematicaloperators;7
F10.txt;of which;logicalconnectors;42
F10.txt;outright;attributes;1
F10.txt;payments;economicoperands;1
F10.txt;position;economicoperands;1
F10.txt;positive;economicoperands;8
F10.txt;products;economicoperands;1
F10.txt;purchase;economicoperands;2
F10.txt;purposes;economicoperands;1
F10.txt;quantity;economicoperands;1
F10.txt;relevant;attributes;5
F10.txt;reported;economicoperands;18
F10.txt;template;legalreferences;10
F10.txt;treasury;economicoperands;1
F10.txt;unquoted;economicoperands;1
F10.txt;variable;economicoperands;1
F10.txt;warrants;economicoperands;2
F10.txt;allowed;regulatoryoperators;1
F10.txt;already;logicalconnectors;1
F10.txt;amounts;mathematicaloperators;8
F10.txt;another;functionwords;1
F10.txt;applied;logicalconnectors;1
F10.txt;applies;logicalconnectors;1
F10.txt;between;functionwords;2
F10.txt;central;economicoperands;1
F10.txt;collars;economicoperands;1
F10.txt;default;economicoperands;1
F10.txt;digital;economicoperands;2
F10.txt;elected;economicoperands;1
F10.txt;exclude;logicalconnectors;1
F10.txt;expense;economicoperands;1
F10.txt;exposed;economicoperands;1
F10.txt;foreign;economicoperands;2
F10.txt;forward;economicoperands;2
F10.txt;futures;economicoperands;3
F10.txt;hedging;economicoperands;6
F10.txt;holders;economicoperands;1
F10.txt;however;functionwords;1
F10.txt;include;logicalconnectors;14
F10.txt;indices;economicoperands;1
F10.txt;initial;economicoperands;5
F10.txt;involve;economicoperands;2
F10.txt;meaning;other;1
F10.txt;measure;economicoperands;1
F10.txt;netting;economicoperands;4
F10.txt;nominal;economicoperands;4
F10.txt;options;economicoperands;17
F10.txt;part of;logicalconnectors;5
F10.txt;payouts;economicoperands;1
F10.txt;portion;economicoperands;2
F10.txt;product;economicoperands;10
F10.txt;related;logicalconnectors;3
F10.txt;require;regulatoryoperators;1
F10.txt;settled;economicoperands;1
F10.txt;specify;economicoperands;1
F10.txt;such as;logicalconnectors;4
F10.txt;thereof;functionwords;1
F10.txt;through;functionwords;7
F10.txt;trading;economicoperands;30
F10.txt;used in;economicoperands;1
F10.txt;whether;logicalconnectors;6
F10.txt;across;functionwords;1
F10.txt;amount;mathematicaloperators;8
F10.txt;assets;economicoperands;7
F10.txt;become;economicoperands;1
F10.txt;before;logicalconnectors;3
F10.txt;belong;logicalconnectors;1
F10.txt;booked;economicoperands;3
F10.txt;buyers;economicoperands;1
F10.txt;change;economicoperands;1
F10.txt;column;legalreferences;1
F10.txt;credit;economicoperands;10
F10.txt;either;logicalconnectors;5
F10.txt;enters;economicoperands;1
F10.txt;entire;logicalconnectors;1
F10.txt;entity;economicoperands;3
F10.txt;equity;economicoperands;15
F10.txt;events;economicoperands;1
F10.txt;floors;economicoperands;1
F10.txt;gather;economicoperands;1
F10.txt;hedged;economicoperands;5
F10.txt;hedges;economicoperands;15
F10.txt;hybrid;economicoperands;1
F10.txt;ifrs 9;legalreferences;11
F10.txt;income;economicoperands;1
F10.txt;linked;economicoperands;3
F10.txt;losses;economicoperands;2
F10.txt;lumber;economicoperands;1
F10.txt;manage;economicoperands;2
F10.txt;market;economicoperands;12
F10.txt;method;economicoperands;10
F10.txt;nature;economicoperands;2
F10.txt;number;economicoperands;3
F10.txt;option;economicoperands;6
F10.txt;payoff;economicoperands;1
F10.txt;payout;economicoperands;1
F10.txt;prices;economicoperands;1
F10.txt;rating;economicoperands;1
F10.txt;remain;economicoperands;1
F10.txt;report;economicoperands;1
F10.txt;return;economicoperands;4
F10.txt;sector;economicoperands;1
F10.txt;seller;economicoperands;1
F10.txt;strike;mathematicaloperators;1
F10.txt;sum of;mathematicaloperators;1
F10.txt;taking;other;1
F10.txt;traded;economicoperands;1
F10.txt;values;economicoperands;1
F10.txt;within;logicalconnectors;3
F10.txt;writer;economicoperands;1
F10.txt;above;functionwords;1
F10.txt;after;logicalconnectors;1
F10.txt;among;logicalconnectors;1
F10.txt;annex;legalreferences;1
F10.txt;apply;logicalconnectors;2
F10.txt;asset;economicoperands;1
F10.txt;based;other;1
F10.txt;basis;economicoperands;3
F10.txt;being;functionwords;1
F10.txt;below;functionwords;1
F10.txt;cases;economicoperands;3
F10.txt;cover;economicoperands;1
F10.txt;cross;economicoperands;1
F10.txt;deals;economicoperands;7
F10.txt;gains;economicoperands;2
F10.txt;gives;functionwords;1
F10.txt;gross;economicoperands;3
F10.txt;group;economicoperands;4
F10.txt;hedge;economicoperands;11
F10.txt;index;economicoperands;3
F10.txt;items;other;3
F10.txt;joint;logicalconnectors;2
F10.txt;loans;economicoperands;1
F10.txt;locom;economicoperands;11
F10.txt;names;economicoperands;2
F10.txt;order;economicoperands;1
F10.txt;other;logicalconnectors;34
F10.txt;place;economicoperands;1
F10.txt;point;economicoperands;2
F10.txt;price;economicoperands;6
F10.txt;refer;functionwords;2
F10.txt;right;economicoperands;1
F10.txt;rules;economicoperands;1
F10.txt;shall;regulatoryoperators;86
F10.txt;swaps;economicoperands;10
F10.txt;takes;other;1
F10.txt;terms;other;1
F10.txt;their;functionwords;5
F10.txt;there;functionwords;1
F10.txt;these;functionwords;3
F10.txt;those;functionwords;12
F10.txt;total;mathematicaloperators;10
F10.txt;types;economicoperands;5
F10.txt;under;functionwords;6
F10.txt;using;economicoperands;1
F10.txt;value;economicoperands;13
F10.txt;where;logicalconnectors;15
F10.txt;which;functionwords;22
F10.txt;while;logicalconnectors;2
F10.txt;whole;functionwords;1
F10.txt;also;logicalconnectors;3
F10.txt;been;functionwords;2
F10.txt;bill;economicoperands;1
F10.txt;caps;regulatoryoperators;1
F10.txt;cost;economicoperands;4
F10.txt;does;functionwords;1
F10.txt;each;logicalconnectors;3
F10.txt;face;economicoperands;1
F10.txt;fair;economicoperands;1
F10.txt;firm;economicoperands;1
F10.txt;from;functionwords;1
F10.txt;gold;economicoperands;7
F10.txt;have;functionwords;6
F10.txt;held;economicoperands;5
F10.txt;host;economicoperands;2
F10.txt;ifrs;legalreferences;18
F10.txt;into;functionwords;3
F10.txt;item;other;2
F10.txt;keep;economicoperands;1
F10.txt;lead;economicoperands;1
F10.txt;line;economicoperands;2
F10.txt;link;economicoperands;1
F10.txt;meet;economicoperands;1
F10.txt;more;mathematicaloperators;1
F10.txt;most;mathematicaloperators;1
F10.txt;non-;logicalconnectors;6
F10.txt;only;logicalconnectors;3
F10.txt;part;functionwords;176
F10.txt;rate;economicoperands;1
F10.txt;read;other;1
F10.txt;rest;logicalconnectors;3
F10.txt;risk;economicoperands;20
F10.txt;rows;economicoperands;1
F10.txt;sale;economicoperands;2
F10.txt;same;logicalconnectors;1
F10.txt;sold;economicoperands;11
F10.txt;some;logicalconnectors;1
F10.txt;swap;economicoperands;1
F10.txt;that;functionwords;21
F10.txt;they;functionwords;7
F10.txt;this;functionwords;5
F10.txt;thus;logicalconnectors;1
F10.txt;type;economicoperands;10
F10.txt;unit;economicoperands;1
F10.txt;upon;other;1
F10.txt;used;economicoperands;6
F10.txt;with;functionwords;16
F10.txt;zero;attributes;3
F10.txt;120;legalreferences;1
F10.txt;125;attributes;1
F10.txt;129;legalreferences;2
F10.txt;133;attributes;1
F10.txt;140;legalreferences;5
F10.txt;141;legalreferences;1
F10.txt;150;attributes;1
F10.txt;152;legalreferences;1
F10.txt;all;logicalconnectors;20
F10.txt;and;logicalconnectors;73
F10.txt;any;logicalconnectors;2
F10.txt;are;functionwords;21
F10.txt;bad;economicoperands;17
F10.txt;but;logicalconnectors;3
F10.txt;can;regulatoryoperators;2
F10.txt;crr;legalreferences;3
F10.txt;end;logicalconnectors;1
F10.txt;for;functionwords;37
F10.txt;has;functionwords;2
F10.txt;may;regulatoryoperators;3
F10.txt;net;economicoperands;2
F10.txt;nil;logicalconnectors;1
F10.txt;non;logicalconnectors;1
F10.txt;not;logicalconnectors;18
F10.txt;one;attributes;8
F10.txt;otc;economicoperands;22
F10.txt;row;economicoperands;1
F10.txt;the;functionwords;168
F10.txt;two;attributes;1
F10.txt;use;economicoperands;2
F10.txt;via;functionwords;1
F10.txt;yet;logicalconnectors;1
F10.txt;10;attributes;8
F10.txt;11;legalreferences;3
F10.txt;27;legalreferences;1
F10.txt;39;legalreferences;3
F10.txt;44;legalreferences;6
F10.txt;an;functionwords;11
F10.txt;as;logicalconnectors;17
F10.txt;at;functionwords;19
F10.txt;be;functionwords;57
F10.txt;by;functionwords;21
F10.txt;do;functionwords;4
F10.txt;ii;legalreferences;1
F10.txt;in;functionwords;44
F10.txt;is;functionwords;21
F10.txt;it;functionwords;6
F10.txt;no;logicalconnectors;1
F10.txt;of;functionwords;103
F10.txt;on;functionwords;11
F10.txt;or;logicalconnectors;67
F10.txt;to;functionwords;50
F10.txt;2;attributes;2
F10.txt;7;attributes;8
F10.txt;9;attributes;2
