F23.txt;small and medium-sized enterprises;economicoperands;11
F23.txt;non-financial corporations;economicoperands;135
F23.txt;national gaap compatible;legalreferences;81
F23.txt;trading financial assets;economicoperands;1
F23.txt;accumulated impairments;economicoperands;3
F23.txt;accumulated impairment;economicoperands;24
F23.txt;commercial real estate;economicoperands;239
F23.txt;financial corporations;economicoperands;7
F23.txt;pre-litigation status;economicoperands;7
F23.txt;reporting institution;economicoperands;1
F23.txt;financial guarantees;economicoperands;10
F23.txt;forbearance measures;economicoperands;235
F23.txt;terms and conditions;economicoperands;1
F23.txt;for the purposes of;logicalconnectors;1
F23.txt;lower than or equal;mathematicaloperators;70
F23.txt;outstanding balance;economicoperands;1
F23.txt;immovable property;economicoperands;151
F23.txt;in accordance with;logicalconnectors;1
F23.txt;at amortised cost;economicoperands;14
F23.txt;legal proceedings;economicoperands;1
F23.txt;litigation status;economicoperands;17
F23.txt;carrying amounts;economicoperands;2
F23.txt;debt instruments;economicoperands;1
F23.txt;held for trading;economicoperands;1
F23.txt;where applicable;logicalconnectors;1
F23.txt;associated with;economicoperands;1
F23.txt;carrying amount;economicoperands;82
F23.txt;demand deposits;economicoperands;1
F23.txt;broken down by;mathematicaloperators;1
F23.txt;classification;economicoperands;1
F23.txt;collateralised;economicoperands;136
F23.txt;non performing;economicoperands;114
F23.txt;as defined in;logicalconnectors;5
F23.txt;cash balances;economicoperands;1
F23.txt;central banks;economicoperands;1
F23.txt;classified as;regulatoryoperators;2
F23.txt;held for sale;economicoperands;1
F23.txt;loan-to-value;economicoperands;1
F23.txt;national gaap;legalreferences;81
F23.txt;breakdown by;mathematicaloperators;2
F23.txt;consequently;functionwords;1
F23.txt;counterparty;economicoperands;1
F23.txt;medium-sized;attributes;3
F23.txt;respectively;logicalconnectors;1
F23.txt;accordingly;logicalconnectors;1
F23.txt;accumulated;economicoperands;48
F23.txt;contractual;economicoperands;1
F23.txt;credit risk;economicoperands;25
F23.txt;denominator;mathematicaloperators;1
F23.txt;determining;regulatoryoperators;1
F23.txt;higher than;mathematicaloperators;105
F23.txt;in addition;mathematicaloperators;1
F23.txt;information;economicoperands;9
F23.txt;institution;economicoperands;3
F23.txt;instruments;economicoperands;29
F23.txt;obligations;economicoperands;1
F23.txt;outstanding;economicoperands;1
F23.txt;proceedings;economicoperands;1
F23.txt;residential;economicoperands;98
F23.txt;unlikely to;economicoperands;47
F23.txt;additional;mathematicaloperators;8
F23.txt;as well as;logicalconnectors;1
F23.txt;collateral;economicoperands;61
F23.txt;commercial;economicoperands;14
F23.txt;considered;logicalconnectors;24
F23.txt;consist of;logicalconnectors;1
F23.txt;derogation;regulatoryoperators;1
F23.txt;determined;regulatoryoperators;1
F23.txt;fair value;economicoperands;27
F23.txt;guaranteed;economicoperands;1
F23.txt;guarantees;economicoperands;17
F23.txt;households;economicoperands;112
F23.txt;instrument;economicoperands;1
F23.txt;memorandum;legalreferences;7
F23.txt;other than;logicalconnectors;238
F23.txt;paragraphs;legalreferences;2
F23.txt;performing;economicoperands;47
F23.txt;references;functionwords;242
F23.txt;separately;economicoperands;3
F23.txt;terminated;economicoperands;1
F23.txt;understood;economicoperands;1
F23.txt;amount of;mathematicaloperators;24
F23.txt;capped at;regulatoryoperators;1
F23.txt;comprises;logicalconnectors;1
F23.txt;confirmed;economicoperands;1
F23.txt;excluding;logicalconnectors;1
F23.txt;exposures;economicoperands;239
F23.txt;financial;economicoperands;96
F23.txt;following;other;1
F23.txt;guarantee;economicoperands;24
F23.txt;indicated;economicoperands;1
F23.txt;intention;economicoperands;1
F23.txt;judiciary;economicoperands;2
F23.txt;more than;mathematicaloperators;1
F23.txt;numerator;mathematicaloperators;1
F23.txt;paragraph;legalreferences;5
F23.txt;partially;economicoperands;2
F23.txt;refers to;functionwords;1
F23.txt;typically;functionwords;1
F23.txt;unsecured;economicoperands;16
F23.txt;180 days;attributes;94
F23.txt;advances;economicoperands;161
F23.txt;annex v.;legalreferences;2739
F23.txt;based on;other;82
F23.txt;commence;economicoperands;1
F23.txt;contract;economicoperands;2
F23.txt;coverage;economicoperands;9
F23.txt;exposure;economicoperands;7
F23.txt;formally;other;3
F23.txt;included;logicalconnectors;1
F23.txt;multiple;mathematicaloperators;1
F23.txt;negative;mathematicaloperators;27
F23.txt;notified;economicoperands;3
F23.txt;occurred;economicoperands;1
F23.txt;of which;logicalconnectors;1052
F23.txt;past due;economicoperands;490
F23.txt;presents;economicoperands;1
F23.txt;previous;logicalconnectors;1
F23.txt;received;economicoperands;36
F23.txt;reported;economicoperands;5
F23.txt;specific;functionwords;1
F23.txt;template;legalreferences;1
F23.txt;uncapped;regulatoryoperators;8
F23.txt;2 years;attributes;94
F23.txt;30 days;attributes;47
F23.txt;5 years;attributes;94
F23.txt;7 years;attributes;94
F23.txt;90 days;attributes;208
F23.txt;account;economicoperands;1
F23.txt;advance;economicoperands;2
F23.txt;against;functionwords;3
F23.txt;amounts;mathematicaloperators;10
F23.txt;banking;economicoperands;1
F23.txt;because;logicalconnectors;1
F23.txt;between;functionwords;1
F23.txt;certain;economicoperands;1
F23.txt;changes;economicoperands;27
F23.txt;defined;regulatoryoperators;1
F23.txt;include;logicalconnectors;1
F23.txt;manages;economicoperands;1
F23.txt;maximum;mathematicaloperators;24
F23.txt;neither;logicalconnectors;1
F23.txt;part of;logicalconnectors;1
F23.txt;partial;economicoperands;12
F23.txt;payment;economicoperands;1
F23.txt;pledged;economicoperands;2
F23.txt;product;economicoperands;1
F23.txt;purpose;economicoperands;1
F23.txt;reflect;economicoperands;1
F23.txt;related;logicalconnectors;3
F23.txt;secured;economicoperands;1
F23.txt;towards;functionwords;1
F23.txt;without;logicalconnectors;16
F23.txt;action;economicoperands;3
F23.txt;breach;economicoperands;1
F23.txt;credit;economicoperands;1
F23.txt;debtor;economicoperands;6
F23.txt;due to;logicalconnectors;27
F23.txt;formal;other;2
F23.txt;number;economicoperands;29
F23.txt;period;economicoperands;1
F23.txt;ratios;mathematicaloperators;2
F23.txt;status;economicoperands;10
F23.txt;sum of;mathematicaloperators;1
F23.txt;system;economicoperands;1
F23.txt;unless;logicalconnectors;1
F23.txt;within;logicalconnectors;1
F23.txt;being;functionwords;1
F23.txt;cases;economicoperands;2
F23.txt;court;economicoperands;1
F23.txt;enter;economicoperands;4
F23.txt;gross;economicoperands;82
F23.txt;legal;economicoperands;3
F23.txt;limit;regulatoryoperators;1
F23.txt;loans;economicoperands;604
F23.txt;other;logicalconnectors;2
F23.txt;ratio;mathematicaloperators;12
F23.txt;shall;regulatoryoperators;14
F23.txt;small;economicoperands;3
F23.txt;taken;other;2
F23.txt;value;economicoperands;1
F23.txt;where;logicalconnectors;4
F23.txt;which;functionwords;1
F23.txt;write;economicoperands;12
F23.txt;years;economicoperands;47
F23.txt;also;logicalconnectors;1
F23.txt;been;functionwords;6
F23.txt;both;logicalconnectors;1
F23.txt;cost;economicoperands;14
F23.txt;exit;economicoperands;1
F23.txt;from;functionwords;1
F23.txt;full;economicoperands;1
F23.txt;have;functionwords;1
F23.txt;held;economicoperands;1
F23.txt;ifrs;legalreferences;81
F23.txt;into;functionwords;1
F23.txt;item;other;7
F23.txt;loan;economicoperands;3
F23.txt;nfcs;economicoperands;140
F23.txt;non-;logicalconnectors;96
F23.txt;paid;economicoperands;1
F23.txt;part;functionwords;2924
F23.txt;risk;economicoperands;2
F23.txt;smes;economicoperands;462
F23.txt;take;other;1
F23.txt;that;functionwords;76
F23.txt;they;functionwords;1
F23.txt;this;functionwords;7
F23.txt;time;economicoperands;1
F23.txt;were;functionwords;1
F23.txt;will;functionwords;1
F23.txt;with;functionwords;349
F23.txt;year;economicoperands;47
F23.txt;100;attributes;70
F23.txt;321;legalreferences;19
F23.txt;322;legalreferences;22
F23.txt;323;legalreferences;21
F23.txt;324;legalreferences;11
F23.txt;325;legalreferences;143
F23.txt;and;logicalconnectors;248
F23.txt;are;functionwords;49
F23.txt;bad;economicoperands;81
F23.txt;but;logicalconnectors;1
F23.txt;can;regulatoryoperators;26
F23.txt;cap;regulatoryoperators;1
F23.txt;cre;economicoperands;224
F23.txt;for;functionwords;4
F23.txt;has;functionwords;6
F23.txt;law;economicoperands;1
F23.txt;ltv;economicoperands;108
F23.txt;met;functionwords;1
F23.txt;non;logicalconnectors;7
F23.txt;nor;logicalconnectors;1
F23.txt;not;logicalconnectors;48
F23.txt;pay;economicoperands;47
F23.txt;pre;economicoperands;10
F23.txt;sme;economicoperands;200
F23.txt;the;functionwords;62
F23.txt;was;functionwords;1
F23.txt;way;economicoperands;2
F23.txt;yet;logicalconnectors;1
F23.txt;23;attributes;4
F23.txt;31;attributes;1
F23.txt;42;legalreferences;40
F23.txt;44;legalreferences;180
F23.txt;60;attributes;35
F23.txt;90;attributes;8
F23.txt;an;functionwords;14
F23.txt;as;logicalconnectors;4
F23.txt;at;functionwords;16
F23.txt;be;functionwords;36
F23.txt;by;functionwords;139
F23.txt;if;logicalconnectors;2
F23.txt;in;functionwords;61
F23.txt;is;functionwords;1
F23.txt;no;logicalconnectors;1
F23.txt;of;functionwords;44
F23.txt;on;functionwords;36
F23.txt;or;logicalconnectors;91
F23.txt;to;functionwords;324
F23.txt;1;attributes;294
F23.txt;2;attributes;1040
