C01-05.txt;global systemically important institution buffer;economicoperands;2
C01-05.txt;systemically important institution buffer;economicoperands;2
C01-05.txt;combined buffer requirement ratio;economicoperands;3
C01-05.txt;countercyclical capital buffer;economicoperands;2
C01-05.txt;regulatory technical standards;economicoperands;1
C01-05.txt;common equity tier 1 capital;economicoperands;5
C01-05.txt;capital buffer requirements;economicoperands;5
C01-05.txt;international organisations;economicoperands;2
C01-05.txt;additional tier 1 capital;economicoperands;5
C01-05.txt;article 66 and article 67;legalreferences;5
C01-05.txt;qualifying tier 2 capital;economicoperands;3
C01-05.txt;transitional arrangements;economicoperands;3
C01-05.txt;which meet the conditions;logicalconnectors;4
C01-05.txt;accounting balance sheet;economicoperands;2
C01-05.txt;cet1 capital instruments;economicoperands;6
C01-05.txt;non-performing exposures;economicoperands;2
C01-05.txt;transitional adjustments;economicoperands;22
C01-05.txt;at1 capital instruments;economicoperands;8
C01-05.txt;financial sector entity;economicoperands;7
C01-05.txt;has the same meaning as;regulatoryoperators;4
C01-05.txt;prudential requirements;economicoperands;14
C01-05.txt;risk weighted exposure;economicoperands;10
C01-05.txt;risk-weighted exposure;economicoperands;4
C01-05.txt;special purpose entity;economicoperands;2
C01-05.txt;t2 capital instruments;economicoperands;6
C01-05.txt;under the irb approach;economicoperands;3
C01-05.txt;without application of;logicalconnectors;7
C01-05.txt;accounting statements;economicoperands;3
C01-05.txt;contingent obligation;economicoperands;1
C01-05.txt;reporting institution;economicoperands;3
C01-05.txt;risk weighted amounts;economicoperands;2
C01-05.txt;standardised approach;economicoperands;2
C01-05.txt;accounting framework;economicoperands;2
C01-05.txt;accounting standards;economicoperands;4
C01-05.txt;capital requirements;economicoperands;1
C01-05.txt;common equity tier 1;economicoperands;3
C01-05.txt;comprehensive income;economicoperands;3
C01-05.txt;delegated regulation;legalreferences;2
C01-05.txt;emergency situations;economicoperands;4
C01-05.txt;on a temporary basis;attributes;3
C01-05.txt;accounting standard;economicoperands;15
C01-05.txt;capital instruments;economicoperands;50
C01-05.txt;capital requirement;economicoperands;9
C01-05.txt;competent authority;economicoperands;26
C01-05.txt;conservation buffer;economicoperands;8
C01-05.txt;for the purposes of;logicalconnectors;8
C01-05.txt;in absolute figures;mathematicaloperators;4
C01-05.txt;insurance companies;economicoperands;2
C01-05.txt;taking into account;regulatoryoperators;4
C01-05.txt;total capital ratio;economicoperands;6
C01-05.txt;within the scope of;logicalconnectors;4
C01-05.txt;consolidated group;economicoperands;3
C01-05.txt;credit enhancement;economicoperands;1
C01-05.txt;credit institution;economicoperands;1
C01-05.txt;difference between;mathematicaloperators;1
C01-05.txt;equity instruments;economicoperands;2
C01-05.txt;immovable property;economicoperands;2
C01-05.txt;in accordance with;logicalconnectors;45
C01-05.txt;interest rate risk;economicoperands;2
C01-05.txt;paragraphs 2 and 3;legalreferences;3
C01-05.txt;paragraphs 3 and 4;legalreferences;4
C01-05.txt;paragraphs 4 and 5;legalreferences;1
C01-05.txt;public authorities;economicoperands;4
C01-05.txt;securitised assets;economicoperands;4
C01-05.txt;subordinated loans;economicoperands;2
C01-05.txt;synthetic holdings;economicoperands;31
C01-05.txt;tier 2 instruments;economicoperands;4
C01-05.txt;to the extent that;logicalconnectors;1
C01-05.txt;within the meaning;logicalconnectors;1
C01-05.txt;additional tier 1;economicoperands;5
C01-05.txt;as referred to in;logicalconnectors;5
C01-05.txt;credit assessment;economicoperands;2
C01-05.txt;intangible assets;economicoperands;14
C01-05.txt;minority interest;economicoperands;2
C01-05.txt;retained earnings;economicoperands;9
C01-05.txt;take into account;regulatoryoperators;1
C01-05.txt;value adjustments;economicoperands;8
C01-05.txt;article 494b crr;legalreferences;5
C01-05.txt;debt instruments;economicoperands;4
C01-05.txt;financial sector;economicoperands;161
C01-05.txt;foreign exchange;economicoperands;9
C01-05.txt;income statement;economicoperands;1
C01-05.txt;index securities;economicoperands;6
C01-05.txt;indirect holding;economicoperands;1
C01-05.txt;intangible asset;economicoperands;2
C01-05.txt;non-trading book;economicoperands;3
C01-05.txt;operational risk;economicoperands;2
C01-05.txt;reference period;economicoperands;1
C01-05.txt;to be made up of;regulatoryoperators;16
C01-05.txt;where applicable;logicalconnectors;3
C01-05.txt;158 and 159 crr;legalreferences;3
C01-05.txt;478 and 481 crr;legalreferences;3
C01-05.txt;479 and 480 crr;legalreferences;3
C01-05.txt;adjustment risk;economicoperands;3
C01-05.txt;article 112 crr;legalreferences;1
C01-05.txt;article 124 crr;legalreferences;5
C01-05.txt;article 128 crd;legalreferences;4
C01-05.txt;article 131 crd;legalreferences;2
C01-05.txt;article 159 crr;legalreferences;6
C01-05.txt;article 164 crr;legalreferences;3
C01-05.txt;article 458 crr;legalreferences;7
C01-05.txt;article 459 crr;legalreferences;3
C01-05.txt;article 486 crr;legalreferences;3
C01-05.txt;article 490 crr;legalreferences;4
C01-05.txt;article 491 crr;legalreferences;6
C01-05.txt;as a percentage;mathematicaloperators;3
C01-05.txt;as specified in;logicalconnectors;1
C01-05.txt;associated with;economicoperands;8
C01-05.txt;attributable to;functionwords;8
C01-05.txt;cash flow hedge;economicoperands;2
C01-05.txt;defined benefit;economicoperands;12
C01-05.txt;exposure amount;economicoperands;32
C01-05.txt;on the basis of;logicalconnectors;4
C01-05.txt;securitisations;economicoperands;1
C01-05.txt;tax liabilities;economicoperands;29
C01-05.txt;article 25 crr;legalreferences;1
C01-05.txt;article 37 crr;legalreferences;6
C01-05.txt;article 38 crr;legalreferences;10
C01-05.txt;article 42 crr;legalreferences;8
C01-05.txt;article 45 crr;legalreferences;12
C01-05.txt;article 52 crr;legalreferences;6
C01-05.txt;article 56 crr;legalreferences;8
C01-05.txt;article 57 crr;legalreferences;7
C01-05.txt;article 63 crr;legalreferences;16
C01-05.txt;article 66 crr;legalreferences;5
C01-05.txt;article 79 crr;legalreferences;10
C01-05.txt;article 98 crr;legalreferences;5
C01-05.txt;as a result of;logicalconnectors;3
C01-05.txt;be obtained by;regulatoryoperators;3
C01-05.txt;be reported as;regulatoryoperators;1
C01-05.txt;be reported in;regulatoryoperators;20
C01-05.txt;be the same as;regulatoryoperators;1
C01-05.txt;capitalisation;economicoperands;1
C01-05.txt;classification;economicoperands;1
C01-05.txt;counterparties;economicoperands;2
C01-05.txt;deduction from;mathematicaloperators;15
C01-05.txt;exception from;logicalconnectors;3
C01-05.txt;grand fathered;economicoperands;1
C01-05.txt;grandfathering;economicoperands;3
C01-05.txt;in addition to;mathematicaloperators;1
C01-05.txt;in relation to;logicalconnectors;36
C01-05.txt;in the case of;logicalconnectors;1
C01-05.txt;in the form of;logicalconnectors;6
C01-05.txt;is obtained by;regulatoryoperators;3
C01-05.txt;it is possible;regulatoryoperators;2
C01-05.txt;profit or loss;economicoperands;6
C01-05.txt;referred to in;functionwords;21
C01-05.txt;reporting date;economicoperands;16
C01-05.txt;required to be;regulatoryoperators;2
C01-05.txt;resulting from;other;4
C01-05.txt;securitisation;economicoperands;8
C01-05.txt;t2 instruments;economicoperands;20
C01-05.txt;tier 1 capital;economicoperands;16
C01-05.txt;tier 2 capital;economicoperands;5
C01-05.txt;transitionally;economicoperands;4
C01-05.txt;with regard to;logicalconnectors;1
C01-05.txt;alternatively;logicalconnectors;15
C01-05.txt;article 3 crr;legalreferences;14
C01-05.txt;as defined in;logicalconnectors;11
C01-05.txt;associated to;economicoperands;6
C01-05.txt;balance sheet;economicoperands;3
C01-05.txt;capital ratio;economicoperands;11
C01-05.txt;central banks;economicoperands;6
C01-05.txt;cet1 holdings;economicoperands;2
C01-05.txt;classified as;regulatoryoperators;6
C01-05.txt;consolidation;economicoperands;8
C01-05.txt;contractually;economicoperands;2
C01-05.txt;contributions;economicoperands;2
C01-05.txt;correspond to;logicalconnectors;2
C01-05.txt;corresponding;logicalconnectors;1
C01-05.txt;deducted from;mathematicaloperators;22
C01-05.txt;exempted from;regulatoryoperators;1
C01-05.txt;expected loss;economicoperands;4
C01-05.txt;fully paid up;economicoperands;9
C01-05.txt;grandfathered;economicoperands;30
C01-05.txt;long position;economicoperands;19
C01-05.txt;maturity date;economicoperands;36
C01-05.txt;methodologies;economicoperands;1
C01-05.txt;profitability;economicoperands;37
C01-05.txt;public sector;economicoperands;2
C01-05.txt;risk exposure;economicoperands;8
C01-05.txt;share premium;economicoperands;37
C01-05.txt;supplementing;mathematicaloperators;1
C01-05.txt;systemic risk;economicoperands;5
C01-05.txt;to the extent;logicalconnectors;3
C01-05.txt;transposition;regulatoryoperators;1
C01-05.txt;32 to 35 crr;legalreferences;1
C01-05.txt;according to;regulatoryoperators;13
C01-05.txt;additionally;mathematicaloperators;4
C01-05.txt;alternatives;logicalconnectors;2
C01-05.txt;arrangements;economicoperands;4
C01-05.txt;article 4(1);legalreferences;79
C01-05.txt;artificially;economicoperands;3
C01-05.txt;at1 holdings;economicoperands;2
C01-05.txt;banking risk;economicoperands;3
C01-05.txt;by virtue of;functionwords;1
C01-05.txt;cet1 capital;economicoperands;71
C01-05.txt;communicated;economicoperands;13
C01-05.txt;consolidated;economicoperands;14
C01-05.txt;constituents;economicoperands;1
C01-05.txt;constituting;logicalconnectors;3
C01-05.txt;counterparty;economicoperands;2
C01-05.txt;deduction of;mathematicaloperators;6
C01-05.txt;deferred tax;economicoperands;50
C01-05.txt;derecognised;economicoperands;3
C01-05.txt;extinguished;economicoperands;3
C01-05.txt;greater than;mathematicaloperators;4
C01-05.txt;implementing;regulatoryoperators;2
C01-05.txt;institutions;economicoperands;44
C01-05.txt;instructions;regulatoryoperators;27
C01-05.txt;insufficient;attributes;3
C01-05.txt;irb approach;economicoperands;2
C01-05.txt;laid down in;economicoperands;9
C01-05.txt;member state;economicoperands;5
C01-05.txt;multilateral;economicoperands;2
C01-05.txt;net position;economicoperands;3
C01-05.txt;overpayments;economicoperands;3
C01-05.txt;requirements;regulatoryoperators;29
C01-05.txt;respectively;logicalconnectors;2
C01-05.txt;standardised;economicoperands;8
C01-05.txt;subsidiaries;economicoperands;24
C01-05.txt;trading book;economicoperands;12
C01-05.txt;transitional;economicoperands;46
C01-05.txt;undertakings;economicoperands;4
C01-05.txt;underwriting;economicoperands;6
C01-05.txt;unrestricted;economicoperands;2
C01-05.txt;working days;economicoperands;6
C01-05.txt;accumulated;economicoperands;3
C01-05.txt;adjustments;mathematicaloperators;58
C01-05.txt;alternative;logicalconnectors;4
C01-05.txt;application;economicoperands;9
C01-05.txt;assigned to;regulatoryoperators;4
C01-05.txt;at1 capital;economicoperands;55
C01-05.txt;authorities;economicoperands;6
C01-05.txt;calculating;economicoperands;15
C01-05.txt;calculation;economicoperands;13
C01-05.txt;commodities;economicoperands;7
C01-05.txt;compared to;logicalconnectors;1
C01-05.txt;comply with;regulatoryoperators;4
C01-05.txt;consequence;functionwords;6
C01-05.txt;considering;logicalconnectors;2
C01-05.txt;constituing;logicalconnectors;2
C01-05.txt;contractual;economicoperands;4
C01-05.txt;contrary to;logicalconnectors;3
C01-05.txt;cooperative;economicoperands;1
C01-05.txt;credit risk;economicoperands;28
C01-05.txt;determining;regulatoryoperators;1
C01-05.txt;development;economicoperands;2
C01-05.txt;differences;mathematicaloperators;32
C01-05.txt;eligibility;economicoperands;10
C01-05.txt;enforceable;economicoperands;2
C01-05.txt;equivalents;logicalconnectors;2
C01-05.txt;exclusively;logicalconnectors;6
C01-05.txt;exercisable;economicoperands;12
C01-05.txt;flexibility;economicoperands;3
C01-05.txt;for example;logicalconnectors;1
C01-05.txt;foreseeable;economicoperands;7
C01-05.txt;governments;economicoperands;11
C01-05.txt;immediately;attributes;1
C01-05.txt;in the same;logicalconnectors;18
C01-05.txt;information;economicoperands;10
C01-05.txt;institution;economicoperands;165
C01-05.txt;instruments;economicoperands;139
C01-05.txt;intangibles;economicoperands;4
C01-05.txt;investments;economicoperands;12
C01-05.txt;liabilities;economicoperands;14
C01-05.txt;measurement;mathematicaloperators;2
C01-05.txt;multiplying;mathematicaloperators;1
C01-05.txt;obligations;economicoperands;15
C01-05.txt;originators;economicoperands;1
C01-05.txt;paragraph 2;legalreferences;4
C01-05.txt;pursuant to;functionwords;7
C01-05.txt;real estate;economicoperands;4
C01-05.txt;recognition;economicoperands;16
C01-05.txt;relating to;logicalconnectors;9
C01-05.txt;relevant to;logicalconnectors;1
C01-05.txt;requirement;regulatoryoperators;10
C01-05.txt;residential;economicoperands;1
C01-05.txt;revaluation;economicoperands;6
C01-05.txt;risk weight;economicoperands;33
C01-05.txt;significant;attributes;139
C01-05.txt;specialised;economicoperands;4
C01-05.txt;subtracting;mathematicaloperators;1
C01-05.txt;supervisory;economicoperands;2
C01-05.txt;transaction;economicoperands;1
C01-05.txt;undertaking;economicoperands;2
C01-05.txt;accounting;economicoperands;10
C01-05.txt;additional;mathematicaloperators;54
C01-05.txt;adjustment;mathematicaloperators;3
C01-05.txt;applicable;logicalconnectors;41
C01-05.txt;approaches;economicoperands;10
C01-05.txt;as follows;functionwords;10
C01-05.txt;assignment;economicoperands;3
C01-05.txt;assistance;economicoperands;6
C01-05.txt;associated;economicoperands;3
C01-05.txt;calculated;economicoperands;11
C01-05.txt;collateral;economicoperands;1
C01-05.txt;collective;economicoperands;2
C01-05.txt;commercial;economicoperands;2
C01-05.txt;commission;economicoperands;3
C01-05.txt;commitment;economicoperands;2
C01-05.txt;completely;economicoperands;4
C01-05.txt;components;economicoperands;1
C01-05.txt;concerning;logicalconnectors;6
C01-05.txt;conditions;economicoperands;15
C01-05.txt;considered;logicalconnectors;1
C01-05.txt;consist of;logicalconnectors;3
C01-05.txt;contingent;economicoperands;12
C01-05.txt;conversion;economicoperands;10
C01-05.txt;corporates;economicoperands;15
C01-05.txt;cumulative;mathematicaloperators;2
C01-05.txt;currencies;economicoperands;1
C01-05.txt;deductible;economicoperands;12
C01-05.txt;deductions;mathematicaloperators;47
C01-05.txt;defined as;regulatoryoperators;2
C01-05.txt;defined in;regulatoryoperators;3
C01-05.txt;deliveries;economicoperands;5
C01-05.txt;derivative;economicoperands;2
C01-05.txt;determined;regulatoryoperators;2
C01-05.txt;evaluation;economicoperands;1
C01-05.txt;exceptions;logicalconnectors;3
C01-05.txt;explicitly;economicoperands;1
C01-05.txt;extinction;economicoperands;1
C01-05.txt;fair value;economicoperands;3
C01-05.txt;guidelines;economicoperands;1
C01-05.txt;identified;economicoperands;3
C01-05.txt;in case of;logicalconnectors;4
C01-05.txt;instrument;economicoperands;1
C01-05.txt;investment;economicoperands;145
C01-05.txt;later than;mathematicaloperators;18
C01-05.txt;management;economicoperands;1
C01-05.txt;memorandum;legalreferences;20
C01-05.txt;multiplied;mathematicaloperators;6
C01-05.txt;obligation;economicoperands;3
C01-05.txt;offsetting;economicoperands;54
C01-05.txt;other than;logicalconnectors;6
C01-05.txt;paragraphs;legalreferences;15
C01-05.txt;particular;logicalconnectors;7
C01-05.txt;percentage;mathematicaloperators;7
C01-05.txt;procedures;economicoperands;1
C01-05.txt;provisions;economicoperands;57
C01-05.txt;prudential;economicoperands;6
C01-05.txt;qualifying;economicoperands;18
C01-05.txt;reciprocal;economicoperands;21
C01-05.txt;recognised;economicoperands;1
C01-05.txt;reduced by;mathematicaloperators;2
C01-05.txt;reductions;mathematicaloperators;6
C01-05.txt;references;functionwords;21
C01-05.txt;reflecting;economicoperands;1
C01-05.txt;regulation;economicoperands;4
C01-05.txt;reorganise;economicoperands;6
C01-05.txt;represents;economicoperands;1
C01-05.txt;respective;logicalconnectors;9
C01-05.txt;reversible;economicoperands;3
C01-05.txt;secured by;economicoperands;4
C01-05.txt;separately;economicoperands;4
C01-05.txt;settlement;economicoperands;7
C01-05.txt;short-term;economicoperands;2
C01-05.txt;shortfalls;economicoperands;2
C01-05.txt;similarily;logicalconnectors;1
C01-05.txt;situations;economicoperands;3
C01-05.txt;subject to;logicalconnectors;42
C01-05.txt;subscribed;economicoperands;4
C01-05.txt;subsequent;logicalconnectors;3
C01-05.txt;thresholds;economicoperands;3
C01-05.txt;treated as;regulatoryoperators;14
C01-05.txt;tscr ratio;economicoperands;3
C01-05.txt;underlying;economicoperands;24
C01-05.txt;unrealised;economicoperands;4
C01-05.txt;vice versa;logicalconnectors;3
C01-05.txt;accounted;economicoperands;2
C01-05.txt;adjusting;mathematicaloperators;1
C01-05.txt;allocated;economicoperands;3
C01-05.txt;amount of;mathematicaloperators;46
C01-05.txt;available;economicoperands;2
C01-05.txt;calculate;economicoperands;4
C01-05.txt;capped at;regulatoryoperators;2
C01-05.txt;cash flow;economicoperands;1
C01-05.txt;commodity;economicoperands;1
C01-05.txt;comparing;logicalconnectors;1
C01-05.txt;competent;economicoperands;2
C01-05.txt;component;economicoperands;6
C01-05.txt;considers;logicalconnectors;3
C01-05.txt;consulted;economicoperands;2
C01-05.txt;corporate;economicoperands;1
C01-05.txt;deduction;mathematicaloperators;4
C01-05.txt;defaulted;economicoperands;6
C01-05.txt;dependent;economicoperands;8
C01-05.txt;determine;regulatoryoperators;3
C01-05.txt;different;mathematicaloperators;6
C01-05.txt;directive;legalreferences;4
C01-05.txt;disclosed;economicoperands;1
C01-05.txt;dividends;economicoperands;2
C01-05.txt;effective;other;14
C01-05.txt;estimates;mathematicaloperators;6
C01-05.txt;exceeding;mathematicaloperators;6
C01-05.txt;excluding;logicalconnectors;10
C01-05.txt;exemption;regulatoryoperators;2
C01-05.txt;exposures;economicoperands;38
C01-05.txt;expressed;economicoperands;3
C01-05.txt;financial;economicoperands;6
C01-05.txt;following;other;1
C01-05.txt;fulfilled;economicoperands;2
C01-05.txt;impact of;economicoperands;6
C01-05.txt;incentive;economicoperands;8
C01-05.txt;including;logicalconnectors;7
C01-05.txt;inclusion;logicalconnectors;7
C01-05.txt;increases;mathematicaloperators;2
C01-05.txt;indicator;economicoperands;2
C01-05.txt;influence;economicoperands;1
C01-05.txt;insurance;economicoperands;3
C01-05.txt;interests;economicoperands;12
C01-05.txt;mandatory;regulatoryoperators;2
C01-05.txt;mentioned;functionwords;2
C01-05.txt;mortgages;economicoperands;2
C01-05.txt;necessary;attributes;2
C01-05.txt;ocr ratio;economicoperands;3
C01-05.txt;operation;economicoperands;6
C01-05.txt;overheads;economicoperands;4
C01-05.txt;permitted;regulatoryoperators;36
C01-05.txt;pillar ii;legalreferences;4
C01-05.txt;populated;economicoperands;6
C01-05.txt;positions;economicoperands;100
C01-05.txt;presented;economicoperands;2
C01-05.txt;provision;economicoperands;4
C01-05.txt;prudently;attributes;1
C01-05.txt;qualified;economicoperands;6
C01-05.txt;reduction;mathematicaloperators;1
C01-05.txt;regarding;logicalconnectors;1
C01-05.txt;reporting;economicoperands;9
C01-05.txt;represent;economicoperands;6
C01-05.txt;requested;regulatoryoperators;1
C01-05.txt;revolving;economicoperands;2
C01-05.txt;shortfall;economicoperands;6
C01-05.txt;similarly;logicalconnectors;1
C01-05.txt;societies;economicoperands;1
C01-05.txt;specified;regulatoryoperators;1
C01-05.txt;standards;economicoperands;1
C01-05.txt;synthetic;economicoperands;12
C01-05.txt;targeting;economicoperands;2
C01-05.txt;templates;legalreferences;2
C01-05.txt;temporary;attributes;45
C01-05.txt;threshold;economicoperands;28
C01-05.txt;unaudited;economicoperands;2
C01-05.txt;valuation;economicoperands;10
C01-05.txt;accounts;economicoperands;14
C01-05.txt;achieved;economicoperands;1
C01-05.txt;advanced;economicoperands;4
C01-05.txt;applying;logicalconnectors;4
C01-05.txt;approach;economicoperands;12
C01-05.txt;articles;legalreferences;97
C01-05.txt;at least;logicalconnectors;19
C01-05.txt;based on;other;15
C01-05.txt;category;economicoperands;1
C01-05.txt;combined;mathematicaloperators;3
C01-05.txt;consider;logicalconnectors;1
C01-05.txt;contains;economicoperands;3
C01-05.txt;coverage;economicoperands;2
C01-05.txt;criteria;economicoperands;11
C01-05.txt;decision;economicoperands;3
C01-05.txt;deducted;mathematicaloperators;20
C01-05.txt;deferred;economicoperands;27
C01-05.txt;delivery;economicoperands;7
C01-05.txt;designed;economicoperands;9
C01-05.txt;dilution;economicoperands;2
C01-05.txt;directly;attributes;18
C01-05.txt;domestic;economicoperands;4
C01-05.txt;elements;economicoperands;6
C01-05.txt;eligible;economicoperands;62
C01-05.txt;entities;economicoperands;156
C01-05.txt;equal to;logicalconnectors;5
C01-05.txt;european;economicoperands;1
C01-05.txt;exercise;economicoperands;5
C01-05.txt;existing;economicoperands;3
C01-05.txt;expected;economicoperands;19
C01-05.txt;exposure;economicoperands;33
C01-05.txt;goodwill;economicoperands;19
C01-05.txt;governed;economicoperands;2
C01-05.txt;guidance;economicoperands;5
C01-05.txt;holdings;economicoperands;209
C01-05.txt;impaired;economicoperands;3
C01-05.txt;included;logicalconnectors;77
C01-05.txt;includes;logicalconnectors;5
C01-05.txt;increase;mathematicaloperators;1
C01-05.txt;indirect;economicoperands;49
C01-05.txt;intended;economicoperands;2
C01-05.txt;internal;economicoperands;7
C01-05.txt;invested;economicoperands;6
C01-05.txt;maturity;economicoperands;30
C01-05.txt;measures;economicoperands;1
C01-05.txt;minority;economicoperands;12
C01-05.txt;modified;other;2
C01-05.txt;national;economicoperands;5
C01-05.txt;negative;mathematicaloperators;5
C01-05.txt;notified;economicoperands;1
C01-05.txt;november;attributes;1
C01-05.txt;observed;economicoperands;1
C01-05.txt;obtained;economicoperands;12
C01-05.txt;of which;logicalconnectors;32
C01-05.txt;one year;attributes;18
C01-05.txt;original;economicoperands;6
C01-05.txt;pillar 2;legalreferences;5
C01-05.txt;position;economicoperands;31
C01-05.txt;positive;economicoperands;9
C01-05.txt;possible;regulatoryoperators;1
C01-05.txt;premiums;economicoperands;1
C01-05.txt;previous;logicalconnectors;3
C01-05.txt;property;economicoperands;2
C01-05.txt;provided;logicalconnectors;18
C01-05.txt;provides;economicoperands;1
C01-05.txt;purchase;economicoperands;15
C01-05.txt;purposes;economicoperands;3
C01-05.txt;question;economicoperands;2
C01-05.txt;reducing;mathematicaloperators;1
C01-05.txt;reflects;economicoperands;7
C01-05.txt;regional;economicoperands;4
C01-05.txt;relation;economicoperands;2
C01-05.txt;relevant;attributes;6
C01-05.txt;reported;economicoperands;116
C01-05.txt;required;regulatoryoperators;9
C01-05.txt;reserves;economicoperands;5
C01-05.txt;residual;economicoperands;18
C01-05.txt;sections;legalreferences;1
C01-05.txt;sentence;other;2
C01-05.txt;software;economicoperands;1
C01-05.txt;solvency;economicoperands;3
C01-05.txt;specific;functionwords;23
C01-05.txt;standard;economicoperands;1
C01-05.txt;starting;economicoperands;2
C01-05.txt;stemming;economicoperands;1
C01-05.txt;stricter;mathematicaloperators;15
C01-05.txt;template;legalreferences;61
C01-05.txt;title ii;legalreferences;5
C01-05.txt;title iv;legalreferences;2
C01-05.txt;vehicles;economicoperands;2
C01-05.txt;verified;economicoperands;2
C01-05.txt;weighted;mathematicaloperators;6
C01-05.txt;ability;economicoperands;4
C01-05.txt;account;economicoperands;1
C01-05.txt;allowed;regulatoryoperators;2
C01-05.txt;already;logicalconnectors;2
C01-05.txt;amounts;mathematicaloperators;38
C01-05.txt;applied;logicalconnectors;7
C01-05.txt;applies;logicalconnectors;1
C01-05.txt;arising;economicoperands;6
C01-05.txt;article;legalreferences;377
C01-05.txt;audited;economicoperands;3
C01-05.txt;banking;economicoperands;1
C01-05.txt;because;logicalconnectors;1
C01-05.txt;brought;economicoperands;1
C01-05.txt;bubbles;economicoperands;2
C01-05.txt;buffers;economicoperands;4
C01-05.txt;capital;economicoperands;107
C01-05.txt;capture;economicoperands;1
C01-05.txt;central;economicoperands;8
C01-05.txt;certain;economicoperands;2
C01-05.txt;changes;economicoperands;4
C01-05.txt;chapter;legalreferences;4
C01-05.txt;charges;economicoperands;5
C01-05.txt;classes;other;3
C01-05.txt;columns;legalreferences;3
C01-05.txt;consent;economicoperands;2
C01-05.txt;contain;economicoperands;2
C01-05.txt;council;economicoperands;1
C01-05.txt;country;economicoperands;2
C01-05.txt;covered;economicoperands;5
C01-05.txt;created;economicoperands;1
C01-05.txt;current;attributes;3
C01-05.txt;decides;economicoperands;2
C01-05.txt;deduced;mathematicaloperators;1
C01-05.txt;default;economicoperands;4
C01-05.txt;deficit;economicoperands;12
C01-05.txt;defined;regulatoryoperators;2
C01-05.txt;defines;regulatoryoperators;1
C01-05.txt;derived;economicoperands;7
C01-05.txt;details;other;1
C01-05.txt;dynamic;economicoperands;4
C01-05.txt;effects;economicoperands;4
C01-05.txt;element;economicoperands;7
C01-05.txt;entites;economicoperands;1
C01-05.txt;exceeds;mathematicaloperators;4
C01-05.txt;factors;mathematicaloperators;3
C01-05.txt;figures;economicoperands;1
C01-05.txt;filters;logicalconnectors;9
C01-05.txt;formula;economicoperands;1
C01-05.txt;forward;economicoperands;1
C01-05.txt;general;functionwords;9
C01-05.txt;happens;functionwords;2
C01-05.txt;holding;economicoperands;3
C01-05.txt;imposed;regulatoryoperators;1
C01-05.txt;include;logicalconnectors;29
C01-05.txt;indices;economicoperands;6
C01-05.txt;inflate;economicoperands;3
C01-05.txt;initial;economicoperands;2
C01-05.txt;interim;economicoperands;5
C01-05.txt;inverse;mathematicaloperators;2
C01-05.txt;january;attributes;1
C01-05.txt;legally;economicoperands;5
C01-05.txt;lending;economicoperands;4
C01-05.txt;located;economicoperands;4
C01-05.txt;lossess;economicoperands;1
C01-05.txt;markets;economicoperands;1
C01-05.txt;minimum;mathematicaloperators;2
C01-05.txt;neither;logicalconnectors;2
C01-05.txt;netting;economicoperands;4
C01-05.txt;obliged;economicoperands;2
C01-05.txt;only if;logicalconnectors;3
C01-05.txt;onwards;economicoperands;1
C01-05.txt;outside;functionwords;7
C01-05.txt;overall;logicalconnectors;10
C01-05.txt;part of;logicalconnectors;14
C01-05.txt;payment;economicoperands;1
C01-05.txt;pension;economicoperands;13
C01-05.txt;periods;economicoperands;3
C01-05.txt;persons;economicoperands;6
C01-05.txt;present;economicoperands;2
C01-05.txt;process;economicoperands;1
C01-05.txt;profits;economicoperands;5
C01-05.txt;provide;economicoperands;3
C01-05.txt;prudent;attributes;3
C01-05.txt;purpose;economicoperands;2
C01-05.txt;qualify;economicoperands;2
C01-05.txt;ratings;economicoperands;2
C01-05.txt;reasons;economicoperands;1
C01-05.txt;receive;economicoperands;1
C01-05.txt;reduces;mathematicaloperators;2
C01-05.txt;reflect;economicoperands;6
C01-05.txt;related;logicalconnectors;47
C01-05.txt;reports;economicoperands;1
C01-05.txt;reserve;economicoperands;2
C01-05.txt;results;economicoperands;4
C01-05.txt;section;legalreferences;3
C01-05.txt;set-off;economicoperands;4
C01-05.txt;several;attributes;1
C01-05.txt;similar;logicalconnectors;1
C01-05.txt;special;economicoperands;2
C01-05.txt;surplus;economicoperands;13
C01-05.txt;testing;economicoperands;1
C01-05.txt;that is;logicalconnectors;6
C01-05.txt;through;functionwords;2
C01-05.txt;treated;economicoperands;2
C01-05.txt;unknown;economicoperands;1
C01-05.txt;used in;economicoperands;3
C01-05.txt;version;economicoperands;1
C01-05.txt;weights;economicoperands;3
C01-05.txt;whereas;logicalconnectors;2
C01-05.txt;without;logicalconnectors;18
C01-05.txt;actual;logicalconnectors;13
C01-05.txt;adding;mathematicaloperators;2
C01-05.txt;allows;regulatoryoperators;19
C01-05.txt;amount;mathematicaloperators;140
C01-05.txt;and/or;logicalconnectors;5
C01-05.txt;assets;economicoperands;70
C01-05.txt;assign;regulatoryoperators;4
C01-05.txt;basket;economicoperands;3
C01-05.txt;became;economicoperands;3
C01-05.txt;before;logicalconnectors;10
C01-05.txt;beyond;functionwords;1
C01-05.txt;buffer;economicoperands;8
C01-05.txt;cannot;regulatoryoperators;9
C01-05.txt;charge;economicoperands;4
C01-05.txt;claims;economicoperands;2
C01-05.txt;column;legalreferences;16
C01-05.txt;common;functionwords;1
C01-05.txt;credit;economicoperands;11
C01-05.txt;deemed;regulatoryoperators;2
C01-05.txt;direct;economicoperands;52
C01-05.txt;due to;logicalconnectors;57
C01-05.txt;effect;economicoperands;10
C01-05.txt;either;logicalconnectors;21
C01-05.txt;entity;economicoperands;6
C01-05.txt;equity;economicoperands;23
C01-05.txt;exceed;mathematicaloperators;2
C01-05.txt;excess;mathematicaloperators;29
C01-05.txt;factor;mathematicaloperators;3
C01-05.txt;figure;economicoperands;5
C01-05.txt;former;economicoperands;1
C01-05.txt;fulfil;economicoperands;6
C01-05.txt;future;economicoperands;41
C01-05.txt;govern;economicoperands;1
C01-05.txt;having;functionwords;3
C01-05.txt;hedges;economicoperands;1
C01-05.txt;ifrs 9;legalreferences;11
C01-05.txt;income;economicoperands;2
C01-05.txt;issued;economicoperands;21
C01-05.txt;latest;mathematicaloperators;1
C01-05.txt;latter;functionwords;3
C01-05.txt;levels;economicoperands;2
C01-05.txt;limits;regulatoryoperators;4
C01-05.txt;losses;economicoperands;29
C01-05.txt;margin;economicoperands;1
C01-05.txt;market;economicoperands;1
C01-05.txt;method;economicoperands;4
C01-05.txt;models;economicoperands;5
C01-05.txt;moment;economicoperands;5
C01-05.txt;mutual;economicoperands;1
C01-05.txt;needed;regulatoryoperators;9
C01-05.txt;owners;economicoperands;2
C01-05.txt;parent;economicoperands;2
C01-05.txt;period;economicoperands;4
C01-05.txt;points;economicoperands;21
C01-05.txt;powers;economicoperands;6
C01-05.txt;profit;economicoperands;7
C01-05.txt;ratios;mathematicaloperators;6
C01-05.txt;recent;economicoperands;1
C01-05.txt;redeem;economicoperands;8
C01-05.txt;reduce;mathematicaloperators;4
C01-05.txt;report;economicoperands;18
C01-05.txt;result;economicoperands;2
C01-05.txt;retail;economicoperands;12
C01-05.txt;review;economicoperands;1
C01-05.txt;rights;economicoperands;1
C01-05.txt;second;attributes;2
C01-05.txt;secure;economicoperands;2
C01-05.txt;shares;economicoperands;6
C01-05.txt;solely;logicalconnectors;3
C01-05.txt;stable;economicoperands;1
C01-05.txt;stated;economicoperands;2
C01-05.txt;static;economicoperands;2
C01-05.txt;stress;economicoperands;1
C01-05.txt;sum of;mathematicaloperators;19
C01-05.txt;tier 1;economicoperands;1
C01-05.txt;traded;economicoperands;4
C01-05.txt;valued;economicoperands;3
C01-05.txt;voting;economicoperands;1
C01-05.txt;waived;regulatoryoperators;12
C01-05.txt;waiver;regulatoryoperators;1
C01-05.txt;weight;economicoperands;1
C01-05.txt;about;functionwords;3
C01-05.txt;above;functionwords;37
C01-05.txt;after;logicalconnectors;27
C01-05.txt;arise;economicoperands;32
C01-05.txt;aside;functionwords;1
C01-05.txt;asset;economicoperands;2
C01-05.txt;backs;economicoperands;3
C01-05.txt;banks;economicoperands;2
C01-05.txt;based;other;2
C01-05.txt;basic;economicoperands;2
C01-05.txt;basis;economicoperands;3
C01-05.txt;bonds;economicoperands;2
C01-05.txt;carry;economicoperands;3
C01-05.txt;cases;economicoperands;4
C01-05.txt;cells;legalreferences;1
C01-05.txt;cet 1;economicoperands;2
C01-05.txt;could;functionwords;3
C01-05.txt;cover;economicoperands;1
C01-05.txt;cross;economicoperands;21
C01-05.txt;deems;regulatoryoperators;6
C01-05.txt;fewer;mathematicaloperators;6
C01-05.txt;final;economicoperands;6
C01-05.txt;firms;economicoperands;11
C01-05.txt;first;attributes;1
C01-05.txt;fixed;economicoperands;4
C01-05.txt;funds;economicoperands;56
C01-05.txt;gains;economicoperands;9
C01-05.txt;given;functionwords;6
C01-05.txt;gross;economicoperands;78
C01-05.txt;group;economicoperands;3
C01-05.txt;has a;functionwords;71
C01-05.txt;hence;functionwords;1
C01-05.txt;intra;functionwords;2
C01-05.txt;items;other;62
C01-05.txt;label;economicoperands;3
C01-05.txt;large;economicoperands;4
C01-05.txt;legal;economicoperands;22
C01-05.txt;level;economicoperands;11
C01-05.txt;limit;regulatoryoperators;16
C01-05.txt;local;economicoperands;4
C01-05.txt;lower;mathematicaloperators;3
C01-05.txt;makes;functionwords;1
C01-05.txt;means;other;1
C01-05.txt;might;regulatoryoperators;1
C01-05.txt;minus;mathematicaloperators;2
C01-05.txt;mixed;economicoperands;3
C01-05.txt;never;logicalconnectors;2
C01-05.txt;occur;economicoperands;1
C01-05.txt;other;logicalconnectors;59
C01-05.txt;point;economicoperands;313
C01-05.txt;prior;economicoperands;9
C01-05.txt;ratio;mathematicaloperators;15
C01-05.txt;risks;economicoperands;10
C01-05.txt;scope;economicoperands;3
C01-05.txt;shall;regulatoryoperators;190
C01-05.txt;share;economicoperands;1
C01-05.txt;short;economicoperands;102
C01-05.txt;shown;other;1
C01-05.txt;shows;other;6
C01-05.txt;state;economicoperands;5
C01-05.txt;taken;other;2
C01-05.txt;their;functionwords;4
C01-05.txt;there;functionwords;11
C01-05.txt;these;functionwords;3
C01-05.txt;third;attributes;6
C01-05.txt;those;functionwords;20
C01-05.txt;three;attributes;4
C01-05.txt;total;mathematicaloperators;58
C01-05.txt;types;economicoperands;3
C01-05.txt;under;functionwords;37
C01-05.txt;until;logicalconnectors;2
C01-05.txt;using;economicoperands;4
C01-05.txt;value;economicoperands;3
C01-05.txt;waive;regulatoryoperators;6
C01-05.txt;where;logicalconnectors;160
C01-05.txt;which;functionwords;80
C01-05.txt;would;functionwords;3
C01-05.txt;write;economicoperands;4
C01-05.txt;years;economicoperands;2
C01-05.txt;2020;attributes;1
C01-05.txt;also;logicalconnectors;12
C01-05.txt;base;economicoperands;7
C01-05.txt;been;functionwords;7
C01-05.txt;brrd;legalreferences;6
C01-05.txt;call;economicoperands;16
C01-05.txt;case;economicoperands;1
C01-05.txt;cet1;economicoperands;73
C01-05.txt;code;economicoperands;5
C01-05.txt;date;economicoperands;12
C01-05.txt;days;attributes;1
C01-05.txt;debt;economicoperands;2
C01-05.txt;does;functionwords;67
C01-05.txt;done;functionwords;2
C01-05.txt;down;functionwords;4
C01-05.txt;each;logicalconnectors;2
C01-05.txt;fact;economicoperands;1
C01-05.txt;fair;economicoperands;2
C01-05.txt;form;economicoperands;6
C01-05.txt;free;economicoperands;5
C01-05.txt;from;functionwords;86
C01-05.txt;fund;economicoperands;19
C01-05.txt;gain;economicoperands;1
C01-05.txt;hand;economicoperands;1
C01-05.txt;have;functionwords;72
C01-05.txt;held;economicoperands;18
C01-05.txt;here;functionwords;6
C01-05.txt;high;economicoperands;2
C01-05.txt;into;functionwords;4
C01-05.txt;item;other;98
C01-05.txt;july;attributes;4
C01-05.txt;june;attributes;3
C01-05.txt;link;economicoperands;15
C01-05.txt;long;economicoperands;3
C01-05.txt;loss;economicoperands;6
C01-05.txt;meet;economicoperands;19
C01-05.txt;memo;legalreferences;3
C01-05.txt;more;mathematicaloperators;1
C01-05.txt;most;mathematicaloperators;1
C01-05.txt;non-;logicalconnectors;7
C01-05.txt;note;economicoperands;7
C01-05.txt;only;logicalconnectors;30
C01-05.txt;over;mathematicaloperators;16
C01-05.txt;part;functionwords;12
C01-05.txt;plan;economicoperands;2
C01-05.txt;plus;functionwords;8
C01-05.txt;post;economicoperands;1
C01-05.txt;rare;attributes;3
C01-05.txt;rate;economicoperands;1
C01-05.txt;rely;economicoperands;31
C01-05.txt;rise;other;2
C01-05.txt;risk;economicoperands;54
C01-05.txt;rows;economicoperands;42
C01-05.txt;sale;economicoperands;1
C01-05.txt;same;logicalconnectors;19
C01-05.txt;sign;economicoperands;3
C01-05.txt;some;logicalconnectors;1
C01-05.txt;srep;economicoperands;8
C01-05.txt;such;functionwords;2
C01-05.txt;take;other;7
C01-05.txt;than;functionwords;2
C01-05.txt;that;functionwords;128
C01-05.txt;then;logicalconnectors;1
C01-05.txt;they;functionwords;7
C01-05.txt;this;functionwords;88
C01-05.txt;thus;logicalconnectors;11
C01-05.txt;tier;economicoperands;3
C01-05.txt;tscr;economicoperands;9
C01-05.txt;upon;other;2
C01-05.txt;used;economicoperands;9
C01-05.txt;were;functionwords;6
C01-05.txt;when;logicalconnectors;16
C01-05.txt;with;functionwords;27
C01-05.txt;year;economicoperands;5
C01-05.txt;zero;attributes;6
C01-05.txt;100;attributes;2
C01-05.txt;104;legalreferences;1
C01-05.txt;105;legalreferences;2
C01-05.txt;108;legalreferences;1
C01-05.txt;109;legalreferences;4
C01-05.txt;110;legalreferences;1
C01-05.txt;113;legalreferences;2
C01-05.txt;115;legalreferences;2
C01-05.txt;120;legalreferences;1
C01-05.txt;125;attributes;1
C01-05.txt;129;legalreferences;2
C01-05.txt;133;attributes;1
C01-05.txt;140;legalreferences;1
C01-05.txt;153;legalreferences;1
C01-05.txt;154;legalreferences;2
C01-05.txt;250;attributes;21
C01-05.txt;a 1;other;12
C01-05.txt;a 2;other;3
C01-05.txt;a 4;other;3
C01-05.txt;aid;economicoperands;5
C01-05.txt;all;logicalconnectors;8
C01-05.txt;and;logicalconnectors;449
C01-05.txt;any;logicalconnectors;13
C01-05.txt;are;functionwords;93
C01-05.txt;at1;economicoperands;50
C01-05.txt;bad;economicoperands;1
C01-05.txt;but;logicalconnectors;7
C01-05.txt;can;regulatoryoperators;23
C01-05.txt;cap;regulatoryoperators;8
C01-05.txt;crd;legalreferences;13
C01-05.txt;crr;legalreferences;315
C01-05.txt;eba;economicoperands;8
C01-05.txt;end;logicalconnectors;4
C01-05.txt;for;functionwords;115
C01-05.txt;has;functionwords;17
C01-05.txt;i.e;functionwords;11
C01-05.txt;iii;legalreferences;3
C01-05.txt;irb;economicoperands;51
C01-05.txt;law;economicoperands;2
C01-05.txt;leg;economicoperands;1
C01-05.txt;lgd;economicoperands;6
C01-05.txt;may;regulatoryoperators;12
C01-05.txt;met;functionwords;4
C01-05.txt;net;economicoperands;23
C01-05.txt;non;logicalconnectors;8
C01-05.txt;nor;logicalconnectors;2
C01-05.txt;not;logicalconnectors;166
C01-05.txt;ocr;economicoperands;14
C01-05.txt;old;economicoperands;2
C01-05.txt;one;attributes;10
C01-05.txt;opr;economicoperands;11
C01-05.txt;own;functionwords;95
C01-05.txt;p2g;economicoperands;16
C01-05.txt;per;functionwords;2
C01-05.txt;pre;economicoperands;2
C01-05.txt;put;other;1
C01-05.txt;row;economicoperands;69
C01-05.txt;sec;economicoperands;2
C01-05.txt;see;other;48
C01-05.txt;set;other;6
C01-05.txt;sme;economicoperands;12
C01-05.txt;sum;mathematicaloperators;2
C01-05.txt;tax;economicoperands;16
C01-05.txt;the;functionwords;1102
C01-05.txt;two;attributes;3
C01-05.txt;use;economicoperands;3
C01-05.txt;was;functionwords;2
C01-05.txt;way;economicoperands;1
C01-05.txt;10;attributes;15
C01-05.txt;11;legalreferences;2
C01-05.txt;12;attributes;7
C01-05.txt;13;legalreferences;10
C01-05.txt;14;legalreferences;8
C01-05.txt;15;attributes;9
C01-05.txt;16;legalreferences;4
C01-05.txt;17;legalreferences;9
C01-05.txt;18;legalreferences;2
C01-05.txt;19;legalreferences;3
C01-05.txt;20;attributes;8
C01-05.txt;21;legalreferences;4
C01-05.txt;22;legalreferences;4
C01-05.txt;23;attributes;4
C01-05.txt;24;legalreferences;3
C01-05.txt;25;attributes;5
C01-05.txt;27;legalreferences;23
C01-05.txt;28;legalreferences;4
C01-05.txt;29;legalreferences;3
C01-05.txt;30;attributes;4
C01-05.txt;31;attributes;8
C01-05.txt;32;legalreferences;5
C01-05.txt;36;legalreferences;48
C01-05.txt;38;legalreferences;6
C01-05.txt;39;legalreferences;3
C01-05.txt;40;legalreferences;3
C01-05.txt;41;legalreferences;3
C01-05.txt;43;legalreferences;3
C01-05.txt;44;legalreferences;15
C01-05.txt;45;attributes;14
C01-05.txt;46;legalreferences;6
C01-05.txt;47;legalreferences;4
C01-05.txt;48;legalreferences;24
C01-05.txt;49;legalreferences;14
C01-05.txt;50;attributes;2
C01-05.txt;51;legalreferences;3
C01-05.txt;53;legalreferences;2
C01-05.txt;54;legalreferences;2
C01-05.txt;60;attributes;5
C01-05.txt;62;attributes;12
C01-05.txt;65;attributes;10
C01-05.txt;68;legalreferences;17
C01-05.txt;an;functionwords;37
C01-05.txt;as;logicalconnectors;64
C01-05.txt;at;functionwords;24
C01-05.txt;be;functionwords;243
C01-05.txt;by;functionwords;74
C01-05.txt;do;functionwords;35
C01-05.txt;eu;economicoperands;3
C01-05.txt;fx;economicoperands;1
C01-05.txt;if;logicalconnectors;27
C01-05.txt;ii;legalreferences;26
C01-05.txt;in;functionwords;218
C01-05.txt;is;functionwords;113
C01-05.txt;it;functionwords;27
C01-05.txt;iv;legalreferences;3
C01-05.txt;no;logicalconnectors;15
C01-05.txt;of;functionwords;1004
C01-05.txt;on;functionwords;107
C01-05.txt;or;logicalconnectors;157
C01-05.txt;sa;economicoperands;38
C01-05.txt;t1;economicoperands;12
C01-05.txt;t2;economicoperands;86
C01-05.txt;to;functionwords;312
C01-05.txt;up;functionwords;3
C01-05.txt;1;attributes;154
C01-05.txt;2;attributes;70
C01-05.txt;3;attributes;33
C01-05.txt;4;attributes;30
C01-05.txt;5;attributes;46
C01-05.txt;6;attributes;19
C01-05.txt;7;attributes;7
C01-05.txt;8;attributes;11
C01-05.txt;9;attributes;4
