C44.txt;counterparty credit risk;economicoperands;2
C44.txt;original exposure method;economicoperands;1
C44.txt;standardised approach;economicoperands;2
C44.txt;commercial banking;economicoperands;1
C44.txt;credit institution;economicoperands;6
C44.txt;for the purpose of;logicalconnectors;1
C44.txt;in accordance with;logicalconnectors;8
C44.txt;corresponding to;logicalconnectors;2
C44.txt;categorising;economicoperands;1
C44.txt;guaranteeing;economicoperands;7
C44.txt;institutions;economicoperands;16
C44.txt;instructions;regulatoryoperators;2
C44.txt;requirements;regulatoryoperators;8
C44.txt;cooperative;economicoperands;1
C44.txt;derivatives;economicoperands;3
C44.txt;development;economicoperands;14
C44.txt;information;economicoperands;3
C44.txt;institution;economicoperands;12
C44.txt;promotional;economicoperands;4
C44.txt;specialised;economicoperands;1
C44.txt;activities;economicoperands;1
C44.txt;additional;mathematicaloperators;1
C44.txt;applicable;logicalconnectors;2
C44.txt;categories;economicoperands;3
C44.txt;commercial;economicoperands;1
C44.txt;government;economicoperands;8
C44.txt;guaranteed;economicoperands;1
C44.txt;investment;economicoperands;2
C44.txt;obligation;economicoperands;2
C44.txt;protection;economicoperands;3
C44.txt;regulatory;economicoperands;2
C44.txt;simplified;economicoperands;1
C44.txt;authority;economicoperands;4
C44.txt;collected;economicoperands;1
C44.txt;guarantee;economicoperands;8
C44.txt;otherwise;logicalconnectors;2
C44.txt;structure;economicoperands;3
C44.txt;treatment;economicoperands;3
C44.txt;universal;economicoperands;1
C44.txt;viability;economicoperands;2
C44.txt;business;economicoperands;1
C44.txt;classify;regulatoryoperators;2
C44.txt;indicate;economicoperands;3
C44.txt;indirect;economicoperands;2
C44.txt;provider;economicoperands;1
C44.txt;received;economicoperands;5
C44.txt;regional;economicoperands;4
C44.txt;article;legalreferences;4
C44.txt;banking;economicoperands;3
C44.txt;central;economicoperands;4
C44.txt;company;economicoperands;5
C44.txt;funding;economicoperands;4
C44.txt;general;functionwords;2
C44.txt;granted;economicoperands;4
C44.txt;options;economicoperands;1
C44.txt;protect;economicoperands;2
C44.txt;specify;economicoperands;1
C44.txt;whether;logicalconnectors;2
C44.txt;chosen;economicoperands;1
C44.txt;column;legalreferences;3
C44.txt;credit;economicoperands;11
C44.txt;direct;economicoperands;2
C44.txt;either;logicalconnectors;2
C44.txt;entity;economicoperands;1
C44.txt;lender;economicoperands;1
C44.txt;mutual;economicoperands;1
C44.txt;public;economicoperands;16
C44.txt;report;economicoperands;2
C44.txt;retail;economicoperands;2
C44.txt;below;functionwords;3
C44.txt;funds;economicoperands;4
C44.txt;given;functionwords;3
C44.txt;joint;logicalconnectors;2
C44.txt;loans;economicoperands;4
C44.txt;local;economicoperands;4
C44.txt;model;economicoperands;1
C44.txt;other;logicalconnectors;2
C44.txt;point;economicoperands;5
C44.txt;shall;regulatoryoperators;8
C44.txt;stock;economicoperands;2
C44.txt;have;functionwords;3
C44.txt;here;functionwords;1
C44.txt;that;functionwords;3
C44.txt;they;functionwords;2
C44.txt;type;economicoperands;10
C44.txt;unit;economicoperands;12
C44.txt;with;functionwords;2
C44.txt;and;logicalconnectors;6
C44.txt;are;functionwords;4
C44.txt;crr;legalreferences;5
C44.txt;for;functionwords;2
C44.txt;non;logicalconnectors;1
C44.txt;not;logicalconnectors;1
C44.txt;own;functionwords;4
C44.txt;row;economicoperands;5
C44.txt;the;functionwords;30
C44.txt;28;legalreferences;1
C44.txt;by;functionwords;2
C44.txt;in;functionwords;2
C44.txt;is;functionwords;1
C44.txt;of;functionwords;16
C44.txt;or;logicalconnectors;7
C44.txt;sa;economicoperands;1
C44.txt;to;functionwords;2
C44.txt;2;attributes;5
C44.txt;6;attributes;1
