F21+42.txt;national gaap compatible;legalreferences;2
F21+42.txt;accounting framework;economicoperands;2
F21+42.txt;for the purposes of;logicalconnectors;1
F21+42.txt;in accordance with;logicalconnectors;1
F21+42.txt;intangible assets;economicoperands;14
F21+42.txt;carrying amount;economicoperands;7
F21+42.txt;tangible assets;economicoperands;2
F21+42.txt;broken down by;mathematicaloperators;1
F21+42.txt;national gaap;legalreferences;1
F21+42.txt;third parties;economicoperands;2
F21+42.txt;right-of-use;economicoperands;3
F21+42.txt;calculation;economicoperands;1
F21+42.txt;information;economicoperands;1
F21+42.txt;institution;economicoperands;3
F21+42.txt;measurement;mathematicaloperators;5
F21+42.txt;revaluation;economicoperands;8
F21+42.txt;agreements;economicoperands;1
F21+42.txt;applicable;logicalconnectors;1
F21+42.txt;fair value;economicoperands;4
F21+42.txt;investment;economicoperands;5
F21+42.txt;other than;logicalconnectors;1
F21+42.txt;references;functionwords;5
F21+42.txt;regulation;economicoperands;1
F21+42.txt;subject to;logicalconnectors;3
F21+42.txt;under ifrs;legalreferences;1
F21+42.txt;equipment;economicoperands;6
F21+42.txt;operating;economicoperands;5
F21+42.txt;threshold;economicoperands;1
F21+42.txt;annex v.;legalreferences;12
F21+42.txt;based on;other;1
F21+42.txt;criteria;economicoperands;1
F21+42.txt;goodwill;economicoperands;1
F21+42.txt;of which;logicalconnectors;6
F21+42.txt;property;economicoperands;11
F21+42.txt;relevant;attributes;1
F21+42.txt;reported;economicoperands;2
F21+42.txt;separate;economicoperands;1
F21+42.txt;software;economicoperands;5
F21+42.txt;tangible;economicoperands;6
F21+42.txt;article;legalreferences;1
F21+42.txt;assumes;logicalconnectors;1
F21+42.txt;divided;mathematicaloperators;1
F21+42.txt;include;logicalconnectors;1
F21+42.txt;provide;economicoperands;1
F21+42.txt;qualify;economicoperands;1
F21+42.txt;role of;economicoperands;1
F21+42.txt;used in;economicoperands;1
F21+42.txt;assets;economicoperands;14
F21+42.txt;leased;economicoperands;2
F21+42.txt;leases;economicoperands;2
F21+42.txt;lessee;economicoperands;1
F21+42.txt;lessor;economicoperands;2
F21+42.txt;method;economicoperands;4
F21+42.txt;within;logicalconnectors;2
F21+42.txt;lease;economicoperands;4
F21+42.txt;model;economicoperands;24
F21+42.txt;other;logicalconnectors;7
F21+42.txt;plant;economicoperands;6
F21+42.txt;shall;regulatoryoperators;6
F21+42.txt;their;functionwords;1
F21+42.txt;total;mathematicaloperators;1
F21+42.txt;under;functionwords;1
F21+42.txt;where;logicalconnectors;1
F21+42.txt;been;functionwords;2
F21+42.txt;cost;economicoperands;12
F21+42.txt;have;functionwords;2
F21+42.txt;ifrs;legalreferences;4
F21+42.txt;part;functionwords;12
F21+42.txt;that;functionwords;3
F21+42.txt;this;functionwords;1
F21+42.txt;303;legalreferences;1
F21+42.txt;all;logicalconnectors;1
F21+42.txt;and;logicalconnectors;13
F21+42.txt;bad;economicoperands;2
F21+42.txt;the;functionwords;10
F21+42.txt;20;attributes;1
F21+42.txt;21;legalreferences;3
F21+42.txt;30;attributes;2
F21+42.txt;38;legalreferences;2
F21+42.txt;40;legalreferences;2
F21+42.txt;42;legalreferences;3
F21+42.txt;53;legalreferences;2
F21+42.txt;as;logicalconnectors;2
F21+42.txt;be;functionwords;4
F21+42.txt;by;functionwords;7
F21+42.txt;ii;legalreferences;4
F21+42.txt;in;functionwords;3
F21+42.txt;it;functionwords;1
F21+42.txt;of;functionwords;3
F21+42.txt;on;functionwords;1
F21+42.txt;or;logicalconnectors;1
F21+42.txt;to;functionwords;2
F21+42.txt;2;attributes;2
F21+42.txt;4;attributes;1
F21+42.txt;9;attributes;2
