C72-77.txt;international organisations;economicoperands;1
C72-77.txt;non-interest bearing assets;economicoperands;3
C72-77.txt;non-operational deposits;economicoperands;2
C72-77.txt;asset backed securities;economicoperands;16
C72-77.txt;asset-backed securities;economicoperands;81
C72-77.txt;non-financial customers;economicoperands;24
C72-77.txt;regulatory requirements;economicoperands;4
C72-77.txt;financial institutions;economicoperands;1
C72-77.txt;delegated regulation;legalreferences;4
C72-77.txt;investment companies;economicoperands;1
C72-77.txt;principal repayment;economicoperands;4
C72-77.txt;segregated accounts;economicoperands;4
C72-77.txt;credit institution;economicoperands;18
C72-77.txt;difference between;mathematicaloperators;4
C72-77.txt;equity instruments;economicoperands;4
C72-77.txt;in accordance with;logicalconnectors;31
C72-77.txt;credit facilities;economicoperands;2
C72-77.txt;in the context of;functionwords;4
C72-77.txt;off-balance sheet;economicoperands;1
C72-77.txt;collateral swaps;economicoperands;16
C72-77.txt;corresponding to;logicalconnectors;8
C72-77.txt;foreign currency;economicoperands;1
C72-77.txt;loan commitments;economicoperands;4
C72-77.txt;retail customers;economicoperands;11
C72-77.txt;credit facility;economicoperands;1
C72-77.txt;debt securities;economicoperands;6
C72-77.txt;double counting;economicoperands;4
C72-77.txt;prime brokerage;economicoperands;1
C72-77.txt;retail deposits;economicoperands;4
C72-77.txt;secured funding;economicoperands;1
C72-77.txt;secured lending;economicoperands;9
C72-77.txt;capital market;economicoperands;5
C72-77.txt;collateralized;economicoperands;1
C72-77.txt;counterparties;economicoperands;5
C72-77.txt;in the form of;logicalconnectors;2
C72-77.txt;interdependent;economicoperands;1
C72-77.txt;network member;economicoperands;3
C72-77.txt;referred to in;functionwords;4
C72-77.txt;resulting from;other;1
C72-77.txt;undrawn credit;economicoperands;4
C72-77.txt;central banks;economicoperands;29
C72-77.txt;classified as;regulatoryoperators;16
C72-77.txt;correspondent;economicoperands;1
C72-77.txt;corresponding;logicalconnectors;8
C72-77.txt;deterioration;economicoperands;1
C72-77.txt;exempted from;regulatoryoperators;60
C72-77.txt;institutional;economicoperands;12
C72-77.txt;provided that;logicalconnectors;4
C72-77.txt;public sector;economicoperands;7
C72-77.txt;trade finance;economicoperands;1
C72-77.txt;calculations;economicoperands;4
C72-77.txt;central bank;economicoperands;21
C72-77.txt;counterparty;economicoperands;14
C72-77.txt;credit cards;economicoperands;1
C72-77.txt;institutions;economicoperands;11
C72-77.txt;margin loans;economicoperands;4
C72-77.txt;member state;economicoperands;42
C72-77.txt;multilateral;economicoperands;5
C72-77.txt;preferential;economicoperands;4
C72-77.txt;relationship;economicoperands;3
C72-77.txt;requirements;regulatoryoperators;307
C72-77.txt;restrictions;regulatoryoperators;4
C72-77.txt;transactions;economicoperands;55
C72-77.txt;withdrawable;economicoperands;1
C72-77.txt;alternative;logicalconnectors;2
C72-77.txt;authorities;economicoperands;7
C72-77.txt;calculation;economicoperands;1
C72-77.txt;commitments;economicoperands;1
C72-77.txt;contractual;economicoperands;4
C72-77.txt;convertible;economicoperands;4
C72-77.txt;cooperative;economicoperands;3
C72-77.txt;denominated;economicoperands;4
C72-77.txt;denominator;mathematicaloperators;2
C72-77.txt;derivatives;economicoperands;9
C72-77.txt;development;economicoperands;5
C72-77.txt;established;regulatoryoperators;3
C72-77.txt;exchangable;economicoperands;1
C72-77.txt;individuals;economicoperands;48
C72-77.txt;institution;economicoperands;6
C72-77.txt;instruments;economicoperands;1
C72-77.txt;liabilities;economicoperands;3
C72-77.txt;operational;economicoperands;343
C72-77.txt;promotional;economicoperands;9
C72-77.txt;requirement;regulatoryoperators;1
C72-77.txt;residential;economicoperands;48
C72-77.txt;specialised;economicoperands;4
C72-77.txt;symmetrical;economicoperands;8
C72-77.txt;uncommitted;economicoperands;1
C72-77.txt;additional;mathematicaloperators;1
C72-77.txt;applicable;logicalconnectors;56
C72-77.txt;approaches;economicoperands;2
C72-77.txt;as set out;logicalconnectors;1
C72-77.txt;automobile;economicoperands;34
C72-77.txt;collateral;economicoperands;651
C72-77.txt;commercial;economicoperands;48
C72-77.txt;comparable;logicalconnectors;2
C72-77.txt;considered;logicalconnectors;4
C72-77.txt;corporates;economicoperands;5
C72-77.txt;currencies;economicoperands;4
C72-77.txt;depositing;economicoperands;8
C72-77.txt;facilities;economicoperands;8
C72-77.txt;government;economicoperands;6
C72-77.txt;intragroup;economicoperands;2
C72-77.txt;investment;economicoperands;2
C72-77.txt;maintained;economicoperands;5
C72-77.txt;management;economicoperands;2
C72-77.txt;memorandum;legalreferences;8
C72-77.txt;other than;logicalconnectors;6
C72-77.txt;percentage;mathematicaloperators;3
C72-77.txt;permission;economicoperands;4
C72-77.txt;protection;economicoperands;16
C72-77.txt;provisions;economicoperands;1
C72-77.txt;qualifying;economicoperands;8
C72-77.txt;recognised;economicoperands;1
C72-77.txt;restricted;regulatoryoperators;1
C72-77.txt;secured by;economicoperands;25
C72-77.txt;securities;economicoperands;9
C72-77.txt;sovereigns;economicoperands;6
C72-77.txt;structured;economicoperands;2
C72-77.txt;subject to;logicalconnectors;125
C72-77.txt;subsidiary;economicoperands;1
C72-77.txt;treated as;regulatoryoperators;6
C72-77.txt;unadjusted;economicoperands;11
C72-77.txt;underlying;economicoperands;8
C72-77.txt;available;economicoperands;1
C72-77.txt;banknotes;economicoperands;2
C72-77.txt;committed;economicoperands;2
C72-77.txt;competent;economicoperands;4
C72-77.txt;corporate;economicoperands;4
C72-77.txt;countries;economicoperands;5
C72-77.txt;customers;economicoperands;37
C72-77.txt;establish;regulatoryoperators;8
C72-77.txt;excluding;logicalconnectors;10
C72-77.txt;extension;economicoperands;1
C72-77.txt;extremely;attributes;57
C72-77.txt;financial;economicoperands;39
C72-77.txt;financing;economicoperands;7
C72-77.txt;following;other;33
C72-77.txt;impact of;economicoperands;1
C72-77.txt;liquidity;economicoperands;71
C72-77.txt;mortgages;economicoperands;1
C72-77.txt;numerator;mathematicaloperators;2
C72-77.txt;obligated;economicoperands;2
C72-77.txt;operating;economicoperands;1
C72-77.txt;perimeter;economicoperands;1
C72-77.txt;positions;economicoperands;8
C72-77.txt;protected;economicoperands;1
C72-77.txt;qualifies;economicoperands;8
C72-77.txt;reduction;mathematicaloperators;3
C72-77.txt;regulated;regulatoryoperators;1
C72-77.txt;religious;economicoperands;3
C72-77.txt;specified;regulatoryoperators;1
C72-77.txt;treatment;economicoperands;4
C72-77.txt;undefined;economicoperands;4
C72-77.txt;unsecured;economicoperands;6
C72-77.txt;wholesale;economicoperands;2
C72-77.txt;adjusted;mathematicaloperators;4
C72-77.txt;advances;economicoperands;1
C72-77.txt;balances;economicoperands;4
C72-77.txt;borrowed;economicoperands;91
C72-77.txt;callable;economicoperands;1
C72-77.txt;captured;economicoperands;8
C72-77.txt;category;economicoperands;2
C72-77.txt;clearing;economicoperands;3
C72-77.txt;coverage;economicoperands;7
C72-77.txt;currency;economicoperands;7
C72-77.txt;customer;economicoperands;4
C72-77.txt;deposits;economicoperands;39
C72-77.txt;domestic;economicoperands;1
C72-77.txt;end date;economicoperands;4
C72-77.txt;entities;economicoperands;9
C72-77.txt;excluded;logicalconnectors;2
C72-77.txt;expenses;economicoperands;1
C72-77.txt;exposure;economicoperands;1
C72-77.txt;extended;economicoperands;40
C72-77.txt;internal;economicoperands;1
C72-77.txt;material;economicoperands;1
C72-77.txt;maturing;economicoperands;8
C72-77.txt;national;economicoperands;1
C72-77.txt;of which;logicalconnectors;372
C72-77.txt;outflows;economicoperands;51
C72-77.txt;personal;economicoperands;1
C72-77.txt;pillar 2;legalreferences;2
C72-77.txt;position;economicoperands;8
C72-77.txt;products;economicoperands;2
C72-77.txt;provided;logicalconnectors;8
C72-77.txt;purchase;economicoperands;1
C72-77.txt;received;economicoperands;84
C72-77.txt;regional;economicoperands;3
C72-77.txt;reserves;economicoperands;1
C72-77.txt;scenario;economicoperands;1
C72-77.txt;services;economicoperands;4
C72-77.txt;standard;economicoperands;49
C72-77.txt;transfer;economicoperands;4
C72-77.txt;weighted;mathematicaloperators;8
C72-77.txt;30 days;attributes;9
C72-77.txt;adverse;economicoperands;1
C72-77.txt;already;logicalconnectors;8
C72-77.txt;applied;logicalconnectors;1
C72-77.txt;arising;economicoperands;4
C72-77.txt;article;legalreferences;48
C72-77.txt;banking;economicoperands;1
C72-77.txt;central;economicoperands;11
C72-77.txt;country;economicoperands;3
C72-77.txt;covered;economicoperands;156
C72-77.txt;custody;economicoperands;2
C72-77.txt;funding;economicoperands;12
C72-77.txt;granted;economicoperands;4
C72-77.txt;inflows;economicoperands;316
C72-77.txt;members;economicoperands;4
C72-77.txt;netting;economicoperands;1
C72-77.txt;network;economicoperands;4
C72-77.txt;outflow;economicoperands;16
C72-77.txt;planned;economicoperands;1
C72-77.txt;qualify;economicoperands;8
C72-77.txt;quality;economicoperands;106
C72-77.txt;reasons;economicoperands;6
C72-77.txt;related;logicalconnectors;6
C72-77.txt;release;economicoperands;4
C72-77.txt;renewal;economicoperands;1
C72-77.txt;section;legalreferences;8
C72-77.txt;secured;economicoperands;7
C72-77.txt;swapped;economicoperands;252
C72-77.txt;trading;economicoperands;4
C72-77.txt;undrawn;economicoperands;1
C72-77.txt;without;logicalconnectors;2
C72-77.txt;30 day;attributes;10
C72-77.txt;agreed;economicoperands;2
C72-77.txt;amount;mathematicaloperators;29
C72-77.txt;and/or;logicalconnectors;1
C72-77.txt;assets;economicoperands;161
C72-77.txt;buffer;economicoperands;3
C72-77.txt;cap on;regulatoryoperators;177
C72-77.txt;client;economicoperands;1
C72-77.txt;credit;economicoperands;10
C72-77.txt;driven;economicoperands;5
C72-77.txt;due to;logicalconnectors;2
C72-77.txt;entity;economicoperands;4
C72-77.txt;equity;economicoperands;8
C72-77.txt;except;logicalconnectors;17
C72-77.txt;excess;mathematicaloperators;13
C72-77.txt;exempt;regulatoryoperators;2
C72-77.txt;higher;mathematicaloperators;6
C72-77.txt;if not;logicalconnectors;2
C72-77.txt;inflow;economicoperands;19
C72-77.txt;lender;economicoperands;1
C72-77.txt;liquid;economicoperands;96
C72-77.txt;market;economicoperands;81
C72-77.txt;mobile;economicoperands;4
C72-77.txt;monies;economicoperands;80
C72-77.txt;netted;economicoperands;1
C72-77.txt;obtain;economicoperands;1
C72-77.txt;others;logicalconnectors;1
C72-77.txt;parent;economicoperands;1
C72-77.txt;payout;economicoperands;1
C72-77.txt;posted;economicoperands;2
C72-77.txt;retail;economicoperands;1
C72-77.txt;scheme;economicoperands;12
C72-77.txt;shares;economicoperands;10
C72-77.txt;stable;economicoperands;2
C72-77.txt;totals;mathematicaloperators;32
C72-77.txt;waived;regulatoryoperators;7
C72-77.txt;weight;economicoperands;105
C72-77.txt;within;logicalconnectors;22
C72-77.txt;apply;logicalconnectors;4
C72-77.txt;asset;economicoperands;19
C72-77.txt;banks;economicoperands;4
C72-77.txt;basis;economicoperands;1
C72-77.txt;being;functionwords;16
C72-77.txt;bonds;economicoperands;147
C72-77.txt;coins;economicoperands;2
C72-77.txt;cover;economicoperands;10
C72-77.txt;drawn;economicoperands;1
C72-77.txt;ehqcb;economicoperands;26
C72-77.txt;excl.;logicalconnectors;51
C72-77.txt;fully;economicoperands;2
C72-77.txt;group;economicoperands;15
C72-77.txt;index;economicoperands;6
C72-77.txt;intra;functionwords;1
C72-77.txt;items;other;8
C72-77.txt;legal;economicoperands;5
C72-77.txt;level;economicoperands;340
C72-77.txt;loans;economicoperands;10
C72-77.txt;local;economicoperands;3
C72-77.txt;major;functionwords;6
C72-77.txt;meets;economicoperands;322
C72-77.txt;other;logicalconnectors;78
C72-77.txt;ratio;mathematicaloperators;2
C72-77.txt;short;economicoperands;11
C72-77.txt;stock;economicoperands;2
C72-77.txt;there;functionwords;8
C72-77.txt;third;attributes;7
C72-77.txt;total;mathematicaloperators;33
C72-77.txt;trade;economicoperands;4
C72-77.txt;units;economicoperands;8
C72-77.txt;value;economicoperands;167
C72-77.txt;where;logicalconnectors;20
C72-77.txt;which;functionwords;48
C72-77.txt;able;economicoperands;8
C72-77.txt;auto;economicoperands;14
C72-77.txt;bank;economicoperands;1
C72-77.txt;been;functionwords;4
C72-77.txt;cash;economicoperands;5
C72-77.txt;code;economicoperands;4
C72-77.txt;does;functionwords;8
C72-77.txt;down;functionwords;1
C72-77.txt;from;functionwords;125
C72-77.txt;have;functionwords;5
C72-77.txt;held;economicoperands;7
C72-77.txt;high;economicoperands;105
C72-77.txt;item;other;97
C72-77.txt;lent;economicoperands;88
C72-77.txt;loss;economicoperands;1
C72-77.txt;mdbs;economicoperands;1
C72-77.txt;name;economicoperands;1
C72-77.txt;non-;logicalconnectors;71
C72-77.txt;rate;economicoperands;8
C72-77.txt;that;functionwords;17
C72-77.txt;type;economicoperands;2
C72-77.txt;used;economicoperands;10
C72-77.txt;with;functionwords;26
C72-77.txt;105;legalreferences;1
C72-77.txt;all;logicalconnectors;10
C72-77.txt;and;logicalconnectors;71
C72-77.txt;any;logicalconnectors;4
C72-77.txt;are;functionwords;44
C72-77.txt;but;logicalconnectors;1
C72-77.txt;cap;regulatoryoperators;4
C72-77.txt;crd;legalreferences;1
C72-77.txt;due;attributes;82
C72-77.txt;for;functionwords;75
C72-77.txt;has;functionwords;3
C72-77.txt;ips;economicoperands;6
C72-77.txt;net;economicoperands;2
C72-77.txt;new;economicoperands;1
C72-77.txt;non;logicalconnectors;10
C72-77.txt;not;logicalconnectors;33
C72-77.txt;own;functionwords;1
C72-77.txt;row;economicoperands;97
C72-77.txt;sft;economicoperands;1
C72-77.txt;the;functionwords;245
C72-77.txt;use;economicoperands;1
C72-77.txt;yet;logicalconnectors;1
C72-77.txt;10;attributes;12
C72-77.txt;11;legalreferences;1
C72-77.txt;12;attributes;1
C72-77.txt;13;legalreferences;1
C72-77.txt;14;legalreferences;1
C72-77.txt;15;attributes;15
C72-77.txt;16;legalreferences;1
C72-77.txt;17;legalreferences;8
C72-77.txt;18;legalreferences;3
C72-77.txt;19;legalreferences;1
C72-77.txt;20;attributes;12
C72-77.txt;21;legalreferences;1
C72-77.txt;22;legalreferences;1
C72-77.txt;23;attributes;4
C72-77.txt;24;legalreferences;1
C72-77.txt;25;attributes;14
C72-77.txt;27;legalreferences;1
C72-77.txt;28;legalreferences;4
C72-77.txt;29;legalreferences;1
C72-77.txt;30;attributes;9
C72-77.txt;31;attributes;5
C72-77.txt;32;legalreferences;1
C72-77.txt;35;attributes;9
C72-77.txt;40;legalreferences;6
C72-77.txt;43;legalreferences;2
C72-77.txt;45;attributes;1
C72-77.txt;50;attributes;19
C72-77.txt;60;attributes;1
C72-77.txt;65;attributes;5
C72-77.txt;75;attributes;69
C72-77.txt;90;attributes;61
C72-77.txt;an;functionwords;23
C72-77.txt;as;logicalconnectors;17
C72-77.txt;be;functionwords;1
C72-77.txt;by;functionwords;28
C72-77.txt;eu;economicoperands;4
C72-77.txt;fx;economicoperands;5
C72-77.txt;if;logicalconnectors;4
C72-77.txt;in;functionwords;71
C72-77.txt;is;functionwords;111
C72-77.txt;no;logicalconnectors;5
C72-77.txt;of;functionwords;183
C72-77.txt;on;functionwords;3
C72-77.txt;or;logicalconnectors;139
C72-77.txt;to;functionwords;46
C72-77.txt;1;attributes;167
C72-77.txt;2;attributes;19
C72-77.txt;3;attributes;19
C72-77.txt;4;attributes;9
C72-77.txt;5;attributes;6
C72-77.txt;6;attributes;2
C72-77.txt;7;attributes;1
C72-77.txt;8;attributes;1
C72-77.txt;9;attributes;41
