F13.txt;small and medium-sized enterprises;economicoperands;1
F13.txt;paragraphs 213 to 239 or 260;legalreferences;1
F13.txt;non-financial corporations;economicoperands;3
F13.txt;national gaap compatible;legalreferences;4
F13.txt;this part of this annex;legalreferences;1
F13.txt;commercial real estate;economicoperands;4
F13.txt;debt securities issued;economicoperands;7
F13.txt;financial corporations;economicoperands;3
F13.txt;accounting portfolios;economicoperands;1
F13.txt;financial instruments;economicoperands;2
F13.txt;reporting institution;economicoperands;3
F13.txt;with the exception of;logicalconnectors;1
F13.txt;comprehensive income;economicoperands;1
F13.txt;financial guarantees;economicoperands;6
F13.txt;collateral obtained;economicoperands;16
F13.txt;financial guarantee;economicoperands;1
F13.txt;physical collateral;economicoperands;1
F13.txt;reporting reference;economicoperands;1
F13.txt;under national gaap;legalreferences;1
F13.txt;credit derivatives;economicoperands;4
F13.txt;equity instruments;economicoperands;1
F13.txt;immovable property;economicoperands;30
F13.txt;in accordance with;logicalconnectors;4
F13.txt;collateralized by;economicoperands;4
F13.txt;legal proceedings;economicoperands;2
F13.txt;taking possession;economicoperands;16
F13.txt;financial assets;economicoperands;4
F13.txt;held for trading;economicoperands;3
F13.txt;reference period;economicoperands;1
F13.txt;where applicable;logicalconnectors;2
F13.txt;associated with;economicoperands;1
F13.txt;be allocated to;regulatoryoperators;1
F13.txt;carrying amount;economicoperands;11
F13.txt;debt instrument;economicoperands;1
F13.txt;debt securities;economicoperands;7
F13.txt;in exchange for;economicoperands;2
F13.txt;irrespective of;logicalconnectors;2
F13.txt;re-measurements;mathematicaloperators;1
F13.txt;be reported as;regulatoryoperators;2
F13.txt;be reported in;regulatoryoperators;1
F13.txt;broken down by;mathematicaloperators;1
F13.txt;collateralised;economicoperands;9
F13.txt;counterparties;economicoperands;1
F13.txt;in the form of;logicalconnectors;2
F13.txt;joint ventures;economicoperands;1
F13.txt;profit or loss;economicoperands;1
F13.txt;reference date;economicoperands;8
F13.txt;referred to in;functionwords;1
F13.txt;reporting date;economicoperands;1
F13.txt;simultaneously;economicoperands;1
F13.txt;at fair value;economicoperands;3
F13.txt;balance sheet;economicoperands;3
F13.txt;classified as;regulatoryoperators;1
F13.txt;derecognition;economicoperands;2
F13.txt;determination;regulatoryoperators;1
F13.txt;held for sale;economicoperands;4
F13.txt;independently;economicoperands;1
F13.txt;national gaap;legalreferences;6
F13.txt;point in time;economicoperands;2
F13.txt;semi-finished;economicoperands;1
F13.txt;third parties;economicoperands;1
F13.txt;according to;regulatoryoperators;6
F13.txt;article 4(1);legalreferences;1
F13.txt;breakdown of;mathematicaloperators;3
F13.txt;cancellation;economicoperands;2
F13.txt;derecognised;economicoperands;1
F13.txt;institutions;economicoperands;2
F13.txt;measurements;mathematicaloperators;1
F13.txt;medium-sized;attributes;3
F13.txt;subsidiaries;economicoperands;1
F13.txt;accumulated;economicoperands;12
F13.txt;commodities;economicoperands;1
F13.txt;compared to;logicalconnectors;1
F13.txt;consumption;economicoperands;2
F13.txt;definitions;regulatoryoperators;1
F13.txt;information;economicoperands;2
F13.txt;institution;economicoperands;2
F13.txt;instruments;economicoperands;2
F13.txt;inventories;economicoperands;1
F13.txt;investments;economicoperands;1
F13.txt;liabilities;economicoperands;2
F13.txt;merchandise;economicoperands;1
F13.txt;recognition;economicoperands;8
F13.txt;residential;economicoperands;11
F13.txt;transferred;economicoperands;3
F13.txt;allocation;economicoperands;1
F13.txt;as well as;logicalconnectors;1
F13.txt;associated;economicoperands;1
F13.txt;associates;economicoperands;1
F13.txt;by type of;logicalconnectors;1
F13.txt;collateral;economicoperands;34
F13.txt;commercial;economicoperands;12
F13.txt;considered;logicalconnectors;7
F13.txt;defined in;regulatoryoperators;1
F13.txt;difference;mathematicaloperators;2
F13.txt;fair value;economicoperands;4
F13.txt;guarantees;economicoperands;12
F13.txt;households;economicoperands;2
F13.txt;individual;economicoperands;1
F13.txt;industrial;economicoperands;1
F13.txt;legal form;economicoperands;1
F13.txt;mechanical;economicoperands;2
F13.txt;other than;logicalconnectors;11
F13.txt;performing;economicoperands;3
F13.txt;recognised;economicoperands;2
F13.txt;references;functionwords;12
F13.txt;secured by;economicoperands;2
F13.txt;airplanes;economicoperands;1
F13.txt;allocated;economicoperands;1
F13.txt;amount of;mathematicaloperators;7
F13.txt;beginning;logicalconnectors;1
F13.txt;contracts;economicoperands;1
F13.txt;different;mathematicaloperators;1
F13.txt;equipment;economicoperands;11
F13.txt;financial;economicoperands;1
F13.txt;following;other;1
F13.txt;guarantee;economicoperands;8
F13.txt;hierarchy;economicoperands;2
F13.txt;including;logicalconnectors;2
F13.txt;inclusion;logicalconnectors;1
F13.txt;liability;economicoperands;1
F13.txt;machinery;economicoperands;1
F13.txt;materials;economicoperands;1
F13.txt;paragraph;legalreferences;3
F13.txt;portfolio;economicoperands;2
F13.txt;reimburse;economicoperands;1
F13.txt;remaining;economicoperands;1
F13.txt;reporting;economicoperands;1
F13.txt;servicing;economicoperands;1
F13.txt;specified;regulatoryoperators;2
F13.txt;statement;economicoperands;2
F13.txt;technical;economicoperands;1
F13.txt;voluntary;economicoperands;2
F13.txt;advances;economicoperands;10
F13.txt;annex v.;legalreferences;121
F13.txt;based on;other;4
F13.txt;comprise;logicalconnectors;1
F13.txt;continue;economicoperands;1
F13.txt;deposits;economicoperands;6
F13.txt;entirely;logicalconnectors;1
F13.txt;equities;economicoperands;1
F13.txt;finished;economicoperands;1
F13.txt;included;logicalconnectors;4
F13.txt;measured;economicoperands;2
F13.txt;modified;other;1
F13.txt;negative;mathematicaloperators;6
F13.txt;obtained;economicoperands;4
F13.txt;of which;logicalconnectors;28
F13.txt;original;economicoperands;1
F13.txt;payments;economicoperands;1
F13.txt;premises;economicoperands;1
F13.txt;products;economicoperands;1
F13.txt;property;economicoperands;19
F13.txt;provided;logicalconnectors;1
F13.txt;purchase;economicoperands;2
F13.txt;received;economicoperands;9
F13.txt;reported;economicoperands;5
F13.txt;starting;economicoperands;2
F13.txt;template;legalreferences;6
F13.txt;amounts;mathematicaloperators;2
F13.txt;backing;economicoperands;1
F13.txt;because;logicalconnectors;1
F13.txt;between;functionwords;3
F13.txt;changes;economicoperands;5
F13.txt;columns;legalreferences;1
F13.txt;current;attributes;4
F13.txt;exceeds;mathematicaloperators;1
F13.txt;include;logicalconnectors;11
F13.txt;initial;economicoperands;12
F13.txt;lending;economicoperands;2
F13.txt;maximum;mathematicaloperators;7
F13.txt;movable;economicoperands;10
F13.txt;of debt;economicoperands;2
F13.txt;offices;economicoperands;1
F13.txt;part of;logicalconnectors;2
F13.txt;payment;economicoperands;1
F13.txt;pledged;economicoperands;4
F13.txt;pledges;economicoperands;4
F13.txt;purpose;economicoperands;1
F13.txt;qualify;economicoperands;1
F13.txt;quality;economicoperands;5
F13.txt;related;logicalconnectors;3
F13.txt;remains;economicoperands;2
F13.txt;require;regulatoryoperators;2
F13.txt;retains;economicoperands;1
F13.txt;several;attributes;1
F13.txt;whether;logicalconnectors;3
F13.txt;always;logicalconnectors;1
F13.txt;and/or;logicalconnectors;1
F13.txt;assets;economicoperands;9
F13.txt;before;logicalconnectors;2
F13.txt;change;economicoperands;2
F13.txt;credit;economicoperands;2
F13.txt;debtor;economicoperands;3
F13.txt;during;logicalconnectors;5
F13.txt;equity;economicoperands;8
F13.txt;exceed;mathematicaloperators;1
F13.txt;failed;economicoperands;1
F13.txt;ifrs 9;legalreferences;1
F13.txt;incurs;economicoperands;1
F13.txt;issuer;economicoperands;1
F13.txt;levels;economicoperands;1
F13.txt;losses;economicoperands;3
F13.txt;period;economicoperands;7
F13.txt;pledge;economicoperands;1
F13.txt;report;economicoperands;3
F13.txt;rights;economicoperands;1
F13.txt;sum of;mathematicaloperators;1
F13.txt;within;logicalconnectors;2
F13.txt;basis;economicoperands;2
F13.txt;enter;economicoperands;3
F13.txt;exist;economicoperands;1
F13.txt;first;attributes;1
F13.txt;forms;economicoperands;1
F13.txt;gains;economicoperands;3
F13.txt;gross;economicoperands;1
F13.txt;house;economicoperands;2
F13.txt;level;economicoperands;1
F13.txt;loans;economicoperands;29
F13.txt;other;logicalconnectors;17
F13.txt;plant;economicoperands;9
F13.txt;point;economicoperands;2
F13.txt;shall;regulatoryoperators;32
F13.txt;ships;economicoperands;1
F13.txt;shown;other;1
F13.txt;small;economicoperands;3
F13.txt;taxes;economicoperands;2
F13.txt;terms;other;1
F13.txt;their;functionwords;1
F13.txt;those;functionwords;2
F13.txt;total;mathematicaloperators;3
F13.txt;types;economicoperands;4
F13.txt;under;functionwords;1
F13.txt;value;economicoperands;13
F13.txt;where;logicalconnectors;4
F13.txt;which;functionwords;4
F13.txt;also;logicalconnectors;1
F13.txt;been;functionwords;3
F13.txt;best;mathematicaloperators;2
F13.txt;both;logicalconnectors;1
F13.txt;cars;economicoperands;1
F13.txt;cash;economicoperands;5
F13.txt;date;economicoperands;1
F13.txt;debt;economicoperands;2
F13.txt;from;functionwords;5
F13.txt;have;functionwords;3
F13.txt;held;economicoperands;5
F13.txt;ifrs;legalreferences;38
F13.txt;item;other;2
F13.txt;loan;economicoperands;3
F13.txt;loss;economicoperands;1
F13.txt;made;functionwords;2
F13.txt;make;functionwords;2
F13.txt;mean;other;1
F13.txt;non-;logicalconnectors;3
F13.txt;ones;attributes;1
F13.txt;part;functionwords;123
F13.txt;rest;logicalconnectors;5
F13.txt;side;economicoperands;2
F13.txt;smes;economicoperands;4
F13.txt;that;functionwords;18
F13.txt;they;functionwords;1
F13.txt;this;functionwords;3
F13.txt;thus;logicalconnectors;1
F13.txt;type;economicoperands;1
F13.txt;used;economicoperands;2
F13.txt;were;functionwords;6
F13.txt;when;logicalconnectors;1
F13.txt;with;functionwords;2
F13.txt;180;attributes;1
F13.txt;all;logicalconnectors;1
F13.txt;and;logicalconnectors;65
F13.txt;are;functionwords;1
F13.txt;bad;economicoperands;5
F13.txt;but;logicalconnectors;2
F13.txt;can;regulatoryoperators;7
F13.txt;cre;economicoperands;4
F13.txt;crr;legalreferences;4
F13.txt;due;attributes;1
F13.txt;end;logicalconnectors;1
F13.txt;for;functionwords;14
F13.txt;has;functionwords;1
F13.txt;iii;legalreferences;11
F13.txt;non;logicalconnectors;5
F13.txt;not;logicalconnectors;5
F13.txt;one;attributes;2
F13.txt;raw;attributes;1
F13.txt;sme;economicoperands;6
F13.txt;the;functionwords;90
F13.txt;was;functionwords;1
F13.txt;12;attributes;1
F13.txt;13;legalreferences;5
F13.txt;14;legalreferences;2
F13.txt;15;attributes;2
F13.txt;28;legalreferences;8
F13.txt;44;legalreferences;3
F13.txt;75;attributes;1
F13.txt;as;logicalconnectors;6
F13.txt;at;functionwords;21
F13.txt;be;functionwords;21
F13.txt;by;functionwords;28
F13.txt;do;functionwords;1
F13.txt;ii;legalreferences;11
F13.txt;in;functionwords;19
F13.txt;is;functionwords;1
F13.txt;it;functionwords;2
F13.txt;iv;legalreferences;11
F13.txt;of;functionwords;32
F13.txt;on;functionwords;4
F13.txt;or;logicalconnectors;15
F13.txt;to;functionwords;11
F13.txt;1;attributes;6
F13.txt;2;attributes;27
F13.txt;3;attributes;3
