C08+C10.txt;sme and infrastructure supporting factors;economicoperands;5
C08+C10.txt;irb approach to capital requirements;economicoperands;16
C08+C10.txt;infra structure supporting factor;economicoperands;3
C08+C10.txt;under the standardised approach;economicoperands;1
C08+C10.txt;simple risk weight approach;economicoperands;14
C08+C10.txt;which meet the requirements;logicalconnectors;2
C08+C10.txt;off-balance sheet exposure;economicoperands;1
C08+C10.txt;on-balance sheet exposures;economicoperands;4
C08+C10.txt;article 501 and 501a crr;legalreferences;1
C08+C10.txt;counterparty credit risk;economicoperands;18
C08+C10.txt;double default treatment;economicoperands;14
C08+C10.txt;off balance sheet items;economicoperands;20
C08+C10.txt;risk- weighted exposure;economicoperands;3
C08+C10.txt;commercial real estate;economicoperands;1
C08+C10.txt;credit risk mitigation;economicoperands;16
C08+C10.txt;probability of default;economicoperands;1
C08+C10.txt;risk weighted exposure;economicoperands;66
C08+C10.txt;risk-weighted exposure;economicoperands;13
C08+C10.txt;under the irb approach;economicoperands;3
C08+C10.txt;chapter 3 of title ii;legalreferences;5
C08+C10.txt;chapter 6 of title ii;legalreferences;4
C08+C10.txt;financial instruments;economicoperands;1
C08+C10.txt;internal rating scale;economicoperands;12
C08+C10.txt;on-balance sheet item;economicoperands;1
C08+C10.txt;reporting institution;economicoperands;1
C08+C10.txt;risk weighted amounts;economicoperands;1
C08+C10.txt;sme supporting factor;economicoperands;6
C08+C10.txt;sme-supporting factor;economicoperands;5
C08+C10.txt;standardised approach;economicoperands;9
C08+C10.txt;with the exception of;logicalconnectors;1
C08+C10.txt;capital requirements;economicoperands;3
C08+C10.txt;delegated regulation;legalreferences;1
C08+C10.txt;immovable properties;economicoperands;1
C08+C10.txt;competent authority;economicoperands;9
C08+C10.txt;for the purposes of;logicalconnectors;1
C08+C10.txt;physical collateral;economicoperands;4
C08+C10.txt;reporting reference;economicoperands;3
C08+C10.txt;taking into account;regulatoryoperators;13
C08+C10.txt;credit derivatives;economicoperands;15
C08+C10.txt;financial entities;economicoperands;17
C08+C10.txt;for the purpose of;logicalconnectors;4
C08+C10.txt;immovable property;economicoperands;1
C08+C10.txt;in accordance with;logicalconnectors;90
C08+C10.txt;paragraphs 1 and 2;legalreferences;3
C08+C10.txt;paragraphs 2 and 3;legalreferences;1
C08+C10.txt;taken into account;regulatoryoperators;16
C08+C10.txt;as referred to in;logicalconnectors;5
C08+C10.txt;credit derivative;economicoperands;1
C08+C10.txt;credit protection;economicoperands;38
C08+C10.txt;in the context of;functionwords;1
C08+C10.txt;off-balance sheet;economicoperands;5
C08+C10.txt;on- balance sheet;economicoperands;1
C08+C10.txt;regulatory policy;economicoperands;1
C08+C10.txt;take into account;regulatoryoperators;3
C08+C10.txt;value adjustments;economicoperands;10
C08+C10.txt;article 501a crr;legalreferences;3
C08+C10.txt;at the beginning;logicalconnectors;5
C08+C10.txt;be considered as;regulatoryoperators;1
C08+C10.txt;corresponding to;logicalconnectors;3
C08+C10.txt;financial sector;economicoperands;21
C08+C10.txt;foreign currency;economicoperands;1
C08+C10.txt;foreign exchange;economicoperands;3
C08+C10.txt;reporting period;economicoperands;22
C08+C10.txt;article 153 crr;legalreferences;2
C08+C10.txt;article 159 crr;legalreferences;2
C08+C10.txt;article 166 crr;legalreferences;7
C08+C10.txt;article 178 crr;legalreferences;2
C08+C10.txt;article 199 crr;legalreferences;3
C08+C10.txt;article 200 crr;legalreferences;4
C08+C10.txt;as specified in;logicalconnectors;2
C08+C10.txt;be allocated to;regulatoryoperators;3
C08+C10.txt;be reported for;regulatoryoperators;4
C08+C10.txt;characteristics;logicalconnectors;1
C08+C10.txt;consistent with;logicalconnectors;1
C08+C10.txt;irrespective of;logicalconnectors;2
C08+C10.txt;on the basis of;logicalconnectors;1
C08+C10.txt;product netting;economicoperands;6
C08+C10.txt;risk management;economicoperands;1
C08+C10.txt;risk parameters;economicoperands;7
C08+C10.txt;article 24 crr;legalreferences;2
C08+C10.txt;as a result of;logicalconnectors;1
C08+C10.txt;be reported as;regulatoryoperators;14
C08+C10.txt;be reported in;regulatoryoperators;21
C08+C10.txt;be the same as;regulatoryoperators;1
C08+C10.txt;characteristic;logicalconnectors;1
C08+C10.txt;implementation;regulatoryoperators;3
C08+C10.txt;in addition to;mathematicaloperators;1
C08+C10.txt;in the case of;logicalconnectors;3
C08+C10.txt;infrastructure;economicoperands;7
C08+C10.txt;internal model;economicoperands;1
C08+C10.txt;life insurance;economicoperands;4
C08+C10.txt;methodological;economicoperands;1
C08+C10.txt;redistribution;economicoperands;1
C08+C10.txt;reference date;economicoperands;2
C08+C10.txt;referred to in;functionwords;13
C08+C10.txt;resulting from;other;1
C08+C10.txt;securitisation;economicoperands;1
C08+C10.txt;with regard to;logicalconnectors;1
C08+C10.txt;adjustment to;mathematicaloperators;8
C08+C10.txt;applicable to;logicalconnectors;2
C08+C10.txt;as defined in;logicalconnectors;11
C08+C10.txt;associated to;economicoperands;2
C08+C10.txt;at the end of;logicalconnectors;9
C08+C10.txt;balance sheet;economicoperands;12
C08+C10.txt;central banks;economicoperands;6
C08+C10.txt;correspond to;logicalconnectors;7
C08+C10.txt;corresponding;logicalconnectors;8
C08+C10.txt;crm technique;economicoperands;1
C08+C10.txt;deducted from;mathematicaloperators;2
C08+C10.txt;dilution risk;economicoperands;10
C08+C10.txt;exempted from;regulatoryoperators;1
C08+C10.txt;expected loss;economicoperands;21
C08+C10.txt;grandfathered;economicoperands;1
C08+C10.txt;has an effect;economicoperands;2
C08+C10.txt;in particular;logicalconnectors;1
C08+C10.txt;in the future;attributes;1
C08+C10.txt;last sentence;legalreferences;1
C08+C10.txt;methodologies;economicoperands;1
C08+C10.txt;obligor grade;economicoperands;25
C08+C10.txt;percentage of;mathematicaloperators;10
C08+C10.txt;point in time;economicoperands;1
C08+C10.txt;public sector;economicoperands;1
C08+C10.txt;regardless of;logicalconnectors;1
C08+C10.txt;risk category;economicoperands;2
C08+C10.txt;risk exposure;economicoperands;1
C08+C10.txt;according to;regulatoryoperators;1
C08+C10.txt;acquisitions;economicoperands;5
C08+C10.txt;article 4(1);legalreferences;4
C08+C10.txt;breakdown by;mathematicaloperators;4
C08+C10.txt;breakdown of;mathematicaloperators;16
C08+C10.txt;calculations;economicoperands;1
C08+C10.txt;counterparty;economicoperands;4
C08+C10.txt;credit risks;economicoperands;4
C08+C10.txt;deduction of;mathematicaloperators;2
C08+C10.txt;hypothetical;economicoperands;1
C08+C10.txt;institutions;economicoperands;59
C08+C10.txt;instructions;regulatoryoperators;53
C08+C10.txt;irb approach;economicoperands;15
C08+C10.txt;laid down in;economicoperands;10
C08+C10.txt;lgd estimate;economicoperands;1
C08+C10.txt;nevertheless;logicalconnectors;1
C08+C10.txt;partnerships;economicoperands;1
C08+C10.txt;rating scale;economicoperands;3
C08+C10.txt;representing;economicoperands;2
C08+C10.txt;requirements;regulatoryoperators;2
C08+C10.txt;respectively;logicalconnectors;1
C08+C10.txt;restrictions;regulatoryoperators;1
C08+C10.txt;standardized;economicoperands;1
C08+C10.txt;subordinated;economicoperands;1
C08+C10.txt;subparagraph;other;3
C08+C10.txt;subsequently;logicalconnectors;1
C08+C10.txt;substitution;mathematicaloperators;25
C08+C10.txt;trading book;economicoperands;4
C08+C10.txt;transactions;economicoperands;22
C08+C10.txt;undertakings;economicoperands;2
C08+C10.txt;adjustments;mathematicaloperators;8
C08+C10.txt;aggregation;mathematicaloperators;5
C08+C10.txt;alternative;logicalconnectors;15
C08+C10.txt;application;economicoperands;6
C08+C10.txt;appropriate;attributes;3
C08+C10.txt;arrangement;economicoperands;1
C08+C10.txt;art 166 crr;legalreferences;3
C08+C10.txt;assigned to;regulatoryoperators;36
C08+C10.txt;assimilated;economicoperands;1
C08+C10.txt;authorities;economicoperands;4
C08+C10.txt;calculating;economicoperands;3
C08+C10.txt;calculation;economicoperands;21
C08+C10.txt;calibration;economicoperands;2
C08+C10.txt;coefficient;economicoperands;4
C08+C10.txt;commodities;economicoperands;3
C08+C10.txt;comply with;regulatoryoperators;1
C08+C10.txt;composition;economicoperands;1
C08+C10.txt;considering;logicalconnectors;3
C08+C10.txt;consists of;logicalconnectors;2
C08+C10.txt;contractual;economicoperands;6
C08+C10.txt;correlation;mathematicaloperators;4
C08+C10.txt;credit risk;economicoperands;43
C08+C10.txt;denominator;mathematicaloperators;3
C08+C10.txt;derivatives;economicoperands;7
C08+C10.txt;estimate of;mathematicaloperators;2
C08+C10.txt;governments;economicoperands;7
C08+C10.txt;in order to;logicalconnectors;1
C08+C10.txt;information;economicoperands;17
C08+C10.txt;institution;economicoperands;18
C08+C10.txt;instruments;economicoperands;8
C08+C10.txt;investments;economicoperands;1
C08+C10.txt;methodology;economicoperands;3
C08+C10.txt;obligations;economicoperands;1
C08+C10.txt;observation;economicoperands;3
C08+C10.txt;origination;economicoperands;1
C08+C10.txt;paragraph 3;legalreferences;2
C08+C10.txt;percentages;mathematicaloperators;2
C08+C10.txt;pursuant to;functionwords;1
C08+C10.txt;real estate;economicoperands;16
C08+C10.txt;receivables;economicoperands;6
C08+C10.txt;recognition;economicoperands;1
C08+C10.txt;regulations;economicoperands;2
C08+C10.txt;repurchased;economicoperands;2
C08+C10.txt;risk weight;economicoperands;9
C08+C10.txt;significant;attributes;1
C08+C10.txt;specialised;economicoperands;13
C08+C10.txt;specialized;economicoperands;5
C08+C10.txt;supervisory;economicoperands;4
C08+C10.txt;third party;economicoperands;7
C08+C10.txt;translation;economicoperands;1
C08+C10.txt;unregulated;economicoperands;19
C08+C10.txt;accounting;economicoperands;1
C08+C10.txt;additional;mathematicaloperators;1
C08+C10.txt;adjustment;mathematicaloperators;4
C08+C10.txt;applicable;logicalconnectors;3
C08+C10.txt;approaches;economicoperands;7
C08+C10.txt;arithmetic;mathematicaloperators;4
C08+C10.txt;as set out;logicalconnectors;1
C08+C10.txt;as well as;logicalconnectors;6
C08+C10.txt;attracting;economicoperands;1
C08+C10.txt;attributed;functionwords;1
C08+C10.txt;businesses;economicoperands;1
C08+C10.txt;calculated;economicoperands;12
C08+C10.txt;collateral;economicoperands;22
C08+C10.txt;collective;economicoperands;1
C08+C10.txt;commission;economicoperands;1
C08+C10.txt;comparison;logicalconnectors;1
C08+C10.txt;concerning;logicalconnectors;8
C08+C10.txt;conditions;economicoperands;1
C08+C10.txt;considered;logicalconnectors;9
C08+C10.txt;constitute;logicalconnectors;1
C08+C10.txt;continuous;economicoperands;3
C08+C10.txt;conversion;economicoperands;41
C08+C10.txt;corporates;economicoperands;7
C08+C10.txt;definition;regulatoryoperators;3
C08+C10.txt;deliveries;economicoperands;24
C08+C10.txt;derivative;economicoperands;1
C08+C10.txt;determined;regulatoryoperators;12
C08+C10.txt;difference;mathematicaloperators;2
C08+C10.txt;equivalent;logicalconnectors;2
C08+C10.txt;estimation;mathematicaloperators;4
C08+C10.txt;exceptions;logicalconnectors;1
C08+C10.txt;explicitly;economicoperands;3
C08+C10.txt;facilities;economicoperands;1
C08+C10.txt;foundation;economicoperands;1
C08+C10.txt;government;economicoperands;1
C08+C10.txt;guarantees;economicoperands;10
C08+C10.txt;historical;economicoperands;4
C08+C10.txt;identifier;economicoperands;6
C08+C10.txt;immaterial;economicoperands;1
C08+C10.txt;in case of;logicalconnectors;2
C08+C10.txt;individual;economicoperands;6
C08+C10.txt;instrument;economicoperands;2
C08+C10.txt;internally;economicoperands;1
C08+C10.txt;investment;economicoperands;2
C08+C10.txt;legislated;economicoperands;1
C08+C10.txt;limited to;regulatoryoperators;3
C08+C10.txt;memorandum;legalreferences;8
C08+C10.txt;mitigation;economicoperands;1
C08+C10.txt;obligation;economicoperands;5
C08+C10.txt;offsetting;economicoperands;1
C08+C10.txt;operations;economicoperands;1
C08+C10.txt;paragraphs;legalreferences;12
C08+C10.txt;parameters;economicoperands;1
C08+C10.txt;particular;logicalconnectors;1
C08+C10.txt;permission;economicoperands;4
C08+C10.txt;portfolios;economicoperands;1
C08+C10.txt;programmes;economicoperands;1
C08+C10.txt;provisions;economicoperands;13
C08+C10.txt;prudential;economicoperands;1
C08+C10.txt;qualifying;economicoperands;1
C08+C10.txt;recognised;economicoperands;2
C08+C10.txt;reductions;mathematicaloperators;1
C08+C10.txt;regulatory;economicoperands;1
C08+C10.txt;relates to;logicalconnectors;1
C08+C10.txt;repurchase;economicoperands;1
C08+C10.txt;respecting;regulatoryoperators;2
C08+C10.txt;respective;logicalconnectors;7
C08+C10.txt;secured by;economicoperands;10
C08+C10.txt;securities;economicoperands;8
C08+C10.txt;separately;economicoperands;3
C08+C10.txt;sequential;economicoperands;1
C08+C10.txt;set out in;regulatoryoperators;3
C08+C10.txt;settlement;economicoperands;7
C08+C10.txt;statements;economicoperands;2
C08+C10.txt;structures;economicoperands;1
C08+C10.txt;subject to;logicalconnectors;78
C08+C10.txt;sufficient;attributes;1
C08+C10.txt;supporting;economicoperands;22
C08+C10.txt;techniques;economicoperands;21
C08+C10.txt;themselves;functionwords;1
C08+C10.txt;treated as;regulatoryoperators;1
C08+C10.txt;underlying;economicoperands;1
C08+C10.txt;volatility;economicoperands;1
C08+C10.txt;weaknesses;economicoperands;1
C08+C10.txt;allocated;economicoperands;2
C08+C10.txt;amount of;mathematicaloperators;9
C08+C10.txt;ancillary;economicoperands;1
C08+C10.txt;assigning;regulatoryoperators;2
C08+C10.txt;available;economicoperands;2
C08+C10.txt;beginning;logicalconnectors;1
C08+C10.txt;borrowing;economicoperands;1
C08+C10.txt;calculate;economicoperands;1
C08+C10.txt;capped at;regulatoryoperators;2
C08+C10.txt;committed;economicoperands;1
C08+C10.txt;competent;economicoperands;3
C08+C10.txt;conveying;economicoperands;1
C08+C10.txt;corporate;economicoperands;4
C08+C10.txt;custodial;economicoperands;1
C08+C10.txt;decreases;mathematicaloperators;7
C08+C10.txt;dedicated;economicoperands;1
C08+C10.txt;defaulted;economicoperands;17
C08+C10.txt;desirable;attributes;1
C08+C10.txt;determine;regulatoryoperators;1
C08+C10.txt;different;mathematicaloperators;14
C08+C10.txt;disposals;economicoperands;3
C08+C10.txt;essential;economicoperands;1
C08+C10.txt;estimated;mathematicaloperators;7
C08+C10.txt;estimates;mathematicaloperators;45
C08+C10.txt;excluding;logicalconnectors;7
C08+C10.txt;exposures;economicoperands;169
C08+C10.txt;financial;economicoperands;8
C08+C10.txt;financing;economicoperands;6
C08+C10.txt;following;other;9
C08+C10.txt;guarantee;economicoperands;2
C08+C10.txt;guarantor;economicoperands;4
C08+C10.txt;impact of;economicoperands;1
C08+C10.txt;including;logicalconnectors;10
C08+C10.txt;increases;mathematicaloperators;7
C08+C10.txt;less than;mathematicaloperators;6
C08+C10.txt;listed in;functionwords;2
C08+C10.txt;mentioned;functionwords;1
C08+C10.txt;migration;economicoperands;1
C08+C10.txt;modelling;economicoperands;2
C08+C10.txt;more than;mathematicaloperators;8
C08+C10.txt;movements;economicoperands;4
C08+C10.txt;numerator;mathematicaloperators;2
C08+C10.txt;numerical;economicoperands;2
C08+C10.txt;otherwise;logicalconnectors;1
C08+C10.txt;oversight;economicoperands;1
C08+C10.txt;parameter;economicoperands;1
C08+C10.txt;permanent;attributes;8
C08+C10.txt;positions;economicoperands;13
C08+C10.txt;practices;economicoperands;1
C08+C10.txt;presented;economicoperands;1
C08+C10.txt;principal;economicoperands;1
C08+C10.txt;producing;economicoperands;1
C08+C10.txt;purchased;economicoperands;9
C08+C10.txt;quarterly;attributes;1
C08+C10.txt;recognise;economicoperands;1
C08+C10.txt;refers to;functionwords;2
C08+C10.txt;reflected;economicoperands;2
C08+C10.txt;regarding;logicalconnectors;5
C08+C10.txt;regulated;regulatoryoperators;1
C08+C10.txt;remaining;economicoperands;1
C08+C10.txt;reporting;economicoperands;2
C08+C10.txt;revisions;economicoperands;1
C08+C10.txt;revolving;economicoperands;1
C08+C10.txt;section 4;legalreferences;1
C08+C10.txt;section 6;legalreferences;1
C08+C10.txt;specified;regulatoryoperators;5
C08+C10.txt;sponsored;economicoperands;1
C08+C10.txt;structure;economicoperands;1
C08+C10.txt;subsidies;economicoperands;1
C08+C10.txt;substance;economicoperands;1
C08+C10.txt;templates;legalreferences;3
C08+C10.txt;temporary;attributes;3
C08+C10.txt;therefore;logicalconnectors;3
C08+C10.txt;treatment;economicoperands;18
C08+C10.txt;weighting;mathematicaloperators;2
C08+C10.txt;adjusted;mathematicaloperators;5
C08+C10.txt;allocate;economicoperands;1
C08+C10.txt;applying;logicalconnectors;20
C08+C10.txt;approach;economicoperands;33
C08+C10.txt;approved;regulatoryoperators;5
C08+C10.txt;aprroach;economicoperands;5
C08+C10.txt;articles;legalreferences;8
C08+C10.txt;assessed;economicoperands;1
C08+C10.txt;assigned;regulatoryoperators;3
C08+C10.txt;at least;logicalconnectors;1
C08+C10.txt;averages;mathematicaloperators;2
C08+C10.txt;based on;other;6
C08+C10.txt;borrower;economicoperands;1
C08+C10.txt;business;economicoperands;1
C08+C10.txt;carrying;economicoperands;1
C08+C10.txt;category;economicoperands;7
C08+C10.txt;chapters;legalreferences;1
C08+C10.txt;classify;regulatoryoperators;1
C08+C10.txt;comprise;logicalconnectors;2
C08+C10.txt;computed;mathematicaloperators;1
C08+C10.txt;consider;logicalconnectors;1
C08+C10.txt;covering;economicoperands;1
C08+C10.txt;criteria;economicoperands;3
C08+C10.txt;deducted;mathematicaloperators;2
C08+C10.txt;defaults;economicoperands;1
C08+C10.txt;deposits;economicoperands;1
C08+C10.txt;disposal;economicoperands;2
C08+C10.txt;downturn;economicoperands;1
C08+C10.txt;economic;economicoperands;1
C08+C10.txt;eligible;economicoperands;12
C08+C10.txt;entities;economicoperands;32
C08+C10.txt;equal to;logicalconnectors;6
C08+C10.txt;excludes;logicalconnectors;3
C08+C10.txt;existing;economicoperands;1
C08+C10.txt;exposure;economicoperands;209
C08+C10.txt;external;economicoperands;5
C08+C10.txt;function;economicoperands;1
C08+C10.txt;included;logicalconnectors;30
C08+C10.txt;includes;logicalconnectors;2
C08+C10.txt;incurred;economicoperands;1
C08+C10.txt;intended;economicoperands;2
C08+C10.txt;interest;economicoperands;1
C08+C10.txt;internal;economicoperands;13
C08+C10.txt;maturing;economicoperands;1
C08+C10.txt;maturity;economicoperands;16
C08+C10.txt;moreover;logicalconnectors;1
C08+C10.txt;negative;mathematicaloperators;7
C08+C10.txt;networks;economicoperands;1
C08+C10.txt;numbered;economicoperands;1
C08+C10.txt;obligors;economicoperands;27
C08+C10.txt;observed;economicoperands;4
C08+C10.txt;obtained;economicoperands;3
C08+C10.txt;of which;logicalconnectors;58
C08+C10.txt;original;economicoperands;20
C08+C10.txt;outflows;economicoperands;10
C08+C10.txt;overview;economicoperands;1
C08+C10.txt;pd range;economicoperands;19
C08+C10.txt;physical;economicoperands;1
C08+C10.txt;planning;economicoperands;1
C08+C10.txt;policies;economicoperands;4
C08+C10.txt;positive;economicoperands;7
C08+C10.txt;possible;regulatoryoperators;1
C08+C10.txt;previous;logicalconnectors;14
C08+C10.txt;pro rata;mathematicaloperators;2
C08+C10.txt;property;economicoperands;2
C08+C10.txt;provided;logicalconnectors;6
C08+C10.txt;provides;economicoperands;3
C08+C10.txt;publicly;economicoperands;1
C08+C10.txt;purposes;economicoperands;2
C08+C10.txt;received;economicoperands;2
C08+C10.txt;regional;economicoperands;1
C08+C10.txt;relevant;attributes;13
C08+C10.txt;reported;economicoperands;58
C08+C10.txt;required;regulatoryoperators;4
C08+C10.txt;residual;economicoperands;1
C08+C10.txt;selected;economicoperands;3
C08+C10.txt;sentence;other;3
C08+C10.txt;separate;economicoperands;1
C08+C10.txt;services;economicoperands;2
C08+C10.txt;slotting;economicoperands;12
C08+C10.txt;specific;functionwords;16
C08+C10.txt;spectrum;economicoperands;1
C08+C10.txt;stemming;economicoperands;2
C08+C10.txt;template;legalreferences;37
C08+C10.txt;title ii;legalreferences;6
C08+C10.txt;together;logicalconnectors;1
C08+C10.txt;unfunded;economicoperands;25
C08+C10.txt;vehicles;economicoperands;1
C08+C10.txt;weighted;mathematicaloperators;47
C08+C10.txt;5 years;attributes;1
C08+C10.txt;address;economicoperands;1
C08+C10.txt;adopted;other;1
C08+C10.txt;advance;economicoperands;1
C08+C10.txt;already;logicalconnectors;1
C08+C10.txt;altered;economicoperands;1
C08+C10.txt;amounts;mathematicaloperators;35
C08+C10.txt;annex i;legalreferences;4
C08+C10.txt;applied;logicalconnectors;4
C08+C10.txt;applies;logicalconnectors;4
C08+C10.txt;arising;economicoperands;11
C08+C10.txt;article;legalreferences;135
C08+C10.txt;attract;economicoperands;3
C08+C10.txt;average;mathematicaloperators;59
C08+C10.txt;balance;economicoperands;2
C08+C10.txt;between;functionwords;8
C08+C10.txt;capture;economicoperands;1
C08+C10.txt;central;economicoperands;6
C08+C10.txt;certain;economicoperands;1
C08+C10.txt;changes;economicoperands;16
C08+C10.txt;chapter;legalreferences;5
C08+C10.txt;classes;other;11
C08+C10.txt;columns;legalreferences;8
C08+C10.txt;contact;economicoperands;1
C08+C10.txt;context;other;1
C08+C10.txt;counted;economicoperands;4
C08+C10.txt;covered;economicoperands;4
C08+C10.txt;current;attributes;7
C08+C10.txt;default;economicoperands;18
C08+C10.txt;defined;regulatoryoperators;1
C08+C10.txt;deposit;economicoperands;5
C08+C10.txt;derived;economicoperands;3
C08+C10.txt;drivers;economicoperands;1
C08+C10.txt;economy;economicoperands;1
C08+C10.txt;effects;economicoperands;28
C08+C10.txt;element;economicoperands;3
C08+C10.txt;even if;logicalconnectors;1
C08+C10.txt;example;economicoperands;1
C08+C10.txt;exclude;logicalconnectors;1
C08+C10.txt;explain;economicoperands;1
C08+C10.txt;factors;mathematicaloperators;57
C08+C10.txt;figures;economicoperands;2
C08+C10.txt;finance;economicoperands;4
C08+C10.txt;general;functionwords;11
C08+C10.txt;granted;economicoperands;1
C08+C10.txt;however;functionwords;3
C08+C10.txt;in case;logicalconnectors;2
C08+C10.txt;in that;logicalconnectors;2
C08+C10.txt;include;logicalconnectors;8
C08+C10.txt;inflows;economicoperands;5
C08+C10.txt;instead;logicalconnectors;2
C08+C10.txt;involve;economicoperands;1
C08+C10.txt;issuing;economicoperands;1
C08+C10.txt;leasing;economicoperands;2
C08+C10.txt;lending;economicoperands;21
C08+C10.txt;methods;economicoperands;3
C08+C10.txt;minimum;mathematicaloperators;2
C08+C10.txt;neither;logicalconnectors;2
C08+C10.txt;netting;economicoperands;14
C08+C10.txt;nominal;economicoperands;3
C08+C10.txt;obligor;economicoperands;34
C08+C10.txt;operate;economicoperands;1
C08+C10.txt;ordered;economicoperands;4
C08+C10.txt;organic;economicoperands;1
C08+C10.txt;part of;logicalconnectors;6
C08+C10.txt;partial;economicoperands;9
C08+C10.txt;pledged;economicoperands;1
C08+C10.txt;portion;economicoperands;1
C08+C10.txt;project;economicoperands;1
C08+C10.txt;promote;economicoperands;1
C08+C10.txt;provide;economicoperands;4
C08+C10.txt;quality;economicoperands;4
C08+C10.txt;quarter;attributes;2
C08+C10.txt;ratings;economicoperands;1
C08+C10.txt;reduced;mathematicaloperators;3
C08+C10.txt;related;logicalconnectors;1
C08+C10.txt;remarks;economicoperands;6
C08+C10.txt;request;regulatoryoperators;2
C08+C10.txt;results;economicoperands;1
C08+C10.txt;sectors;economicoperands;2
C08+C10.txt;secured;economicoperands;1
C08+C10.txt;similar;logicalconnectors;2
C08+C10.txt;such as;logicalconnectors;1
C08+C10.txt;support;economicoperands;1
C08+C10.txt;systems;economicoperands;1
C08+C10.txt;testing;economicoperands;5
C08+C10.txt;that is;logicalconnectors;2
C08+C10.txt;treated;economicoperands;7
C08+C10.txt;undrawn;economicoperands;1
C08+C10.txt;unrated;economicoperands;1
C08+C10.txt;updates;economicoperands;3
C08+C10.txt;used in;economicoperands;9
C08+C10.txt;weights;economicoperands;18
C08+C10.txt;without;logicalconnectors;10
C08+C10.txt;actual;logicalconnectors;2
C08+C10.txt;adjust;mathematicaloperators;2
C08+C10.txt;agreed;economicoperands;3
C08+C10.txt;amount;mathematicaloperators;85
C08+C10.txt;and/or;logicalconnectors;5
C08+C10.txt;annual;economicoperands;4
C08+C10.txt;as for;logicalconnectors;1
C08+C10.txt;assets;economicoperands;5
C08+C10.txt;before;logicalconnectors;5
C08+C10.txt;bucket;economicoperands;11
C08+C10.txt;cannot;regulatoryoperators;1
C08+C10.txt;change;economicoperands;7
C08+C10.txt;chosen;economicoperands;1
C08+C10.txt;claims;economicoperands;2
C08+C10.txt;column;legalreferences;50
C08+C10.txt;credit;economicoperands;19
C08+C10.txt;driven;economicoperands;1
C08+C10.txt;due to;logicalconnectors;32
C08+C10.txt;during;logicalconnectors;7
C08+C10.txt;effect;economicoperands;4
C08+C10.txt;employ;economicoperands;1
C08+C10.txt;ensure;regulatoryoperators;1
C08+C10.txt;equals;logicalconnectors;1
C08+C10.txt;equity;economicoperands;36
C08+C10.txt;exceed;mathematicaloperators;1
C08+C10.txt;except;logicalconnectors;2
C08+C10.txt;factor;mathematicaloperators;11
C08+C10.txt;filled;economicoperands;3
C08+C10.txt;floors;economicoperands;1
C08+C10.txt;follow;other;2
C08+C10.txt;funded;economicoperands;13
C08+C10.txt;grades;economicoperands;35
C08+C10.txt;graphs;economicoperands;1
C08+C10.txt;higher;mathematicaloperators;6
C08+C10.txt;if not;logicalconnectors;1
C08+C10.txt;impact;economicoperands;1
C08+C10.txt;income;economicoperands;2
C08+C10.txt;inflow;economicoperands;1
C08+C10.txt;issued;economicoperands;2
C08+C10.txt;issuer;economicoperands;1
C08+C10.txt;linked;economicoperands;3
C08+C10.txt;longer;mathematicaloperators;1
C08+C10.txt;mapped;other;1
C08+C10.txt;margin;economicoperands;1
C08+C10.txt;market;economicoperands;5
C08+C10.txt;master;economicoperands;5
C08+C10.txt;merged;economicoperands;2
C08+C10.txt;models;economicoperands;10
C08+C10.txt;number;economicoperands;28
C08+C10.txt;object;economicoperands;1
C08+C10.txt;period;economicoperands;5
C08+C10.txt;points;economicoperands;7
C08+C10.txt;policy;economicoperands;3
C08+C10.txt;pooled;economicoperands;2
C08+C10.txt;public;economicoperands;1
C08+C10.txt;ranges;economicoperands;4
C08+C10.txt;rating;economicoperands;13
C08+C10.txt;recent;economicoperands;1
C08+C10.txt;reduce;mathematicaloperators;2
C08+C10.txt;report;economicoperands;33
C08+C10.txt;result;economicoperands;1
C08+C10.txt;retail;economicoperands;17
C08+C10.txt;scales;economicoperands;8
C08+C10.txt;second;attributes;5
C08+C10.txt;shares;economicoperands;1
C08+C10.txt;should;regulatoryoperators;2
C08+C10.txt;simple;economicoperands;2
C08+C10.txt;sum of;mathematicaloperators;2
C08+C10.txt;unique;economicoperands;5
C08+C10.txt;unpaid;economicoperands;1
C08+C10.txt;values;economicoperands;11
C08+C10.txt;weight;economicoperands;5
C08+C10.txt;within;logicalconnectors;4
C08+C10.txt;ables;other;7
C08+C10.txt;after;logicalconnectors;26
C08+C10.txt;apply;logicalconnectors;5
C08+C10.txt;asset;economicoperands;6
C08+C10.txt;based;other;1
C08+C10.txt;being;functionwords;3
C08+C10.txt;below;functionwords;1
C08+C10.txt;cases;economicoperands;1
C08+C10.txt;claim;economicoperands;1
C08+C10.txt;class;other;26
C08+C10.txt;cover;economicoperands;1
C08+C10.txt;cross;economicoperands;6
C08+C10.txt;deals;economicoperands;1
C08+C10.txt;event;economicoperands;1
C08+C10.txt;final;economicoperands;1
C08+C10.txt;first;attributes;2
C08+C10.txt;fixed;economicoperands;14
C08+C10.txt;floor;economicoperands;1
C08+C10.txt;flows;economicoperands;1
C08+C10.txt;fully;economicoperands;1
C08+C10.txt;funds;economicoperands;3
C08+C10.txt;given;functionwords;1
C08+C10.txt;grade;economicoperands;10
C08+C10.txt;input;economicoperands;1
C08+C10.txt;items;other;17
C08+C10.txt;joint;logicalconnectors;2
C08+C10.txt;large;economicoperands;21
C08+C10.txt;legal;economicoperands;2
C08+C10.txt;level;economicoperands;3
C08+C10.txt;loans;economicoperands;3
C08+C10.txt;local;economicoperands;1
C08+C10.txt;lower;mathematicaloperators;2
C08+C10.txt;means;other;2
C08+C10.txt;model;economicoperands;5
C08+C10.txt;notes;economicoperands;1
C08+C10.txt;order;economicoperands;3
C08+C10.txt;other;logicalconnectors;41
C08+C10.txt;point;economicoperands;31
C08+C10.txt;pools;economicoperands;22
C08+C10.txt;prior;economicoperands;4
C08+C10.txt;rated;economicoperands;1
C08+C10.txt;scale;economicoperands;8
C08+C10.txt;scope;economicoperands;5
C08+C10.txt;shall;regulatoryoperators;222
C08+C10.txt;sheet;economicoperands;3
C08+C10.txt;sizes;economicoperands;1
C08+C10.txt;table;other;2
C08+C10.txt;their;functionwords;9
C08+C10.txt;these;functionwords;8
C08+C10.txt;those;functionwords;12
C08+C10.txt;three;attributes;17
C08+C10.txt;total;mathematicaloperators;74
C08+C10.txt;treat;economicoperands;2
C08+C10.txt;types;economicoperands;7
C08+C10.txt;under;functionwords;20
C08+C10.txt;using;economicoperands;4
C08+C10.txt;value;economicoperands;90
C08+C10.txt;where;logicalconnectors;39
C08+C10.txt;which;functionwords;19
C08+C10.txt;years;economicoperands;17
C08+C10.txt;able;economicoperands;2
C08+C10.txt;also;logicalconnectors;12
C08+C10.txt;back;economicoperands;5
C08+C10.txt;best;mathematicaloperators;2
C08+C10.txt;book;economicoperands;3
C08+C10.txt;both;logicalconnectors;7
C08+C10.txt;case;economicoperands;1
C08+C10.txt;cash;economicoperands;7
C08+C10.txt;cell;legalreferences;2
C08+C10.txt;data;economicoperands;5
C08+C10.txt;date;economicoperands;3
C08+C10.txt;days;attributes;5
C08+C10.txt;debt;economicoperands;2
C08+C10.txt;each;logicalconnectors;30
C08+C10.txt;fall;economicoperands;1
C08+C10.txt;fees;economicoperands;1
C08+C10.txt;five;attributes;1
C08+C10.txt;flow;economicoperands;2
C08+C10.txt;form;economicoperands;2
C08+C10.txt;free;economicoperands;24
C08+C10.txt;from;functionwords;36
C08+C10.txt;full;economicoperands;1
C08+C10.txt;have;functionwords;6
C08+C10.txt;held;economicoperands;6
C08+C10.txt;here;functionwords;3
C08+C10.txt;high;economicoperands;1
C08+C10.txt;into;functionwords;1
C08+C10.txt;item;other;4
C08+C10.txt;last;attributes;3
C08+C10.txt;line;economicoperands;1
C08+C10.txt;long;economicoperands;7
C08+C10.txt;made;functionwords;4
C08+C10.txt;main;economicoperands;1
C08+C10.txt;most;mathematicaloperators;1
C08+C10.txt;must;regulatoryoperators;1
C08+C10.txt;non-;logicalconnectors;6
C08+C10.txt;once;attributes;2
C08+C10.txt;one-;attributes;5
C08+C10.txt;only;logicalconnectors;10
C08+C10.txt;over;mathematicaloperators;2
C08+C10.txt;paid;economicoperands;1
C08+C10.txt;part;functionwords;15
C08+C10.txt;plan;economicoperands;5
C08+C10.txt;pool;economicoperands;23
C08+C10.txt;post;economicoperands;11
C08+C10.txt;rate;economicoperands;10
C08+C10.txt;risk;economicoperands;26
C08+C10.txt;rows;economicoperands;9
C08+C10.txt;rwea;economicoperands;7
C08+C10.txt;same;logicalconnectors;8
C08+C10.txt;sets;economicoperands;18
C08+C10.txt;size;economicoperands;5
C08+C10.txt;smes;economicoperands;5
C08+C10.txt;some;logicalconnectors;1
C08+C10.txt;than;functionwords;1
C08+C10.txt;that;functionwords;34
C08+C10.txt;then;logicalconnectors;2
C08+C10.txt;they;functionwords;5
C08+C10.txt;this;functionwords;39
C08+C10.txt;type;economicoperands;1
C08+C10.txt;used;economicoperands;42
C08+C10.txt;were;functionwords;2
C08+C10.txt;when;logicalconnectors;5
C08+C10.txt;will;functionwords;1
C08+C10.txt;with;functionwords;22
C08+C10.txt;year;economicoperands;18
C08+C10.txt;100;attributes;19
C08+C10.txt;110;legalreferences;2
C08+C10.txt;115;legalreferences;2
C08+C10.txt;150;attributes;5
C08+C10.txt;152;legalreferences;1
C08+C10.txt;153;legalreferences;13
C08+C10.txt;154;legalreferences;3
C08+C10.txt;165;legalreferences;4
C08+C10.txt;167;legalreferences;3
C08+C10.txt;180;attributes;4
C08+C10.txt;202;legalreferences;1
C08+C10.txt;204;legalreferences;1
C08+C10.txt;212;legalreferences;1
C08+C10.txt;217;legalreferences;1
C08+C10.txt;250;attributes;3
C08+C10.txt;501;legalreferences;7
C08+C10.txt;all;logicalconnectors;22
C08+C10.txt;and;logicalconnectors;207
C08+C10.txt;any;logicalconnectors;18
C08+C10.txt;are;functionwords;44
C08+C10.txt;but;logicalconnectors;5
C08+C10.txt;can;regulatoryoperators;1
C08+C10.txt;crm;economicoperands;41
C08+C10.txt;crr;legalreferences;152
C08+C10.txt;end;logicalconnectors;15
C08+C10.txt;etc;functionwords;2
C08+C10.txt;for;functionwords;106
C08+C10.txt;had;functionwords;1
C08+C10.txt;i.e;functionwords;8
C08+C10.txt;irb;economicoperands;69
C08+C10.txt;lgd;economicoperands;92
C08+C10.txt;map;other;3
C08+C10.txt;may;regulatoryoperators;7
C08+C10.txt;new;economicoperands;3
C08+C10.txt;non;logicalconnectors;2
C08+C10.txt;nor;logicalconnectors;2
C08+C10.txt;not;logicalconnectors;41
C08+C10.txt;off;functionwords;6
C08+C10.txt;one;attributes;5
C08+C10.txt;out;functionwords;4
C08+C10.txt;own;functionwords;40
C08+C10.txt;pre;economicoperands;35
C08+C10.txt;row;economicoperands;29
C08+C10.txt;see;other;35
C08+C10.txt;sme;economicoperands;1
C08+C10.txt;the;functionwords;626
C08+C10.txt;two;attributes;1
C08+C10.txt;use;economicoperands;18
C08+C10.txt;via;functionwords;1
C08+C10.txt;10;attributes;11
C08+C10.txt;20;attributes;4
C08+C10.txt;30;attributes;4
C08+C10.txt;46;legalreferences;1
C08+C10.txt;48;legalreferences;3
C08+C10.txt;50;attributes;1
C08+C10.txt;53;legalreferences;1
C08+C10.txt;78;other;2
C08+C10.txt;90;attributes;1
C08+C10.txt;an;functionwords;21
C08+C10.txt;as;logicalconnectors;18
C08+C10.txt;at;functionwords;6
C08+C10.txt;be;functionwords;141
C08+C10.txt;by;functionwords;45
C08+C10.txt;do;functionwords;2
C08+C10.txt;eu;economicoperands;1
C08+C10.txt;if;logicalconnectors;3
C08+C10.txt;ii;legalreferences;1
C08+C10.txt;in;functionwords;150
C08+C10.txt;is;functionwords;21
C08+C10.txt;it;functionwords;5
C08+C10.txt;no;logicalconnectors;1
C08+C10.txt;of;functionwords;343
C08+C10.txt;on;functionwords;44
C08+C10.txt;or;logicalconnectors;98
C08+C10.txt;pd;economicoperands;70
C08+C10.txt;sa;economicoperands;17
C08+C10.txt;so;logicalconnectors;3
C08+C10.txt;to;functionwords;123
C08+C10.txt;1;attributes;61
C08+C10.txt;2;attributes;40
C08+C10.txt;3;attributes;24
C08+C10.txt;4;attributes;29
C08+C10.txt;5;attributes;23
C08+C10.txt;6;attributes;7
C08+C10.txt;7;attributes;9
C08+C10.txt;8;attributes;8
C08+C10.txt;9;attributes;2
