C32.01.txt;regulatory technical standards;economicoperands;1
C32.01.txt;non-trading financial assets;economicoperands;2
C32.01.txt;national gaap compatible;legalreferences;2
C32.01.txt;trading financial assets;economicoperands;2
C32.01.txt;accounting framework;economicoperands;2
C32.01.txt;accounting standards;economicoperands;3
C32.01.txt;comprehensive income;economicoperands;2
C32.01.txt;delegated regulation;legalreferences;12
C32.01.txt;financial statements;economicoperands;1
C32.01.txt;that are included in;logicalconnectors;2
C32.01.txt;annexes iii and iv;legalreferences;20
C32.01.txt;in accordance with;logicalconnectors;8
C32.01.txt;interest rate risk;economicoperands;4
C32.01.txt;paragraphs 5 and 6;legalreferences;2
C32.01.txt;as referred to in;logicalconnectors;1
C32.01.txt;corresponding to;logicalconnectors;2
C32.01.txt;financial assets;economicoperands;12
C32.01.txt;hedge accounting;economicoperands;6
C32.01.txt;held for trading;economicoperands;4
C32.01.txt;in proportion to;logicalconnectors;1
C32.01.txt;compatible with;economicoperands;2
C32.01.txt;irrespective of;logicalconnectors;1
C32.01.txt;portfolio hedge;economicoperands;4
C32.01.txt;be reported in;regulatoryoperators;2
C32.01.txt;joint ventures;economicoperands;2
C32.01.txt;profit or loss;economicoperands;8
C32.01.txt;referred to in;functionwords;1
C32.01.txt;with regard to;logicalconnectors;2
C32.01.txt;at fair value;economicoperands;18
C32.01.txt;correspond to;logicalconnectors;18
C32.01.txt;corresponding;logicalconnectors;1
C32.01.txt;deducted from;mathematicaloperators;1
C32.01.txt;determination;regulatoryoperators;2
C32.01.txt;national gaap;legalreferences;4
C32.01.txt;supplementing;mathematicaloperators;1
C32.01.txt;article 4(1);legalreferences;3
C32.01.txt;cet1 capital;economicoperands;2
C32.01.txt;hedged items;economicoperands;4
C32.01.txt;implementing;regulatoryoperators;28
C32.01.txt;institutions;economicoperands;2
C32.01.txt;instructions;regulatoryoperators;1
C32.01.txt;proportional;mathematicaloperators;1
C32.01.txt;subsidiaries;economicoperands;2
C32.01.txt;trading book;economicoperands;8
C32.01.txt;transitional;economicoperands;1
C32.01.txt;accordingly;logicalconnectors;1
C32.01.txt;adjustments;mathematicaloperators;2
C32.01.txt;application;economicoperands;4
C32.01.txt;assigned to;regulatoryoperators;1
C32.01.txt;computation;mathematicaloperators;1
C32.01.txt;definitions;regulatoryoperators;1
C32.01.txt;derivatives;economicoperands;4
C32.01.txt;information;economicoperands;18
C32.01.txt;institution;economicoperands;2
C32.01.txt;investments;economicoperands;1
C32.01.txt;liabilities;economicoperands;34
C32.01.txt;mandatorily;regulatoryoperators;1
C32.01.txt;pursuant to;functionwords;1
C32.01.txt;accounting;economicoperands;1
C32.01.txt;additional;mathematicaloperators;1
C32.01.txt;appendix a;legalreferences;1
C32.01.txt;applicable;logicalconnectors;4
C32.01.txt;as set out;logicalconnectors;1
C32.01.txt;associates;economicoperands;2
C32.01.txt;because of;logicalconnectors;3
C32.01.txt;categories;economicoperands;1
C32.01.txt;commission;economicoperands;2
C32.01.txt;concerning;logicalconnectors;1
C32.01.txt;conditions;economicoperands;1
C32.01.txt;derivative;economicoperands;6
C32.01.txt;designated;regulatoryoperators;4
C32.01.txt;fair value;economicoperands;4
C32.01.txt;offsetting;economicoperands;1
C32.01.txt;paragraphs;legalreferences;2
C32.01.txt;prudential;economicoperands;2
C32.01.txt;regulation;economicoperands;32
C32.01.txt;set out in;regulatoryoperators;1
C32.01.txt;simplified;economicoperands;3
C32.01.txt;subject to;logicalconnectors;1
C32.01.txt;completed;economicoperands;1
C32.01.txt;dedicated;economicoperands;1
C32.01.txt;depending;logicalconnectors;2
C32.01.txt;determine;regulatoryoperators;1
C32.01.txt;exclusion;logicalconnectors;1
C32.01.txt;financial;economicoperands;6
C32.01.txt;impact of;economicoperands;1
C32.01.txt;populated;economicoperands;1
C32.01.txt;positions;economicoperands;6
C32.01.txt;standards;economicoperands;2
C32.01.txt;templates;legalreferences;1
C32.01.txt;threshold;economicoperands;2
C32.01.txt;valuation;economicoperands;5
C32.01.txt;absolute;mathematicaloperators;8
C32.01.txt;actually;logicalconnectors;1
C32.01.txt;approach;economicoperands;3
C32.01.txt;articles;legalreferences;3
C32.01.txt;based on;other;4
C32.01.txt;comments;economicoperands;2
C32.01.txt;elements;economicoperands;1
C32.01.txt;european;economicoperands;3
C32.01.txt;excluded;logicalconnectors;10
C32.01.txt;haircuts;economicoperands;4
C32.01.txt;included;logicalconnectors;4
C32.01.txt;matching;economicoperands;2
C32.01.txt;measured;economicoperands;6
C32.01.txt;national;economicoperands;2
C32.01.txt;of which;logicalconnectors;6
C32.01.txt;provided;logicalconnectors;1
C32.01.txt;relevant;attributes;3
C32.01.txt;reported;economicoperands;27
C32.01.txt;specific;functionwords;1
C32.01.txt;template;legalreferences;24
C32.01.txt;adopted;other;1
C32.01.txt;annex v;legalreferences;8
C32.01.txt;article;legalreferences;30
C32.01.txt;changes;economicoperands;4
C32.01.txt;columns;legalreferences;1
C32.01.txt;comment;economicoperands;1
C32.01.txt;council;economicoperands;3
C32.01.txt;exactly;mathematicaloperators;4
C32.01.txt;filters;logicalconnectors;4
C32.01.txt;general;functionwords;1
C32.01.txt;october;attributes;1
C32.01.txt;part of;logicalconnectors;7
C32.01.txt;partial;economicoperands;3
C32.01.txt;provide;economicoperands;1
C32.01.txt;prudent;attributes;3
C32.01.txt;reasons;economicoperands;1
C32.01.txt;remarks;economicoperands;1
C32.01.txt;through;functionwords;10
C32.01.txt;trading;economicoperands;12
C32.01.txt;whether;logicalconnectors;2
C32.01.txt;assets;economicoperands;30
C32.01.txt;before;logicalconnectors;1
C32.01.txt;cannot;regulatoryoperators;1
C32.01.txt;change;economicoperands;1
C32.01.txt;column;legalreferences;2
C32.01.txt;due to;logicalconnectors;2
C32.01.txt;effect;economicoperands;1
C32.01.txt;equity;economicoperands;2
C32.01.txt;finrep;legalreferences;5
C32.01.txt;having;functionwords;1
C32.01.txt;ifrs 9;legalreferences;2
C32.01.txt;impact;economicoperands;3
C32.01.txt;points;economicoperands;1
C32.01.txt;stated;economicoperands;1
C32.01.txt;valued;economicoperands;29
C32.01.txt;cases;economicoperands;1
C32.01.txt;cells;legalreferences;2
C32.01.txt;funds;economicoperands;1
C32.01.txt;hedge;economicoperands;2
C32.01.txt;other;logicalconnectors;11
C32.01.txt;parts;economicoperands;1
C32.01.txt;point;economicoperands;7
C32.01.txt;shall;regulatoryoperators;26
C32.01.txt;their;functionwords;1
C32.01.txt;these;functionwords;1
C32.01.txt;those;functionwords;1
C32.01.txt;total;mathematicaloperators;10
C32.01.txt;under;functionwords;3
C32.01.txt;union;economicoperands;2
C32.01.txt;using;economicoperands;2
C32.01.txt;value;economicoperands;11
C32.01.txt;where;logicalconnectors;1
C32.01.txt;which;functionwords;1
C32.01.txt;cet1;economicoperands;3
C32.01.txt;fair;economicoperands;29
C32.01.txt;have;functionwords;1
C32.01.txt;held;economicoperands;2
C32.01.txt;ifrs;legalreferences;21
C32.01.txt;july;attributes;1
C32.01.txt;line;economicoperands;2
C32.01.txt;main;economicoperands;1
C32.01.txt;non-;logicalconnectors;11
C32.01.txt;only;logicalconnectors;2
C32.01.txt;rare;attributes;1
C32.01.txt;rows;economicoperands;10
C32.01.txt;they;functionwords;1
C32.01.txt;this;functionwords;51
C32.01.txt;used;economicoperands;1
C32.01.txt;were;functionwords;1
C32.01.txt;with;functionwords;2
C32.01.txt;101;legalreferences;12
C32.01.txt;105;legalreferences;2
C32.01.txt;all;logicalconnectors;1
C32.01.txt;and;logicalconnectors;42
C32.01.txt;any;logicalconnectors;2
C32.01.txt;are;functionwords;1
C32.01.txt;bad;economicoperands;7
C32.01.txt;crr;legalreferences;2
C32.01.txt;for;functionwords;12
C32.01.txt;met;functionwords;1
C32.01.txt;non;logicalconnectors;1
C32.01.txt;own;functionwords;1
C32.01.txt;row;economicoperands;38
C32.01.txt;the;functionwords;56
C32.01.txt;why;logicalconnectors;1
C32.01.txt;12;attributes;1
C32.01.txt;14;legalreferences;3
C32.01.txt;15;attributes;2
C32.01.txt;19;legalreferences;1
C32.01.txt;21;legalreferences;1
C32.01.txt;32;legalreferences;1
C32.01.txt;36;legalreferences;1
C32.01.txt;54;legalreferences;1
C32.01.txt;as;logicalconnectors;5
C32.01.txt;be;functionwords;6
C32.01.txt;by;functionwords;3
C32.01.txt;eu;economicoperands;17
C32.01.txt;ii;legalreferences;2
C32.01.txt;in;functionwords;44
C32.01.txt;is;functionwords;1
C32.01.txt;no;logicalconnectors;4
C32.01.txt;of;functionwords;102
C32.01.txt;on;functionwords;8
C32.01.txt;or;logicalconnectors;3
C32.01.txt;to;functionwords;39
C32.01.txt;1;attributes;13
C32.01.txt;2;attributes;10
C32.01.txt;3;attributes;1
C32.01.txt;4;attributes;11
C32.01.txt;5;attributes;1
C32.01.txt;6;attributes;6
C32.01.txt;7;attributes;2
C32.01.txt;8;attributes;19
