C15.txt;residential property;economicoperands;1
C15.txt;immovable property;economicoperands;5
C15.txt;collateralised;economicoperands;4
C15.txt;commercial;economicoperands;1
C15.txt;exposures;economicoperands;4
C15.txt;reference;functionwords;1
C15.txt;reporting;economicoperands;1
C15.txt;templates;legalreferences;2
C15.txt;mortgage;economicoperands;2
C15.txt;of which;logicalconnectors;2
C15.txt;stemming;economicoperands;2
C15.txt;template;legalreferences;3
C15.txt;country;economicoperands;1
C15.txt;lending;economicoperands;6
C15.txt;overall;logicalconnectors;1
C15.txt;column;legalreferences;1
C15.txt;losses;economicoperands;10
C15.txt;number;economicoperands;1
C15.txt;sum of;mathematicaloperators;3
C15.txt;valued;economicoperands;2
C15.txt;annex;legalreferences;1
C15.txt;group;economicoperands;1
C15.txt;short;economicoperands;1
C15.txt;value;economicoperands;2
C15.txt;code;economicoperands;1
C15.txt;from;functionwords;4
C15.txt;name;economicoperands;2
C15.txt;with;functionwords;2
C15.txt;and;logicalconnectors;2
C15.txt;row;economicoperands;1
C15.txt;the;functionwords;3
C15.txt;15;attributes;1
C15.txt;by;functionwords;4
C15.txt;of;functionwords;2
C15.txt;on;functionwords;1
C15.txt;to;functionwords;1
C15.txt;up;functionwords;1
C15.txt;vi;legalreferences;1
