F04-07.txt;part 2 of annex ii to the ecb bsi regulation;legalreferences;6
F04-07.txt;small and medium-sized enterprises;economicoperands;18
F04-07.txt;non-trading financial assets;economicoperands;7
F04-07.txt;non-financial corporations;economicoperands;84
F04-07.txt;national gaap compatible;legalreferences;19
F04-07.txt;non-performing exposures;economicoperands;8
F04-07.txt;trading financial assets;economicoperands;3
F04-07.txt;accumulated impairments;economicoperands;1
F04-07.txt;accumulated impairment;economicoperands;26
F04-07.txt;credit-impaired assets;economicoperands;26
F04-07.txt;financial corporations;economicoperands;84
F04-07.txt;statute-of-limitations;legalreferences;1
F04-07.txt;accounting portfolios;economicoperands;2
F04-07.txt;financial instruments;economicoperands;1
F04-07.txt;regardless of whether;logicalconnectors;1
F04-07.txt;reporting institution;economicoperands;3
F04-07.txt;repurchase agreements;economicoperands;2
F04-07.txt;accounting portfolio;economicoperands;1
F04-07.txt;accounting standards;economicoperands;1
F04-07.txt;collateralized loans;economicoperands;9
F04-07.txt;comprehensive income;economicoperands;9
F04-07.txt;that are included in;logicalconnectors;1
F04-07.txt;under moderate locom;economicoperands;3
F04-07.txt;for the purposes of;logicalconnectors;2
F04-07.txt;under national gaap;legalreferences;7
F04-07.txt;annexes iii and iv;legalreferences;2
F04-07.txt;cost-based methods;economicoperands;1
F04-07.txt;equity instruments;economicoperands;20
F04-07.txt;for the purpose of;logicalconnectors;1
F04-07.txt;immovable property;economicoperands;9
F04-07.txt;in accordance with;logicalconnectors;4
F04-07.txt;under strict locom;economicoperands;2
F04-07.txt;within the meaning;logicalconnectors;1
F04-07.txt;are considered as;regulatoryoperators;1
F04-07.txt;as referred to in;logicalconnectors;1
F04-07.txt;at amortised cost;economicoperands;9
F04-07.txt;collateralized by;economicoperands;9
F04-07.txt;cost-based method;economicoperands;7
F04-07.txt;impairment stages;economicoperands;5
F04-07.txt;value adjustments;economicoperands;20
F04-07.txt;be considered as;regulatoryoperators;2
F04-07.txt;carrying amounts;economicoperands;1
F04-07.txt;credit card debt;economicoperands;10
F04-07.txt;credit- impaired;economicoperands;24
F04-07.txt;creditworthiness;economicoperands;1
F04-07.txt;debt instruments;economicoperands;13
F04-07.txt;financial assets;economicoperands;102
F04-07.txt;held for trading;economicoperands;10
F04-07.txt;associated with;economicoperands;3
F04-07.txt;at strict locom;economicoperands;1
F04-07.txt;be allocated to;regulatoryoperators;3
F04-07.txt;be reported for;regulatoryoperators;1
F04-07.txt;carrying amount;economicoperands;106
F04-07.txt;characteristics;logicalconnectors;1
F04-07.txt;credit-adjusted;economicoperands;1
F04-07.txt;credit-impaired;economicoperands;34
F04-07.txt;debt instrument;economicoperands;5
F04-07.txt;debt securities;economicoperands;33
F04-07.txt;demand deposits;economicoperands;2
F04-07.txt;financial asset;economicoperands;1
F04-07.txt;impaired assets;economicoperands;9
F04-07.txt;in exchange for;economicoperands;2
F04-07.txt;irrespective of;logicalconnectors;1
F04-07.txt;loss accounting;economicoperands;1
F04-07.txt;non- performing;economicoperands;1
F04-07.txt;on the basis of;logicalconnectors;6
F04-07.txt;be reported as;regulatoryoperators;2
F04-07.txt;be reported in;regulatoryoperators;6
F04-07.txt;broken down by;mathematicaloperators;4
F04-07.txt;collateralised;economicoperands;2
F04-07.txt;extinguishment;economicoperands;1
F04-07.txt;loss allowance;economicoperands;1
F04-07.txt;profit or loss;economicoperands;10
F04-07.txt;reference date;economicoperands;2
F04-07.txt;reporting date;economicoperands;1
F04-07.txt;allowance for;economicoperands;4
F04-07.txt;as defined in;logicalconnectors;11
F04-07.txt;at fair value;economicoperands;25
F04-07.txt;cash balances;economicoperands;2
F04-07.txt;central banks;economicoperands;68
F04-07.txt;classified as;regulatoryoperators;4
F04-07.txt;contractually;economicoperands;2
F04-07.txt;corresponding;logicalconnectors;2
F04-07.txt;credit losses;economicoperands;5
F04-07.txt;de-recognised;economicoperands;1
F04-07.txt;derecognition;economicoperands;4
F04-07.txt;deterioration;economicoperands;1
F04-07.txt;held for sale;economicoperands;6
F04-07.txt;in respect of;logicalconnectors;2
F04-07.txt;independently;economicoperands;2
F04-07.txt;interest rate;economicoperands;1
F04-07.txt;loan-to-value;economicoperands;2
F04-07.txt;national gaap;legalreferences;40
F04-07.txt;of securities;economicoperands;1
F04-07.txt;regardless of;logicalconnectors;5
F04-07.txt;significantly;attributes;1
F04-07.txt;subordination;economicoperands;6
F04-07.txt;71 crr art 4;legalreferences;12
F04-07.txt;according to;regulatoryoperators;1
F04-07.txt;among others;logicalconnectors;2
F04-07.txt;banking risk;economicoperands;9
F04-07.txt;breakdown of;mathematicaloperators;9
F04-07.txt;central bank;economicoperands;2
F04-07.txt;counterparty;economicoperands;7
F04-07.txt;credit cards;economicoperands;2
F04-07.txt;except where;logicalconnectors;1
F04-07.txt;expectations;economicoperands;1
F04-07.txt;incorporated;economicoperands;1
F04-07.txt;institutions;economicoperands;83
F04-07.txt;modification;economicoperands;1
F04-07.txt;reclassified;regulatoryoperators;1
F04-07.txt;requirements;regulatoryoperators;1
F04-07.txt;respectively;logicalconnectors;1
F04-07.txt;risk-induced;economicoperands;2
F04-07.txt;short notice;economicoperands;12
F04-07.txt;subordinated;economicoperands;5
F04-07.txt;transactions;economicoperands;4
F04-07.txt;acceptances;economicoperands;2
F04-07.txt;accumulated;economicoperands;59
F04-07.txt;application;economicoperands;1
F04-07.txt;appropriate;attributes;1
F04-07.txt;broken down;mathematicaloperators;1
F04-07.txt;calculation;economicoperands;1
F04-07.txt;consumption;economicoperands;10
F04-07.txt;contractual;economicoperands;1
F04-07.txt;credit risk;economicoperands;92
F04-07.txt;credit-risk;economicoperands;3
F04-07.txt;debit cards;economicoperands;2
F04-07.txt;derivatives;economicoperands;4
F04-07.txt;enforcement;economicoperands;1
F04-07.txt;estimate of;mathematicaloperators;1
F04-07.txt;forgiveness;economicoperands;1
F04-07.txt;governments;economicoperands;64
F04-07.txt;information;economicoperands;2
F04-07.txt;institution;economicoperands;3
F04-07.txt;instruments;economicoperands;14
F04-07.txt;mandatorily;regulatoryoperators;4
F04-07.txt;market-risk;economicoperands;3
F04-07.txt;measurement;mathematicaloperators;2
F04-07.txt;receivables;economicoperands;22
F04-07.txt;recognition;economicoperands;38
F04-07.txt;referred to;functionwords;1
F04-07.txt;significant;attributes;49
F04-07.txt;specialised;economicoperands;1
F04-07.txt;written-off;economicoperands;3
F04-07.txt;accounting;economicoperands;6
F04-07.txt;activities;economicoperands;1
F04-07.txt;agreements;economicoperands;2
F04-07.txt;allowances;economicoperands;21
F04-07.txt;appendix a;legalreferences;3
F04-07.txt;applicable;logicalconnectors;3
F04-07.txt;as follows;functionwords;1
F04-07.txt;as well as;logicalconnectors;5
F04-07.txt;associated;economicoperands;3
F04-07.txt;because of;logicalconnectors;1
F04-07.txt;by type of;logicalconnectors;2
F04-07.txt;calculated;economicoperands;1
F04-07.txt;cash flows;economicoperands;2
F04-07.txt;classified;regulatoryoperators;5
F04-07.txt;collateral;economicoperands;21
F04-07.txt;collecting;economicoperands;1
F04-07.txt;commercial;economicoperands;3
F04-07.txt;compulsory;regulatoryoperators;2
F04-07.txt;conditions;economicoperands;1
F04-07.txt;constitute;logicalconnectors;3
F04-07.txt;cumulative;mathematicaloperators;2
F04-07.txt;defined as;regulatoryoperators;1
F04-07.txt;definition;regulatoryoperators;1
F04-07.txt;derivative;economicoperands;11
F04-07.txt;designated;regulatoryoperators;4
F04-07.txt;determined;regulatoryoperators;1
F04-07.txt;estimation;mathematicaloperators;1
F04-07.txt;eventually;attributes;1
F04-07.txt;fair value;economicoperands;16
F04-07.txt;gaap based;legalreferences;1
F04-07.txt;households;economicoperands;35
F04-07.txt;identified;economicoperands;1
F04-07.txt;impairment;economicoperands;30
F04-07.txt;in case of;logicalconnectors;1
F04-07.txt;individual;economicoperands;1
F04-07.txt;instrument;economicoperands;7
F04-07.txt;investment;economicoperands;2
F04-07.txt;legal form;economicoperands;5
F04-07.txt;maturities;economicoperands;2
F04-07.txt;on the day;logicalconnectors;4
F04-07.txt;originated;economicoperands;33
F04-07.txt;other than;logicalconnectors;7
F04-07.txt;paragraphs;legalreferences;2
F04-07.txt;previously;logicalconnectors;1
F04-07.txt;reasonable;attributes;1
F04-07.txt;receivable;economicoperands;6
F04-07.txt;recognised;economicoperands;5
F04-07.txt;recognized;economicoperands;1
F04-07.txt;recovering;economicoperands;1
F04-07.txt;reductions;mathematicaloperators;4
F04-07.txt;references;functionwords;83
F04-07.txt;reflecting;economicoperands;2
F04-07.txt;relates to;logicalconnectors;1
F04-07.txt;repurchase;economicoperands;10
F04-07.txt;secured by;economicoperands;5
F04-07.txt;securities;economicoperands;4
F04-07.txt;separately;economicoperands;6
F04-07.txt;settlement;economicoperands;2
F04-07.txt;simplified;economicoperands;2
F04-07.txt;subject to;logicalconnectors;20
F04-07.txt;subsequent;logicalconnectors;1
F04-07.txt;successive;economicoperands;1
F04-07.txt;term loans;economicoperands;10
F04-07.txt;this annex;legalreferences;2
F04-07.txt;under ifrs;legalreferences;6
F04-07.txt;unimpaired;economicoperands;8
F04-07.txt;variations;economicoperands;1
F04-07.txt;affecting;economicoperands;12
F04-07.txt;allowance;economicoperands;3
F04-07.txt;amount of;mathematicaloperators;5
F04-07.txt;depending;logicalconnectors;1
F04-07.txt;described;other;1
F04-07.txt;directive;legalreferences;7
F04-07.txt;documents;economicoperands;2
F04-07.txt;effective;other;1
F04-07.txt;exceeding;mathematicaloperators;1
F04-07.txt;explained;economicoperands;1
F04-07.txt;exposures;economicoperands;3
F04-07.txt;financial;economicoperands;4
F04-07.txt;following;other;7
F04-07.txt;impact of;economicoperands;1
F04-07.txt;including;logicalconnectors;5
F04-07.txt;increased;mathematicaloperators;1
F04-07.txt;inmovable;economicoperands;4
F04-07.txt;investing;economicoperands;1
F04-07.txt;more than;mathematicaloperators;1
F04-07.txt;overnight;economicoperands;2
F04-07.txt;paragraph;legalreferences;6
F04-07.txt;performed;economicoperands;1
F04-07.txt;principal;economicoperands;2
F04-07.txt;provision;economicoperands;2
F04-07.txt;purchased;economicoperands;33
F04-07.txt;recovered;economicoperands;2
F04-07.txt;reduction;mathematicaloperators;2
F04-07.txt;reversals;economicoperands;2
F04-07.txt;situation;economicoperands;1
F04-07.txt;specified;regulatoryoperators;1
F04-07.txt;templates;legalreferences;3
F04-07.txt;therefore;logicalconnectors;1
F04-07.txt;valuation;economicoperands;1
F04-07.txt;variation;economicoperands;1
F04-07.txt;accounts;economicoperands;3
F04-07.txt;addition;mathematicaloperators;1
F04-07.txt;advances;economicoperands;75
F04-07.txt;annex v.;legalreferences;856
F04-07.txt;approach;economicoperands;2
F04-07.txt;awaiting;economicoperands;2
F04-07.txt;balances;economicoperands;12
F04-07.txt;based on;other;47
F04-07.txt;borrowed;economicoperands;2
F04-07.txt;borrower;economicoperands;2
F04-07.txt;business;economicoperands;4
F04-07.txt;commonly;functionwords;2
F04-07.txt;contract;economicoperands;2
F04-07.txt;deposits;economicoperands;2
F04-07.txt;directly;attributes;1
F04-07.txt;entirety;logicalconnectors;2
F04-07.txt;exchange;economicoperands;2
F04-07.txt;expected;economicoperands;4
F04-07.txt;extended;economicoperands;1
F04-07.txt;formally;other;2
F04-07.txt;impaired;economicoperands;8
F04-07.txt;included;logicalconnectors;2
F04-07.txt;increase;mathematicaloperators;49
F04-07.txt;interest;economicoperands;2
F04-07.txt;lifetime;economicoperands;2
F04-07.txt;measured;economicoperands;20
F04-07.txt;negative;mathematicaloperators;22
F04-07.txt;occurred;economicoperands;1
F04-07.txt;of which;logicalconnectors;151
F04-07.txt;outright;attributes;2
F04-07.txt;past due;economicoperands;17
F04-07.txt;past-due;economicoperands;3
F04-07.txt;personal;economicoperands;1
F04-07.txt;positive;economicoperands;3
F04-07.txt;products;economicoperands;4
F04-07.txt;property;economicoperands;4
F04-07.txt;purchase;economicoperands;11
F04-07.txt;received;economicoperands;1
F04-07.txt;recourse;economicoperands;2
F04-07.txt;recovery;economicoperands;1
F04-07.txt;referred;functionwords;1
F04-07.txt;reported;economicoperands;15
F04-07.txt;required;regulatoryoperators;1
F04-07.txt;reserves;economicoperands;2
F04-07.txt;services;economicoperands;3
F04-07.txt;specific;functionwords;7
F04-07.txt;template;legalreferences;9
F04-07.txt;transfer;economicoperands;2
F04-07.txt;unquoted;economicoperands;10
F04-07.txt;30 days;attributes;30
F04-07.txt;90 days;attributes;34
F04-07.txt;account;economicoperands;14
F04-07.txt;accrued;economicoperands;1
F04-07.txt;affects;economicoperands;2
F04-07.txt;against;functionwords;1
F04-07.txt;amounts;mathematicaloperators;6
F04-07.txt;annex v;legalreferences;15
F04-07.txt;applied;logicalconnectors;1
F04-07.txt;article;legalreferences;4
F04-07.txt;assumes;logicalconnectors;1
F04-07.txt;because;logicalconnectors;1
F04-07.txt;buckets;economicoperands;1
F04-07.txt;changes;economicoperands;15
F04-07.txt;cheques;economicoperands;2
F04-07.txt;current;attributes;14
F04-07.txt;depends;economicoperands;1
F04-07.txt;finance;economicoperands;25
F04-07.txt;further;logicalconnectors;1
F04-07.txt;general;functionwords;82
F04-07.txt;granted;economicoperands;9
F04-07.txt;in case;logicalconnectors;2
F04-07.txt;include;logicalconnectors;33
F04-07.txt;induced;economicoperands;15
F04-07.txt;initial;economicoperands;54
F04-07.txt;lending;economicoperands;12
F04-07.txt;meaning;other;1
F04-07.txt;methods;economicoperands;3
F04-07.txt;outside;functionwords;1
F04-07.txt;partial;economicoperands;19
F04-07.txt;payment;economicoperands;2
F04-07.txt;pledges;economicoperands;1
F04-07.txt;portion;economicoperands;2
F04-07.txt;product;economicoperands;20
F04-07.txt;project;economicoperands;9
F04-07.txt;purpose;economicoperands;6
F04-07.txt;qualify;economicoperands;3
F04-07.txt;receive;economicoperands;2
F04-07.txt;reduces;mathematicaloperators;2
F04-07.txt;results;economicoperands;1
F04-07.txt;reverse;economicoperands;10
F04-07.txt;similar;logicalconnectors;4
F04-07.txt;such as;logicalconnectors;4
F04-07.txt;through;functionwords;22
F04-07.txt;totally;mathematicaloperators;1
F04-07.txt;trading;economicoperands;23
F04-07.txt;whether;logicalconnectors;2
F04-07.txt;without;logicalconnectors;26
F04-07.txt;adding;mathematicaloperators;1
F04-07.txt;amount;mathematicaloperators;5
F04-07.txt;assets;economicoperands;94
F04-07.txt;bought;economicoperands;2
F04-07.txt;cannot;regulatoryoperators;2
F04-07.txt;caused;economicoperands;1
F04-07.txt;causes;economicoperands;1
F04-07.txt;change;economicoperands;2
F04-07.txt;claims;economicoperands;2
F04-07.txt;column;legalreferences;2
F04-07.txt;credit;economicoperands;100
F04-07.txt;demand;economicoperands;16
F04-07.txt;direct;economicoperands;2
F04-07.txt;due to;logicalconnectors;14
F04-07.txt;either;logicalconnectors;5
F04-07.txt;entire;logicalconnectors;1
F04-07.txt;equity;economicoperands;5
F04-07.txt;expiry;economicoperands;1
F04-07.txt;govern;economicoperands;2
F04-07.txt;ifrs 9;legalreferences;13
F04-07.txt;issuer;economicoperands;2
F04-07.txt;leases;economicoperands;10
F04-07.txt;losses;economicoperands;3
F04-07.txt;mainly;logicalconnectors;1
F04-07.txt;market;economicoperands;6
F04-07.txt;number;economicoperands;1
F04-07.txt;oldest;mathematicaloperators;1
F04-07.txt;period;economicoperands;1
F04-07.txt;profit;economicoperands;1
F04-07.txt;relate;logicalconnectors;1
F04-07.txt;rental;economicoperands;1
F04-07.txt;repaid;economicoperands;2
F04-07.txt;report;economicoperands;3
F04-07.txt;rights;economicoperands;1
F04-07.txt;sector;economicoperands;5
F04-07.txt;single;attributes;1
F04-07.txt;status;economicoperands;1
F04-07.txt;sum of;mathematicaloperators;2
F04-07.txt;unpaid;economicoperands;1
F04-07.txt;within;logicalconnectors;2
F04-07.txt;annex;legalreferences;13
F04-07.txt;asset;economicoperands;3
F04-07.txt;bills;economicoperands;4
F04-07.txt;close;economicoperands;4
F04-07.txt;debit;economicoperands;4
F04-07.txt;event;economicoperands;3
F04-07.txt;fixed;economicoperands;2
F04-07.txt;forms;economicoperands;2
F04-07.txt;funds;economicoperands;2
F04-07.txt;gains;economicoperands;1
F04-07.txt;given;functionwords;2
F04-07.txt;goods;economicoperands;3
F04-07.txt;gross;economicoperands;32
F04-07.txt;holds;economicoperands;2
F04-07.txt;house;economicoperands;11
F04-07.txt;items;other;6
F04-07.txt;leads;economicoperands;1
F04-07.txt;lease;economicoperands;6
F04-07.txt;level;economicoperands;1
F04-07.txt;loans;economicoperands;113
F04-07.txt;locom;economicoperands;22
F04-07.txt;means;other;1
F04-07.txt;other;logicalconnectors;136
F04-07.txt;ratio;mathematicaloperators;3
F04-07.txt;right;economicoperands;3
F04-07.txt;shall;regulatoryoperators;79
F04-07.txt;since;logicalconnectors;53
F04-07.txt;stage;economicoperands;74
F04-07.txt;table;other;6
F04-07.txt;taken;other;1
F04-07.txt;terms;other;2
F04-07.txt;their;functionwords;11
F04-07.txt;these;functionwords;1
F04-07.txt;those;functionwords;7
F04-07.txt;total;mathematicaloperators;23
F04-07.txt;trade;economicoperands;16
F04-07.txt;types;economicoperands;1
F04-07.txt;under;functionwords;23
F04-07.txt;until;logicalconnectors;3
F04-07.txt;using;economicoperands;1
F04-07.txt;value;economicoperands;1
F04-07.txt;where;logicalconnectors;16
F04-07.txt;which;functionwords;6
F04-07.txt;while;logicalconnectors;1
F04-07.txt;write;economicoperands;38
F04-07.txt;also;logicalconnectors;6
F04-07.txt;been;functionwords;7
F04-07.txt;both;logicalconnectors;3
F04-07.txt;call;economicoperands;12
F04-07.txt;cash;economicoperands;3
F04-07.txt;cost;economicoperands;1
F04-07.txt;date;economicoperands;2
F04-07.txt;days;attributes;1
F04-07.txt;debt;economicoperands;1
F04-07.txt;each;logicalconnectors;3
F04-07.txt;fall;economicoperands;1
F04-07.txt;fees;economicoperands;1
F04-07.txt;from;functionwords;3
F04-07.txt;give;functionwords;3
F04-07.txt;gold;economicoperands;2
F04-07.txt;have;functionwords;8
F04-07.txt;held;economicoperands;2
F04-07.txt;ifrs;legalreferences;245
F04-07.txt;into;functionwords;2
F04-07.txt;item;other;4
F04-07.txt;loan;economicoperands;3
F04-07.txt;loss;economicoperands;1
F04-07.txt;made;functionwords;3
F04-07.txt;meet;economicoperands;1
F04-07.txt;non-;logicalconnectors;30
F04-07.txt;only;logicalconnectors;6
F04-07.txt;paid;economicoperands;1
F04-07.txt;part;functionwords;892
F04-07.txt;risk;economicoperands;5
F04-07.txt;sale;economicoperands;2
F04-07.txt;that;functionwords;61
F04-07.txt;them;functionwords;3
F04-07.txt;they;functionwords;11
F04-07.txt;this;functionwords;8
F04-07.txt;type;economicoperands;3
F04-07.txt;with;functionwords;41
F04-07.txt;100;attributes;4
F04-07.txt;all;logicalconnectors;4
F04-07.txt;and;logicalconnectors;160
F04-07.txt;any;logicalconnectors;3
F04-07.txt;are;functionwords;43
F04-07.txt;bad;economicoperands;54
F04-07.txt;but;logicalconnectors;28
F04-07.txt;can;regulatoryoperators;3
F04-07.txt;crr;legalreferences;37
F04-07.txt;due;attributes;1
F04-07.txt;ecb;economicoperands;12
F04-07.txt;fee;economicoperands;1
F04-07.txt;for;functionwords;69
F04-07.txt;has;functionwords;7
F04-07.txt;how;functionwords;3
F04-07.txt;low;economicoperands;11
F04-07.txt;ltv;economicoperands;1
F04-07.txt;net;economicoperands;4
F04-07.txt;not;logicalconnectors;54
F04-07.txt;one;attributes;1
F04-07.txt;own;functionwords;1
F04-07.txt;sme;economicoperands;18
F04-07.txt;the;functionwords;135
F04-07.txt;use;economicoperands;5
F04-07.txt;via;functionwords;6
F04-07.txt;was;functionwords;5
F04-07.txt;17;legalreferences;2
F04-07.txt;19;legalreferences;3
F04-07.txt;20;attributes;2
F04-07.txt;24;legalreferences;9
F04-07.txt;28;legalreferences;17
F04-07.txt;32;legalreferences;1
F04-07.txt;36;legalreferences;1
F04-07.txt;44;legalreferences;66
F04-07.txt;68;legalreferences;1
F04-07.txt;75;attributes;1
F04-07.txt;78;other;1
F04-07.txt;an;functionwords;3
F04-07.txt;as;logicalconnectors;14
F04-07.txt;at;functionwords;19
F04-07.txt;be;functionwords;37
F04-07.txt;by;functionwords;59
F04-07.txt;do;functionwords;2
F04-07.txt;ii;legalreferences;21
F04-07.txt;in;functionwords;87
F04-07.txt;is;functionwords;8
F04-07.txt;it;functionwords;8
F04-07.txt;no;logicalconnectors;2
F04-07.txt;of;functionwords;91
F04-07.txt;on;functionwords;44
F04-07.txt;or;logicalconnectors;70
F04-07.txt;to;functionwords;19
F04-07.txt;up;functionwords;1
F04-07.txt;1;attributes;54
F04-07.txt;2;attributes;66
F04-07.txt;3;attributes;55
F04-07.txt;4;attributes;36
F04-07.txt;5;attributes;22
F04-07.txt;6;attributes;1
F04-07.txt;7;attributes;91
F04-07.txt;8;attributes;21
F04-07.txt;9;attributes;26
