C08.txt;sme and infrastructure supporting factors;economicoperands;5
C08.txt;irb approach to capital requirements;economicoperands;16
C08.txt;infra structure supporting factor;economicoperands;3
C08.txt;simple risk weight approach;economicoperands;1
C08.txt;which meet the requirements;logicalconnectors;2
C08.txt;off-balance sheet exposure;economicoperands;1
C08.txt;on-balance sheet exposures;economicoperands;4
C08.txt;article 501 and 501a crr;legalreferences;1
C08.txt;counterparty credit risk;economicoperands;18
C08.txt;double default treatment;economicoperands;14
C08.txt;off balance sheet items;economicoperands;17
C08.txt;risk- weighted exposure;economicoperands;2
C08.txt;commercial real estate;economicoperands;1
C08.txt;credit risk mitigation;economicoperands;12
C08.txt;risk weighted exposure;economicoperands;57
C08.txt;risk-weighted exposure;economicoperands;11
C08.txt;under the irb approach;economicoperands;3
C08.txt;chapter 3 of title ii;legalreferences;3
C08.txt;chapter 6 of title ii;legalreferences;4
C08.txt;financial instruments;economicoperands;1
C08.txt;internal rating scale;economicoperands;8
C08.txt;on-balance sheet item;economicoperands;1
C08.txt;reporting institution;economicoperands;1
C08.txt;risk weighted amounts;economicoperands;1
C08.txt;sme supporting factor;economicoperands;6
C08.txt;sme-supporting factor;economicoperands;5
C08.txt;standardised approach;economicoperands;5
C08.txt;with the exception of;logicalconnectors;1
C08.txt;capital requirements;economicoperands;1
C08.txt;delegated regulation;legalreferences;1
C08.txt;immovable properties;economicoperands;1
C08.txt;competent authority;economicoperands;8
C08.txt;for the purposes of;logicalconnectors;1
C08.txt;physical collateral;economicoperands;4
C08.txt;reporting reference;economicoperands;3
C08.txt;taking into account;regulatoryoperators;10
C08.txt;credit derivatives;economicoperands;11
C08.txt;financial entities;economicoperands;17
C08.txt;for the purpose of;logicalconnectors;3
C08.txt;immovable property;economicoperands;1
C08.txt;in accordance with;logicalconnectors;66
C08.txt;paragraphs 1 and 2;legalreferences;3
C08.txt;taken into account;regulatoryoperators;16
C08.txt;as referred to in;logicalconnectors;2
C08.txt;credit derivative;economicoperands;1
C08.txt;credit protection;economicoperands;29
C08.txt;off-balance sheet;economicoperands;4
C08.txt;on- balance sheet;economicoperands;1
C08.txt;regulatory policy;economicoperands;1
C08.txt;take into account;regulatoryoperators;1
C08.txt;value adjustments;economicoperands;10
C08.txt;article 501a crr;legalreferences;3
C08.txt;at the beginning;logicalconnectors;5
C08.txt;be considered as;regulatoryoperators;1
C08.txt;corresponding to;logicalconnectors;2
C08.txt;financial sector;economicoperands;20
C08.txt;foreign currency;economicoperands;1
C08.txt;foreign exchange;economicoperands;3
C08.txt;reporting period;economicoperands;22
C08.txt;article 153 crr;legalreferences;2
C08.txt;article 159 crr;legalreferences;2
C08.txt;article 166 crr;legalreferences;7
C08.txt;article 178 crr;legalreferences;1
C08.txt;article 199 crr;legalreferences;3
C08.txt;article 200 crr;legalreferences;4
C08.txt;as specified in;logicalconnectors;2
C08.txt;be allocated to;regulatoryoperators;3
C08.txt;be reported for;regulatoryoperators;4
C08.txt;consistent with;logicalconnectors;1
C08.txt;irrespective of;logicalconnectors;1
C08.txt;on the basis of;logicalconnectors;1
C08.txt;product netting;economicoperands;6
C08.txt;risk management;economicoperands;1
C08.txt;risk parameters;economicoperands;5
C08.txt;article 24 crr;legalreferences;2
C08.txt;as a result of;logicalconnectors;1
C08.txt;be reported as;regulatoryoperators;14
C08.txt;be reported in;regulatoryoperators;18
C08.txt;be the same as;regulatoryoperators;1
C08.txt;characteristic;logicalconnectors;1
C08.txt;implementation;regulatoryoperators;3
C08.txt;in addition to;mathematicaloperators;1
C08.txt;in the case of;logicalconnectors;2
C08.txt;infrastructure;economicoperands;7
C08.txt;internal model;economicoperands;1
C08.txt;life insurance;economicoperands;4
C08.txt;methodological;economicoperands;1
C08.txt;redistribution;economicoperands;1
C08.txt;reference date;economicoperands;2
C08.txt;referred to in;functionwords;10
C08.txt;resulting from;other;1
C08.txt;securitisation;economicoperands;1
C08.txt;adjustment to;mathematicaloperators;8
C08.txt;applicable to;logicalconnectors;1
C08.txt;as defined in;logicalconnectors;11
C08.txt;associated to;economicoperands;1
C08.txt;at the end of;logicalconnectors;9
C08.txt;balance sheet;economicoperands;11
C08.txt;central banks;economicoperands;6
C08.txt;correspond to;logicalconnectors;7
C08.txt;corresponding;logicalconnectors;8
C08.txt;crm technique;economicoperands;1
C08.txt;deducted from;mathematicaloperators;1
C08.txt;dilution risk;economicoperands;10
C08.txt;expected loss;economicoperands;17
C08.txt;has an effect;economicoperands;2
C08.txt;in particular;logicalconnectors;1
C08.txt;in the future;attributes;1
C08.txt;last sentence;legalreferences;1
C08.txt;methodologies;economicoperands;1
C08.txt;obligor grade;economicoperands;16
C08.txt;percentage of;mathematicaloperators;10
C08.txt;point in time;economicoperands;1
C08.txt;public sector;economicoperands;1
C08.txt;regardless of;logicalconnectors;1
C08.txt;risk category;economicoperands;2
C08.txt;according to;regulatoryoperators;1
C08.txt;acquisitions;economicoperands;5
C08.txt;article 4(1);legalreferences;4
C08.txt;breakdown by;mathematicaloperators;4
C08.txt;breakdown of;mathematicaloperators;11
C08.txt;calculations;economicoperands;1
C08.txt;counterparty;economicoperands;4
C08.txt;credit risks;economicoperands;4
C08.txt;deduction of;mathematicaloperators;2
C08.txt;hypothetical;economicoperands;1
C08.txt;institutions;economicoperands;35
C08.txt;instructions;regulatoryoperators;50
C08.txt;irb approach;economicoperands;13
C08.txt;laid down in;economicoperands;9
C08.txt;lgd estimate;economicoperands;1
C08.txt;nevertheless;logicalconnectors;1
C08.txt;rating scale;economicoperands;1
C08.txt;representing;economicoperands;2
C08.txt;standardized;economicoperands;1
C08.txt;subparagraph;other;2
C08.txt;subsequently;logicalconnectors;1
C08.txt;substitution;mathematicaloperators;17
C08.txt;trading book;economicoperands;2
C08.txt;transactions;economicoperands;22
C08.txt;adjustments;mathematicaloperators;5
C08.txt;aggregation;mathematicaloperators;2
C08.txt;alternative;logicalconnectors;15
C08.txt;application;economicoperands;6
C08.txt;appropriate;attributes;3
C08.txt;arrangement;economicoperands;1
C08.txt;art 166 crr;legalreferences;3
C08.txt;assigned to;regulatoryoperators;23
C08.txt;assimilated;economicoperands;1
C08.txt;authorities;economicoperands;4
C08.txt;calculating;economicoperands;1
C08.txt;calculation;economicoperands;16
C08.txt;calibration;economicoperands;2
C08.txt;coefficient;economicoperands;4
C08.txt;commodities;economicoperands;3
C08.txt;comply with;regulatoryoperators;1
C08.txt;composition;economicoperands;1
C08.txt;considering;logicalconnectors;3
C08.txt;consists of;logicalconnectors;1
C08.txt;contractual;economicoperands;6
C08.txt;correlation;mathematicaloperators;4
C08.txt;credit risk;economicoperands;34
C08.txt;denominator;mathematicaloperators;3
C08.txt;derivatives;economicoperands;6
C08.txt;estimate of;mathematicaloperators;2
C08.txt;governments;economicoperands;7
C08.txt;in order to;logicalconnectors;1
C08.txt;information;economicoperands;11
C08.txt;institution;economicoperands;17
C08.txt;instruments;economicoperands;8
C08.txt;methodology;economicoperands;3
C08.txt;observation;economicoperands;3
C08.txt;origination;economicoperands;1
C08.txt;paragraph 3;legalreferences;2
C08.txt;percentages;mathematicaloperators;2
C08.txt;pursuant to;functionwords;1
C08.txt;real estate;economicoperands;16
C08.txt;receivables;economicoperands;6
C08.txt;recognition;economicoperands;1
C08.txt;regulations;economicoperands;2
C08.txt;repurchased;economicoperands;2
C08.txt;risk weight;economicoperands;4
C08.txt;specialised;economicoperands;13
C08.txt;specialized;economicoperands;5
C08.txt;supervisory;economicoperands;4
C08.txt;third party;economicoperands;7
C08.txt;translation;economicoperands;1
C08.txt;unregulated;economicoperands;19
C08.txt;additional;mathematicaloperators;1
C08.txt;adjustment;mathematicaloperators;4
C08.txt;applicable;logicalconnectors;2
C08.txt;approaches;economicoperands;2
C08.txt;arithmetic;mathematicaloperators;4
C08.txt;as set out;logicalconnectors;1
C08.txt;as well as;logicalconnectors;5
C08.txt;attributed;functionwords;1
C08.txt;businesses;economicoperands;1
C08.txt;calculated;economicoperands;8
C08.txt;collateral;economicoperands;22
C08.txt;commission;economicoperands;1
C08.txt;comparison;logicalconnectors;1
C08.txt;concerning;logicalconnectors;7
C08.txt;conditions;economicoperands;1
C08.txt;considered;logicalconnectors;8
C08.txt;constitute;logicalconnectors;1
C08.txt;continuous;economicoperands;3
C08.txt;conversion;economicoperands;36
C08.txt;corporates;economicoperands;7
C08.txt;definition;regulatoryoperators;2
C08.txt;deliveries;economicoperands;24
C08.txt;derivative;economicoperands;1
C08.txt;determined;regulatoryoperators;12
C08.txt;difference;mathematicaloperators;2
C08.txt;equivalent;logicalconnectors;2
C08.txt;estimation;mathematicaloperators;4
C08.txt;exceptions;logicalconnectors;1
C08.txt;facilities;economicoperands;1
C08.txt;foundation;economicoperands;1
C08.txt;guarantees;economicoperands;7
C08.txt;historical;economicoperands;4
C08.txt;identifier;economicoperands;3
C08.txt;immaterial;economicoperands;1
C08.txt;in case of;logicalconnectors;2
C08.txt;individual;economicoperands;5
C08.txt;instrument;economicoperands;2
C08.txt;limited to;regulatoryoperators;3
C08.txt;memorandum;legalreferences;5
C08.txt;mitigation;economicoperands;1
C08.txt;obligation;economicoperands;4
C08.txt;operations;economicoperands;1
C08.txt;paragraphs;legalreferences;10
C08.txt;parameters;economicoperands;1
C08.txt;particular;logicalconnectors;1
C08.txt;permission;economicoperands;4
C08.txt;provisions;economicoperands;13
C08.txt;prudential;economicoperands;1
C08.txt;qualifying;economicoperands;1
C08.txt;reductions;mathematicaloperators;1
C08.txt;regulatory;economicoperands;1
C08.txt;relates to;logicalconnectors;1
C08.txt;repurchase;economicoperands;1
C08.txt;respecting;regulatoryoperators;2
C08.txt;respective;logicalconnectors;6
C08.txt;secured by;economicoperands;10
C08.txt;securities;economicoperands;7
C08.txt;separately;economicoperands;3
C08.txt;sequential;economicoperands;1
C08.txt;settlement;economicoperands;7
C08.txt;statements;economicoperands;2
C08.txt;structures;economicoperands;1
C08.txt;subject to;logicalconnectors;75
C08.txt;supporting;economicoperands;22
C08.txt;techniques;economicoperands;17
C08.txt;themselves;functionwords;1
C08.txt;treated as;regulatoryoperators;1
C08.txt;volatility;economicoperands;1
C08.txt;weaknesses;economicoperands;1
C08.txt;allocated;economicoperands;2
C08.txt;amount of;mathematicaloperators;7
C08.txt;assigning;regulatoryoperators;2
C08.txt;available;economicoperands;2
C08.txt;beginning;logicalconnectors;1
C08.txt;borrowing;economicoperands;1
C08.txt;capped at;regulatoryoperators;2
C08.txt;committed;economicoperands;1
C08.txt;competent;economicoperands;3
C08.txt;corporate;economicoperands;4
C08.txt;custodial;economicoperands;1
C08.txt;decreases;mathematicaloperators;7
C08.txt;dedicated;economicoperands;1
C08.txt;defaulted;economicoperands;16
C08.txt;desirable;attributes;1
C08.txt;determine;regulatoryoperators;1
C08.txt;different;mathematicaloperators;8
C08.txt;disposals;economicoperands;3
C08.txt;essential;economicoperands;1
C08.txt;estimated;mathematicaloperators;7
C08.txt;estimates;mathematicaloperators;45
C08.txt;excluding;logicalconnectors;7
C08.txt;exposures;economicoperands;132
C08.txt;financial;economicoperands;8
C08.txt;financing;economicoperands;6
C08.txt;following;other;5
C08.txt;guarantee;economicoperands;2
C08.txt;guarantor;economicoperands;4
C08.txt;impact of;economicoperands;1
C08.txt;including;logicalconnectors;7
C08.txt;increases;mathematicaloperators;7
C08.txt;less than;mathematicaloperators;6
C08.txt;listed in;functionwords;2
C08.txt;mentioned;functionwords;1
C08.txt;migration;economicoperands;1
C08.txt;modelling;economicoperands;2
C08.txt;more than;mathematicaloperators;8
C08.txt;movements;economicoperands;4
C08.txt;numerator;mathematicaloperators;2
C08.txt;numerical;economicoperands;1
C08.txt;otherwise;logicalconnectors;1
C08.txt;permanent;attributes;5
C08.txt;positions;economicoperands;9
C08.txt;practices;economicoperands;1
C08.txt;presented;economicoperands;1
C08.txt;principal;economicoperands;1
C08.txt;producing;economicoperands;1
C08.txt;purchased;economicoperands;9
C08.txt;quarterly;attributes;1
C08.txt;refers to;functionwords;1
C08.txt;reflected;economicoperands;2
C08.txt;regarding;logicalconnectors;5
C08.txt;regulated;regulatoryoperators;1
C08.txt;reporting;economicoperands;2
C08.txt;revisions;economicoperands;1
C08.txt;revolving;economicoperands;1
C08.txt;section 4;legalreferences;1
C08.txt;specified;regulatoryoperators;3
C08.txt;structure;economicoperands;1
C08.txt;templates;legalreferences;1
C08.txt;therefore;logicalconnectors;3
C08.txt;treatment;economicoperands;14
C08.txt;weighting;mathematicaloperators;1
C08.txt;adjusted;mathematicaloperators;5
C08.txt;allocate;economicoperands;1
C08.txt;applying;logicalconnectors;7
C08.txt;approach;economicoperands;14
C08.txt;approved;regulatoryoperators;4
C08.txt;articles;legalreferences;7
C08.txt;assessed;economicoperands;1
C08.txt;assigned;regulatoryoperators;2
C08.txt;at least;logicalconnectors;1
C08.txt;averages;mathematicaloperators;2
C08.txt;based on;other;6
C08.txt;borrower;economicoperands;1
C08.txt;business;economicoperands;1
C08.txt;carrying;economicoperands;1
C08.txt;category;economicoperands;7
C08.txt;chapters;legalreferences;1
C08.txt;classify;regulatoryoperators;1
C08.txt;comprise;logicalconnectors;2
C08.txt;computed;mathematicaloperators;1
C08.txt;consider;logicalconnectors;1
C08.txt;covering;economicoperands;1
C08.txt;criteria;economicoperands;2
C08.txt;deducted;mathematicaloperators;2
C08.txt;defaults;economicoperands;1
C08.txt;deposits;economicoperands;1
C08.txt;disposal;economicoperands;2
C08.txt;downturn;economicoperands;1
C08.txt;eligible;economicoperands;12
C08.txt;entities;economicoperands;29
C08.txt;equal to;logicalconnectors;6
C08.txt;excludes;logicalconnectors;3
C08.txt;existing;economicoperands;1
C08.txt;exposure;economicoperands;177
C08.txt;external;economicoperands;5
C08.txt;included;logicalconnectors;28
C08.txt;includes;logicalconnectors;2
C08.txt;intended;economicoperands;2
C08.txt;interest;economicoperands;1
C08.txt;internal;economicoperands;6
C08.txt;maturing;economicoperands;1
C08.txt;maturity;economicoperands;14
C08.txt;negative;mathematicaloperators;7
C08.txt;networks;economicoperands;1
C08.txt;numbered;economicoperands;1
C08.txt;obligors;economicoperands;27
C08.txt;observed;economicoperands;4
C08.txt;obtained;economicoperands;2
C08.txt;of which;logicalconnectors;53
C08.txt;original;economicoperands;15
C08.txt;outflows;economicoperands;7
C08.txt;pd range;economicoperands;19
C08.txt;physical;economicoperands;1
C08.txt;planning;economicoperands;1
C08.txt;policies;economicoperands;4
C08.txt;positive;economicoperands;7
C08.txt;possible;regulatoryoperators;1
C08.txt;previous;logicalconnectors;14
C08.txt;pro rata;mathematicaloperators;2
C08.txt;property;economicoperands;2
C08.txt;provided;logicalconnectors;5
C08.txt;purposes;economicoperands;1
C08.txt;received;economicoperands;2
C08.txt;regional;economicoperands;1
C08.txt;relevant;attributes;13
C08.txt;reported;economicoperands;55
C08.txt;selected;economicoperands;3
C08.txt;sentence;other;3
C08.txt;separate;economicoperands;1
C08.txt;services;economicoperands;1
C08.txt;slotting;economicoperands;12
C08.txt;specific;functionwords;11
C08.txt;spectrum;economicoperands;1
C08.txt;stemming;economicoperands;1
C08.txt;template;legalreferences;27
C08.txt;title ii;legalreferences;4
C08.txt;unfunded;economicoperands;16
C08.txt;weighted;mathematicaloperators;38
C08.txt;address;economicoperands;1
C08.txt;advance;economicoperands;1
C08.txt;already;logicalconnectors;1
C08.txt;altered;economicoperands;1
C08.txt;amounts;mathematicaloperators;26
C08.txt;annex i;legalreferences;3
C08.txt;applied;logicalconnectors;3
C08.txt;applies;logicalconnectors;4
C08.txt;arising;economicoperands;11
C08.txt;article;legalreferences;101
C08.txt;average;mathematicaloperators;51
C08.txt;balance;economicoperands;2
C08.txt;between;functionwords;8
C08.txt;capture;economicoperands;1
C08.txt;central;economicoperands;6
C08.txt;certain;economicoperands;1
C08.txt;changes;economicoperands;16
C08.txt;chapter;legalreferences;3
C08.txt;classes;other;11
C08.txt;columns;legalreferences;7
C08.txt;contact;economicoperands;1
C08.txt;context;other;1
C08.txt;counted;economicoperands;4
C08.txt;covered;economicoperands;3
C08.txt;current;attributes;7
C08.txt;default;economicoperands;17
C08.txt;defined;regulatoryoperators;1
C08.txt;deposit;economicoperands;5
C08.txt;derived;economicoperands;2
C08.txt;drivers;economicoperands;1
C08.txt;effects;economicoperands;23
C08.txt;element;economicoperands;3
C08.txt;even if;logicalconnectors;1
C08.txt;exclude;logicalconnectors;1
C08.txt;explain;economicoperands;1
C08.txt;factors;mathematicaloperators;52
C08.txt;figures;economicoperands;1
C08.txt;finance;economicoperands;4
C08.txt;general;functionwords;9
C08.txt;granted;economicoperands;1
C08.txt;in case;logicalconnectors;2
C08.txt;in that;logicalconnectors;2
C08.txt;include;logicalconnectors;7
C08.txt;inflows;economicoperands;5
C08.txt;instead;logicalconnectors;2
C08.txt;issuing;economicoperands;1
C08.txt;leasing;economicoperands;2
C08.txt;lending;economicoperands;21
C08.txt;minimum;mathematicaloperators;1
C08.txt;neither;logicalconnectors;2
C08.txt;netting;economicoperands;14
C08.txt;nominal;economicoperands;1
C08.txt;obligor;economicoperands;27
C08.txt;operate;economicoperands;1
C08.txt;ordered;economicoperands;2
C08.txt;organic;economicoperands;1
C08.txt;part of;logicalconnectors;5
C08.txt;partial;economicoperands;5
C08.txt;pledged;economicoperands;1
C08.txt;project;economicoperands;1
C08.txt;provide;economicoperands;2
C08.txt;quality;economicoperands;4
C08.txt;quarter;attributes;2
C08.txt;reduced;mathematicaloperators;3
C08.txt;related;logicalconnectors;1
C08.txt;remarks;economicoperands;5
C08.txt;request;regulatoryoperators;2
C08.txt;results;economicoperands;1
C08.txt;sectors;economicoperands;1
C08.txt;secured;economicoperands;1
C08.txt;similar;logicalconnectors;1
C08.txt;such as;logicalconnectors;1
C08.txt;support;economicoperands;1
C08.txt;systems;economicoperands;1
C08.txt;testing;economicoperands;5
C08.txt;that is;logicalconnectors;2
C08.txt;treated;economicoperands;2
C08.txt;undrawn;economicoperands;1
C08.txt;unrated;economicoperands;1
C08.txt;updates;economicoperands;3
C08.txt;used in;economicoperands;8
C08.txt;weights;economicoperands;13
C08.txt;without;logicalconnectors;7
C08.txt;actual;logicalconnectors;2
C08.txt;adjust;mathematicaloperators;2
C08.txt;agreed;economicoperands;3
C08.txt;amount;mathematicaloperators;78
C08.txt;and/or;logicalconnectors;5
C08.txt;annual;economicoperands;4
C08.txt;as for;logicalconnectors;1
C08.txt;assets;economicoperands;3
C08.txt;before;logicalconnectors;5
C08.txt;bucket;economicoperands;11
C08.txt;cannot;regulatoryoperators;1
C08.txt;change;economicoperands;7
C08.txt;chosen;economicoperands;1
C08.txt;column;legalreferences;40
C08.txt;credit;economicoperands;17
C08.txt;driven;economicoperands;1
C08.txt;due to;logicalconnectors;29
C08.txt;during;logicalconnectors;7
C08.txt;effect;economicoperands;4
C08.txt;ensure;regulatoryoperators;1
C08.txt;equity;economicoperands;3
C08.txt;exceed;mathematicaloperators;1
C08.txt;except;logicalconnectors;2
C08.txt;factor;mathematicaloperators;10
C08.txt;filled;economicoperands;3
C08.txt;floors;economicoperands;1
C08.txt;follow;other;1
C08.txt;funded;economicoperands;13
C08.txt;grades;economicoperands;27
C08.txt;graphs;economicoperands;1
C08.txt;higher;mathematicaloperators;5
C08.txt;if not;logicalconnectors;1
C08.txt;impact;economicoperands;1
C08.txt;income;economicoperands;1
C08.txt;inflow;economicoperands;1
C08.txt;issued;economicoperands;2
C08.txt;linked;economicoperands;2
C08.txt;longer;mathematicaloperators;1
C08.txt;mapped;other;1
C08.txt;margin;economicoperands;1
C08.txt;market;economicoperands;5
C08.txt;master;economicoperands;3
C08.txt;merged;economicoperands;1
C08.txt;models;economicoperands;5
C08.txt;number;economicoperands;28
C08.txt;object;economicoperands;1
C08.txt;period;economicoperands;5
C08.txt;points;economicoperands;7
C08.txt;policy;economicoperands;3
C08.txt;pooled;economicoperands;1
C08.txt;public;economicoperands;1
C08.txt;ranges;economicoperands;4
C08.txt;rating;economicoperands;10
C08.txt;recent;economicoperands;1
C08.txt;reduce;mathematicaloperators;2
C08.txt;report;economicoperands;16
C08.txt;result;economicoperands;1
C08.txt;retail;economicoperands;17
C08.txt;scales;economicoperands;6
C08.txt;second;attributes;4
C08.txt;should;regulatoryoperators;2
C08.txt;simple;economicoperands;1
C08.txt;sum of;mathematicaloperators;2
C08.txt;unique;economicoperands;2
C08.txt;values;economicoperands;11
C08.txt;within;logicalconnectors;4
C08.txt;ables;other;7
C08.txt;after;logicalconnectors;23
C08.txt;apply;logicalconnectors;4
C08.txt;asset;economicoperands;6
C08.txt;below;functionwords;1
C08.txt;cases;economicoperands;1
C08.txt;class;other;23
C08.txt;cover;economicoperands;1
C08.txt;cross;economicoperands;6
C08.txt;deals;economicoperands;1
C08.txt;event;economicoperands;1
C08.txt;final;economicoperands;1
C08.txt;first;attributes;2
C08.txt;fixed;economicoperands;11
C08.txt;floor;economicoperands;1
C08.txt;flows;economicoperands;1
C08.txt;fully;economicoperands;1
C08.txt;funds;economicoperands;1
C08.txt;given;functionwords;1
C08.txt;grade;economicoperands;9
C08.txt;items;other;17
C08.txt;joint;logicalconnectors;2
C08.txt;large;economicoperands;21
C08.txt;legal;economicoperands;2
C08.txt;level;economicoperands;3
C08.txt;loans;economicoperands;3
C08.txt;local;economicoperands;1
C08.txt;lower;mathematicaloperators;1
C08.txt;means;other;2
C08.txt;model;economicoperands;5
C08.txt;notes;economicoperands;1
C08.txt;order;economicoperands;2
C08.txt;other;logicalconnectors;37
C08.txt;point;economicoperands;26
C08.txt;pools;economicoperands;17
C08.txt;prior;economicoperands;4
C08.txt;rated;economicoperands;1
C08.txt;scale;economicoperands;6
C08.txt;scope;economicoperands;5
C08.txt;shall;regulatoryoperators;184
C08.txt;sheet;economicoperands;3
C08.txt;sizes;economicoperands;1
C08.txt;table;other;2
C08.txt;their;functionwords;9
C08.txt;these;functionwords;7
C08.txt;those;functionwords;8
C08.txt;three;attributes;12
C08.txt;total;mathematicaloperators;59
C08.txt;treat;economicoperands;2
C08.txt;types;economicoperands;7
C08.txt;under;functionwords;13
C08.txt;using;economicoperands;3
C08.txt;value;economicoperands;77
C08.txt;where;logicalconnectors;36
C08.txt;which;functionwords;16
C08.txt;years;economicoperands;17
C08.txt;able;economicoperands;1
C08.txt;also;logicalconnectors;7
C08.txt;back;economicoperands;5
C08.txt;best;mathematicaloperators;2
C08.txt;book;economicoperands;3
C08.txt;both;logicalconnectors;5
C08.txt;cash;economicoperands;7
C08.txt;cell;legalreferences;1
C08.txt;data;economicoperands;5
C08.txt;date;economicoperands;3
C08.txt;days;attributes;5
C08.txt;each;logicalconnectors;27
C08.txt;fall;economicoperands;1
C08.txt;fees;economicoperands;1
C08.txt;five;attributes;1
C08.txt;flow;economicoperands;2
C08.txt;free;economicoperands;24
C08.txt;from;functionwords;33
C08.txt;full;economicoperands;1
C08.txt;have;functionwords;5
C08.txt;held;economicoperands;6
C08.txt;here;functionwords;3
C08.txt;high;economicoperands;1
C08.txt;into;functionwords;1
C08.txt;item;other;1
C08.txt;last;attributes;3
C08.txt;long;economicoperands;7
C08.txt;made;functionwords;4
C08.txt;main;economicoperands;1
C08.txt;most;mathematicaloperators;1
C08.txt;must;regulatoryoperators;1
C08.txt;non-;logicalconnectors;5
C08.txt;once;attributes;2
C08.txt;one-;attributes;5
C08.txt;only;logicalconnectors;10
C08.txt;over;mathematicaloperators;2
C08.txt;part;functionwords;11
C08.txt;plan;economicoperands;5
C08.txt;pool;economicoperands;19
C08.txt;post;economicoperands;11
C08.txt;rate;economicoperands;10
C08.txt;risk;economicoperands;15
C08.txt;rows;economicoperands;6
C08.txt;rwea;economicoperands;7
C08.txt;same;logicalconnectors;8
C08.txt;sets;economicoperands;18
C08.txt;size;economicoperands;5
C08.txt;smes;economicoperands;5
C08.txt;than;functionwords;1
C08.txt;that;functionwords;30
C08.txt;then;logicalconnectors;2
C08.txt;they;functionwords;4
C08.txt;this;functionwords;38
C08.txt;type;economicoperands;1
C08.txt;used;economicoperands;40
C08.txt;were;functionwords;2
C08.txt;when;logicalconnectors;2
C08.txt;will;functionwords;1
C08.txt;with;functionwords;16
C08.txt;year;economicoperands;18
C08.txt;100;attributes;19
C08.txt;110;legalreferences;2
C08.txt;115;legalreferences;2
C08.txt;150;attributes;2
C08.txt;153;legalreferences;13
C08.txt;154;legalreferences;3
C08.txt;180;attributes;4
C08.txt;202;legalreferences;1
C08.txt;204;legalreferences;1
C08.txt;212;legalreferences;1
C08.txt;217;legalreferences;1
C08.txt;250;attributes;2
C08.txt;501;legalreferences;7
C08.txt;all;logicalconnectors;20
C08.txt;and;logicalconnectors;191
C08.txt;any;logicalconnectors;17
C08.txt;are;functionwords;40
C08.txt;but;logicalconnectors;5
C08.txt;crm;economicoperands;34
C08.txt;crr;legalreferences;113
C08.txt;end;logicalconnectors;15
C08.txt;etc;functionwords;1
C08.txt;for;functionwords;87
C08.txt;had;functionwords;1
C08.txt;i.e;functionwords;8
C08.txt;irb;economicoperands;39
C08.txt;lgd;economicoperands;72
C08.txt;map;other;3
C08.txt;may;regulatoryoperators;4
C08.txt;new;economicoperands;3
C08.txt;non;logicalconnectors;1
C08.txt;nor;logicalconnectors;2
C08.txt;not;logicalconnectors;38
C08.txt;off;functionwords;5
C08.txt;one;attributes;4
C08.txt;out;functionwords;4
C08.txt;own;functionwords;38
C08.txt;pre;economicoperands;30
C08.txt;row;economicoperands;19
C08.txt;see;other;34
C08.txt;sme;economicoperands;1
C08.txt;the;functionwords;484
C08.txt;use;economicoperands;12
C08.txt;via;functionwords;1
C08.txt;10;attributes;11
C08.txt;20;attributes;4
C08.txt;30;attributes;4
C08.txt;50;attributes;1
C08.txt;53;legalreferences;1
C08.txt;78;other;2
C08.txt;90;attributes;1
C08.txt;an;functionwords;18
C08.txt;as;logicalconnectors;16
C08.txt;at;functionwords;6
C08.txt;be;functionwords;122
C08.txt;by;functionwords;39
C08.txt;do;functionwords;1
C08.txt;eu;economicoperands;1
C08.txt;if;logicalconnectors;3
C08.txt;ii;legalreferences;1
C08.txt;in;functionwords;127
C08.txt;is;functionwords;20
C08.txt;it;functionwords;4
C08.txt;no;logicalconnectors;1
C08.txt;of;functionwords;296
C08.txt;on;functionwords;36
C08.txt;or;logicalconnectors;75
C08.txt;pd;economicoperands;45
C08.txt;sa;economicoperands;16
C08.txt;so;logicalconnectors;3
C08.txt;to;functionwords;106
C08.txt;1;attributes;41
C08.txt;2;attributes;24
C08.txt;3;attributes;17
C08.txt;4;attributes;22
C08.txt;5;attributes;22
C08.txt;6;attributes;6
C08.txt;7;attributes;8
C08.txt;8;attributes;7
C08.txt;9;attributes;1
