C19.txt;under the standardised approach;economicoperands;1
C19.txt;internal assessment approach;economicoperands;2
C19.txt;which fulfil the criteria;logicalconnectors;1
C19.txt;chapter 5 of title ii;legalreferences;1
C19.txt;standardised approach;economicoperands;2
C19.txt;in conjunction with;logicalconnectors;1
C19.txt;taking into account;regulatoryoperators;2
C19.txt;credit derivatives;economicoperands;1
C19.txt;credit institution;economicoperands;1
C19.txt;in accordance with;logicalconnectors;2
C19.txt;in connection with;logicalconnectors;1
C19.txt;securitised assets;economicoperands;1
C19.txt;trading portfolio;economicoperands;1
C19.txt;article 270 crr;legalreferences;1
C19.txt;irrespective of;logicalconnectors;1
C19.txt;securitisations;economicoperands;34
C19.txt;total amount of;mathematicaloperators;2
C19.txt;be reported in;regulatoryoperators;2
C19.txt;differentiated;mathematicaloperators;14
C19.txt;securitisation;economicoperands;7
C19.txt;alternatively;logicalconnectors;1
C19.txt;applicable to;logicalconnectors;1
C19.txt;deducted from;mathematicaloperators;3
C19.txt;according to;regulatoryoperators;3
C19.txt;article 4(1);legalreferences;4
C19.txt;breakdown of;mathematicaloperators;5
C19.txt;infringement;regulatoryoperators;2
C19.txt;institutions;economicoperands;1
C19.txt;instructions;regulatoryoperators;1
C19.txt;net position;economicoperands;2
C19.txt;requirements;regulatoryoperators;3
C19.txt;trading book;economicoperands;4
C19.txt;correlation;mathematicaloperators;1
C19.txt;distinction;logicalconnectors;2
C19.txt;information;economicoperands;2
C19.txt;institution;economicoperands;2
C19.txt;outstanding;economicoperands;1
C19.txt;requirement;regulatoryoperators;1
C19.txt;risk weight;economicoperands;2
C19.txt;transaction;economicoperands;1
C19.txt;adjustment;mathematicaloperators;2
C19.txt;approaches;economicoperands;2
C19.txt;concerning;logicalconnectors;1
C19.txt;discretion;economicoperands;2
C19.txt;originator;economicoperands;8
C19.txt;qualifying;economicoperands;13
C19.txt;regulation;economicoperands;2
C19.txt;separately;economicoperands;1
C19.txt;breakdown;mathematicaloperators;1
C19.txt;component;economicoperands;1
C19.txt;determine;regulatoryoperators;1
C19.txt;exposures;economicoperands;17
C19.txt;positions;economicoperands;30
C19.txt;regarding;logicalconnectors;3
C19.txt;therefore;logicalconnectors;1
C19.txt;treatment;economicoperands;14
C19.txt;approach;economicoperands;1
C19.txt;articles;legalreferences;4
C19.txt;eligible;economicoperands;1
C19.txt;investor;economicoperands;6
C19.txt;of which;logicalconnectors;17
C19.txt;original;economicoperands;1
C19.txt;own fund;economicoperands;2
C19.txt;position;economicoperands;1
C19.txt;possible;regulatoryoperators;1
C19.txt;presents;economicoperands;1
C19.txt;reported;economicoperands;1
C19.txt;requests;regulatoryoperators;1
C19.txt;specific;functionwords;5
C19.txt;template;legalreferences;4
C19.txt;weighted;mathematicaloperators;2
C19.txt;article;legalreferences;27
C19.txt;between;functionwords;2
C19.txt;capital;economicoperands;14
C19.txt;chapter;legalreferences;2
C19.txt;default;economicoperands;1
C19.txt;general;functionwords;2
C19.txt;maximum;mathematicaloperators;1
C19.txt;neither;logicalconnectors;1
C19.txt;overall;logicalconnectors;2
C19.txt;product;economicoperands;1
C19.txt;qualify;economicoperands;1
C19.txt;receive;economicoperands;1
C19.txt;related;logicalconnectors;2
C19.txt;remarks;economicoperands;1
C19.txt;require;regulatoryoperators;1
C19.txt;sponsor;economicoperands;8
C19.txt;weights;economicoperands;3
C19.txt;without;logicalconnectors;1
C19.txt;allows;regulatoryoperators;1
C19.txt;assets;economicoperands;1
C19.txt;before;logicalconnectors;2
C19.txt;due to;logicalconnectors;2
C19.txt;effect;economicoperands;2
C19.txt;hedged;economicoperands;1
C19.txt;lender;economicoperands;1
C19.txt;linked;economicoperands;1
C19.txt;market;economicoperands;2
C19.txt;tables;other;2
C19.txt;weight;economicoperands;1
C19.txt;after;logicalconnectors;2
C19.txt;apply;logicalconnectors;2
C19.txt;funds;economicoperands;5
C19.txt;gross;economicoperands;1
C19.txt;holds;economicoperands;1
C19.txt;other;logicalconnectors;2
C19.txt;point;economicoperands;8
C19.txt;shall;regulatoryoperators;3
C19.txt;short;economicoperands;12
C19.txt;there;functionwords;1
C19.txt;those;functionwords;3
C19.txt;three;attributes;1
C19.txt;total;mathematicaloperators;19
C19.txt;where;logicalconnectors;2
C19.txt;which;functionwords;3
C19.txt;also;logicalconnectors;2
C19.txt;case;economicoperands;1
C19.txt;cell;legalreferences;1
C19.txt;cet1;economicoperands;1
C19.txt;done;functionwords;1
C19.txt;each;logicalconnectors;1
C19.txt;have;functionwords;1
C19.txt;held;economicoperands;2
C19.txt;irba;economicoperands;2
C19.txt;long;economicoperands;12
C19.txt;loss;economicoperands;1
C19.txt;only;logicalconnectors;2
C19.txt;part;functionwords;1
C19.txt;risk;economicoperands;12
C19.txt;role;economicoperands;1
C19.txt;rows;economicoperands;2
C19.txt;that;functionwords;2
C19.txt;this;functionwords;2
C19.txt;with;functionwords;1
C19.txt;100;attributes;4
C19.txt;102;legalreferences;1
C19.txt;105;legalreferences;1
C19.txt;150;attributes;4
C19.txt;250;attributes;11
C19.txt;325;legalreferences;1
C19.txt;500;attributes;4
C19.txt;all;logicalconnectors;4
C19.txt;and;logicalconnectors;27
C19.txt;are;functionwords;1
C19.txt;can;regulatoryoperators;1
C19.txt;cap;regulatoryoperators;5
C19.txt;crr;legalreferences;29
C19.txt;for;functionwords;23
C19.txt;net;economicoperands;9
C19.txt;nor;logicalconnectors;1
C19.txt;not;logicalconnectors;1
C19.txt;one;attributes;1
C19.txt;own;functionwords;7
C19.txt;row;economicoperands;1
C19.txt;sec;economicoperands;9
C19.txt;see;other;3
C19.txt;the;functionwords;35
C19.txt;10;attributes;4
C19.txt;12;attributes;4
C19.txt;13;legalreferences;1
C19.txt;14;legalreferences;1
C19.txt;20;attributes;4
C19.txt;40;legalreferences;4
C19.txt;62;attributes;1
C19.txt;an;functionwords;1
C19.txt;at;functionwords;1
C19.txt;be;functionwords;2
C19.txt;by;functionwords;4
C19.txt;eu;economicoperands;2
C19.txt;in;functionwords;7
C19.txt;is;functionwords;3
C19.txt;it;functionwords;1
C19.txt;of;functionwords;29
C19.txt;on;functionwords;1
C19.txt;or;logicalconnectors;4
C19.txt;rw;economicoperands;2
C19.txt;sa;economicoperands;7
C19.txt;to;functionwords;5
C19.txt;1;attributes;13
C19.txt;2;attributes;5
C19.txt;3;attributes;1
C19.txt;4;attributes;1
C19.txt;5;attributes;1
C19.txt;7;attributes;1
