F35.txt;credit rating agency;economicoperands;6
F35.txt;carrying amount;economicoperands;3
F35.txt;rating agencies;economicoperands;1
F35.txt;nominal amount;economicoperands;3
F35.txt;reporting date;economicoperands;4
F35.txt;credit rating;economicoperands;5
F35.txt;in excess of;logicalconnectors;1
F35.txt;requirements;regulatoryoperators;1
F35.txt;liabilities;economicoperands;2
F35.txt;methodology;economicoperands;1
F35.txt;compliance;regulatoryoperators;1
F35.txt;derivative;economicoperands;2
F35.txt;identifier;economicoperands;1
F35.txt;12 months;attributes;2
F35.txt;positions;economicoperands;2
F35.txt;statutory;economicoperands;1
F35.txt;10 years;attributes;2
F35.txt;6 months;attributes;2
F35.txt;coverage;economicoperands;1
F35.txt;external;economicoperands;2
F35.txt;indicate;economicoperands;1
F35.txt;issuance;economicoperands;1
F35.txt;maintain;economicoperands;1
F35.txt;negative;mathematicaloperators;1
F35.txt;positive;economicoperands;1
F35.txt;relevant;attributes;1
F35.txt;specific;functionwords;3
F35.txt;2 years;attributes;2
F35.txt;5 years;attributes;2
F35.txt;covered;economicoperands;6
F35.txt;current;attributes;1
F35.txt;minimum;mathematicaloperators;1
F35.txt;present;economicoperands;3
F35.txt;primary;attributes;1
F35.txt;amount;mathematicaloperators;1
F35.txt;credit;economicoperands;1
F35.txt;market;economicoperands;5
F35.txt;asset;economicoperands;4
F35.txt;bonds;economicoperands;1
F35.txt;class;other;1
F35.txt;cover;economicoperands;7
F35.txt;value;economicoperands;11
F35.txt;bond;economicoperands;5
F35.txt;open;economicoperands;1
F35.txt;pool;economicoperands;7
F35.txt;swap;economicoperands;3
F35.txt;with;functionwords;3
F35.txt;100;attributes;1
F35.txt;110;legalreferences;1
F35.txt;120;legalreferences;1
F35.txt;129;legalreferences;1
F35.txt;140;legalreferences;1
F35.txt;150;attributes;1
F35.txt;180;attributes;1
F35.txt;210;attributes;1
F35.txt;220;legalreferences;1
F35.txt;250;attributes;1
F35.txt;crr;legalreferences;1
F35.txt;net;economicoperands;2
F35.txt;per;functionwords;2
F35.txt;the;functionwords;1
F35.txt;yes;other;2
F35.txt;as;logicalconnectors;2
F35.txt;if;logicalconnectors;1
F35.txt;no;logicalconnectors;1
F35.txt;of;functionwords;2
F35.txt;on;functionwords;1
F35.txt;to;functionwords;1
F35.txt;1;attributes;3
F35.txt;2;attributes;3
F35.txt;3;attributes;3
