F36.txt;non-encumbered collateral;economicoperands;6
F36.txt;on a consolidated basis;mathematicaloperators;3
F36.txt;contingent liabilities;economicoperands;6
F36.txt;debt securities issued;economicoperands;8
F36.txt;financial corporations;economicoperands;16
F36.txt;non-encumbered assets;economicoperands;3
F36.txt;repurchase agreements;economicoperands;12
F36.txt;equity instruments;economicoperands;4
F36.txt;immovable property;economicoperands;8
F36.txt;securities issued;economicoperands;6
F36.txt;over-the-counter;economicoperands;6
F36.txt;debt securities;economicoperands;8
F36.txt;exchange traded;economicoperands;6
F36.txt;securitisations;economicoperands;16
F36.txt;classification;economicoperands;12
F36.txt;collateralised;economicoperands;10
F36.txt;central banks;economicoperands;4
F36.txt;central bank;economicoperands;18
F36.txt;derivatives;economicoperands;12
F36.txt;encumbrance;economicoperands;12
F36.txt;governments;economicoperands;8
F36.txt;in any case;logicalconnectors;1
F36.txt;liabilities;economicoperands;60
F36.txt;collateral;economicoperands;44
F36.txt;encumbered;economicoperands;69
F36.txt;households;economicoperands;4
F36.txt;other than;logicalconnectors;22
F36.txt;securities;economicoperands;6
F36.txt;including;logicalconnectors;6
F36.txt;advanced;economicoperands;1
F36.txt;advances;economicoperands;8
F36.txt;deposits;economicoperands;6
F36.txt;eligible;economicoperands;12
F36.txt;entities;economicoperands;8
F36.txt;matching;economicoperands;48
F36.txt;of which;logicalconnectors;48
F36.txt;received;economicoperands;38
F36.txt;template;legalreferences;3
F36.txt;advance;economicoperands;1
F36.txt;covered;economicoperands;18
F36.txt;funding;economicoperands;6
F36.txt;general;functionwords;8
F36.txt;part ii;legalreferences;1
F36.txt;sources;economicoperands;18
F36.txt;assets;economicoperands;44
F36.txt;demand;economicoperands;12
F36.txt;filled;economicoperands;6
F36.txt;issued;economicoperands;26
F36.txt;part i;legalreferences;1
F36.txt;asset;economicoperands;12
F36.txt;bonds;economicoperands;18
F36.txt;group;economicoperands;8
F36.txt;loans;economicoperands;28
F36.txt;other;logicalconnectors;18
F36.txt;repos;economicoperands;6
F36.txt;total;mathematicaloperators;20
F36.txt;types;economicoperands;6
F36.txt;data;economicoperands;2
F36.txt;lent;economicoperands;6
F36.txt;non-;logicalconnectors;3
F36.txt;type;economicoperands;24
F36.txt;with;functionwords;8
F36.txt;100;attributes;10
F36.txt;110;legalreferences;10
F36.txt;120;legalreferences;10
F36.txt;140;legalreferences;10
F36.txt;150;attributes;10
F36.txt;180;attributes;10
F36.txt;210;attributes;6
F36.txt;220;legalreferences;6
F36.txt;all;logicalconnectors;6
F36.txt;and;logicalconnectors;18
F36.txt;any;logicalconnectors;2
F36.txt;non;logicalconnectors;8
F36.txt;not;logicalconnectors;6
F36.txt;own;functionwords;4
F36.txt;the;functionwords;8
F36.txt;be;functionwords;6
F36.txt;by;functionwords;32
F36.txt;in;functionwords;2
F36.txt;of;functionwords;32
F36.txt;on;functionwords;12
F36.txt;or;logicalconnectors;8
F36.txt;to;functionwords;6
F36.txt;1;attributes;1
F36.txt;2;attributes;1
