C40+44+47.txt;generally accepted accounting principles;legalreferences;1
C40+44+47.txt;last paragraph of article 429a;legalreferences;24
C40+44+47.txt;non-financial corporations;economicoperands;3
C40+44+47.txt;cash pooling arrangements;economicoperands;19
C40+44+47.txt;transitional arrangements;economicoperands;3
C40+44+47.txt;accounting balance sheet;economicoperands;59
C40+44+47.txt;counterparty credit risk;economicoperands;7
C40+44+47.txt;original exposure method;economicoperands;11
C40+44+47.txt;derivative transactions;economicoperands;1
C40+44+47.txt;off balance sheet items;economicoperands;2
C40+44+47.txt;off balance-sheet items;economicoperands;7
C40+44+47.txt;credit risk mitigation;economicoperands;1
C40+44+47.txt;financial corporations;economicoperands;1
C40+44+47.txt;paragraph 9 of part i;legalreferences;3
C40+44+47.txt;reporting institution;economicoperands;1
C40+44+47.txt;standardised approach;economicoperands;14
C40+44+47.txt;accounting framework;economicoperands;49
C40+44+47.txt;comprehensive income;economicoperands;2
C40+44+47.txt;financial statements;economicoperands;1
C40+44+47.txt;competent authority;economicoperands;39
C40+44+47.txt;for the purposes of;logicalconnectors;3
C40+44+47.txt;netted prudentially;economicoperands;14
C40+44+47.txt;reporting reference;economicoperands;7
C40+44+47.txt;taking into account;regulatoryoperators;6
C40+44+47.txt;commercial banking;economicoperands;1
C40+44+47.txt;credit derivatives;economicoperands;50
C40+44+47.txt;credit institution;economicoperands;58
C40+44+47.txt;difference between;mathematicaloperators;3
C40+44+47.txt;for the purpose of;logicalconnectors;4
C40+44+47.txt;in accordance with;logicalconnectors;129
C40+44+47.txt;netting agreements;economicoperands;1
C40+44+47.txt;notional amount of;mathematicaloperators;4
C40+44+47.txt;reference entities;economicoperands;2
C40+44+47.txt;security financing;economicoperands;3
C40+44+47.txt;taken into account;regulatoryoperators;3
C40+44+47.txt;to the extent that;logicalconnectors;2
C40+44+47.txt;additional tier 1;economicoperands;1
C40+44+47.txt;as referred to in;logicalconnectors;8
C40+44+47.txt;credit derivative;economicoperands;2
C40+44+47.txt;credit protection;economicoperands;15
C40+44+47.txt;netting agreement;economicoperands;1
C40+44+47.txt;off-balance sheet;economicoperands;18
C40+44+47.txt;off-balance-sheet;economicoperands;5
C40+44+47.txt;take into account;regulatoryoperators;3
C40+44+47.txt;article 429a crr;legalreferences;7
C40+44+47.txt;article 429b crr;legalreferences;7
C40+44+47.txt;article 429e crr;legalreferences;3
C40+44+47.txt;close-out clause;legalreferences;6
C40+44+47.txt;corresponding to;logicalconnectors;4
C40+44+47.txt;creditworthiness;economicoperands;1
C40+44+47.txt;on-balance sheet;economicoperands;1
C40+44+47.txt;promotional loan;economicoperands;7
C40+44+47.txt;to be made up of;regulatoryoperators;12
C40+44+47.txt;where applicable;logicalconnectors;1
C40+44+47.txt;article 111 crr;legalreferences;2
C40+44+47.txt;as a percentage;mathematicaloperators;3
C40+44+47.txt;as specified in;logicalconnectors;11
C40+44+47.txt;associated with;economicoperands;4
C40+44+47.txt;be reported for;regulatoryoperators;1
C40+44+47.txt;credit exposure;economicoperands;4
C40+44+47.txt;double counting;economicoperands;2
C40+44+47.txt;exposure amount;economicoperands;7
C40+44+47.txt;fully phased-in;economicoperands;8
C40+44+47.txt;in the event of;logicalconnectors;2
C40+44+47.txt;nominal amounts;economicoperands;7
C40+44+47.txt;notional amount;mathematicaloperators;32
C40+44+47.txt;on the basis of;logicalconnectors;1
C40+44+47.txt;passing-through;economicoperands;17
C40+44+47.txt;product netting;economicoperands;1
C40+44+47.txt;securitisations;economicoperands;3
C40+44+47.txt;settlement date;economicoperands;7
C40+44+47.txt;total amount of;mathematicaloperators;4
C40+44+47.txt;unconditionally;logicalconnectors;1
C40+44+47.txt;with respect to;logicalconnectors;2
C40+44+47.txt;abovementioned;logicalconnectors;1
C40+44+47.txt;aforementioned;logicalconnectors;3
C40+44+47.txt;article 25 crr;legalreferences;2
C40+44+47.txt;be reported as;regulatoryoperators;4
C40+44+47.txt;be reported in;regulatoryoperators;5
C40+44+47.txt;in addition to;mathematicaloperators;1
C40+44+47.txt;in relation to;logicalconnectors;18
C40+44+47.txt;in the form of;logicalconnectors;7
C40+44+47.txt;irrespectively;logicalconnectors;1
C40+44+47.txt;nominal amount;economicoperands;7
C40+44+47.txt;referred to in;functionwords;26
C40+44+47.txt;tier 1 capital;economicoperands;26
C40+44+47.txt;as defined in;logicalconnectors;5
C40+44+47.txt;at fair value;economicoperands;2
C40+44+47.txt;balance sheet;economicoperands;17
C40+44+47.txt;business days;economicoperands;1
C40+44+47.txt;cash payables;economicoperands;3
C40+44+47.txt;central banks;economicoperands;2
C40+44+47.txt;consolidation;economicoperands;2
C40+44+47.txt;corresponding;logicalconnectors;4
C40+44+47.txt;deducted from;mathematicaloperators;3
C40+44+47.txt;derecognition;economicoperands;4
C40+44+47.txt;deterioration;economicoperands;1
C40+44+47.txt;exempted from;regulatoryoperators;1
C40+44+47.txt;international;economicoperands;1
C40+44+47.txt;of securities;economicoperands;2
C40+44+47.txt;provided that;logicalconnectors;10
C40+44+47.txt;public sector;economicoperands;25
C40+44+47.txt;regardless of;logicalconnectors;1
C40+44+47.txt;significantly;attributes;1
C40+44+47.txt;subordination;economicoperands;1
C40+44+47.txt;32 to 35 crr;legalreferences;2
C40+44+47.txt;additionally;mathematicaloperators;1
C40+44+47.txt;alpha factor;mathematicaloperators;11
C40+44+47.txt;alternatives;logicalconnectors;2
C40+44+47.txt;arrangements;economicoperands;2
C40+44+47.txt;article 4(1);legalreferences;11
C40+44+47.txt;cancellation;economicoperands;1
C40+44+47.txt;categorising;economicoperands;1
C40+44+47.txt;central bank;economicoperands;13
C40+44+47.txt;cet1 capital;economicoperands;12
C40+44+47.txt;communicated;economicoperands;7
C40+44+47.txt;concurrently;economicoperands;1
C40+44+47.txt;consolidated;economicoperands;1
C40+44+47.txt;constituting;logicalconnectors;1
C40+44+47.txt;contribution;economicoperands;10
C40+44+47.txt;counterparty;economicoperands;19
C40+44+47.txt;deduction of;mathematicaloperators;1
C40+44+47.txt;deferred tax;economicoperands;1
C40+44+47.txt;derecognised;economicoperands;1
C40+44+47.txt;economically;economicoperands;1
C40+44+47.txt;extinguished;economicoperands;1
C40+44+47.txt;g-sii add-on;economicoperands;3
C40+44+47.txt;greater than;mathematicaloperators;2
C40+44+47.txt;guaranteeing;economicoperands;7
C40+44+47.txt;incorporated;economicoperands;2
C40+44+47.txt;institutions;economicoperands;139
C40+44+47.txt;instructions;regulatoryoperators;30
C40+44+47.txt;intermediate;economicoperands;8
C40+44+47.txt;jurisdiction;economicoperands;1
C40+44+47.txt;laid down in;economicoperands;15
C40+44+47.txt;legal entity;economicoperands;1
C40+44+47.txt;member state;economicoperands;11
C40+44+47.txt;representing;economicoperands;3
C40+44+47.txt;requirements;regulatoryoperators;13
C40+44+47.txt;trading book;economicoperands;6
C40+44+47.txt;transactions;economicoperands;43
C40+44+47.txt;transitional;economicoperands;8
C40+44+47.txt;adjustments;mathematicaloperators;21
C40+44+47.txt;alternative;logicalconnectors;3
C40+44+47.txt;application;economicoperands;8
C40+44+47.txt;assigned to;regulatoryoperators;5
C40+44+47.txt;authorities;economicoperands;23
C40+44+47.txt;calculating;economicoperands;2
C40+44+47.txt;calculation;economicoperands;9
C40+44+47.txt;combination;mathematicaloperators;1
C40+44+47.txt;commitments;economicoperands;8
C40+44+47.txt;comply with;regulatoryoperators;1
C40+44+47.txt;contractual;economicoperands;1
C40+44+47.txt;cooperative;economicoperands;1
C40+44+47.txt;credit risk;economicoperands;16
C40+44+47.txt;denominated;economicoperands;1
C40+44+47.txt;derivatives;economicoperands;39
C40+44+47.txt;derogations;regulatoryoperators;2
C40+44+47.txt;development;economicoperands;73
C40+44+47.txt;effectively;other;1
C40+44+47.txt;for example;logicalconnectors;2
C40+44+47.txt;furthermore;logicalconnectors;1
C40+44+47.txt;governments;economicoperands;27
C40+44+47.txt;grossing-up;economicoperands;3
C40+44+47.txt;in addition;mathematicaloperators;1
C40+44+47.txt;in the same;logicalconnectors;1
C40+44+47.txt;incremental;mathematicaloperators;1
C40+44+47.txt;information;economicoperands;3
C40+44+47.txt;institution;economicoperands;87
C40+44+47.txt;intangibles;economicoperands;1
C40+44+47.txt;investments;economicoperands;16
C40+44+47.txt;maintenance;economicoperands;1
C40+44+47.txt;non-complex;economicoperands;1
C40+44+47.txt;on the date;logicalconnectors;1
C40+44+47.txt;paragraph 1;legalreferences;2
C40+44+47.txt;paragraph 4;legalreferences;1
C40+44+47.txt;paragraph 5;legalreferences;1
C40+44+47.txt;promotional;economicoperands;66
C40+44+47.txt;pursuant to;functionwords;2
C40+44+47.txt;receivables;economicoperands;15
C40+44+47.txt;recognition;economicoperands;9
C40+44+47.txt;replacement;other;17
C40+44+47.txt;requirement;regulatoryoperators;17
C40+44+47.txt;risk weight;economicoperands;1
C40+44+47.txt;securitised;economicoperands;3
C40+44+47.txt;semi-annual;attributes;1
C40+44+47.txt;significant;attributes;3
C40+44+47.txt;specialised;economicoperands;1
C40+44+47.txt;traditional;economicoperands;1
C40+44+47.txt;transaction;economicoperands;2
C40+44+47.txt;accordance;regulatoryoperators;2
C40+44+47.txt;accounting;economicoperands;70
C40+44+47.txt;activities;economicoperands;1
C40+44+47.txt;additional;mathematicaloperators;8
C40+44+47.txt;adjustment;mathematicaloperators;2
C40+44+47.txt;applicable;logicalconnectors;67
C40+44+47.txt;as follows;functionwords;5
C40+44+47.txt;as set out;logicalconnectors;2
C40+44+47.txt;bankruptcy;economicoperands;2
C40+44+47.txt;calculated;economicoperands;9
C40+44+47.txt;categories;economicoperands;3
C40+44+47.txt;collateral;economicoperands;23
C40+44+47.txt;commercial;economicoperands;1
C40+44+47.txt;commitment;economicoperands;12
C40+44+47.txt;comprising;logicalconnectors;4
C40+44+47.txt;conditions;economicoperands;15
C40+44+47.txt;considered;logicalconnectors;27
C40+44+47.txt;constitute;logicalconnectors;11
C40+44+47.txt;convention;economicoperands;3
C40+44+47.txt;conversion;economicoperands;8
C40+44+47.txt;deductions;mathematicaloperators;4
C40+44+47.txt;defaulting;economicoperands;2
C40+44+47.txt;defined as;regulatoryoperators;5
C40+44+47.txt;definition;regulatoryoperators;16
C40+44+47.txt;derivative;economicoperands;4
C40+44+47.txt;derogation;regulatoryoperators;16
C40+44+47.txt;designated;regulatoryoperators;2
C40+44+47.txt;determined;regulatoryoperators;5
C40+44+47.txt;equivalent;logicalconnectors;5
C40+44+47.txt;exemptions;regulatoryoperators;4
C40+44+47.txt;facilities;economicoperands;3
C40+44+47.txt;fair value;economicoperands;3
C40+44+47.txt;government;economicoperands;20
C40+44+47.txt;guaranteed;economicoperands;4
C40+44+47.txt;households;economicoperands;5
C40+44+47.txt;individual;economicoperands;8
C40+44+47.txt;insolvency;economicoperands;2
C40+44+47.txt;intragroup;economicoperands;2
C40+44+47.txt;investment;economicoperands;2
C40+44+47.txt;limited to;regulatoryoperators;3
C40+44+47.txt;management;economicoperands;2
C40+44+47.txt;memorandum;legalreferences;2
C40+44+47.txt;mismatches;economicoperands;1
C40+44+47.txt;multiplier;mathematicaloperators;8
C40+44+47.txt;obligation;economicoperands;2
C40+44+47.txt;offsetting;economicoperands;5
C40+44+47.txt;other than;logicalconnectors;4
C40+44+47.txt;paragraphs;legalreferences;13
C40+44+47.txt;principles;economicoperands;1
C40+44+47.txt;protection;economicoperands;24
C40+44+47.txt;prudential;economicoperands;4
C40+44+47.txt;qualifying;economicoperands;4
C40+44+47.txt;receivable;economicoperands;3
C40+44+47.txt;recognised;economicoperands;14
C40+44+47.txt;reduced by;mathematicaloperators;5
C40+44+47.txt;referenced;functionwords;7
C40+44+47.txt;references;functionwords;28
C40+44+47.txt;regulatory;economicoperands;2
C40+44+47.txt;repurchase;economicoperands;1
C40+44+47.txt;respective;logicalconnectors;1
C40+44+47.txt;securities;economicoperands;13
C40+44+47.txt;separately;economicoperands;1
C40+44+47.txt;set out in;regulatoryoperators;10
C40+44+47.txt;settlement;economicoperands;15
C40+44+47.txt;simplified;economicoperands;15
C40+44+47.txt;solo basis;economicoperands;2
C40+44+47.txt;subject to;logicalconnectors;13
C40+44+47.txt;this annex;legalreferences;5
C40+44+47.txt;trade date;economicoperands;6
C40+44+47.txt;treated as;regulatoryoperators;24
C40+44+47.txt;underlying;economicoperands;2
C40+44+47.txt;unrealised;economicoperands;2
C40+44+47.txt;agreement;economicoperands;2
C40+44+47.txt;amount of;mathematicaloperators;18
C40+44+47.txt;analogous;logicalconnectors;2
C40+44+47.txt;ancillary;economicoperands;4
C40+44+47.txt;authority;economicoperands;4
C40+44+47.txt;automatic;economicoperands;1
C40+44+47.txt;banknotes;economicoperands;3
C40+44+47.txt;calculate;economicoperands;8
C40+44+47.txt;cancelled;economicoperands;1
C40+44+47.txt;close out;economicoperands;4
C40+44+47.txt;collected;economicoperands;1
C40+44+47.txt;competent;economicoperands;2
C40+44+47.txt;contracts;economicoperands;29
C40+44+47.txt;deduction;mathematicaloperators;1
C40+44+47.txt;deposited;economicoperands;3
C40+44+47.txt;determine;regulatoryoperators;2
C40+44+47.txt;exception;logicalconnectors;1
C40+44+47.txt;excessive;mathematicaloperators;9
C40+44+47.txt;excluding;logicalconnectors;1
C40+44+47.txt;exemption;regulatoryoperators;22
C40+44+47.txt;exposures;economicoperands;77
C40+44+47.txt;expressed;economicoperands;3
C40+44+47.txt;extension;economicoperands;4
C40+44+47.txt;fiduciary;economicoperands;3
C40+44+47.txt;financial;economicoperands;5
C40+44+47.txt;financing;economicoperands;3
C40+44+47.txt;following;other;7
C40+44+47.txt;frequency;economicoperands;3
C40+44+47.txt;guarantee;economicoperands;11
C40+44+47.txt;identical;mathematicaloperators;1
C40+44+47.txt;including;logicalconnectors;11
C40+44+47.txt;increases;mathematicaloperators;1
C40+44+47.txt;indemnity;economicoperands;3
C40+44+47.txt;indicated;economicoperands;4
C40+44+47.txt;liability;economicoperands;1
C40+44+47.txt;liquidity;economicoperands;6
C40+44+47.txt;listed in;functionwords;13
C40+44+47.txt;operative;economicoperands;1
C40+44+47.txt;otherwise;logicalconnectors;2
C40+44+47.txt;p2g ratio;economicoperands;2
C40+44+47.txt;paragraph;legalreferences;19
C40+44+47.txt;permitted;regulatoryoperators;1
C40+44+47.txt;positions;economicoperands;4
C40+44+47.txt;potential;economicoperands;14
C40+44+47.txt;preceding;functionwords;2
C40+44+47.txt;provision;economicoperands;1
C40+44+47.txt;published;economicoperands;1
C40+44+47.txt;purchased;economicoperands;4
C40+44+47.txt;purchases;economicoperands;12
C40+44+47.txt;qualifies;economicoperands;1
C40+44+47.txt;quarterly;attributes;1
C40+44+47.txt;recognise;economicoperands;2
C40+44+47.txt;reduction;mathematicaloperators;7
C40+44+47.txt;reference;functionwords;10
C40+44+47.txt;refers to;functionwords;5
C40+44+47.txt;regarding;logicalconnectors;1
C40+44+47.txt;regulated;regulatoryoperators;2
C40+44+47.txt;remaining;economicoperands;2
C40+44+47.txt;reporting;economicoperands;4
C40+44+47.txt;structure;economicoperands;3
C40+44+47.txt;temporary;attributes;3
C40+44+47.txt;terminate;economicoperands;2
C40+44+47.txt;treatment;economicoperands;12
C40+44+47.txt;universal;economicoperands;1
C40+44+47.txt;unsettled;economicoperands;1
C40+44+47.txt;valuation;economicoperands;1
C40+44+47.txt;variation;economicoperands;13
C40+44+47.txt;viability;economicoperands;2
C40+44+47.txt;withdrawn;economicoperands;2
C40+44+47.txt;accounts;economicoperands;2
C40+44+47.txt;achieved;economicoperands;1
C40+44+47.txt;adjacent;mathematicaloperators;1
C40+44+47.txt;adjusted;mathematicaloperators;5
C40+44+47.txt;admitted;economicoperands;2
C40+44+47.txt;affected;economicoperands;10
C40+44+47.txt;applying;logicalconnectors;1
C40+44+47.txt;approach;economicoperands;5
C40+44+47.txt;approval;regulatoryoperators;2
C40+44+47.txt;articles;legalreferences;21
C40+44+47.txt;assigned;regulatoryoperators;4
C40+44+47.txt;assuming;logicalconnectors;26
C40+44+47.txt;awaiting;economicoperands;15
C40+44+47.txt;balances;economicoperands;3
C40+44+47.txt;based on;other;1
C40+44+47.txt;borrower;economicoperands;6
C40+44+47.txt;business;economicoperands;1
C40+44+47.txt;calendar;economicoperands;1
C40+44+47.txt;category;economicoperands;1
C40+44+47.txt;chapters;legalreferences;3
C40+44+47.txt;classify;regulatoryoperators;2
C40+44+47.txt;collects;economicoperands;2
C40+44+47.txt;combined;mathematicaloperators;2
C40+44+47.txt;comprise;logicalconnectors;1
C40+44+47.txt;consider;logicalconnectors;17
C40+44+47.txt;consists;logicalconnectors;1
C40+44+47.txt;contract;economicoperands;4
C40+44+47.txt;contrary;logicalconnectors;1
C40+44+47.txt;coverage;economicoperands;1
C40+44+47.txt;criteria;economicoperands;5
C40+44+47.txt;currency;economicoperands;4
C40+44+47.txt;customer;economicoperands;6
C40+44+47.txt;deducted;mathematicaloperators;4
C40+44+47.txt;delivery;economicoperands;1
C40+44+47.txt;deposits;economicoperands;6
C40+44+47.txt;directly;attributes;6
C40+44+47.txt;dividing;mathematicaloperators;7
C40+44+47.txt;effected;economicoperands;1
C40+44+47.txt;eligible;economicoperands;7
C40+44+47.txt;entirety;logicalconnectors;1
C40+44+47.txt;entities;economicoperands;9
C40+44+47.txt;equal to;logicalconnectors;1
C40+44+47.txt;excluded;logicalconnectors;32
C40+44+47.txt;exempted;regulatoryoperators;35
C40+44+47.txt;expected;economicoperands;1
C40+44+47.txt;exposure;economicoperands;92
C40+44+47.txt;guidance;economicoperands;4
C40+44+47.txt;included;logicalconnectors;24
C40+44+47.txt;includes;logicalconnectors;4
C40+44+47.txt;indicate;economicoperands;3
C40+44+47.txt;indirect;economicoperands;2
C40+44+47.txt;leverage;economicoperands;70
C40+44+47.txt;maturity;economicoperands;8
C40+44+47.txt;measured;economicoperands;5
C40+44+47.txt;multiple;mathematicaloperators;1
C40+44+47.txt;national;economicoperands;1
C40+44+47.txt;negative;mathematicaloperators;8
C40+44+47.txt;notional;mathematicaloperators;1
C40+44+47.txt;novation;economicoperands;1
C40+44+47.txt;of which;logicalconnectors;6
C40+44+47.txt;pillar 2;legalreferences;6
C40+44+47.txt;positive;economicoperands;5
C40+44+47.txt;provided;logicalconnectors;13
C40+44+47.txt;provider;economicoperands;1
C40+44+47.txt;provides;economicoperands;7
C40+44+47.txt;purchase;economicoperands;1
C40+44+47.txt;received;economicoperands;25
C40+44+47.txt;receives;economicoperands;1
C40+44+47.txt;regional;economicoperands;25
C40+44+47.txt;reminder;economicoperands;8
C40+44+47.txt;reported;economicoperands;66
C40+44+47.txt;required;regulatoryoperators;12
C40+44+47.txt;reserves;economicoperands;1
C40+44+47.txt;retained;economicoperands;4
C40+44+47.txt;reversed;economicoperands;10
C40+44+47.txt;security;economicoperands;10
C40+44+47.txt;sentence;other;1
C40+44+47.txt;services;economicoperands;4
C40+44+47.txt;specific;functionwords;11
C40+44+47.txt;template;legalreferences;4
C40+44+47.txt;transfer;economicoperands;3
C40+44+47.txt;triparty;economicoperands;3
C40+44+47.txt;actions;economicoperands;1
C40+44+47.txt;address;economicoperands;9
C40+44+47.txt;against;functionwords;7
C40+44+47.txt;allowed;regulatoryoperators;2
C40+44+47.txt;already;logicalconnectors;4
C40+44+47.txt;amongst;logicalconnectors;1
C40+44+47.txt;amounts;mathematicaloperators;7
C40+44+47.txt;annex i;legalreferences;4
C40+44+47.txt;another;functionwords;4
C40+44+47.txt;applied;logicalconnectors;40
C40+44+47.txt;applies;logicalconnectors;6
C40+44+47.txt;arising;economicoperands;10
C40+44+47.txt;article;legalreferences;227
C40+44+47.txt;average;mathematicaloperators;3
C40+44+47.txt;balance;economicoperands;1
C40+44+47.txt;banking;economicoperands;7
C40+44+47.txt;benefit;economicoperands;2
C40+44+47.txt;between;functionwords;3
C40+44+47.txt;borrows;economicoperands;1
C40+44+47.txt;capital;economicoperands;5
C40+44+47.txt;ccp leg;economicoperands;17
C40+44+47.txt;central;economicoperands;25
C40+44+47.txt;changes;economicoperands;2
C40+44+47.txt;chapter;legalreferences;1
C40+44+47.txt;cleared;economicoperands;30
C40+44+47.txt;clients;economicoperands;4
C40+44+47.txt;company;economicoperands;5
C40+44+47.txt;conduit;economicoperands;3
C40+44+47.txt;credits;economicoperands;3
C40+44+47.txt;decided;economicoperands;2
C40+44+47.txt;default;economicoperands;2
C40+44+47.txt;defined;regulatoryoperators;1
C40+44+47.txt;deposit;economicoperands;2
C40+44+47.txt;effects;economicoperands;22
C40+44+47.txt;entered;economicoperands;1
C40+44+47.txt;entries;economicoperands;1
C40+44+47.txt;exclude;logicalconnectors;1
C40+44+47.txt;factors;mathematicaloperators;4
C40+44+47.txt;funding;economicoperands;4
C40+44+47.txt;general;functionwords;8
C40+44+47.txt;granted;economicoperands;30
C40+44+47.txt;grounds;economicoperands;1
C40+44+47.txt;however;functionwords;1
C40+44+47.txt;in case;logicalconnectors;2
C40+44+47.txt;include;logicalconnectors;25
C40+44+47.txt;initial;economicoperands;5
C40+44+47.txt;instead;logicalconnectors;10
C40+44+47.txt;lending;economicoperands;3
C40+44+47.txt;measure;economicoperands;18
C40+44+47.txt;mediate;economicoperands;1
C40+44+47.txt;netting;economicoperands;44
C40+44+47.txt;nominal;economicoperands;21
C40+44+47.txt;options;economicoperands;1
C40+44+47.txt;overall;logicalconnectors;4
C40+44+47.txt;part ii;legalreferences;2
C40+44+47.txt;part of;logicalconnectors;17
C40+44+47.txt;payment;economicoperands;1
C40+44+47.txt;perform;economicoperands;1
C40+44+47.txt;pledged;economicoperands;2
C40+44+47.txt;portion;economicoperands;4
C40+44+47.txt;process;economicoperands;1
C40+44+47.txt;product;economicoperands;2
C40+44+47.txt;protect;economicoperands;2
C40+44+47.txt;provide;economicoperands;1
C40+44+47.txt;purpose;economicoperands;1
C40+44+47.txt;qualify;economicoperands;1
C40+44+47.txt;quarter;attributes;2
C40+44+47.txt;reduced;mathematicaloperators;2
C40+44+47.txt;reduces;mathematicaloperators;2
C40+44+47.txt;regular;economicoperands;22
C40+44+47.txt;related;logicalconnectors;11
C40+44+47.txt;reserve;economicoperands;1
C40+44+47.txt;reverse;economicoperands;4
C40+44+47.txt;section;legalreferences;1
C40+44+47.txt;selling;economicoperands;4
C40+44+47.txt;settled;economicoperands;1
C40+44+47.txt;several;attributes;2
C40+44+47.txt;specify;economicoperands;3
C40+44+47.txt;that is;logicalconnectors;31
C40+44+47.txt;therein;other;1
C40+44+47.txt;through;functionwords;8
C40+44+47.txt;title i;legalreferences;4
C40+44+47.txt;trading;economicoperands;2
C40+44+47.txt;undrawn;economicoperands;7
C40+44+47.txt;used in;economicoperands;1
C40+44+47.txt;waivers;regulatoryoperators;2
C40+44+47.txt;whereby;logicalconnectors;2
C40+44+47.txt;whether;logicalconnectors;3
C40+44+47.txt;without;logicalconnectors;10
C40+44+47.txt;written;economicoperands;8
C40+44+47.txt;action;economicoperands;1
C40+44+47.txt;adjust;mathematicaloperators;1
C40+44+47.txt;agents;economicoperands;3
C40+44+47.txt;amount;mathematicaloperators;63
C40+44+47.txt;annual;economicoperands;2
C40+44+47.txt;assets;economicoperands;42
C40+44+47.txt;bought;economicoperands;10
C40+44+47.txt;buffer;economicoperands;6
C40+44+47.txt;buying;economicoperands;7
C40+44+47.txt;cannot;regulatoryoperators;6
C40+44+47.txt;capped;regulatoryoperators;13
C40+44+47.txt;chosen;economicoperands;1
C40+44+47.txt;claims;economicoperands;38
C40+44+47.txt;clause;legalreferences;4
C40+44+47.txt;client;economicoperands;26
C40+44+47.txt;column;legalreferences;36
C40+44+47.txt;covers;economicoperands;1
C40+44+47.txt;credit;economicoperands;36
C40+44+47.txt;deduct;mathematicaloperators;4
C40+44+47.txt;direct;economicoperands;2
C40+44+47.txt;due to;logicalconnectors;2
C40+44+47.txt;effect;economicoperands;23
C40+44+47.txt;either;logicalconnectors;5
C40+44+47.txt;entity;economicoperands;13
C40+44+47.txt;exceed;mathematicaloperators;2
C40+44+47.txt;except;logicalconnectors;1
C40+44+47.txt;excess;mathematicaloperators;3
C40+44+47.txt;export;economicoperands;3
C40+44+47.txt;factor;mathematicaloperators;4
C40+44+47.txt;failed;economicoperands;1
C40+44+47.txt;figure;economicoperands;5
C40+44+47.txt;follow;other;1
C40+44+47.txt;future;economicoperands;14
C40+44+47.txt;g-siis;economicoperands;5
C40+44+47.txt;govern;economicoperands;2
C40+44+47.txt;ifrs 9;legalreferences;2
C40+44+47.txt;issued;economicoperands;2
C40+44+47.txt;itself;functionwords;2
C40+44+47.txt;lender;economicoperands;1
C40+44+47.txt;liquid;economicoperands;1
C40+44+47.txt;listed;functionwords;1
C40+44+47.txt;losses;economicoperands;2
C40+44+47.txt;manner;other;2
C40+44+47.txt;margin;economicoperands;21
C40+44+47.txt;market;economicoperands;3
C40+44+47.txt;medium;attributes;2
C40+44+47.txt;member;economicoperands;1
C40+44+47.txt;method;economicoperands;1
C40+44+47.txt;mutual;economicoperands;1
C40+44+47.txt;needed;regulatoryoperators;1
C40+44+47.txt;netted;economicoperands;6
C40+44+47.txt;notice;economicoperands;3
C40+44+47.txt;offset;economicoperands;11
C40+44+47.txt;others;logicalconnectors;1
C40+44+47.txt;period;economicoperands;1
C40+44+47.txt;pillar;legalreferences;3
C40+44+47.txt;points;economicoperands;11
C40+44+47.txt;posted;economicoperands;6
C40+44+47.txt;public;economicoperands;78
C40+44+47.txt;ratios;mathematicaloperators;2
C40+44+47.txt;reduce;mathematicaloperators;9
C40+44+47.txt;remain;economicoperands;2
C40+44+47.txt;report;economicoperands;34
C40+44+47.txt;retail;economicoperands;2
C40+44+47.txt;set up;economicoperands;12
C40+44+47.txt;solely;logicalconnectors;1
C40+44+47.txt;stated;economicoperands;1
C40+44+47.txt;stress;economicoperands;2
C40+44+47.txt;sum of;mathematicaloperators;14
C40+44+47.txt;target;economicoperands;1
C40+44+47.txt;timely;attributes;2
C40+44+47.txt;unless;logicalconnectors;1
C40+44+47.txt;values;economicoperands;38
C40+44+47.txt;versus;functionwords;1
C40+44+47.txt;within;logicalconnectors;1
C40+44+47.txt;above;functionwords;16
C40+44+47.txt;added;mathematicaloperators;3
C40+44+47.txt;after;logicalconnectors;4
C40+44+47.txt;agent;economicoperands;5
C40+44+47.txt;annex;legalreferences;13
C40+44+47.txt;apply;logicalconnectors;14
C40+44+47.txt;asset;economicoperands;17
C40+44+47.txt;avoid;economicoperands;2
C40+44+47.txt;basis;economicoperands;1
C40+44+47.txt;being;functionwords;1
C40+44+47.txt;below;functionwords;3
C40+44+47.txt;cells;legalreferences;17
C40+44+47.txt;cet 1;economicoperands;1
C40+44+47.txt;claim;economicoperands;1
C40+44+47.txt;close;economicoperands;2
C40+44+47.txt;coins;economicoperands;3
C40+44+47.txt;costs;economicoperands;4
C40+44+47.txt;could;functionwords;1
C40+44+47.txt;cross;economicoperands;2
C40+44+47.txt;daily;attributes;1
C40+44+47.txt;debit;economicoperands;2
C40+44+47.txt;elect;economicoperands;1
C40+44+47.txt;event;economicoperands;2
C40+44+47.txt;first;attributes;1
C40+44+47.txt;floor;economicoperands;5
C40+44+47.txt;funds;economicoperands;13
C40+44+47.txt;gains;economicoperands;2
C40+44+47.txt;given;functionwords;5
C40+44+47.txt;gross;economicoperands;7
C40+44+47.txt;hence;functionwords;2
C40+44+47.txt;ifrs9;legalreferences;1
C40+44+47.txt;inter;economicoperands;1
C40+44+47.txt;items;other;39
C40+44+47.txt;joint;logicalconnectors;2
C40+44+47.txt;label;economicoperands;1
C40+44+47.txt;large;economicoperands;3
C40+44+47.txt;legal;economicoperands;31
C40+44+47.txt;lends;economicoperands;2
C40+44+47.txt;level;economicoperands;3
C40+44+47.txt;loans;economicoperands;68
C40+44+47.txt;local;economicoperands;25
C40+44+47.txt;lower;mathematicaloperators;6
C40+44+47.txt;meets;economicoperands;1
C40+44+47.txt;model;economicoperands;1
C40+44+47.txt;month;attributes;1
C40+44+47.txt;names;economicoperands;4
C40+44+47.txt;other;logicalconnectors;51
C40+44+47.txt;owner;economicoperands;3
C40+44+47.txt;parts;economicoperands;9
C40+44+47.txt;party;economicoperands;2
C40+44+47.txt;point;economicoperands;126
C40+44+47.txt;prior;economicoperands;3
C40+44+47.txt;ratio;mathematicaloperators;67
C40+44+47.txt;refer;functionwords;2
C40+44+47.txt;right;economicoperands;4
C40+44+47.txt;risks;economicoperands;9
C40+44+47.txt;sales;economicoperands;17
C40+44+47.txt;scope;economicoperands;1
C40+44+47.txt;shall;regulatoryoperators;227
C40+44+47.txt;small;economicoperands;1
C40+44+47.txt;stock;economicoperands;2
C40+44+47.txt;taken;other;3
C40+44+47.txt;their;functionwords;3
C40+44+47.txt;there;functionwords;2
C40+44+47.txt;these;functionwords;6
C40+44+47.txt;third;attributes;1
C40+44+47.txt;those;functionwords;24
C40+44+47.txt;times;economicoperands;2
C40+44+47.txt;total;mathematicaloperators;20
C40+44+47.txt;trade;economicoperands;19
C40+44+47.txt;under;functionwords;61
C40+44+47.txt;units;economicoperands;9
C40+44+47.txt;until;logicalconnectors;2
C40+44+47.txt;using;economicoperands;8
C40+44+47.txt;value;economicoperands;154
C40+44+47.txt;where;logicalconnectors;58
C40+44+47.txt;which;functionwords;27
C40+44+47.txt;while;logicalconnectors;1
C40+44+47.txt;words;economicoperands;2
C40+44+47.txt;would;functionwords;6
C40+44+47.txt;also;logicalconnectors;53
C40+44+47.txt;back;economicoperands;1
C40+44+47.txt;base;economicoperands;1
C40+44+47.txt;been;functionwords;14
C40+44+47.txt;both;logicalconnectors;6
C40+44+47.txt;cash;economicoperands;50
C40+44+47.txt;cell;legalreferences;47
C40+44+47.txt;cet1;economicoperands;1
C40+44+47.txt;cost;economicoperands;13
C40+44+47.txt;data;economicoperands;2
C40+44+47.txt;date;economicoperands;10
C40+44+47.txt;does;functionwords;4
C40+44+47.txt;each;logicalconnectors;4
C40+44+47.txt;from;functionwords;32
C40+44+47.txt;full;economicoperands;7
C40+44+47.txt;give;functionwords;2
C40+44+47.txt;have;functionwords;33
C40+44+47.txt;held;economicoperands;10
C40+44+47.txt;here;functionwords;7
C40+44+47.txt;high;economicoperands;1
C40+44+47.txt;ifrs;legalreferences;1
C40+44+47.txt;into;functionwords;1
C40+44+47.txt;item;other;7
C40+44+47.txt;just;functionwords;6
C40+44+47.txt;last;attributes;3
C40+44+47.txt;lent;economicoperands;6
C40+44+47.txt;loan;economicoperands;2
C40+44+47.txt;meet;economicoperands;10
C40+44+47.txt;name;economicoperands;7
C40+44+47.txt;nica;legalreferences;5
C40+44+47.txt;non-;logicalconnectors;8
C40+44+47.txt;olrr;economicoperands;9
C40+44+47.txt;only;logicalconnectors;13
C40+44+47.txt;over;mathematicaloperators;1
C40+44+47.txt;paid;economicoperands;1
C40+44+47.txt;part;functionwords;5
C40+44+47.txt;pool;economicoperands;5
C40+44+47.txt;qccp;economicoperands;14
C40+44+47.txt;rise;other;2
C40+44+47.txt;risk;economicoperands;7
C40+44+47.txt;rows;economicoperands;9
C40+44+47.txt;sale;economicoperands;1
C40+44+47.txt;same;logicalconnectors;11
C40+44+47.txt;sfts;economicoperands;27
C40+44+47.txt;side;economicoperands;2
C40+44+47.txt;sign;economicoperands;7
C40+44+47.txt;sold;economicoperands;12
C40+44+47.txt;srep;economicoperands;3
C40+44+47.txt;such;functionwords;2
C40+44+47.txt;than;functionwords;1
C40+44+47.txt;that;functionwords;101
C40+44+47.txt;then;logicalconnectors;6
C40+44+47.txt;they;functionwords;16
C40+44+47.txt;this;functionwords;78
C40+44+47.txt;time;economicoperands;3
C40+44+47.txt;type;economicoperands;14
C40+44+47.txt;unit;economicoperands;30
C40+44+47.txt;upon;other;2
C40+44+47.txt;used;economicoperands;8
C40+44+47.txt;were;functionwords;3
C40+44+47.txt;when;logicalconnectors;11
C40+44+47.txt;with;functionwords;42
C40+44+47.txt;zero;attributes;4
C40+44+47.txt;100;attributes;4
C40+44+47.txt;104;legalreferences;4
C40+44+47.txt;113;legalreferences;6
C40+44+47.txt;add;mathematicaloperators;10
C40+44+47.txt;all;logicalconnectors;20
C40+44+47.txt;and;logicalconnectors;225
C40+44+47.txt;any;logicalconnectors;32
C40+44+47.txt;are;functionwords;55
C40+44+47.txt;but;logicalconnectors;1
C40+44+47.txt;can;regulatoryoperators;21
C40+44+47.txt;crd;legalreferences;8
C40+44+47.txt;crm;economicoperands;34
C40+44+47.txt;crr;legalreferences;236
C40+44+47.txt;day;attributes;1
C40+44+47.txt;did;functionwords;2
C40+44+47.txt;etc;functionwords;1
C40+44+47.txt;for;functionwords;69
C40+44+47.txt;had;functionwords;2
C40+44+47.txt;has;functionwords;8
C40+44+47.txt;i.e;functionwords;19
C40+44+47.txt;iii;legalreferences;4
C40+44+47.txt;ips;economicoperands;2
C40+44+47.txt;leg;economicoperands;4
C40+44+47.txt;low;economicoperands;2
C40+44+47.txt;may;regulatoryoperators;8
C40+44+47.txt;met;functionwords;9
C40+44+47.txt;net;economicoperands;3
C40+44+47.txt;non;logicalconnectors;5
C40+44+47.txt;nor;logicalconnectors;2
C40+44+47.txt;not;logicalconnectors;81
C40+44+47.txt;off;functionwords;1
C40+44+47.txt;one;attributes;1
C40+44+47.txt;out;functionwords;6
C40+44+47.txt;own;functionwords;13
C40+44+47.txt;p2g;economicoperands;13
C40+44+47.txt;pay;economicoperands;5
C40+44+47.txt;per;functionwords;3
C40+44+47.txt;pre;economicoperands;3
C40+44+47.txt;row;economicoperands;73
C40+44+47.txt;sft;economicoperands;13
C40+44+47.txt;sum;mathematicaloperators;1
C40+44+47.txt;ten;attributes;4
C40+44+47.txt;the;functionwords;822
C40+44+47.txt;two;attributes;5
C40+44+47.txt;use;economicoperands;1
C40+44+47.txt;via;functionwords;4
C40+44+47.txt;way;economicoperands;22
C40+44+47.txt;10;attributes;4
C40+44+47.txt;15;attributes;1
C40+44+47.txt;16;legalreferences;1
C40+44+47.txt;17;legalreferences;1
C40+44+47.txt;18;legalreferences;1
C40+44+47.txt;19;legalreferences;1
C40+44+47.txt;20;attributes;6
C40+44+47.txt;21;legalreferences;1
C40+44+47.txt;22;legalreferences;1
C40+44+47.txt;23;attributes;1
C40+44+47.txt;25;attributes;1
C40+44+47.txt;28;legalreferences;1
C40+44+47.txt;36;legalreferences;2
C40+44+47.txt;47;legalreferences;2
C40+44+47.txt;48;legalreferences;2
C40+44+47.txt;49;legalreferences;2
C40+44+47.txt;50;attributes;5
C40+44+47.txt;60;attributes;2
C40+44+47.txt;an;functionwords;77
C40+44+47.txt;as;logicalconnectors;88
C40+44+47.txt;at;functionwords;15
C40+44+47.txt;be;functionwords;150
C40+44+47.txt;by;functionwords;123
C40+44+47.txt;do;functionwords;3
C40+44+47.txt;if;logicalconnectors;43
C40+44+47.txt;ii;legalreferences;34
C40+44+47.txt;in;functionwords;169
C40+44+47.txt;is;functionwords;68
C40+44+47.txt;it;functionwords;8
C40+44+47.txt;no;logicalconnectors;56
C40+44+47.txt;of;functionwords;495
C40+44+47.txt;on;functionwords;101
C40+44+47.txt;or;logicalconnectors;109
C40+44+47.txt;sa;economicoperands;17
C40+44+47.txt;so;logicalconnectors;1
C40+44+47.txt;to;functionwords;122
C40+44+47.txt;up;functionwords;4
C40+44+47.txt;1;attributes;113
C40+44+47.txt;2;attributes;84
C40+44+47.txt;3;attributes;35
C40+44+47.txt;4;attributes;34
C40+44+47.txt;5;attributes;13
C40+44+47.txt;6;attributes;12
C40+44+47.txt;7;attributes;20
C40+44+47.txt;8;attributes;3
C40+44+47.txt;9;attributes;8
