F19.txt;small and medium-sized enterprises;economicoperands;24
F19.txt;non-financial corporations;economicoperands;48
F19.txt;off-balance sheet exposure;economicoperands;1
F19.txt;national gaap compatible;legalreferences;36
F19.txt;non-performing exposures;economicoperands;77
F19.txt;non-performing exposure;economicoperands;1
F19.txt;this part of this annex;legalreferences;1
F19.txt;accumulated impairment;economicoperands;55
F19.txt;credit-impaired assets;economicoperands;1
F19.txt;financial corporations;economicoperands;48
F19.txt;accounting portfolios;economicoperands;1
F19.txt;have the same meaning;regulatoryoperators;1
F19.txt;reporting institution;economicoperands;1
F19.txt;265- 266 crr art 178;legalreferences;18
F19.txt;accounting framework;economicoperands;2
F19.txt;comprehensive income;economicoperands;8
F19.txt;financial guarantees;economicoperands;37
F19.txt;forbearance measures;economicoperands;199
F19.txt;part 1 of this annex;legalreferences;3
F19.txt;terms and conditions;economicoperands;56
F19.txt;that are included in;logicalconnectors;2
F19.txt;265-266 crr art 178;legalreferences;9
F19.txt;for the purposes of;logicalconnectors;3
F19.txt;forbearance measure;economicoperands;1
F19.txt;annexes iii and iv;legalreferences;1
F19.txt;for the purpose of;logicalconnectors;3
F19.txt;forborne exposures;economicoperands;38
F19.txt;immovable property;economicoperands;48
F19.txt;in accordance with;logicalconnectors;14
F19.txt;within the meaning;logicalconnectors;1
F19.txt;are considered as;regulatoryoperators;1
F19.txt;as referred to in;logicalconnectors;1
F19.txt;at amortised cost;economicoperands;8
F19.txt;forborne exposure;economicoperands;4
F19.txt;off-balance sheet;economicoperands;1
F19.txt;on- balance sheet;economicoperands;1
F19.txt;be considered as;regulatoryoperators;3
F19.txt;debt instruments;economicoperands;40
F19.txt;financial assets;economicoperands;2
F19.txt;held for trading;economicoperands;9
F19.txt;loan commitments;economicoperands;11
F19.txt;article 178 crr;legalreferences;2
F19.txt;at strict locom;economicoperands;8
F19.txt;be allocated to;regulatoryoperators;1
F19.txt;be reported for;regulatoryoperators;1
F19.txt;carrying amount;economicoperands;40
F19.txt;credit-impaired;economicoperands;1
F19.txt;debt securities;economicoperands;26
F19.txt;demand deposits;economicoperands;9
F19.txt;disposal groups;economicoperands;1
F19.txt;financial asset;economicoperands;1
F19.txt;irrespective of;logicalconnectors;1
F19.txt;non- performing;economicoperands;18
F19.txt;total amount of;mathematicaloperators;1
F19.txt;under probation;economicoperands;24
F19.txt;be reported as;regulatoryoperators;1
F19.txt;be reported in;regulatoryoperators;3
F19.txt;classification;economicoperands;2
F19.txt;collateralised;economicoperands;24
F19.txt;nominal amount;economicoperands;38
F19.txt;profit or loss;economicoperands;8
F19.txt;recommendation;economicoperands;1
F19.txt;referred to in;functionwords;1
F19.txt;reporting date;economicoperands;1
F19.txt;as defined in;logicalconnectors;3
F19.txt;at fair value;economicoperands;9
F19.txt;at the end of;logicalconnectors;1
F19.txt;cash balances;economicoperands;9
F19.txt;central banks;economicoperands;57
F19.txt;circumstances;economicoperands;1
F19.txt;classified as;regulatoryoperators;6
F19.txt;derecognition;economicoperands;1
F19.txt;held for sale;economicoperands;10
F19.txt;in respect of;logicalconnectors;2
F19.txt;modifications;economicoperands;29
F19.txt;national gaap;legalreferences;37
F19.txt;regardless of;logicalconnectors;2
F19.txt;systemic risk;economicoperands;1
F19.txt;deduction of;mathematicaloperators;1
F19.txt;difficulties;economicoperands;3
F19.txt;discontinued;economicoperands;1
F19.txt;experiencing;economicoperands;1
F19.txt;institutions;economicoperands;48
F19.txt;laid down in;economicoperands;1
F19.txt;modification;economicoperands;3
F19.txt;paragraph 15;legalreferences;1
F19.txt;paragraph 16;legalreferences;1
F19.txt;reclassified;regulatoryoperators;24
F19.txt;accumulated;economicoperands;37
F19.txt;application;economicoperands;2
F19.txt;article 47a;legalreferences;4
F19.txt;comply with;regulatoryoperators;1
F19.txt;consumption;economicoperands;24
F19.txt;credit risk;economicoperands;38
F19.txt;forbearance;economicoperands;40
F19.txt;governments;economicoperands;48
F19.txt;in addition;mathematicaloperators;1
F19.txt;information;economicoperands;2
F19.txt;institution;economicoperands;3
F19.txt;instruments;economicoperands;55
F19.txt;irrevocable;economicoperands;1
F19.txt;outstanding;economicoperands;2
F19.txt;presumption;economicoperands;1
F19.txt;real estate;economicoperands;1
F19.txt;recognition;economicoperands;1
F19.txt;refinancing;economicoperands;64
F19.txt;repackaging;economicoperands;1
F19.txt;residential;economicoperands;12
F19.txt;template 19;legalreferences;7
F19.txt;transaction;economicoperands;2
F19.txt;additional;mathematicaloperators;1
F19.txt;appendix a;legalreferences;19
F19.txt;applicable;logicalconnectors;2
F19.txt;as well as;logicalconnectors;2
F19.txt;calculated;economicoperands;1
F19.txt;cash flows;economicoperands;2
F19.txt;collateral;economicoperands;76
F19.txt;commercial;economicoperands;24
F19.txt;concession;economicoperands;3
F19.txt;conditions;economicoperands;5
F19.txt;considered;logicalconnectors;21
F19.txt;designated;regulatoryoperators;1
F19.txt;discretion;economicoperands;1
F19.txt;fair value;economicoperands;45
F19.txt;guarantees;economicoperands;3
F19.txt;households;economicoperands;24
F19.txt;identified;economicoperands;4
F19.txt;impairment;economicoperands;16
F19.txt;originated;economicoperands;1
F19.txt;other than;logicalconnectors;8
F19.txt;paragraphs;legalreferences;4
F19.txt;performing;economicoperands;83
F19.txt;provisions;economicoperands;56
F19.txt;rebuttable;economicoperands;1
F19.txt;references;functionwords;108
F19.txt;refinanced;economicoperands;1
F19.txt;separately;economicoperands;3
F19.txt;subject to;logicalconnectors;16
F19.txt;this annex;legalreferences;1
F19.txt;treated as;regulatoryoperators;4
F19.txt;under ifrs;legalreferences;3
F19.txt;amount of;mathematicaloperators;21
F19.txt;capped at;regulatoryoperators;1
F19.txt;combining;mathematicaloperators;1
F19.txt;concludes;economicoperands;1
F19.txt;contracts;economicoperands;3
F19.txt;defaulted;economicoperands;10
F19.txt;depending;logicalconnectors;1
F19.txt;executing;economicoperands;1
F19.txt;exposures;economicoperands;145
F19.txt;extension;economicoperands;3
F19.txt;financial;economicoperands;3
F19.txt;following;other;3
F19.txt;guarantee;economicoperands;18
F19.txt;incidence;economicoperands;1
F19.txt;including;logicalconnectors;4
F19.txt;listed in;functionwords;3
F19.txt;more than;mathematicaloperators;1
F19.txt;paragraph;legalreferences;7
F19.txt;perfoming;economicoperands;18
F19.txt;probation;economicoperands;1
F19.txt;purchased;economicoperands;1
F19.txt;qualifies;economicoperands;1
F19.txt;quarterly;attributes;1
F19.txt;revocable;economicoperands;1
F19.txt;advances;economicoperands;26
F19.txt;annex v.;legalreferences;1214
F19.txt;approves;regulatoryoperators;1
F19.txt;assessed;economicoperands;2
F19.txt;at least;logicalconnectors;1
F19.txt;based on;other;37
F19.txt;category;economicoperands;8
F19.txt;comprise;logicalconnectors;3
F19.txt;continue;economicoperands;2
F19.txt;contract;economicoperands;3
F19.txt;criteria;economicoperands;3
F19.txt;embedded;logicalconnectors;1
F19.txt;european;economicoperands;1
F19.txt;exercise;economicoperands;1
F19.txt;exposure;economicoperands;10
F19.txt;extended;economicoperands;2
F19.txt;forborne;economicoperands;5
F19.txt;impaired;economicoperands;20
F19.txt;included;logicalconnectors;1
F19.txt;modified;other;1
F19.txt;negative;mathematicaloperators;37
F19.txt;occurred;economicoperands;1
F19.txt;of which;logicalconnectors;207
F19.txt;past due;economicoperands;2
F19.txt;provided;logicalconnectors;2
F19.txt;received;economicoperands;112
F19.txt;regarded;economicoperands;1
F19.txt;relevant;attributes;1
F19.txt;reported;economicoperands;6
F19.txt;separate;economicoperands;1
F19.txt;troubled;economicoperands;1
F19.txt;30 days;attributes;1
F19.txt;amounts;mathematicaloperators;2
F19.txt;annex i;legalreferences;12
F19.txt;applied;logicalconnectors;5
F19.txt;applies;logicalconnectors;1
F19.txt;article;legalreferences;5
F19.txt;becomes;economicoperands;1
F19.txt;changes;economicoperands;37
F19.txt;clauses;legalreferences;3
F19.txt;closing;economicoperands;1
F19.txt;columns;legalreferences;1
F19.txt;current;attributes;2
F19.txt;default;economicoperands;1
F19.txt;exclude;logicalconnectors;1
F19.txt;general;functionwords;48
F19.txt;granted;economicoperands;1
F19.txt;include;logicalconnectors;4
F19.txt;initial;economicoperands;1
F19.txt;maximum;mathematicaloperators;18
F19.txt;measure;economicoperands;1
F19.txt;obligor;economicoperands;1
F19.txt;october;attributes;1
F19.txt;of debt;economicoperands;1
F19.txt;part of;logicalconnectors;1
F19.txt;partial;economicoperands;1
F19.txt;payment;economicoperands;1
F19.txt;re-paid;economicoperands;1
F19.txt;related;logicalconnectors;2
F19.txt;several;attributes;1
F19.txt;that is;logicalconnectors;1
F19.txt;through;functionwords;34
F19.txt;trading;economicoperands;8
F19.txt;whether;logicalconnectors;1
F19.txt;amount;mathematicaloperators;1
F19.txt;assets;economicoperands;3
F19.txt;become;economicoperands;1
F19.txt;change;economicoperands;2
F19.txt;column;legalreferences;7
F19.txt;credit;economicoperands;72
F19.txt;debtor;economicoperands;7
F19.txt;due to;logicalconnectors;38
F19.txt;enable;economicoperands;1
F19.txt;ensure;regulatoryoperators;1
F19.txt;equity;economicoperands;16
F19.txt;ifrs 5;legalreferences;2
F19.txt;ifrs 9;legalreferences;18
F19.txt;impact;economicoperands;2
F19.txt;larger;mathematicaloperators;1
F19.txt;period;economicoperands;1
F19.txt;profit;economicoperands;1
F19.txt;status;economicoperands;1
F19.txt;sum of;mathematicaloperators;1
F19.txt;unable;economicoperands;1
F19.txt;unless;logicalconnectors;1
F19.txt;within;logicalconnectors;1
F19.txt;after;logicalconnectors;1
F19.txt;banks;economicoperands;1
F19.txt;basis;economicoperands;1
F19.txt;board;economicoperands;1
F19.txt;debts;economicoperands;1
F19.txt;given;functionwords;10
F19.txt;gross;economicoperands;39
F19.txt;has a;functionwords;1
F19.txt;leads;economicoperands;1
F19.txt;level;economicoperands;1
F19.txt;loans;economicoperands;74
F19.txt;means;other;1
F19.txt;other;logicalconnectors;66
F19.txt;place;economicoperands;1
F19.txt;point;economicoperands;1
F19.txt;prior;economicoperands;21
F19.txt;shall;regulatoryoperators;40
F19.txt;shown;other;1
F19.txt;since;logicalconnectors;1
F19.txt;stage;economicoperands;1
F19.txt;still;logicalconnectors;2
F19.txt;taken;other;1
F19.txt;terms;other;2
F19.txt;their;functionwords;55
F19.txt;there;functionwords;2
F19.txt;those;functionwords;4
F19.txt;total;mathematicaloperators;1
F19.txt;under;functionwords;1
F19.txt;until;logicalconnectors;2
F19.txt;where;logicalconnectors;13
F19.txt;which;functionwords;14
F19.txt;also;logicalconnectors;4
F19.txt;been;functionwords;7
F19.txt;both;logicalconnectors;2
F19.txt;cost;economicoperands;8
F19.txt;data;economicoperands;1
F19.txt;date;economicoperands;2
F19.txt;debt;economicoperands;12
F19.txt;esrb;economicoperands;1
F19.txt;from;functionwords;21
F19.txt;gaps;economicoperands;1
F19.txt;have;functionwords;6
F19.txt;ifrs;legalreferences;55
F19.txt;into;functionwords;1
F19.txt;loss;economicoperands;1
F19.txt;made;functionwords;2
F19.txt;mean;other;2
F19.txt;meet;economicoperands;2
F19.txt;most;mathematicaloperators;1
F19.txt;non-;logicalconnectors;32
F19.txt;only;logicalconnectors;1
F19.txt;part;functionwords;1260
F19.txt;pool;economicoperands;1
F19.txt;that;functionwords;31
F19.txt;they;functionwords;1
F19.txt;this;functionwords;8
F19.txt;used;economicoperands;1
F19.txt;were;functionwords;4
F19.txt;with;functionwords;242
F19.txt;105;legalreferences;8
F19.txt;106;legalreferences;1
F19.txt;110;legalreferences;1
F19.txt;113;legalreferences;12
F19.txt;215;legalreferences;1
F19.txt;250;attributes;1
F19.txt;all;logicalconnectors;4
F19.txt;and;logicalconnectors;131
F19.txt;any;logicalconnectors;2
F19.txt;are;functionwords;12
F19.txt;bad;economicoperands;41
F19.txt;can;regulatoryoperators;18
F19.txt;crr;legalreferences;273
F19.txt;for;functionwords;29
F19.txt;has;functionwords;6
F19.txt;led;economicoperands;1
F19.txt;may;regulatoryoperators;1
F19.txt;met;functionwords;5
F19.txt;new;economicoperands;4
F19.txt;non;logicalconnectors;4
F19.txt;not;logicalconnectors;14
F19.txt;old;economicoperands;1
F19.txt;out;functionwords;3
F19.txt;sme;economicoperands;36
F19.txt;the;functionwords;104
F19.txt;use;economicoperands;1
F19.txt;was;functionwords;1
F19.txt;11;legalreferences;1
F19.txt;13;legalreferences;4
F19.txt;14;legalreferences;1
F19.txt;18;legalreferences;1
F19.txt;19;legalreferences;3
F19.txt;31;attributes;2
F19.txt;44;legalreferences;72
F19.txt;an;functionwords;1
F19.txt;as;logicalconnectors;9
F19.txt;at;functionwords;22
F19.txt;be;functionwords;45
F19.txt;by;functionwords;50
F19.txt;do;functionwords;1
F19.txt;in;functionwords;102
F19.txt;is;functionwords;7
F19.txt;of;functionwords;98
F19.txt;on;functionwords;80
F19.txt;or;logicalconnectors;68
F19.txt;to;functionwords;39
F19.txt;1;attributes;229
F19.txt;2;attributes;531
F19.txt;3;attributes;15
F19.txt;4;attributes;10
F19.txt;7;attributes;30
F19.txt;8;attributes;1
