C27.txt;international organisations;economicoperands;1
C27.txt;non-financial corporations;economicoperands;4
C27.txt;financial corporations;economicoperands;6
C27.txt;be allocated to;regulatoryoperators;1
C27.txt;on the basis of;logicalconnectors;1
C27.txt;social security;economicoperands;1
C27.txt;classification;economicoperands;1
C27.txt;counterparties;economicoperands;1
C27.txt;identification;economicoperands;9
C27.txt;tier 1 capital;economicoperands;1
C27.txt;as defined in;logicalconnectors;2
C27.txt;central banks;economicoperands;1
C27.txt;correspond to;logicalconnectors;2
C27.txt;incorporation;economicoperands;1
C27.txt;according to;regulatoryoperators;3
C27.txt;additionally;mathematicaloperators;1
C27.txt;consistently;attributes;1
C27.txt;construction;economicoperands;1
C27.txt;counterparty;economicoperands;19
C27.txt;greater than;mathematicaloperators;1
C27.txt;institutions;economicoperands;10
C27.txt;instructions;regulatoryoperators;3
C27.txt;subparagraph;other;1
C27.txt;undertakings;economicoperands;1
C27.txt;governments;economicoperands;1
C27.txt;information;economicoperands;2
C27.txt;institution;economicoperands;1
C27.txt;reinsurance;economicoperands;1
C27.txt;activities;economicoperands;3
C27.txt;as follows;functionwords;1
C27.txt;commercial;economicoperands;1
C27.txt;compulsory;regulatoryoperators;1
C27.txt;concerning;logicalconnectors;1
C27.txt;households;economicoperands;1
C27.txt;identifier;economicoperands;2
C27.txt;individual;economicoperands;1
C27.txt;investment;economicoperands;6
C27.txt;references;functionwords;2
C27.txt;available;economicoperands;2
C27.txt;breakdown;mathematicaloperators;1
C27.txt;carry out;economicoperands;1
C27.txt;connected;economicoperands;8
C27.txt;excluding;logicalconnectors;4
C27.txt;exposures;economicoperands;4
C27.txt;framework;economicoperands;1
C27.txt;including;logicalconnectors;1
C27.txt;insurance;economicoperands;3
C27.txt;less than;mathematicaloperators;1
C27.txt;paragraph;legalreferences;1
C27.txt;regulated;regulatoryoperators;1
C27.txt;reporting;economicoperands;1
C27.txt;residence;economicoperands;3
C27.txt;specified;regulatoryoperators;1
C27.txt;submitted;economicoperands;1
C27.txt;templates;legalreferences;2
C27.txt;economic;economicoperands;4
C27.txt;entities;economicoperands;3
C27.txt;equal to;logicalconnectors;1
C27.txt;european;economicoperands;1
C27.txt;exposure;economicoperands;1
C27.txt;identify;economicoperands;1
C27.txt;lei code;economicoperands;5
C27.txt;national;economicoperands;5
C27.txt;payments;economicoperands;1
C27.txt;provides;economicoperands;2
C27.txt;reported;economicoperands;9
C27.txt;separate;economicoperands;1
C27.txt;specific;functionwords;1
C27.txt;whenever;logicalconnectors;1
C27.txt;annex v;legalreferences;1
C27.txt;article;legalreferences;6
C27.txt;balance;economicoperands;1
C27.txt;banking;economicoperands;4
C27.txt;classes;other;1
C27.txt;clients;economicoperands;8
C27.txt;columns;legalreferences;1
C27.txt;company;economicoperands;1
C27.txt;country;economicoperands;1
C27.txt;derived;economicoperands;1
C27.txt;funding;economicoperands;1
C27.txt;general;functionwords;1
C27.txt;largest;logicalconnectors;3
C27.txt;outside;functionwords;1
C27.txt;part of;logicalconnectors;1
C27.txt;pension;economicoperands;1
C27.txt;sectors;economicoperands;1
C27.txt;across;functionwords;2
C27.txt;always;logicalconnectors;2
C27.txt;column;legalreferences;5
C27.txt;credit;economicoperands;1
C27.txt;detail;other;2
C27.txt;entity;economicoperands;2
C27.txt;except;logicalconnectors;1
C27.txt;finrep;legalreferences;2
C27.txt;groups;economicoperands;3
C27.txt;if not;logicalconnectors;1
C27.txt;parent;economicoperands;2
C27.txt;report;economicoperands;6
C27.txt;sector;economicoperands;6
C27.txt;system;economicoperands;1
C27.txt;unique;economicoperands;3
C27.txt;unless;logicalconnectors;1
C27.txt;apply;logicalconnectors;1
C27.txt;being;functionwords;1
C27.txt;cases;economicoperands;1
C27.txt;codes;economicoperands;3
C27.txt;firms;economicoperands;6
C27.txt;group;economicoperands;7
C27.txt;large;economicoperands;1
C27.txt;legal;economicoperands;2
C27.txt;level;economicoperands;2
C27.txt;other;logicalconnectors;8
C27.txt;party;economicoperands;1
C27.txt;point;economicoperands;2
C27.txt;shall;regulatoryoperators;26
C27.txt;their;functionwords;1
C27.txt;third;attributes;1
C27.txt;union;economicoperands;2
C27.txt;using;economicoperands;1
C27.txt;value;economicoperands;2
C27.txt;where;logicalconnectors;1
C27.txt;which;functionwords;6
C27.txt;case;economicoperands;1
C27.txt;code;economicoperands;21
C27.txt;does;functionwords;1
C27.txt;each;logicalconnectors;1
C27.txt;from;functionwords;1
C27.txt;have;functionwords;5
C27.txt;into;functionwords;1
C27.txt;last;attributes;1
C27.txt;must;regulatoryoperators;1
C27.txt;name;economicoperands;8
C27.txt;only;logicalconnectors;1
C27.txt;part;functionwords;1
C27.txt;that;functionwords;1
C27.txt;they;functionwords;4
C27.txt;this;functionwords;1
C27.txt;time;economicoperands;1
C27.txt;type;economicoperands;7
C27.txt;used;economicoperands;4
C27.txt;when;logicalconnectors;2
C27.txt;with;functionwords;2
C27.txt;and;logicalconnectors;12
C27.txt;any;logicalconnectors;3
C27.txt;but;logicalconnectors;1
C27.txt;crr;legalreferences;6
C27.txt;for;functionwords;16
C27.txt;iii;legalreferences;1
C27.txt;may;regulatoryoperators;1
C27.txt;non;logicalconnectors;1
C27.txt;not;logicalconnectors;2
C27.txt;one;attributes;2
C27.txt;row;economicoperands;1
C27.txt;ten;attributes;2
C27.txt;the;functionwords;60
C27.txt;two;attributes;1
C27.txt;10;attributes;1
C27.txt;42;legalreferences;1
C27.txt;an;functionwords;1
C27.txt;as;logicalconnectors;3
C27.txt;be;functionwords;17
C27.txt;by;functionwords;1
C27.txt;ii;legalreferences;1
C27.txt;in;functionwords;7
C27.txt;is;functionwords;3
C27.txt;it;functionwords;1
C27.txt;iv;legalreferences;1
C27.txt;no;logicalconnectors;3
C27.txt;of;functionwords;39
C27.txt;on;functionwords;1
C27.txt;or;logicalconnectors;6
C27.txt;to;functionwords;6
C27.txt;vi;legalreferences;1
C27.txt;1;attributes;6
C27.txt;2;attributes;4
C27.txt;4;attributes;1
C27.txt;5;attributes;1
