C05.txt;additional tier 1 capital;economicoperands;2
C05.txt;qualifying tier 2 capital;economicoperands;2
C05.txt;transitional arrangements;economicoperands;3
C05.txt;which meet the conditions;logicalconnectors;4
C05.txt;transitional adjustments;economicoperands;4
C05.txt;risk weighted exposure;economicoperands;1
C05.txt;risk weighted amounts;economicoperands;2
C05.txt;capital instruments;economicoperands;2
C05.txt;insurance companies;economicoperands;2
C05.txt;within the scope of;logicalconnectors;4
C05.txt;in accordance with;logicalconnectors;9
C05.txt;paragraphs 2 and 3;legalreferences;1
C05.txt;tier 2 instruments;economicoperands;2
C05.txt;additional tier 1;economicoperands;1
C05.txt;as referred to in;logicalconnectors;3
C05.txt;take into account;regulatoryoperators;1
C05.txt;article 494b crr;legalreferences;5
C05.txt;financial sector;economicoperands;2
C05.txt;479 and 480 crr;legalreferences;2
C05.txt;article 486 crr;legalreferences;3
C05.txt;article 490 crr;legalreferences;4
C05.txt;article 491 crr;legalreferences;6
C05.txt;exposure amount;economicoperands;3
C05.txt;tax liabilities;economicoperands;1
C05.txt;article 38 crr;legalreferences;1
C05.txt;article 52 crr;legalreferences;6
C05.txt;article 63 crr;legalreferences;16
C05.txt;be reported as;regulatoryoperators;1
C05.txt;be reported in;regulatoryoperators;8
C05.txt;grand fathered;economicoperands;1
C05.txt;grandfathering;economicoperands;3
C05.txt;in the case of;logicalconnectors;1
C05.txt;referred to in;functionwords;1
C05.txt;reporting date;economicoperands;8
C05.txt;t2 instruments;economicoperands;1
C05.txt;transitionally;economicoperands;1
C05.txt;contractually;economicoperands;2
C05.txt;grandfathered;economicoperands;21
C05.txt;profitability;economicoperands;7
C05.txt;share premium;economicoperands;11
C05.txt;transposition;regulatoryoperators;1
C05.txt;additionally;mathematicaloperators;4
C05.txt;arrangements;economicoperands;4
C05.txt;consolidated;economicoperands;9
C05.txt;constituting;logicalconnectors;3
C05.txt;deduction of;mathematicaloperators;2
C05.txt;deferred tax;economicoperands;8
C05.txt;institutions;economicoperands;12
C05.txt;instructions;regulatoryoperators;2
C05.txt;insufficient;attributes;1
C05.txt;laid down in;economicoperands;2
C05.txt;requirements;regulatoryoperators;1
C05.txt;subsidiaries;economicoperands;1
C05.txt;transitional;economicoperands;29
C05.txt;adjustments;mathematicaloperators;27
C05.txt;application;economicoperands;2
C05.txt;authorities;economicoperands;2
C05.txt;calculating;economicoperands;1
C05.txt;compared to;logicalconnectors;1
C05.txt;consequence;functionwords;2
C05.txt;constituing;logicalconnectors;2
C05.txt;credit risk;economicoperands;1
C05.txt;determining;regulatoryoperators;1
C05.txt;differences;mathematicaloperators;7
C05.txt;eligibility;economicoperands;9
C05.txt;enforceable;economicoperands;2
C05.txt;equivalents;logicalconnectors;2
C05.txt;exercisable;economicoperands;12
C05.txt;governments;economicoperands;3
C05.txt;information;economicoperands;6
C05.txt;institution;economicoperands;3
C05.txt;instruments;economicoperands;58
C05.txt;pursuant to;functionwords;2
C05.txt;recognition;economicoperands;6
C05.txt;relating to;logicalconnectors;2
C05.txt;relevant to;logicalconnectors;1
C05.txt;significant;attributes;2
C05.txt;additional;mathematicaloperators;5
C05.txt;applicable;logicalconnectors;16
C05.txt;calculated;economicoperands;1
C05.txt;components;economicoperands;1
C05.txt;concerning;logicalconnectors;2
C05.txt;conditions;economicoperands;8
C05.txt;conversion;economicoperands;4
C05.txt;deductions;mathematicaloperators;10
C05.txt;in case of;logicalconnectors;3
C05.txt;instrument;economicoperands;1
C05.txt;investment;economicoperands;2
C05.txt;memorandum;legalreferences;10
C05.txt;multiplied;mathematicaloperators;1
C05.txt;paragraphs;legalreferences;4
C05.txt;percentage;mathematicaloperators;7
C05.txt;provisions;economicoperands;28
C05.txt;qualifying;economicoperands;5
C05.txt;regulation;economicoperands;1
C05.txt;respective;logicalconnectors;4
C05.txt;subject to;logicalconnectors;10
C05.txt;treated as;regulatoryoperators;2
C05.txt;unrealised;economicoperands;4
C05.txt;adjusting;mathematicaloperators;1
C05.txt;amount of;mathematicaloperators;9
C05.txt;available;economicoperands;1
C05.txt;calculate;economicoperands;1
C05.txt;component;economicoperands;6
C05.txt;deduction;mathematicaloperators;1
C05.txt;dependent;economicoperands;4
C05.txt;different;mathematicaloperators;3
C05.txt;directive;legalreferences;4
C05.txt;effective;other;14
C05.txt;exemption;regulatoryoperators;2
C05.txt;exposures;economicoperands;2
C05.txt;impact of;economicoperands;6
C05.txt;incentive;economicoperands;8
C05.txt;including;logicalconnectors;1
C05.txt;interests;economicoperands;8
C05.txt;mandatory;regulatoryoperators;2
C05.txt;mentioned;functionwords;1
C05.txt;positions;economicoperands;2
C05.txt;qualified;economicoperands;6
C05.txt;reduction;mathematicaloperators;1
C05.txt;regarding;logicalconnectors;1
C05.txt;represent;economicoperands;1
C05.txt;templates;legalreferences;1
C05.txt;temporary;attributes;7
C05.txt;threshold;economicoperands;1
C05.txt;accounts;economicoperands;8
C05.txt;applying;logicalconnectors;1
C05.txt;articles;legalreferences;15
C05.txt;consider;logicalconnectors;1
C05.txt;criteria;economicoperands;9
C05.txt;deducted;mathematicaloperators;1
C05.txt;deferred;economicoperands;1
C05.txt;directly;attributes;1
C05.txt;eligible;economicoperands;12
C05.txt;entities;economicoperands;2
C05.txt;equal to;logicalconnectors;1
C05.txt;exercise;economicoperands;4
C05.txt;expected;economicoperands;2
C05.txt;governed;economicoperands;2
C05.txt;holdings;economicoperands;2
C05.txt;included;logicalconnectors;6
C05.txt;includes;logicalconnectors;2
C05.txt;maturity;economicoperands;12
C05.txt;measures;economicoperands;1
C05.txt;minority;economicoperands;8
C05.txt;national;economicoperands;1
C05.txt;observed;economicoperands;1
C05.txt;obtained;economicoperands;1
C05.txt;of which;logicalconnectors;8
C05.txt;premiums;economicoperands;1
C05.txt;reflects;economicoperands;6
C05.txt;regional;economicoperands;2
C05.txt;relation;economicoperands;2
C05.txt;relevant;attributes;2
C05.txt;reported;economicoperands;14
C05.txt;required;regulatoryoperators;4
C05.txt;reserves;economicoperands;1
C05.txt;sections;legalreferences;1
C05.txt;specific;functionwords;2
C05.txt;starting;economicoperands;2
C05.txt;stemming;economicoperands;1
C05.txt;template;legalreferences;5
C05.txt;title ii;legalreferences;3
C05.txt;title iv;legalreferences;2
C05.txt;vehicles;economicoperands;2
C05.txt;amounts;mathematicaloperators;8
C05.txt;arising;economicoperands;2
C05.txt;article;legalreferences;72
C05.txt;capital;economicoperands;6
C05.txt;capture;economicoperands;1
C05.txt;central;economicoperands;2
C05.txt;certain;economicoperands;2
C05.txt;chapter;legalreferences;2
C05.txt;columns;legalreferences;3
C05.txt;country;economicoperands;2
C05.txt;derived;economicoperands;1
C05.txt;dynamic;economicoperands;4
C05.txt;effects;economicoperands;3
C05.txt;exceeds;mathematicaloperators;4
C05.txt;figures;economicoperands;1
C05.txt;filters;logicalconnectors;6
C05.txt;formula;economicoperands;1
C05.txt;include;logicalconnectors;12
C05.txt;legally;economicoperands;2
C05.txt;lossess;economicoperands;1
C05.txt;netting;economicoperands;4
C05.txt;onwards;economicoperands;1
C05.txt;overall;logicalconnectors;5
C05.txt;part of;logicalconnectors;1
C05.txt;purpose;economicoperands;2
C05.txt;qualify;economicoperands;2
C05.txt;reflect;economicoperands;1
C05.txt;related;logicalconnectors;14
C05.txt;results;economicoperands;1
C05.txt;set-off;economicoperands;4
C05.txt;several;attributes;1
C05.txt;special;economicoperands;2
C05.txt;through;functionwords;2
C05.txt;version;economicoperands;1
C05.txt;whereas;logicalconnectors;2
C05.txt;without;logicalconnectors;15
C05.txt;amount;mathematicaloperators;38
C05.txt;assets;economicoperands;8
C05.txt;before;logicalconnectors;2
C05.txt;column;legalreferences;10
C05.txt;direct;economicoperands;2
C05.txt;due to;logicalconnectors;4
C05.txt;effect;economicoperands;8
C05.txt;equity;economicoperands;2
C05.txt;exceed;mathematicaloperators;1
C05.txt;excess;mathematicaloperators;6
C05.txt;future;economicoperands;7
C05.txt;govern;economicoperands;1
C05.txt;ifrs 9;legalreferences;4
C05.txt;issued;economicoperands;5
C05.txt;limits;regulatoryoperators;3
C05.txt;losses;economicoperands;5
C05.txt;period;economicoperands;4
C05.txt;points;economicoperands;10
C05.txt;powers;economicoperands;6
C05.txt;redeem;economicoperands;8
C05.txt;report;economicoperands;11
C05.txt;static;economicoperands;2
C05.txt;sum of;mathematicaloperators;3
C05.txt;about;functionwords;3
C05.txt;above;functionwords;1
C05.txt;after;logicalconnectors;20
C05.txt;arise;economicoperands;7
C05.txt;basis;economicoperands;1
C05.txt;cases;economicoperands;1
C05.txt;cells;legalreferences;1
C05.txt;cet 1;economicoperands;2
C05.txt;final;economicoperands;1
C05.txt;funds;economicoperands;9
C05.txt;gains;economicoperands;4
C05.txt;has a;functionwords;2
C05.txt;items;other;20
C05.txt;legal;economicoperands;1
C05.txt;limit;regulatoryoperators;16
C05.txt;local;economicoperands;2
C05.txt;means;other;1
C05.txt;might;regulatoryoperators;1
C05.txt;other;logicalconnectors;2
C05.txt;point;economicoperands;27
C05.txt;prior;economicoperands;6
C05.txt;shall;regulatoryoperators;38
C05.txt;share;economicoperands;1
C05.txt;shown;other;1
C05.txt;state;economicoperands;5
C05.txt;their;functionwords;1
C05.txt;there;functionwords;2
C05.txt;these;functionwords;1
C05.txt;third;attributes;2
C05.txt;those;functionwords;4
C05.txt;three;attributes;4
C05.txt;total;mathematicaloperators;13
C05.txt;types;economicoperands;3
C05.txt;under;functionwords;1
C05.txt;until;logicalconnectors;1
C05.txt;using;economicoperands;1
C05.txt;where;logicalconnectors;3
C05.txt;which;functionwords;13
C05.txt;write;economicoperands;4
C05.txt;2020;attributes;1
C05.txt;also;logicalconnectors;3
C05.txt;base;economicoperands;3
C05.txt;brrd;legalreferences;6
C05.txt;call;economicoperands;16
C05.txt;cet1;economicoperands;12
C05.txt;code;economicoperands;5
C05.txt;date;economicoperands;12
C05.txt;debt;economicoperands;2
C05.txt;down;functionwords;4
C05.txt;each;logicalconnectors;2
C05.txt;from;functionwords;19
C05.txt;have;functionwords;2
C05.txt;item;other;12
C05.txt;july;attributes;4
C05.txt;june;attributes;3
C05.txt;link;economicoperands;14
C05.txt;meet;economicoperands;17
C05.txt;only;logicalconnectors;1
C05.txt;over;mathematicaloperators;1
C05.txt;part;functionwords;6
C05.txt;plus;functionwords;5
C05.txt;rely;economicoperands;3
C05.txt;risk;economicoperands;3
C05.txt;rows;economicoperands;11
C05.txt;that;functionwords;30
C05.txt;this;functionwords;16
C05.txt;upon;other;2
C05.txt;when;logicalconnectors;1
C05.txt;with;functionwords;18
C05.txt;154;legalreferences;2
C05.txt;a 2;other;3
C05.txt;a 4;other;3
C05.txt;aid;economicoperands;5
C05.txt;and;logicalconnectors;84
C05.txt;any;logicalconnectors;1
C05.txt;are;functionwords;9
C05.txt;at1;economicoperands;11
C05.txt;can;regulatoryoperators;3
C05.txt;crr;legalreferences;50
C05.txt;for;functionwords;20
C05.txt;i.e;functionwords;1
C05.txt;irb;economicoperands;7
C05.txt;law;economicoperands;2
C05.txt;may;regulatoryoperators;2
C05.txt;net;economicoperands;2
C05.txt;not;logicalconnectors;29
C05.txt;old;economicoperands;2
C05.txt;one;attributes;1
C05.txt;own;functionwords;9
C05.txt;row;economicoperands;15
C05.txt;the;functionwords;170
C05.txt;two;attributes;2
C05.txt;10;attributes;1
C05.txt;12;attributes;2
C05.txt;13;legalreferences;1
C05.txt;16;legalreferences;1
C05.txt;19;legalreferences;1
C05.txt;20;attributes;4
C05.txt;21;legalreferences;1
C05.txt;22;legalreferences;1
C05.txt;23;attributes;1
C05.txt;24;legalreferences;1
C05.txt;25;attributes;1
C05.txt;27;legalreferences;2
C05.txt;31;attributes;1
C05.txt;36;legalreferences;2
C05.txt;48;legalreferences;7
C05.txt;49;legalreferences;1
C05.txt;an;functionwords;7
C05.txt;as;logicalconnectors;21
C05.txt;be;functionwords;27
C05.txt;by;functionwords;7
C05.txt;do;functionwords;22
C05.txt;if;logicalconnectors;2
C05.txt;in;functionwords;44
C05.txt;is;functionwords;2
C05.txt;it;functionwords;1
C05.txt;of;functionwords;137
C05.txt;on;functionwords;20
C05.txt;or;logicalconnectors;38
C05.txt;sa;economicoperands;6
C05.txt;t1;economicoperands;1
C05.txt;t2;economicoperands;7
C05.txt;to;functionwords;75
C05.txt;1;attributes;34
C05.txt;2;attributes;14
C05.txt;3;attributes;10
C05.txt;4;attributes;5
C05.txt;5;attributes;12
C05.txt;6;attributes;2
C05.txt;8;attributes;2
C05.txt;9;attributes;2
