F17.txt;non-trading financial assets;economicoperands;2
F17.txt;national gaap compatible;legalreferences;9
F17.txt;trading financial assets;economicoperands;1
F17.txt;debt securities issued;economicoperands;8
F17.txt;financial corporations;economicoperands;1
F17.txt;comprehensive income;economicoperands;4
F17.txt;financial guarantees;economicoperands;4
F17.txt;financial statements;economicoperands;1
F17.txt;insurance contracts;economicoperands;3
F17.txt;equity instruments;economicoperands;14
F17.txt;interest rate risk;economicoperands;4
F17.txt;under the scope of;logicalconnectors;1
F17.txt;at amortised cost;economicoperands;4
F17.txt;cost-based method;economicoperands;2
F17.txt;intangible assets;economicoperands;4
F17.txt;off-balance sheet;economicoperands;5
F17.txt;retained earnings;economicoperands;2
F17.txt;financial assets;economicoperands;12
F17.txt;hedge accounting;economicoperands;4
F17.txt;held for trading;economicoperands;4
F17.txt;loan commitments;economicoperands;4
F17.txt;attributable to;functionwords;2
F17.txt;carrying amount;economicoperands;14
F17.txt;debt securities;economicoperands;15
F17.txt;demand deposits;economicoperands;4
F17.txt;disposal groups;economicoperands;4
F17.txt;loss accounting;economicoperands;2
F17.txt;nominal amounts;economicoperands;1
F17.txt;portfolio hedge;economicoperands;4
F17.txt;tangible assets;economicoperands;2
F17.txt;tax liabilities;economicoperands;6
F17.txt;treasury shares;economicoperands;2
F17.txt;joint ventures;economicoperands;4
F17.txt;nominal amount;economicoperands;2
F17.txt;profit or loss;economicoperands;7
F17.txt;reconciliation;economicoperands;3
F17.txt;at fair value;economicoperands;12
F17.txt;balance sheet;economicoperands;2
F17.txt;cash balances;economicoperands;4
F17.txt;central banks;economicoperands;4
F17.txt;classified as;regulatoryoperators;2
F17.txt;consolidation;economicoperands;23
F17.txt;held for sale;economicoperands;4
F17.txt;national gaap;legalreferences;9
F17.txt;share premium;economicoperands;2
F17.txt;consolidated;economicoperands;1
F17.txt;deferred tax;economicoperands;2
F17.txt;hedged items;economicoperands;4
F17.txt;institutions;economicoperands;1
F17.txt;subsidiaries;economicoperands;5
F17.txt;undertakings;economicoperands;1
F17.txt;accumulated;economicoperands;2
F17.txt;commitments;economicoperands;4
F17.txt;controlling;economicoperands;2
F17.txt;derivatives;economicoperands;10
F17.txt;differences;mathematicaloperators;1
F17.txt;investments;economicoperands;3
F17.txt;liabilities;economicoperands;39
F17.txt;mandatorily;regulatoryoperators;2
F17.txt;reinsurance;economicoperands;9
F17.txt;revaluation;economicoperands;2
F17.txt;subsidaries;economicoperands;2
F17.txt;accounting;economicoperands;41
F17.txt;appendix a;legalreferences;5
F17.txt;as well as;logicalconnectors;2
F17.txt;associates;economicoperands;4
F17.txt;derivative;economicoperands;5
F17.txt;designated;regulatoryoperators;4
F17.txt;fair value;economicoperands;5
F17.txt;other than;logicalconnectors;2
F17.txt;provisions;economicoperands;2
F17.txt;references;functionwords;24
F17.txt;contracts;economicoperands;5
F17.txt;directive;legalreferences;22
F17.txt;dividends;economicoperands;2
F17.txt;exposures;economicoperands;5
F17.txt;financial;economicoperands;16
F17.txt;including;logicalconnectors;1
F17.txt;insurance;economicoperands;6
F17.txt;interests;economicoperands;4
F17.txt;positions;economicoperands;3
F17.txt;repayable;economicoperands;2
F17.txt;advances;economicoperands;15
F17.txt;annex v.;legalreferences;139
F17.txt;based on;other;9
F17.txt;deferred;economicoperands;2
F17.txt;deposits;economicoperands;8
F17.txt;goodwill;economicoperands;2
F17.txt;haircuts;economicoperands;2
F17.txt;included;logicalconnectors;2
F17.txt;measured;economicoperands;6
F17.txt;minority;economicoperands;2
F17.txt;prepared;economicoperands;1
F17.txt;reserves;economicoperands;5
F17.txt;template;legalreferences;1
F17.txt;account;economicoperands;1
F17.txt;annex i;legalreferences;9
F17.txt;annex v;legalreferences;2
F17.txt;article;legalreferences;5
F17.txt;between;functionwords;3
F17.txt;capital;economicoperands;6
F17.txt;changes;economicoperands;4
F17.txt;current;attributes;6
F17.txt;include;logicalconnectors;4
F17.txt;interim;economicoperands;2
F17.txt;related;logicalconnectors;1
F17.txt;that is;logicalconnectors;1
F17.txt;through;functionwords;9
F17.txt;trading;economicoperands;8
F17.txt;assets;economicoperands;30
F17.txt;demand;economicoperands;2
F17.txt;equity;economicoperands;10
F17.txt;ifrs 4;legalreferences;6
F17.txt;ifrs 9;legalreferences;12
F17.txt;issued;economicoperands;4
F17.txt;method;economicoperands;1
F17.txt;owners;economicoperands;2
F17.txt;parent;economicoperands;2
F17.txt;profit;economicoperands;2
F17.txt;valued;economicoperands;2
F17.txt;annex;legalreferences;24
F17.txt;ceded;economicoperands;1
F17.txt;first;attributes;1
F17.txt;fully;economicoperands;1
F17.txt;given;functionwords;8
F17.txt;loans;economicoperands;15
F17.txt;other;logicalconnectors;31
F17.txt;scope;economicoperands;20
F17.txt;shall;regulatoryoperators;5
F17.txt;share;economicoperands;2
F17.txt;short;economicoperands;3
F17.txt;their;functionwords;1
F17.txt;total;mathematicaloperators;8
F17.txt;under;functionwords;8
F17.txt;using;economicoperands;2
F17.txt;cash;economicoperands;4
F17.txt;clas;other;2
F17.txt;hand;economicoperands;2
F17.txt;ifrs;legalreferences;59
F17.txt;item;other;1
F17.txt;non-;logicalconnectors;13
F17.txt;part;functionwords;182
F17.txt;same;logicalconnectors;1
F17.txt;that;functionwords;1
F17.txt;this;functionwords;1
F17.txt;100;attributes;3
F17.txt;105;legalreferences;6
F17.txt;106;legalreferences;3
F17.txt;108;legalreferences;3
F17.txt;113;legalreferences;6
F17.txt;115;legalreferences;6
F17.txt;209;legalreferences;3
F17.txt;210;attributes;4
F17.txt;211;legalreferences;1
F17.txt;212;legalreferences;1
F17.txt;all;logicalconnectors;1
F17.txt;and;logicalconnectors;43
F17.txt;any;logicalconnectors;1
F17.txt;are;functionwords;2
F17.txt;bad;economicoperands;32
F17.txt;crr;legalreferences;37
F17.txt;ecb;economicoperands;17
F17.txt;for;functionwords;3
F17.txt;iii;legalreferences;3
F17.txt;non;logicalconnectors;2
F17.txt;not;logicalconnectors;1
F17.txt;tax;economicoperands;4
F17.txt;the;functionwords;14
F17.txt;10;attributes;4
F17.txt;11;legalreferences;2
F17.txt;12;attributes;3
F17.txt;13;legalreferences;2
F17.txt;14;legalreferences;3
F17.txt;16;legalreferences;1
F17.txt;17;legalreferences;5
F17.txt;18;legalreferences;1
F17.txt;19;legalreferences;4
F17.txt;22;legalreferences;4
F17.txt;24;legalreferences;2
F17.txt;27;legalreferences;2
F17.txt;28;legalreferences;8
F17.txt;32;legalreferences;5
F17.txt;35;attributes;1
F17.txt;36;legalreferences;3
F17.txt;39;legalreferences;6
F17.txt;41;legalreferences;8
F17.txt;as;logicalconnectors;4
F17.txt;at;functionwords;6
F17.txt;if;logicalconnectors;1
F17.txt;ii;legalreferences;7
F17.txt;in;functionwords;12
F17.txt;of;functionwords;32
F17.txt;on;functionwords;4
F17.txt;or;logicalconnectors;2
F17.txt;to;functionwords;2
F17.txt;vi;legalreferences;2
F17.txt;1;attributes;39
F17.txt;2;attributes;26
F17.txt;3;attributes;6
F17.txt;4;attributes;39
F17.txt;5;attributes;10
F17.txt;6;attributes;18
F17.txt;7;attributes;4
F17.txt;8;attributes;19
F17.txt;9;attributes;4
