F02-03.txt;interest income and expenses;economicoperands;3
F02-03.txt;non-trading financial assets;economicoperands;9
F02-03.txt;reporting reference period;economicoperands;2
F02-03.txt;fee and commission income;economicoperands;2
F02-03.txt;national gaap compatible;legalreferences;9
F02-03.txt;non-controlling interest;economicoperands;2
F02-03.txt;trading financial assets;economicoperands;1
F02-03.txt;discontinued operations;economicoperands;9
F02-03.txt;this part of this annex;legalreferences;1
F02-03.txt;accounting portfolios;economicoperands;1
F02-03.txt;financial instruments;economicoperands;7
F02-03.txt;regardless of whether;logicalconnectors;1
F02-03.txt;accounting portfolio;economicoperands;3
F02-03.txt;comprehensive income;economicoperands;45
F02-03.txt;financial guarantees;economicoperands;1
F02-03.txt;financial instrument;economicoperands;2
F02-03.txt;non-financial assets;economicoperands;6
F02-03.txt;accounting standard;economicoperands;1
F02-03.txt;hedging derivatives;economicoperands;2
F02-03.txt;hedging instruments;economicoperands;6
F02-03.txt;insurance contracts;economicoperands;1
F02-03.txt;under national gaap;legalreferences;3
F02-03.txt;credit derivatives;economicoperands;2
F02-03.txt;difference between;mathematicaloperators;1
F02-03.txt;equity instruments;economicoperands;15
F02-03.txt;hedging derivative;economicoperands;1
F02-03.txt;hedging instrument;economicoperands;3
F02-03.txt;in accordance with;logicalconnectors;7
F02-03.txt;interest rate risk;economicoperands;7
F02-03.txt;at amortised cost;economicoperands;12
F02-03.txt;equity instrument;economicoperands;2
F02-03.txt;forward contracts;economicoperands;1
F02-03.txt;intangible assets;economicoperands;6
F02-03.txt;minority interest;economicoperands;4
F02-03.txt;reclassifications;regulatoryoperators;17
F02-03.txt;recognised income;economicoperands;4
F02-03.txt;carrying amounts;economicoperands;1
F02-03.txt;creditworthiness;economicoperands;1
F02-03.txt;debt instruments;economicoperands;6
F02-03.txt;financial assets;economicoperands;51
F02-03.txt;foreign currency;economicoperands;3
F02-03.txt;foreign exchange;economicoperands;2
F02-03.txt;guarantees given;economicoperands;3
F02-03.txt;hedge accounting;economicoperands;16
F02-03.txt;held for trading;economicoperands;18
F02-03.txt;is designated as;regulatoryoperators;1
F02-03.txt;operating income;economicoperands;4
F02-03.txt;reclassification;regulatoryoperators;5
F02-03.txt;attributable to;functionwords;10
F02-03.txt;carrying amount;economicoperands;6
F02-03.txt;cash flow hedge;economicoperands;1
F02-03.txt;defined benefit;economicoperands;4
F02-03.txt;demand deposits;economicoperands;1
F02-03.txt;disposal groups;economicoperands;10
F02-03.txt;financial asset;economicoperands;7
F02-03.txt;ineffectiveness;attributes;2
F02-03.txt;interest income;economicoperands;19
F02-03.txt;irrespective of;logicalconnectors;1
F02-03.txt;loss accounting;economicoperands;1
F02-03.txt;net investments;economicoperands;4
F02-03.txt;tangible assets;economicoperands;2
F02-03.txt;vertical layout;other;32
F02-03.txt;administrative;economicoperands;4
F02-03.txt;amortised cost;economicoperands;3
F02-03.txt;at the date of;logicalconnectors;1
F02-03.txt;be reported as;regulatoryoperators;3
F02-03.txt;be reported in;regulatoryoperators;12
F02-03.txt;broken down by;mathematicaloperators;1
F02-03.txt;in relation to;logicalconnectors;4
F02-03.txt;in the case of;logicalconnectors;1
F02-03.txt;in the form of;logicalconnectors;2
F02-03.txt;joint ventures;economicoperands;20
F02-03.txt;loss allowance;economicoperands;1
F02-03.txt;net investment;economicoperands;3
F02-03.txt;profit or loss;economicoperands;81
F02-03.txt;proportionally;mathematicaloperators;1
F02-03.txt;specifications;economicoperands;1
F02-03.txt;staff expenses;economicoperands;2
F02-03.txt;as defined in;logicalconnectors;1
F02-03.txt;at fair value;economicoperands;72
F02-03.txt;at the end of;logicalconnectors;1
F02-03.txt;cash balances;economicoperands;1
F02-03.txt;central banks;economicoperands;1
F02-03.txt;classified as;regulatoryoperators;9
F02-03.txt;consolidation;economicoperands;3
F02-03.txt;contributions;economicoperands;4
F02-03.txt;credit losses;economicoperands;2
F02-03.txt;derecognition;economicoperands;18
F02-03.txt;equity method;economicoperands;9
F02-03.txt;extraordinary;attributes;2
F02-03.txt;held for sale;economicoperands;12
F02-03.txt;in particular;logicalconnectors;1
F02-03.txt;interest rate;economicoperands;2
F02-03.txt;modifications;economicoperands;1
F02-03.txt;national gaap;legalreferences;9
F02-03.txt;pension plans;economicoperands;2
F02-03.txt;according to;regulatoryoperators;1
F02-03.txt;consistently;attributes;1
F02-03.txt;consolidated;economicoperands;1
F02-03.txt;contribution;economicoperands;1
F02-03.txt;depreciation;economicoperands;2
F02-03.txt;derecognised;economicoperands;2
F02-03.txt;discontinued;economicoperands;2
F02-03.txt;except where;logicalconnectors;1
F02-03.txt;hedged items;economicoperands;7
F02-03.txt;institutions;economicoperands;1
F02-03.txt;modification;economicoperands;5
F02-03.txt;net position;economicoperands;1
F02-03.txt;paragraph 11;legalreferences;1
F02-03.txt;provisioning;economicoperands;1
F02-03.txt;reclassified;regulatoryoperators;18
F02-03.txt;respectively;logicalconnectors;2
F02-03.txt;subsidiaries;economicoperands;16
F02-03.txt;under ifrs 5;legalreferences;2
F02-03.txt;accumulated;economicoperands;4
F02-03.txt;application;economicoperands;1
F02-03.txt;apportioned;economicoperands;1
F02-03.txt;commitments;economicoperands;8
F02-03.txt;contractual;economicoperands;1
F02-03.txt;controlling;economicoperands;2
F02-03.txt;credit risk;economicoperands;7
F02-03.txt;derivatives;economicoperands;8
F02-03.txt;designation;regulatoryoperators;1
F02-03.txt;differences;mathematicaloperators;3
F02-03.txt;hedged item;economicoperands;6
F02-03.txt;in the same;logicalconnectors;1
F02-03.txt;ineffective;attributes;1
F02-03.txt;institution;economicoperands;2
F02-03.txt;instruments;economicoperands;6
F02-03.txt;investments;economicoperands;23
F02-03.txt;liabilities;economicoperands;40
F02-03.txt;mandatorily;regulatoryoperators;7
F02-03.txt;measurement;mathematicaloperators;10
F02-03.txt;receivables;economicoperands;2
F02-03.txt;relating to;logicalconnectors;6
F02-03.txt;subsidaries;economicoperands;4
F02-03.txt;time-period;economicoperands;1
F02-03.txt;transaction;economicoperands;1
F02-03.txt;transferred;economicoperands;19
F02-03.txt;translation;economicoperands;5
F02-03.txt;written-off;economicoperands;1
F02-03.txt;accounting;economicoperands;3
F02-03.txt;allowances;economicoperands;3
F02-03.txt;appendix a;legalreferences;5
F02-03.txt;applicable;logicalconnectors;3
F02-03.txt;as well as;logicalconnectors;5
F02-03.txt;associates;economicoperands;20
F02-03.txt;cash flows;economicoperands;2
F02-03.txt;categories;economicoperands;1
F02-03.txt;classified;regulatoryoperators;4
F02-03.txt;commission;economicoperands;2
F02-03.txt;commitment;economicoperands;3
F02-03.txt;components;economicoperands;1
F02-03.txt;considered;logicalconnectors;1
F02-03.txt;continuing;economicoperands;6
F02-03.txt;cumulative;mathematicaloperators;2
F02-03.txt;designated;regulatoryoperators;17
F02-03.txt;determined;regulatoryoperators;1
F02-03.txt;fair value;economicoperands;24
F02-03.txt;guarantees;economicoperands;2
F02-03.txt;impairment;economicoperands;34
F02-03.txt;income tax;economicoperands;6
F02-03.txt;investment;economicoperands;5
F02-03.txt;offsetting;economicoperands;1
F02-03.txt;operations;economicoperands;13
F02-03.txt;other than;logicalconnectors;6
F02-03.txt;previously;logicalconnectors;4
F02-03.txt;properties;economicoperands;4
F02-03.txt;provisions;economicoperands;12
F02-03.txt;qualifying;economicoperands;4
F02-03.txt;recognised;economicoperands;7
F02-03.txt;recoveries;economicoperands;1
F02-03.txt;reduced by;mathematicaloperators;1
F02-03.txt;references;functionwords;23
F02-03.txt;reflecting;economicoperands;1
F02-03.txt;regulatory;economicoperands;2
F02-03.txt;resolution;economicoperands;6
F02-03.txt;respective;logicalconnectors;1
F02-03.txt;separately;economicoperands;2
F02-03.txt;treated as;regulatoryoperators;1
F02-03.txt;under ifrs;legalreferences;7
F02-03.txt;accounted;economicoperands;9
F02-03.txt;actuarial;economicoperands;2
F02-03.txt;adjusting;mathematicaloperators;2
F02-03.txt;amount of;mathematicaloperators;3
F02-03.txt;balancing;economicoperands;1
F02-03.txt;breakdown;mathematicaloperators;11
F02-03.txt;cash flow;economicoperands;5
F02-03.txt;component;economicoperands;1
F02-03.txt;decreases;mathematicaloperators;1
F02-03.txt;depending;logicalconnectors;1
F02-03.txt;different;mathematicaloperators;2
F02-03.txt;directive;legalreferences;2
F02-03.txt;dividends;economicoperands;4
F02-03.txt;effective;other;8
F02-03.txt;encompass;logicalconnectors;1
F02-03.txt;equipment;economicoperands;4
F02-03.txt;estimated;mathematicaloperators;1
F02-03.txt;financial;economicoperands;13
F02-03.txt;following;other;3
F02-03.txt;generated;economicoperands;1
F02-03.txt;guarantee;economicoperands;6
F02-03.txt;impact of;economicoperands;1
F02-03.txt;including;logicalconnectors;4
F02-03.txt;increases;mathematicaloperators;2
F02-03.txt;interests;economicoperands;4
F02-03.txt;liability;economicoperands;1
F02-03.txt;no longer;attributes;1
F02-03.txt;operating;economicoperands;2
F02-03.txt;operation;economicoperands;1
F02-03.txt;otherwise;logicalconnectors;2
F02-03.txt;paragraph;legalreferences;2
F02-03.txt;positions;economicoperands;2
F02-03.txt;provision;economicoperands;1
F02-03.txt;qualified;economicoperands;1
F02-03.txt;repayable;economicoperands;2
F02-03.txt;reporting;economicoperands;1
F02-03.txt;statement;economicoperands;11
F02-03.txt;therefore;logicalconnectors;2
F02-03.txt;transfers;economicoperands;1
F02-03.txt;valuation;economicoperands;10
F02-03.txt;variation;economicoperands;3
F02-03.txt;write-off;economicoperands;1
F02-03.txt;annex v.;legalreferences;103
F02-03.txt;appendix;economicoperands;4
F02-03.txt;approach;economicoperands;1
F02-03.txt;based on;other;9
F02-03.txt;business;economicoperands;1
F02-03.txt;category;economicoperands;13
F02-03.txt;contract;economicoperands;1
F02-03.txt;directly;attributes;2
F02-03.txt;dividend;economicoperands;8
F02-03.txt;economic;economicoperands;1
F02-03.txt;elements;economicoperands;4
F02-03.txt;entities;economicoperands;3
F02-03.txt;exchange;economicoperands;3
F02-03.txt;expected;economicoperands;3
F02-03.txt;expenses;economicoperands;20
F02-03.txt;goodwill;economicoperands;5
F02-03.txt;included;logicalconnectors;4
F02-03.txt;interest;economicoperands;17
F02-03.txt;lifetime;economicoperands;1
F02-03.txt;measured;economicoperands;37
F02-03.txt;mismatch;economicoperands;1
F02-03.txt;modified;other;1
F02-03.txt;negative;mathematicaloperators;6
F02-03.txt;occasion;economicoperands;1
F02-03.txt;occurred;economicoperands;1
F02-03.txt;on-going;economicoperands;1
F02-03.txt;ordinary;attributes;1
F02-03.txt;payments;economicoperands;1
F02-03.txt;positive;economicoperands;2
F02-03.txt;property;economicoperands;4
F02-03.txt;provided;logicalconnectors;2
F02-03.txt;recorded;economicoperands;1
F02-03.txt;relevant;attributes;1
F02-03.txt;reported;economicoperands;11
F02-03.txt;reversal;economicoperands;18
F02-03.txt;separate;economicoperands;1
F02-03.txt;template;legalreferences;1
F02-03.txt;transfer;economicoperands;1
F02-03.txt;amounts;mathematicaloperators;13
F02-03.txt;annex v;legalreferences;10
F02-03.txt;applied;logicalconnectors;2
F02-03.txt;arising;economicoperands;3
F02-03.txt;banking;economicoperands;1
F02-03.txt;because;logicalconnectors;1
F02-03.txt;capital;economicoperands;2
F02-03.txt;changes;economicoperands;17
F02-03.txt;charges;economicoperands;1
F02-03.txt;classes;other;2
F02-03.txt;correct;economicoperands;2
F02-03.txt;current;attributes;26
F02-03.txt;deposit;economicoperands;6
F02-03.txt;derived;economicoperands;1
F02-03.txt;example;economicoperands;4
F02-03.txt;expense;economicoperands;20
F02-03.txt;follows;other;1
F02-03.txt;foreign;economicoperands;7
F02-03.txt;forward;economicoperands;1
F02-03.txt;general;functionwords;1
F02-03.txt;hedging;economicoperands;1
F02-03.txt;include;logicalconnectors;34
F02-03.txt;initial;economicoperands;3
F02-03.txt;measure;economicoperands;1
F02-03.txt;methods;economicoperands;2
F02-03.txt;options;economicoperands;4
F02-03.txt;part of;logicalconnectors;4
F02-03.txt;parties;economicoperands;1
F02-03.txt;passage;economicoperands;1
F02-03.txt;payment;economicoperands;5
F02-03.txt;portion;economicoperands;6
F02-03.txt;present;economicoperands;2
F02-03.txt;reflect;economicoperands;1
F02-03.txt;related;logicalconnectors;14
F02-03.txt;reserve;economicoperands;3
F02-03.txt;schemes;economicoperands;6
F02-03.txt;that is;logicalconnectors;1
F02-03.txt;through;functionwords;75
F02-03.txt;without;logicalconnectors;2
F02-03.txt;written;economicoperands;1
F02-03.txt;affect;economicoperands;1
F02-03.txt;amount;mathematicaloperators;3
F02-03.txt;assets;economicoperands;17
F02-03.txt;before;logicalconnectors;6
F02-03.txt;change;economicoperands;6
F02-03.txt;debtor;economicoperands;1
F02-03.txt;demand;economicoperands;2
F02-03.txt;due to;logicalconnectors;6
F02-03.txt;during;logicalconnectors;1
F02-03.txt;either;logicalconnectors;2
F02-03.txt;entity;economicoperands;1
F02-03.txt;equity;economicoperands;13
F02-03.txt;exceed;mathematicaloperators;1
F02-03.txt;hedged;economicoperands;4
F02-03.txt;hedges;economicoperands;13
F02-03.txt;ias 37;legalreferences;4
F02-03.txt;ifrs 4;legalreferences;3
F02-03.txt;ifrs 5;legalreferences;4
F02-03.txt;ifrs 9;legalreferences;6
F02-03.txt;income;economicoperands;13
F02-03.txt;issuer;economicoperands;1
F02-03.txt;latter;functionwords;1
F02-03.txt;linked;economicoperands;1
F02-03.txt;losses;economicoperands;76
F02-03.txt;manage;economicoperands;3
F02-03.txt;method;economicoperands;1
F02-03.txt;owners;economicoperands;4
F02-03.txt;parent;economicoperands;4
F02-03.txt;period;economicoperands;18
F02-03.txt;profit;economicoperands;24
F02-03.txt;report;economicoperands;1
F02-03.txt;spread;economicoperands;1
F02-03.txt;within;logicalconnectors;2
F02-03.txt;after;logicalconnectors;5
F02-03.txt;asset;economicoperands;1
F02-03.txt;based;other;1
F02-03.txt;basis;economicoperands;2
F02-03.txt;being;functionwords;2
F02-03.txt;clean;economicoperands;8
F02-03.txt;cover;economicoperands;1
F02-03.txt;flows;economicoperands;1
F02-03.txt;fully;economicoperands;1
F02-03.txt;funds;economicoperands;6
F02-03.txt;gains;economicoperands;78
F02-03.txt;gives;functionwords;1
F02-03.txt;gross;economicoperands;2
F02-03.txt;group;economicoperands;1
F02-03.txt;hedge;economicoperands;9
F02-03.txt;items;other;17
F02-03.txt;leads;economicoperands;1
F02-03.txt;lease;economicoperands;1
F02-03.txt;locom;economicoperands;1
F02-03.txt;model;economicoperands;1
F02-03.txt;month;attributes;1
F02-03.txt;occur;economicoperands;1
F02-03.txt;other;logicalconnectors;86
F02-03.txt;plant;economicoperands;4
F02-03.txt;point;economicoperands;1
F02-03.txt;price;economicoperands;12
F02-03.txt;risks;economicoperands;1
F02-03.txt;rules;economicoperands;1
F02-03.txt;scope;economicoperands;3
F02-03.txt;shall;regulatoryoperators;60
F02-03.txt;share;economicoperands;10
F02-03.txt;table;other;11
F02-03.txt;taken;other;12
F02-03.txt;their;functionwords;5
F02-03.txt;these;functionwords;4
F02-03.txt;those;functionwords;12
F02-03.txt;total;mathematicaloperators;4
F02-03.txt;trade;economicoperands;1
F02-03.txt;under;functionwords;3
F02-03.txt;using;economicoperands;8
F02-03.txt;value;economicoperands;1
F02-03.txt;where;logicalconnectors;25
F02-03.txt;which;functionwords;9
F02-03.txt;whose;functionwords;1
F02-03.txt;yield;economicoperands;2
F02-03.txt;also;logicalconnectors;8
F02-03.txt;both;logicalconnectors;1
F02-03.txt;case;economicoperands;1
F02-03.txt;cash;economicoperands;5
F02-03.txt;cost;economicoperands;1
F02-03.txt;even;logicalconnectors;1
F02-03.txt;fees;economicoperands;1
F02-03.txt;from;functionwords;42
F02-03.txt;fund;economicoperands;1
F02-03.txt;gain;economicoperands;3
F02-03.txt;give;functionwords;2
F02-03.txt;have;functionwords;1
F02-03.txt;held;economicoperands;1
F02-03.txt;ifrs;legalreferences;188
F02-03.txt;into;functionwords;7
F02-03.txt;item;other;4
F02-03.txt;line;economicoperands;2
F02-03.txt;loss;economicoperands;27
F02-03.txt;made;functionwords;1
F02-03.txt;non-;logicalconnectors;9
F02-03.txt;over;mathematicaloperators;1
F02-03.txt;paid;economicoperands;2
F02-03.txt;part;functionwords;116
F02-03.txt;rise;other;3
F02-03.txt;risk;economicoperands;2
F02-03.txt;rows;economicoperands;2
F02-03.txt;that;functionwords;19
F02-03.txt;they;functionwords;6
F02-03.txt;this;functionwords;7
F02-03.txt;time;economicoperands;3
F02-03.txt;used;economicoperands;11
F02-03.txt;view;economicoperands;1
F02-03.txt;viii;legalreferences;2
F02-03.txt;will;functionwords;5
F02-03.txt;with;functionwords;4
F02-03.txt;year;economicoperands;6
F02-03.txt;104;legalreferences;2
F02-03.txt;165;legalreferences;1
F02-03.txt;all;logicalconnectors;9
F02-03.txt;and;logicalconnectors;125
F02-03.txt;any;logicalconnectors;2
F02-03.txt;are;functionwords;14
F02-03.txt;bad;economicoperands;44
F02-03.txt;but;logicalconnectors;1
F02-03.txt;fee;economicoperands;2
F02-03.txt;for;functionwords;31
F02-03.txt;iii;legalreferences;2
F02-03.txt;may;regulatoryoperators;5
F02-03.txt;net;economicoperands;45
F02-03.txt;non;logicalconnectors;2
F02-03.txt;not;logicalconnectors;33
F02-03.txt;off;functionwords;1
F02-03.txt;out;functionwords;4
F02-03.txt;own;functionwords;2
F02-03.txt;row;economicoperands;1
F02-03.txt;tax;economicoperands;16
F02-03.txt;the;functionwords;158
F02-03.txt;10;attributes;1
F02-03.txt;11;legalreferences;5
F02-03.txt;12;attributes;13
F02-03.txt;13;legalreferences;3
F02-03.txt;14;legalreferences;3
F02-03.txt;15;attributes;1
F02-03.txt;16;legalreferences;21
F02-03.txt;19;legalreferences;1
F02-03.txt;20;attributes;1
F02-03.txt;21;legalreferences;1
F02-03.txt;22;legalreferences;4
F02-03.txt;23;attributes;1
F02-03.txt;24;legalreferences;1
F02-03.txt;27;legalreferences;32
F02-03.txt;31;attributes;3
F02-03.txt;32;legalreferences;1
F02-03.txt;35;attributes;2
F02-03.txt;36;legalreferences;1
F02-03.txt;38;legalreferences;4
F02-03.txt;39;legalreferences;3
F02-03.txt;40;legalreferences;3
F02-03.txt;41;legalreferences;1
F02-03.txt;42;legalreferences;4
F02-03.txt;43;legalreferences;4
F02-03.txt;44;legalreferences;3
F02-03.txt;45;attributes;9
F02-03.txt;46;legalreferences;4
F02-03.txt;47;legalreferences;3
F02-03.txt;48;legalreferences;1
F02-03.txt;49;legalreferences;6
F02-03.txt;50;attributes;1
F02-03.txt;51;legalreferences;1
F02-03.txt;53;legalreferences;4
F02-03.txt;54;legalreferences;1
F02-03.txt;60;attributes;1
F02-03.txt;62;attributes;1
F02-03.txt;65;attributes;4
F02-03.txt;an;functionwords;6
F02-03.txt;as;logicalconnectors;15
F02-03.txt;at;functionwords;3
F02-03.txt;be;functionwords;21
F02-03.txt;by;functionwords;3
F02-03.txt;if;logicalconnectors;1
F02-03.txt;ii;legalreferences;14
F02-03.txt;in;functionwords;88
F02-03.txt;is;functionwords;18
F02-03.txt;it;functionwords;2
F02-03.txt;iv;legalreferences;10
F02-03.txt;of;functionwords;147
F02-03.txt;on;functionwords;70
F02-03.txt;or;logicalconnectors;136
F02-03.txt;to;functionwords;74
F02-03.txt;vi;legalreferences;4
F02-03.txt;1;attributes;28
F02-03.txt;2;attributes;22
F02-03.txt;3;attributes;10
F02-03.txt;4;attributes;2
F02-03.txt;5;attributes;3
F02-03.txt;6;attributes;13
F02-03.txt;7;attributes;23
F02-03.txt;8;attributes;5
F02-03.txt;9;attributes;11
