C67.txt;international organisations;economicoperands;1
C67.txt;non-financial corporations;economicoperands;1
C67.txt;non-financial customers;economicoperands;1
C67.txt;financial corporations;economicoperands;1
C67.txt;asset backed security;economicoperands;1
C67.txt;repurchase agreements;economicoperands;1
C67.txt;in accordance with;logicalconnectors;1
C67.txt;wholesale funding;economicoperands;3
C67.txt;carrying amounts;economicoperands;1
C67.txt;commercial paper;economicoperands;1
C67.txt;corresponding to;logicalconnectors;1
C67.txt;in proportion to;logicalconnectors;2
C67.txt;be allocated to;regulatoryoperators;1
C67.txt;on the basis of;logicalconnectors;1
C67.txt;total amount of;mathematicaloperators;1
C67.txt;counterparties;economicoperands;5
C67.txt;identification;economicoperands;1
C67.txt;reporting date;economicoperands;1
C67.txt;retail funding;economicoperands;1
C67.txt;as defined in;logicalconnectors;2
C67.txt;balance sheet;economicoperands;1
C67.txt;central banks;economicoperands;1
C67.txt;concentration;economicoperands;5
C67.txt;corresponding;logicalconnectors;1
C67.txt;incorporation;economicoperands;1
C67.txt;of securities;economicoperands;2
C67.txt;additionally;mathematicaloperators;1
C67.txt;article 4(1);legalreferences;2
C67.txt;by virtue of;functionwords;1
C67.txt;consistently;attributes;1
C67.txt;counterparty;economicoperands;27
C67.txt;greater than;mathematicaloperators;1
C67.txt;institutions;economicoperands;10
C67.txt;instructions;regulatoryoperators;4
C67.txt;legal entity;economicoperands;3
C67.txt;this section;legalreferences;1
C67.txt;undertakings;economicoperands;1
C67.txt;governments;economicoperands;1
C67.txt;in order to;logicalconnectors;1
C67.txt;information;economicoperands;3
C67.txt;institution;economicoperands;2
C67.txt;liabilities;economicoperands;2
C67.txt;significant;attributes;1
C67.txt;calculated;economicoperands;2
C67.txt;concerning;logicalconnectors;2
C67.txt;currencies;economicoperands;1
C67.txt;defined in;regulatoryoperators;1
C67.txt;households;economicoperands;1
C67.txt;identifier;economicoperands;2
C67.txt;intragroup;economicoperands;1
C67.txt;references;functionwords;3
C67.txt;regulation;economicoperands;3
C67.txt;securities;economicoperands;1
C67.txt;underlying;economicoperands;1
C67.txt;undertaken;economicoperands;1
C67.txt;amount of;mathematicaloperators;4
C67.txt;available;economicoperands;3
C67.txt;connected;economicoperands;6
C67.txt;contained;economicoperands;1
C67.txt;custodian;economicoperands;1
C67.txt;customers;economicoperands;1
C67.txt;different;mathematicaloperators;2
C67.txt;directive;legalreferences;1
C67.txt;financial;economicoperands;2
C67.txt;following;other;1
C67.txt;framework;economicoperands;1
C67.txt;including;logicalconnectors;4
C67.txt;indicated;economicoperands;1
C67.txt;insurance;economicoperands;1
C67.txt;more than;mathematicaloperators;1
C67.txt;remaining;economicoperands;3
C67.txt;reporting;economicoperands;3
C67.txt;residence;economicoperands;2
C67.txt;section 1;legalreferences;2
C67.txt;section 2;legalreferences;2
C67.txt;similarly;logicalconnectors;1
C67.txt;templates;legalreferences;1
C67.txt;threshold;economicoperands;3
C67.txt;unsecured;economicoperands;2
C67.txt;assigned;regulatoryoperators;1
C67.txt;based on;other;2
C67.txt;consider;logicalconnectors;1
C67.txt;economic;economicoperands;1
C67.txt;entities;economicoperands;1
C67.txt;identify;economicoperands;1
C67.txt;issuance;economicoperands;2
C67.txt;lei code;economicoperands;5
C67.txt;maturity;economicoperands;10
C67.txt;national;economicoperands;5
C67.txt;obtained;economicoperands;11
C67.txt;original;economicoperands;5
C67.txt;payments;economicoperands;1
C67.txt;products;economicoperands;1
C67.txt;received;economicoperands;14
C67.txt;recorded;economicoperands;5
C67.txt;reported;economicoperands;16
C67.txt;residual;economicoperands;4
C67.txt;specific;functionwords;1
C67.txt;template;legalreferences;2
C67.txt;weighted;mathematicaloperators;10
C67.txt;amounts;mathematicaloperators;2
C67.txt;article;legalreferences;2
C67.txt;average;mathematicaloperators;12
C67.txt;balance;economicoperands;1
C67.txt;belongs;logicalconnectors;1
C67.txt;classes;other;1
C67.txt;clients;economicoperands;6
C67.txt;collect;economicoperands;1
C67.txt;columns;legalreferences;2
C67.txt;company;economicoperands;2
C67.txt;country;economicoperands;2
C67.txt;covered;economicoperands;1
C67.txt;derived;economicoperands;1
C67.txt;efforts;economicoperands;1
C67.txt;exceeds;mathematicaloperators;2
C67.txt;funding;economicoperands;33
C67.txt;general;functionwords;1
C67.txt;highest;mathematicaloperators;1
C67.txt;largest;logicalconnectors;5
C67.txt;natural;economicoperands;1
C67.txt;parties;economicoperands;1
C67.txt;product;economicoperands;7
C67.txt;secured;economicoperands;1
C67.txt;several;attributes;1
C67.txt;that is;logicalconnectors;2
C67.txt;therein;other;1
C67.txt;whether;logicalconnectors;1
C67.txt;across;functionwords;2
C67.txt;always;logicalconnectors;2
C67.txt;amount;mathematicaloperators;4
C67.txt;backed;economicoperands;1
C67.txt;column;legalreferences;14
C67.txt;credit;economicoperands;1
C67.txt;finrep;legalreferences;2
C67.txt;groups;economicoperands;3
C67.txt;holder;economicoperands;3
C67.txt;if not;logicalconnectors;1
C67.txt;issued;economicoperands;1
C67.txt;person;economicoperands;1
C67.txt;recent;economicoperands;1
C67.txt;report;economicoperands;6
C67.txt;second;attributes;1
C67.txt;sector;economicoperands;5
C67.txt;totals;mathematicaloperators;1
C67.txt;unique;economicoperands;2
C67.txt;about;functionwords;1
C67.txt;above;functionwords;2
C67.txt;apply;logicalconnectors;1
C67.txt;asset;economicoperands;1
C67.txt;basis;economicoperands;1
C67.txt;codes;economicoperands;2
C67.txt;equal;logicalconnectors;1
C67.txt;group;economicoperands;4
C67.txt;items;other;1
C67.txt;legal;economicoperands;2
C67.txt;mixed;economicoperands;1
C67.txt;money;economicoperands;1
C67.txt;order;economicoperands;2
C67.txt;other;logicalconnectors;6
C67.txt;party;economicoperands;1
C67.txt;point;economicoperands;2
C67.txt;shall;regulatoryoperators;33
C67.txt;there;functionwords;1
C67.txt;total;mathematicaloperators;8
C67.txt;types;economicoperands;1
C67.txt;under;functionwords;1
C67.txt;using;economicoperands;1
C67.txt;value;economicoperands;1
C67.txt;where;logicalconnectors;6
C67.txt;which;functionwords;6
C67.txt;bank;economicoperands;1
C67.txt;best;mathematicaloperators;1
C67.txt;bond;economicoperands;1
C67.txt;code;economicoperands;17
C67.txt;days;attributes;4
C67.txt;does;functionwords;1
C67.txt;each;logicalconnectors;6
C67.txt;from;functionwords;17
C67.txt;full;economicoperands;1
C67.txt;have;functionwords;2
C67.txt;item;other;2
C67.txt;most;mathematicaloperators;1
C67.txt;name;economicoperands;6
C67.txt;once;attributes;1
C67.txt;only;logicalconnectors;1
C67.txt;role;economicoperands;1
C67.txt;rows;economicoperands;1
C67.txt;size;economicoperands;5
C67.txt;that;functionwords;7
C67.txt;they;functionwords;1
C67.txt;this;functionwords;1
C67.txt;time;economicoperands;1
C67.txt;type;economicoperands;10
C67.txt;used;economicoperands;2
C67.txt;when;logicalconnectors;1
C67.txt;with;functionwords;2
C67.txt;100;attributes;1
C67.txt;110;legalreferences;2
C67.txt;120;legalreferences;1
C67.txt;129;legalreferences;1
C67.txt;all;logicalconnectors;3
C67.txt;and;logicalconnectors;10
C67.txt;any;logicalconnectors;1
C67.txt;for;functionwords;13
C67.txt;has;functionwords;1
C67.txt;iii;legalreferences;1
C67.txt;law;economicoperands;1
C67.txt;may;regulatoryoperators;2
C67.txt;non;logicalconnectors;1
C67.txt;not;logicalconnectors;1
C67.txt;one;attributes;3
C67.txt;per;functionwords;1
C67.txt;row;economicoperands;2
C67.txt;sft;economicoperands;1
C67.txt;ten;attributes;2
C67.txt;the;functionwords;77
C67.txt;was;functionwords;3
C67.txt;39;legalreferences;1
C67.txt;65;attributes;1
C67.txt;an;functionwords;2
C67.txt;as;logicalconnectors;8
C67.txt;at;functionwords;1
C67.txt;be;functionwords;25
C67.txt;by;functionwords;4
C67.txt;eu;economicoperands;3
C67.txt;ii;legalreferences;1
C67.txt;in;functionwords;30
C67.txt;is;functionwords;6
C67.txt;it;functionwords;2
C67.txt;iv;legalreferences;1
C67.txt;no;logicalconnectors;6
C67.txt;of;functionwords;52
C67.txt;on;functionwords;2
C67.txt;or;logicalconnectors;9
C67.txt;to;functionwords;5
C67.txt;vi;legalreferences;1
C67.txt;1;attributes;8
C67.txt;2;attributes;3
C67.txt;3;attributes;1
C67.txt;4;attributes;3
C67.txt;5;attributes;2
C67.txt;6;attributes;1
C67.txt;7;attributes;1
C67.txt;8;attributes;1
