C25.txt;counterparty credit risk;economicoperands;2
C25.txt;multiplication factor;mathematicaloperators;4
C25.txt;in conjunction with;logicalconnectors;4
C25.txt;credit worthiness;economicoperands;1
C25.txt;value adjustment;economicoperands;1
C25.txt;adjustment risk;economicoperands;1
C25.txt;exposure amount;economicoperands;2
C25.txt;counterparties;economicoperands;6
C25.txt;credit spread;economicoperands;3
C25.txt;according to;regulatoryoperators;4
C25.txt;institutions;economicoperands;2
C25.txt;instructions;regulatoryoperators;4
C25.txt;requirements;regulatoryoperators;4
C25.txt;standardised;economicoperands;4
C25.txt;transactions;economicoperands;2
C25.txt;working days;economicoperands;4
C25.txt;application;economicoperands;1
C25.txt;calculation;economicoperands;2
C25.txt;contracting;economicoperands;1
C25.txt;derivatives;economicoperands;8
C25.txt;in the same;logicalconnectors;2
C25.txt;information;economicoperands;2
C25.txt;accounting;economicoperands;1
C25.txt;calculated;economicoperands;1
C25.txt;concerning;logicalconnectors;1
C25.txt;determined;regulatoryoperators;1
C25.txt;in case of;logicalconnectors;1
C25.txt;memorandum;legalreferences;2
C25.txt;multiplied;mathematicaloperators;1
C25.txt;prescribed;regulatoryoperators;2
C25.txt;provisions;economicoperands;1
C25.txt;subject to;logicalconnectors;2
C25.txt;available;economicoperands;2
C25.txt;determine;regulatoryoperators;2
C25.txt;positions;economicoperands;1
C25.txt;valuation;economicoperands;1
C25.txt;advanced;economicoperands;4
C25.txt;based on;other;4
C25.txt;directly;attributes;1
C25.txt;exposure;economicoperands;4
C25.txt;included;logicalconnectors;1
C25.txt;incurred;economicoperands;2
C25.txt;internal;economicoperands;1
C25.txt;notional;mathematicaloperators;2
C25.txt;obligors;economicoperands;1
C25.txt;observed;economicoperands;1
C25.txt;of which;logicalconnectors;6
C25.txt;previous;logicalconnectors;6
C25.txt;required;regulatoryoperators;2
C25.txt;specific;functionwords;1
C25.txt;stressed;economicoperands;1
C25.txt;amounts;mathematicaloperators;3
C25.txt;article;legalreferences;16
C25.txt;average;mathematicaloperators;4
C25.txt;holding;economicoperands;2
C25.txt;instead;logicalconnectors;1
C25.txt;netting;economicoperands;2
C25.txt;part of;logicalconnectors;2
C25.txt;charge;economicoperands;1
C25.txt;chosen;economicoperands;1
C25.txt;column;legalreferences;3
C25.txt;credit;economicoperands;2
C25.txt;due to;logicalconnectors;3
C25.txt;latest;mathematicaloperators;2
C25.txt;market;economicoperands;2
C25.txt;method;economicoperands;9
C25.txt;models;economicoperands;1
C25.txt;number;economicoperands;4
C25.txt;single;attributes;3
C25.txt;solely;logicalconnectors;2
C25.txt;subset;logicalconnectors;1
C25.txt;sum of;mathematicaloperators;1
C25.txt;exist;economicoperands;1
C25.txt;funds;economicoperands;5
C25.txt;hedge;economicoperands;3
C25.txt;index;economicoperands;3
C25.txt;items;other;2
C25.txt;other;logicalconnectors;1
C25.txt;party;economicoperands;1
C25.txt;point;economicoperands;5
C25.txt;proxy;economicoperands;3
C25.txt;total;mathematicaloperators;10
C25.txt;using;economicoperands;1
C25.txt;value;economicoperands;2
C25.txt;where;logicalconnectors;2
C25.txt;data;economicoperands;1
C25.txt;from;functionwords;3
C25.txt;link;economicoperands;4
C25.txt;name;economicoperands;3
C25.txt;only;logicalconnectors;1
C25.txt;risk;economicoperands;14
C25.txt;rows;economicoperands;2
C25.txt;sfts;economicoperands;3
C25.txt;they;functionwords;2
C25.txt;used;economicoperands;4
C25.txt;all;logicalconnectors;1
C25.txt;and;logicalconnectors;2
C25.txt;are;functionwords;2
C25.txt;crr;legalreferences;16
C25.txt;day;attributes;2
C25.txt;ead;economicoperands;1
C25.txt;for;functionwords;8
C25.txt;not;logicalconnectors;2
C25.txt;otc;economicoperands;5
C25.txt;own;functionwords;5
C25.txt;see;other;3
C25.txt;set;other;2
C25.txt;sft;economicoperands;3
C25.txt;the;functionwords;10
C25.txt;var;economicoperands;5
C25.txt;via;functionwords;1
C25.txt;was;functionwords;3
C25.txt;60;attributes;4
C25.txt;as;logicalconnectors;4
C25.txt;by;functionwords;3
C25.txt;in;functionwords;1
C25.txt;is;functionwords;2
C25.txt;of;functionwords;20
C25.txt;or;logicalconnectors;1
C25.txt;to;functionwords;6
C25.txt;1;attributes;8
C25.txt;2;attributes;1
C25.txt;3;attributes;1
C25.txt;4;attributes;1
