C47.txt;generally accepted accounting principles;legalreferences;1
C47.txt;last paragraph of article 429a;legalreferences;6
C47.txt;cash pooling arrangements;economicoperands;19
C47.txt;transitional arrangements;economicoperands;3
C47.txt;counterparty credit risk;economicoperands;5
C47.txt;original exposure method;economicoperands;10
C47.txt;derivative transactions;economicoperands;1
C47.txt;off balance sheet items;economicoperands;2
C47.txt;paragraph 9 of part i;legalreferences;2
C47.txt;standardised approach;economicoperands;12
C47.txt;accounting framework;economicoperands;19
C47.txt;comprehensive income;economicoperands;2
C47.txt;competent authority;economicoperands;21
C47.txt;for the purposes of;logicalconnectors;3
C47.txt;netted prudentially;economicoperands;14
C47.txt;reporting reference;economicoperands;7
C47.txt;taking into account;regulatoryoperators;5
C47.txt;credit derivatives;economicoperands;16
C47.txt;credit institution;economicoperands;16
C47.txt;difference between;mathematicaloperators;3
C47.txt;in accordance with;logicalconnectors;97
C47.txt;netting agreements;economicoperands;1
C47.txt;notional amount of;mathematicaloperators;4
C47.txt;taken into account;regulatoryoperators;3
C47.txt;additional tier 1;economicoperands;1
C47.txt;as referred to in;logicalconnectors;8
C47.txt;credit protection;economicoperands;1
C47.txt;netting agreement;economicoperands;1
C47.txt;off-balance sheet;economicoperands;14
C47.txt;off-balance-sheet;economicoperands;5
C47.txt;take into account;regulatoryoperators;3
C47.txt;article 429a crr;legalreferences;7
C47.txt;article 429b crr;legalreferences;7
C47.txt;article 429e crr;legalreferences;3
C47.txt;corresponding to;logicalconnectors;2
C47.txt;creditworthiness;economicoperands;1
C47.txt;on-balance sheet;economicoperands;1
C47.txt;promotional loan;economicoperands;7
C47.txt;to be made up of;regulatoryoperators;12
C47.txt;where applicable;logicalconnectors;1
C47.txt;article 111 crr;legalreferences;2
C47.txt;as a percentage;mathematicaloperators;3
C47.txt;as specified in;logicalconnectors;11
C47.txt;associated with;economicoperands;4
C47.txt;be reported for;regulatoryoperators;1
C47.txt;credit exposure;economicoperands;4
C47.txt;double counting;economicoperands;2
C47.txt;fully phased-in;economicoperands;8
C47.txt;on the basis of;logicalconnectors;1
C47.txt;passing-through;economicoperands;12
C47.txt;product netting;economicoperands;1
C47.txt;securitisations;economicoperands;3
C47.txt;settlement date;economicoperands;7
C47.txt;unconditionally;logicalconnectors;1
C47.txt;abovementioned;logicalconnectors;1
C47.txt;aforementioned;logicalconnectors;1
C47.txt;article 25 crr;legalreferences;2
C47.txt;be reported as;regulatoryoperators;4
C47.txt;be reported in;regulatoryoperators;5
C47.txt;in addition to;mathematicaloperators;1
C47.txt;in relation to;logicalconnectors;1
C47.txt;in the form of;logicalconnectors;7
C47.txt;referred to in;functionwords;20
C47.txt;tier 1 capital;economicoperands;24
C47.txt;as defined in;logicalconnectors;4
C47.txt;at fair value;economicoperands;2
C47.txt;balance sheet;economicoperands;8
C47.txt;cash payables;economicoperands;3
C47.txt;consolidation;economicoperands;2
C47.txt;corresponding;logicalconnectors;4
C47.txt;deducted from;mathematicaloperators;3
C47.txt;derecognition;economicoperands;2
C47.txt;deterioration;economicoperands;1
C47.txt;of securities;economicoperands;1
C47.txt;provided that;logicalconnectors;10
C47.txt;public sector;economicoperands;4
C47.txt;regardless of;logicalconnectors;1
C47.txt;32 to 35 crr;legalreferences;2
C47.txt;additionally;mathematicaloperators;1
C47.txt;alpha factor;mathematicaloperators;11
C47.txt;alternatives;logicalconnectors;2
C47.txt;arrangements;economicoperands;2
C47.txt;cancellation;economicoperands;1
C47.txt;central bank;economicoperands;3
C47.txt;cet1 capital;economicoperands;12
C47.txt;communicated;economicoperands;7
C47.txt;consolidated;economicoperands;1
C47.txt;contribution;economicoperands;10
C47.txt;counterparty;economicoperands;8
C47.txt;deduction of;mathematicaloperators;1
C47.txt;deferred tax;economicoperands;1
C47.txt;derecognised;economicoperands;1
C47.txt;extinguished;economicoperands;1
C47.txt;g-sii add-on;economicoperands;3
C47.txt;greater than;mathematicaloperators;2
C47.txt;institutions;economicoperands;88
C47.txt;instructions;regulatoryoperators;19
C47.txt;intermediate;economicoperands;8
C47.txt;laid down in;economicoperands;15
C47.txt;member state;economicoperands;11
C47.txt;representing;economicoperands;2
C47.txt;requirements;regulatoryoperators;5
C47.txt;trading book;economicoperands;1
C47.txt;transactions;economicoperands;22
C47.txt;transitional;economicoperands;8
C47.txt;adjustments;mathematicaloperators;20
C47.txt;application;economicoperands;8
C47.txt;authorities;economicoperands;15
C47.txt;calculating;economicoperands;2
C47.txt;calculation;economicoperands;7
C47.txt;commitments;economicoperands;8
C47.txt;contractual;economicoperands;1
C47.txt;credit risk;economicoperands;15
C47.txt;derivatives;economicoperands;21
C47.txt;derogations;regulatoryoperators;2
C47.txt;development;economicoperands;23
C47.txt;effectively;other;1
C47.txt;for example;logicalconnectors;1
C47.txt;furthermore;logicalconnectors;1
C47.txt;governments;economicoperands;13
C47.txt;grossing-up;economicoperands;3
C47.txt;in addition;mathematicaloperators;1
C47.txt;institution;economicoperands;18
C47.txt;intangibles;economicoperands;1
C47.txt;investments;economicoperands;3
C47.txt;paragraph 1;legalreferences;2
C47.txt;paragraph 4;legalreferences;1
C47.txt;paragraph 5;legalreferences;1
C47.txt;promotional;economicoperands;24
C47.txt;pursuant to;functionwords;2
C47.txt;receivables;economicoperands;10
C47.txt;recognition;economicoperands;9
C47.txt;replacement;other;17
C47.txt;requirement;regulatoryoperators;13
C47.txt;risk weight;economicoperands;1
C47.txt;securitised;economicoperands;3
C47.txt;significant;attributes;3
C47.txt;traditional;economicoperands;1
C47.txt;transaction;economicoperands;2
C47.txt;accordance;regulatoryoperators;2
C47.txt;accounting;economicoperands;25
C47.txt;additional;mathematicaloperators;7
C47.txt;adjustment;mathematicaloperators;2
C47.txt;applicable;logicalconnectors;35
C47.txt;as follows;functionwords;5
C47.txt;as set out;logicalconnectors;2
C47.txt;calculated;economicoperands;8
C47.txt;collateral;economicoperands;15
C47.txt;commitment;economicoperands;12
C47.txt;conditions;economicoperands;13
C47.txt;considered;logicalconnectors;6
C47.txt;constitute;logicalconnectors;1
C47.txt;convention;economicoperands;2
C47.txt;conversion;economicoperands;8
C47.txt;deductions;mathematicaloperators;3
C47.txt;definition;regulatoryoperators;16
C47.txt;derivative;economicoperands;3
C47.txt;derogation;regulatoryoperators;16
C47.txt;designated;regulatoryoperators;2
C47.txt;determined;regulatoryoperators;5
C47.txt;equivalent;logicalconnectors;4
C47.txt;exemptions;regulatoryoperators;3
C47.txt;facilities;economicoperands;3
C47.txt;government;economicoperands;12
C47.txt;guaranteed;economicoperands;3
C47.txt;individual;economicoperands;6
C47.txt;intragroup;economicoperands;2
C47.txt;limited to;regulatoryoperators;3
C47.txt;management;economicoperands;2
C47.txt;memorandum;legalreferences;2
C47.txt;multiplier;mathematicaloperators;8
C47.txt;offsetting;economicoperands;4
C47.txt;other than;logicalconnectors;1
C47.txt;paragraphs;legalreferences;13
C47.txt;principles;economicoperands;1
C47.txt;protection;economicoperands;2
C47.txt;qualifying;economicoperands;1
C47.txt;recognised;economicoperands;2
C47.txt;reduced by;mathematicaloperators;4
C47.txt;references;functionwords;19
C47.txt;repurchase;economicoperands;1
C47.txt;respective;logicalconnectors;1
C47.txt;securities;economicoperands;2
C47.txt;set out in;regulatoryoperators;10
C47.txt;settlement;economicoperands;15
C47.txt;simplified;economicoperands;14
C47.txt;solo basis;economicoperands;2
C47.txt;subject to;logicalconnectors;7
C47.txt;this annex;legalreferences;4
C47.txt;trade date;economicoperands;5
C47.txt;treated as;regulatoryoperators;6
C47.txt;unrealised;economicoperands;2
C47.txt;amount of;mathematicaloperators;18
C47.txt;analogous;logicalconnectors;2
C47.txt;ancillary;economicoperands;4
C47.txt;automatic;economicoperands;1
C47.txt;calculate;economicoperands;8
C47.txt;cancelled;economicoperands;1
C47.txt;competent;economicoperands;2
C47.txt;contracts;economicoperands;19
C47.txt;deduction;mathematicaloperators;1
C47.txt;deposited;economicoperands;3
C47.txt;determine;regulatoryoperators;1
C47.txt;exception;logicalconnectors;1
C47.txt;excessive;mathematicaloperators;9
C47.txt;excluding;logicalconnectors;1
C47.txt;exemption;regulatoryoperators;22
C47.txt;exposures;economicoperands;66
C47.txt;expressed;economicoperands;3
C47.txt;extension;economicoperands;4
C47.txt;fiduciary;economicoperands;3
C47.txt;financing;economicoperands;3
C47.txt;following;other;2
C47.txt;guarantee;economicoperands;3
C47.txt;including;logicalconnectors;5
C47.txt;increases;mathematicaloperators;1
C47.txt;indemnity;economicoperands;3
C47.txt;indicated;economicoperands;4
C47.txt;liquidity;economicoperands;6
C47.txt;listed in;functionwords;7
C47.txt;operative;economicoperands;1
C47.txt;p2g ratio;economicoperands;2
C47.txt;paragraph;legalreferences;19
C47.txt;positions;economicoperands;4
C47.txt;potential;economicoperands;14
C47.txt;preceding;functionwords;1
C47.txt;provision;economicoperands;1
C47.txt;purchased;economicoperands;4
C47.txt;purchases;economicoperands;12
C47.txt;qualifies;economicoperands;1
C47.txt;quarterly;attributes;1
C47.txt;recognise;economicoperands;2
C47.txt;reduction;mathematicaloperators;5
C47.txt;reference;functionwords;2
C47.txt;refers to;functionwords;4
C47.txt;regarding;logicalconnectors;1
C47.txt;remaining;economicoperands;2
C47.txt;reporting;economicoperands;1
C47.txt;temporary;attributes;3
C47.txt;treatment;economicoperands;6
C47.txt;unsettled;economicoperands;1
C47.txt;valuation;economicoperands;1
C47.txt;variation;economicoperands;13
C47.txt;accounts;economicoperands;2
C47.txt;adjusted;mathematicaloperators;1
C47.txt;affected;economicoperands;1
C47.txt;applying;logicalconnectors;1
C47.txt;approach;economicoperands;5
C47.txt;approval;regulatoryoperators;2
C47.txt;articles;legalreferences;21
C47.txt;assigned;regulatoryoperators;4
C47.txt;assuming;logicalconnectors;3
C47.txt;awaiting;economicoperands;15
C47.txt;balances;economicoperands;3
C47.txt;borrower;economicoperands;4
C47.txt;calendar;economicoperands;1
C47.txt;category;economicoperands;1
C47.txt;chapters;legalreferences;3
C47.txt;collects;economicoperands;1
C47.txt;combined;mathematicaloperators;2
C47.txt;consider;logicalconnectors;11
C47.txt;consists;logicalconnectors;1
C47.txt;contrary;logicalconnectors;1
C47.txt;coverage;economicoperands;1
C47.txt;criteria;economicoperands;3
C47.txt;customer;economicoperands;6
C47.txt;deducted;mathematicaloperators;4
C47.txt;delivery;economicoperands;1
C47.txt;directly;attributes;6
C47.txt;dividing;mathematicaloperators;7
C47.txt;eligible;economicoperands;6
C47.txt;entities;economicoperands;1
C47.txt;equal to;logicalconnectors;1
C47.txt;excluded;logicalconnectors;30
C47.txt;exempted;regulatoryoperators;33
C47.txt;expected;economicoperands;1
C47.txt;exposure;economicoperands;86
C47.txt;guidance;economicoperands;4
C47.txt;included;logicalconnectors;22
C47.txt;includes;logicalconnectors;4
C47.txt;leverage;economicoperands;57
C47.txt;maturity;economicoperands;3
C47.txt;measured;economicoperands;5
C47.txt;multiple;mathematicaloperators;1
C47.txt;national;economicoperands;1
C47.txt;negative;mathematicaloperators;5
C47.txt;novation;economicoperands;1
C47.txt;of which;logicalconnectors;6
C47.txt;pillar 2;legalreferences;6
C47.txt;positive;economicoperands;4
C47.txt;provided;logicalconnectors;11
C47.txt;provides;economicoperands;5
C47.txt;purchase;economicoperands;1
C47.txt;received;economicoperands;11
C47.txt;regional;economicoperands;13
C47.txt;reminder;economicoperands;8
C47.txt;reported;economicoperands;64
C47.txt;required;regulatoryoperators;12
C47.txt;retained;economicoperands;2
C47.txt;reversed;economicoperands;1
C47.txt;security;economicoperands;8
C47.txt;sentence;other;1
C47.txt;services;economicoperands;4
C47.txt;specific;functionwords;10
C47.txt;template;legalreferences;2
C47.txt;transfer;economicoperands;3
C47.txt;triparty;economicoperands;3
C47.txt;actions;economicoperands;1
C47.txt;address;economicoperands;9
C47.txt;against;functionwords;5
C47.txt;allowed;regulatoryoperators;2
C47.txt;already;logicalconnectors;4
C47.txt;amongst;logicalconnectors;1
C47.txt;amounts;mathematicaloperators;5
C47.txt;annex i;legalreferences;4
C47.txt;another;functionwords;4
C47.txt;applied;logicalconnectors;40
C47.txt;applies;logicalconnectors;6
C47.txt;arising;economicoperands;10
C47.txt;article;legalreferences;212
C47.txt;banking;economicoperands;4
C47.txt;benefit;economicoperands;2
C47.txt;between;functionwords;3
C47.txt;capital;economicoperands;5
C47.txt;ccp leg;economicoperands;17
C47.txt;central;economicoperands;13
C47.txt;chapter;legalreferences;1
C47.txt;cleared;economicoperands;30
C47.txt;clients;economicoperands;4
C47.txt;credits;economicoperands;3
C47.txt;decided;economicoperands;2
C47.txt;defined;regulatoryoperators;1
C47.txt;effects;economicoperands;3
C47.txt;entered;economicoperands;1
C47.txt;exclude;logicalconnectors;1
C47.txt;factors;mathematicaloperators;4
C47.txt;general;functionwords;6
C47.txt;granted;economicoperands;18
C47.txt;grounds;economicoperands;1
C47.txt;however;functionwords;1
C47.txt;in case;logicalconnectors;2
C47.txt;include;logicalconnectors;19
C47.txt;initial;economicoperands;5
C47.txt;instead;logicalconnectors;8
C47.txt;measure;economicoperands;12
C47.txt;mediate;economicoperands;1
C47.txt;netting;economicoperands;10
C47.txt;nominal;economicoperands;10
C47.txt;overall;logicalconnectors;4
C47.txt;part ii;legalreferences;2
C47.txt;part of;logicalconnectors;9
C47.txt;payment;economicoperands;1
C47.txt;perform;economicoperands;1
C47.txt;pledged;economicoperands;2
C47.txt;portion;economicoperands;4
C47.txt;process;economicoperands;1
C47.txt;product;economicoperands;2
C47.txt;provide;economicoperands;1
C47.txt;qualify;economicoperands;1
C47.txt;quarter;attributes;2
C47.txt;reduced;mathematicaloperators;2
C47.txt;reduces;mathematicaloperators;2
C47.txt;regular;economicoperands;22
C47.txt;related;logicalconnectors;9
C47.txt;reverse;economicoperands;2
C47.txt;section;legalreferences;1
C47.txt;settled;economicoperands;1
C47.txt;several;attributes;2
C47.txt;that is;logicalconnectors;9
C47.txt;therein;other;1
C47.txt;through;functionwords;8
C47.txt;title i;legalreferences;4
C47.txt;waivers;regulatoryoperators;2
C47.txt;whereby;logicalconnectors;2
C47.txt;without;logicalconnectors;8
C47.txt;written;economicoperands;6
C47.txt;adjust;mathematicaloperators;1
C47.txt;agents;economicoperands;3
C47.txt;amount;mathematicaloperators;63
C47.txt;assets;economicoperands;20
C47.txt;buffer;economicoperands;6
C47.txt;buying;economicoperands;1
C47.txt;cannot;regulatoryoperators;6
C47.txt;capped;regulatoryoperators;4
C47.txt;claims;economicoperands;1
C47.txt;client;economicoperands;26
C47.txt;column;legalreferences;24
C47.txt;credit;economicoperands;25
C47.txt;deduct;mathematicaloperators;4
C47.txt;due to;logicalconnectors;2
C47.txt;effect;economicoperands;23
C47.txt;entity;economicoperands;12
C47.txt;excess;mathematicaloperators;3
C47.txt;export;economicoperands;3
C47.txt;factor;mathematicaloperators;4
C47.txt;failed;economicoperands;1
C47.txt;figure;economicoperands;5
C47.txt;follow;other;1
C47.txt;future;economicoperands;14
C47.txt;g-siis;economicoperands;3
C47.txt;govern;economicoperands;1
C47.txt;ifrs 9;legalreferences;2
C47.txt;liquid;economicoperands;1
C47.txt;losses;economicoperands;2
C47.txt;margin;economicoperands;21
C47.txt;market;economicoperands;2
C47.txt;medium;attributes;2
C47.txt;member;economicoperands;1
C47.txt;method;economicoperands;1
C47.txt;needed;regulatoryoperators;1
C47.txt;netted;economicoperands;6
C47.txt;notice;economicoperands;1
C47.txt;offset;economicoperands;11
C47.txt;others;logicalconnectors;1
C47.txt;pillar;legalreferences;3
C47.txt;points;economicoperands;11
C47.txt;posted;economicoperands;2
C47.txt;public;economicoperands;26
C47.txt;ratios;mathematicaloperators;2
C47.txt;reduce;mathematicaloperators;9
C47.txt;remain;economicoperands;2
C47.txt;report;economicoperands;17
C47.txt;set up;economicoperands;12
C47.txt;solely;logicalconnectors;1
C47.txt;stated;economicoperands;1
C47.txt;sum of;mathematicaloperators;10
C47.txt;target;economicoperands;1
C47.txt;unless;logicalconnectors;1
C47.txt;values;economicoperands;26
C47.txt;versus;functionwords;1
C47.txt;within;logicalconnectors;1
C47.txt;above;functionwords;16
C47.txt;added;mathematicaloperators;3
C47.txt;after;logicalconnectors;2
C47.txt;agent;economicoperands;5
C47.txt;annex;legalreferences;7
C47.txt;apply;logicalconnectors;13
C47.txt;asset;economicoperands;9
C47.txt;avoid;economicoperands;2
C47.txt;basis;economicoperands;1
C47.txt;being;functionwords;1
C47.txt;cells;legalreferences;16
C47.txt;cet 1;economicoperands;1
C47.txt;claim;economicoperands;1
C47.txt;costs;economicoperands;4
C47.txt;could;functionwords;1
C47.txt;cross;economicoperands;2
C47.txt;debit;economicoperands;2
C47.txt;first;attributes;1
C47.txt;floor;economicoperands;5
C47.txt;funds;economicoperands;9
C47.txt;gains;economicoperands;2
C47.txt;given;functionwords;2
C47.txt;gross;economicoperands;7
C47.txt;hence;functionwords;2
C47.txt;ifrs9;legalreferences;1
C47.txt;inter;economicoperands;1
C47.txt;items;other;33
C47.txt;label;economicoperands;1
C47.txt;legal;economicoperands;19
C47.txt;level;economicoperands;1
C47.txt;loans;economicoperands;26
C47.txt;local;economicoperands;13
C47.txt;lower;mathematicaloperators;6
C47.txt;meets;economicoperands;1
C47.txt;month;attributes;1
C47.txt;names;economicoperands;1
C47.txt;other;logicalconnectors;19
C47.txt;parts;economicoperands;9
C47.txt;point;economicoperands;106
C47.txt;prior;economicoperands;1
C47.txt;ratio;mathematicaloperators;54
C47.txt;refer;functionwords;1
C47.txt;risks;economicoperands;9
C47.txt;sales;economicoperands;16
C47.txt;shall;regulatoryoperators;143
C47.txt;their;functionwords;2
C47.txt;there;functionwords;2
C47.txt;these;functionwords;3
C47.txt;third;attributes;1
C47.txt;those;functionwords;18
C47.txt;total;mathematicaloperators;14
C47.txt;trade;economicoperands;19
C47.txt;under;functionwords;31
C47.txt;units;economicoperands;9
C47.txt;until;logicalconnectors;2
C47.txt;using;economicoperands;8
C47.txt;value;economicoperands;67
C47.txt;where;logicalconnectors;24
C47.txt;which;functionwords;19
C47.txt;while;logicalconnectors;1
C47.txt;words;economicoperands;1
C47.txt;would;functionwords;6
C47.txt;also;logicalconnectors;35
C47.txt;back;economicoperands;1
C47.txt;base;economicoperands;1
C47.txt;been;functionwords;9
C47.txt;both;logicalconnectors;1
C47.txt;cash;economicoperands;25
C47.txt;cell;legalreferences;37
C47.txt;cet1;economicoperands;1
C47.txt;cost;economicoperands;13
C47.txt;data;economicoperands;1
C47.txt;date;economicoperands;9
C47.txt;does;functionwords;2
C47.txt;each;logicalconnectors;2
C47.txt;from;functionwords;27
C47.txt;full;economicoperands;6
C47.txt;have;functionwords;13
C47.txt;held;economicoperands;7
C47.txt;here;functionwords;6
C47.txt;high;economicoperands;1
C47.txt;ifrs;legalreferences;1
C47.txt;item;other;6
C47.txt;last;attributes;3
C47.txt;lent;economicoperands;5
C47.txt;loan;economicoperands;2
C47.txt;meet;economicoperands;9
C47.txt;name;economicoperands;1
C47.txt;nica;legalreferences;5
C47.txt;non-;logicalconnectors;4
C47.txt;olrr;economicoperands;9
C47.txt;only;logicalconnectors;9
C47.txt;paid;economicoperands;1
C47.txt;part;functionwords;5
C47.txt;qccp;economicoperands;14
C47.txt;risk;economicoperands;7
C47.txt;rows;economicoperands;8
C47.txt;same;logicalconnectors;1
C47.txt;sfts;economicoperands;19
C47.txt;sign;economicoperands;5
C47.txt;sold;economicoperands;1
C47.txt;srep;economicoperands;3
C47.txt;such;functionwords;2
C47.txt;that;functionwords;65
C47.txt;then;logicalconnectors;5
C47.txt;they;functionwords;11
C47.txt;this;functionwords;57
C47.txt;time;economicoperands;1
C47.txt;type;economicoperands;4
C47.txt;unit;economicoperands;3
C47.txt;used;economicoperands;4
C47.txt;were;functionwords;3
C47.txt;when;logicalconnectors;8
C47.txt;with;functionwords;32
C47.txt;zero;attributes;4
C47.txt;100;attributes;4
C47.txt;104;legalreferences;4
C47.txt;113;legalreferences;6
C47.txt;add;mathematicaloperators;7
C47.txt;all;logicalconnectors;9
C47.txt;and;logicalconnectors;170
C47.txt;any;logicalconnectors;14
C47.txt;are;functionwords;28
C47.txt;but;logicalconnectors;1
C47.txt;can;regulatoryoperators;19
C47.txt;crd;legalreferences;8
C47.txt;crm;economicoperands;2
C47.txt;crr;legalreferences;203
C47.txt;day;attributes;1
C47.txt;did;functionwords;1
C47.txt;etc;functionwords;1
C47.txt;for;functionwords;48
C47.txt;had;functionwords;2
C47.txt;has;functionwords;7
C47.txt;i.e;functionwords;8
C47.txt;iii;legalreferences;4
C47.txt;ips;economicoperands;2
C47.txt;leg;economicoperands;4
C47.txt;low;economicoperands;2
C47.txt;may;regulatoryoperators;7
C47.txt;met;functionwords;7
C47.txt;net;economicoperands;1
C47.txt;non;logicalconnectors;4
C47.txt;nor;logicalconnectors;2
C47.txt;not;logicalconnectors;54
C47.txt;off;functionwords;1
C47.txt;one;attributes;1
C47.txt;out;functionwords;3
C47.txt;own;functionwords;9
C47.txt;p2g;economicoperands;13
C47.txt;pay;economicoperands;5
C47.txt;per;functionwords;3
C47.txt;pre;economicoperands;3
C47.txt;row;economicoperands;56
C47.txt;sft;economicoperands;7
C47.txt;sum;mathematicaloperators;1
C47.txt;ten;attributes;4
C47.txt;the;functionwords;498
C47.txt;two;attributes;4
C47.txt;use;economicoperands;1
C47.txt;via;functionwords;2
C47.txt;way;economicoperands;22
C47.txt;10;attributes;4
C47.txt;15;attributes;1
C47.txt;16;legalreferences;1
C47.txt;17;legalreferences;1
C47.txt;18;legalreferences;1
C47.txt;19;legalreferences;1
C47.txt;20;attributes;5
C47.txt;25;attributes;1
C47.txt;36;legalreferences;2
C47.txt;47;legalreferences;2
C47.txt;48;legalreferences;2
C47.txt;49;legalreferences;2
C47.txt;50;attributes;5
C47.txt;60;attributes;2
C47.txt;an;functionwords;40
C47.txt;as;logicalconnectors;72
C47.txt;at;functionwords;12
C47.txt;be;functionwords;104
C47.txt;by;functionwords;88
C47.txt;do;functionwords;1
C47.txt;if;logicalconnectors;38
C47.txt;ii;legalreferences;27
C47.txt;in;functionwords;132
C47.txt;is;functionwords;31
C47.txt;it;functionwords;7
C47.txt;no;logicalconnectors;33
C47.txt;of;functionwords;354
C47.txt;on;functionwords;37
C47.txt;or;logicalconnectors;59
C47.txt;sa;economicoperands;16
C47.txt;to;functionwords;89
C47.txt;up;functionwords;4
C47.txt;1;attributes;110
C47.txt;2;attributes;61
C47.txt;3;attributes;35
C47.txt;4;attributes;32
C47.txt;5;attributes;10
C47.txt;6;attributes;10
C47.txt;7;attributes;16
C47.txt;8;attributes;3
C47.txt;9;attributes;8
