F33.txt;liabilities;economicoperands;1
F33.txt;collateral;economicoperands;2
F33.txt;encumbered;economicoperands;1
F33.txt;overnight;economicoperands;1
F33.txt;receiving;economicoperands;1
F33.txt;maturity;economicoperands;3
F33.txt;received;economicoperands;2
F33.txt;residual;economicoperands;1
F33.txt;assets;economicoperands;1
F33.txt;using;economicoperands;1
F33.txt;data;economicoperands;1
F33.txt;open;economicoperands;1
F33.txt;used;economicoperands;2
F33.txt;100;attributes;1
F33.txt;110;legalreferences;1
F33.txt;120;legalreferences;1
F33.txt;leg;economicoperands;2
F33.txt;of;functionwords;1
