F01.txt;non-trading financial assets;economicoperands;2
F01.txt;national gaap compatible;legalreferences;12
F01.txt;trading financial assets;economicoperands;1
F01.txt;off balance sheet items;economicoperands;2
F01.txt;debt securities issued;economicoperands;8
F01.txt;accounting portfolios;economicoperands;1
F01.txt;financial instruments;economicoperands;12
F01.txt;have the same meaning;regulatoryoperators;2
F01.txt;regardless of whether;logicalconnectors;1
F01.txt;accounting framework;economicoperands;1
F01.txt;accounting standards;economicoperands;1
F01.txt;comprehensive income;economicoperands;23
F01.txt;financial guarantees;economicoperands;1
F01.txt;financial instrument;economicoperands;2
F01.txt;part 1 of this annex;legalreferences;1
F01.txt;capital instruments;economicoperands;1
F01.txt;hedging derivatives;economicoperands;6
F01.txt;hedging instruments;economicoperands;3
F01.txt;insurance contracts;economicoperands;1
F01.txt;under national gaap;legalreferences;3
F01.txt;difference between;mathematicaloperators;1
F01.txt;equity instruments;economicoperands;35
F01.txt;hedge relationship;economicoperands;2
F01.txt;hedging derivative;economicoperands;3
F01.txt;hedging instrument;economicoperands;6
F01.txt;in accordance with;logicalconnectors;7
F01.txt;interest rate risk;economicoperands;5
F01.txt;under the scope of;logicalconnectors;1
F01.txt;at amortised cost;economicoperands;4
F01.txt;cost-based method;economicoperands;2
F01.txt;employee benefits;economicoperands;4
F01.txt;equity instrument;economicoperands;2
F01.txt;intangible assets;economicoperands;6
F01.txt;recognised income;economicoperands;4
F01.txt;retained earnings;economicoperands;2
F01.txt;be classified in;regulatoryoperators;4
F01.txt;debt instruments;economicoperands;4
F01.txt;financial assets;economicoperands;14
F01.txt;foreign currency;economicoperands;4
F01.txt;forward contract;economicoperands;3
F01.txt;guarantees given;economicoperands;4
F01.txt;hedge accounting;economicoperands;6
F01.txt;held for trading;economicoperands;4
F01.txt;is designated as;regulatoryoperators;2
F01.txt;attributable to;functionwords;5
F01.txt;carrying amount;economicoperands;22
F01.txt;cash flow hedge;economicoperands;2
F01.txt;characteristics;logicalconnectors;1
F01.txt;debt securities;economicoperands;16
F01.txt;defined benefit;economicoperands;6
F01.txt;demand deposits;economicoperands;5
F01.txt;disposal groups;economicoperands;10
F01.txt;ineffectiveness;attributes;5
F01.txt;irrespective of;logicalconnectors;2
F01.txt;loss accounting;economicoperands;2
F01.txt;net investments;economicoperands;6
F01.txt;portfolio hedge;economicoperands;5
F01.txt;post-employment;economicoperands;1
F01.txt;tangible assets;economicoperands;5
F01.txt;tax liabilities;economicoperands;6
F01.txt;treasury shares;economicoperands;3
F01.txt;aforementioned;logicalconnectors;1
F01.txt;be reported as;regulatoryoperators;2
F01.txt;be reported in;regulatoryoperators;7
F01.txt;equity-settled;economicoperands;1
F01.txt;interdependent;economicoperands;1
F01.txt;joint ventures;economicoperands;12
F01.txt;loss allowance;economicoperands;1
F01.txt;profit or loss;economicoperands;17
F01.txt;proportionally;mathematicaloperators;1
F01.txt;reference date;economicoperands;1
F01.txt;reporting date;economicoperands;1
F01.txt;resulting from;other;1
F01.txt;unpaid capital;economicoperands;6
F01.txt;at fair value;economicoperands;35
F01.txt;balance sheet;economicoperands;6
F01.txt;cash balances;economicoperands;5
F01.txt;central banks;economicoperands;6
F01.txt;classified as;regulatoryoperators;8
F01.txt;consolidation;economicoperands;2
F01.txt;equity method;economicoperands;6
F01.txt;excluded from;logicalconnectors;1
F01.txt;held for sale;economicoperands;11
F01.txt;national gaap;legalreferences;18
F01.txt;pension plans;economicoperands;2
F01.txt;restructuring;economicoperands;2
F01.txt;share premium;economicoperands;2
F01.txt;among others;logicalconnectors;2
F01.txt;consolidated;economicoperands;1
F01.txt;contribution;economicoperands;1
F01.txt;deferred tax;economicoperands;2
F01.txt;except where;logicalconnectors;2
F01.txt;hedged items;economicoperands;5
F01.txt;institutions;economicoperands;2
F01.txt;paragraph 40;legalreferences;1
F01.txt;presentation;economicoperands;1
F01.txt;provisioning;economicoperands;1
F01.txt;reclassified;regulatoryoperators;4
F01.txt;shareholders;economicoperands;1
F01.txt;subsequently;logicalconnectors;1
F01.txt;subsidiaries;economicoperands;6
F01.txt;transactions;economicoperands;1
F01.txt;under ifrs 5;legalreferences;2
F01.txt;accumulated;economicoperands;16
F01.txt;circulation;economicoperands;1
F01.txt;commitments;economicoperands;7
F01.txt;commodities;economicoperands;1
F01.txt;controlling;economicoperands;2
F01.txt;cooperative;economicoperands;1
F01.txt;credit risk;economicoperands;5
F01.txt;derivatives;economicoperands;13
F01.txt;designation;regulatoryoperators;2
F01.txt;differences;mathematicaloperators;1
F01.txt;distinction;logicalconnectors;1
F01.txt;hedged item;economicoperands;4
F01.txt;ineffective;attributes;2
F01.txt;institution;economicoperands;4
F01.txt;investments;economicoperands;15
F01.txt;irrevocable;economicoperands;1
F01.txt;liabilities;economicoperands;45
F01.txt;mandatorily;regulatoryoperators;2
F01.txt;obligations;economicoperands;2
F01.txt;recognition;economicoperands;1
F01.txt;repurchased;economicoperands;1
F01.txt;revaluation;economicoperands;3
F01.txt;subscribers;economicoperands;1
F01.txt;subsidaries;economicoperands;6
F01.txt;termination;economicoperands;1
F01.txt;translation;economicoperands;2
F01.txt;accounting;economicoperands;31
F01.txt;appendix a;legalreferences;6
F01.txt;as well as;logicalconnectors;1
F01.txt;associates;economicoperands;12
F01.txt;contingent;economicoperands;2
F01.txt;derivative;economicoperands;6
F01.txt;designated;regulatoryoperators;8
F01.txt;determined;regulatoryoperators;1
F01.txt;employment;economicoperands;3
F01.txt;fair value;economicoperands;31
F01.txt;first-time;economicoperands;1
F01.txt;guarantees;economicoperands;2
F01.txt;impairment;economicoperands;1
F01.txt;investment;economicoperands;2
F01.txt;litigation;economicoperands;2
F01.txt;operations;economicoperands;7
F01.txt;other than;logicalconnectors;3
F01.txt;provisions;economicoperands;14
F01.txt;reacquired;economicoperands;1
F01.txt;receivable;economicoperands;2
F01.txt;recognised;economicoperands;3
F01.txt;references;functionwords;31
F01.txt;regulatory;economicoperands;1
F01.txt;segregated;economicoperands;1
F01.txt;separately;economicoperands;2
F01.txt;short-term;economicoperands;1
F01.txt;treated as;regulatoryoperators;1
F01.txt;under ifrs;legalreferences;5
F01.txt;variations;economicoperands;1
F01.txt;accounted;economicoperands;6
F01.txt;actuarial;economicoperands;2
F01.txt;amortised;economicoperands;1
F01.txt;amount of;mathematicaloperators;4
F01.txt;banknotes;economicoperands;1
F01.txt;breakdown;mathematicaloperators;19
F01.txt;cash flow;economicoperands;6
F01.txt;component;economicoperands;6
F01.txt;contracts;economicoperands;1
F01.txt;different;mathematicaloperators;2
F01.txt;directive;legalreferences;34
F01.txt;disclosed;economicoperands;1
F01.txt;dividends;economicoperands;2
F01.txt;effective;other;8
F01.txt;equipment;economicoperands;2
F01.txt;financial;economicoperands;23
F01.txt;following;other;2
F01.txt;generated;economicoperands;1
F01.txt;including;logicalconnectors;3
F01.txt;interests;economicoperands;4
F01.txt;intrinsic;economicoperands;2
F01.txt;liability;economicoperands;1
F01.txt;listed in;functionwords;1
F01.txt;long term;economicoperands;2
F01.txt;long-term;economicoperands;2
F01.txt;no longer;attributes;2
F01.txt;portfolio;economicoperands;2
F01.txt;positions;economicoperands;3
F01.txt;presented;economicoperands;2
F01.txt;repayable;economicoperands;3
F01.txt;reporting;economicoperands;1
F01.txt;separated;economicoperands;2
F01.txt;statement;economicoperands;4
F01.txt;statutory;economicoperands;1
F01.txt;valuation;economicoperands;4
F01.txt;variation;economicoperands;2
F01.txt;adoption;other;1
F01.txt;advances;economicoperands;17
F01.txt;although;logicalconnectors;1
F01.txt;annex v.;legalreferences;165
F01.txt;appendix;economicoperands;2
F01.txt;assigned;regulatoryoperators;1
F01.txt;balances;economicoperands;2
F01.txt;based on;other;19
F01.txt;benefits;economicoperands;1
F01.txt;commonly;functionwords;1
F01.txt;compound;mathematicaloperators;6
F01.txt;comprise;logicalconnectors;2
F01.txt;counting;economicoperands;1
F01.txt;criteria;economicoperands;2
F01.txt;deferred;economicoperands;2
F01.txt;deposits;economicoperands;8
F01.txt;election;economicoperands;1
F01.txt;elements;economicoperands;3
F01.txt;embedded;logicalconnectors;1
F01.txt;examples;economicoperands;2
F01.txt;expenses;economicoperands;1
F01.txt;goodwill;economicoperands;3
F01.txt;haircuts;economicoperands;2
F01.txt;holdings;economicoperands;1
F01.txt;included;logicalconnectors;5
F01.txt;increase;mathematicaloperators;3
F01.txt;measured;economicoperands;27
F01.txt;minority;economicoperands;2
F01.txt;multiple;mathematicaloperators;1
F01.txt;national;economicoperands;1
F01.txt;of which;logicalconnectors;1
F01.txt;on-going;economicoperands;1
F01.txt;payments;economicoperands;1
F01.txt;pensions;economicoperands;3
F01.txt;position;economicoperands;4
F01.txt;possible;regulatoryoperators;1
F01.txt;property;economicoperands;4
F01.txt;recorded;economicoperands;2
F01.txt;released;economicoperands;1
F01.txt;relevant;attributes;7
F01.txt;reported;economicoperands;3
F01.txt;reserves;economicoperands;15
F01.txt;specific;functionwords;2
F01.txt;template;legalreferences;3
F01.txt;accrued;economicoperands;1
F01.txt;allowed;regulatoryoperators;1
F01.txt;amounts;mathematicaloperators;1
F01.txt;annex v;legalreferences;2
F01.txt;arising;economicoperands;6
F01.txt;article;legalreferences;12
F01.txt;banking;economicoperands;3
F01.txt;benefit;economicoperands;1
F01.txt;between;functionwords;2
F01.txt;capital;economicoperands;14
F01.txt;changes;economicoperands;27
F01.txt;contain;economicoperands;1
F01.txt;current;attributes;11
F01.txt;defined;regulatoryoperators;1
F01.txt;element;economicoperands;4
F01.txt;example;economicoperands;4
F01.txt;expense;economicoperands;5
F01.txt;follows;other;1
F01.txt;foreign;economicoperands;8
F01.txt;forward;economicoperands;2
F01.txt;general;functionwords;3
F01.txt;include;logicalconnectors;26
F01.txt;initial;economicoperands;1
F01.txt;interim;economicoperands;2
F01.txt;part of;logicalconnectors;2
F01.txt;payment;economicoperands;2
F01.txt;pending;functionwords;2
F01.txt;portion;economicoperands;8
F01.txt;present;economicoperands;1
F01.txt;receipt;economicoperands;1
F01.txt;related;logicalconnectors;4
F01.txt;reserve;economicoperands;7
F01.txt;that is;logicalconnectors;2
F01.txt;through;functionwords;32
F01.txt;trading;economicoperands;10
F01.txt;whether;logicalconnectors;2
F01.txt;appear;economicoperands;1
F01.txt;arises;economicoperands;2
F01.txt;assets;economicoperands;36
F01.txt;called;economicoperands;6
F01.txt;change;economicoperands;2
F01.txt;credit;economicoperands;1
F01.txt;demand;economicoperands;5
F01.txt;due to;logicalconnectors;4
F01.txt;either;logicalconnectors;1
F01.txt;entity;economicoperands;1
F01.txt;equity;economicoperands;22
F01.txt;hedged;economicoperands;2
F01.txt;hedges;economicoperands;13
F01.txt;ias 37;legalreferences;3
F01.txt;ifrs 4;legalreferences;8
F01.txt;ifrs 5;legalreferences;1
F01.txt;ifrs 9;legalreferences;17
F01.txt;income;economicoperands;3
F01.txt;intent;economicoperands;1
F01.txt;issued;economicoperands;8
F01.txt;issues;economicoperands;2
F01.txt;losses;economicoperands;12
F01.txt;nature;economicoperands;2
F01.txt;option;economicoperands;2
F01.txt;owners;economicoperands;2
F01.txt;parent;economicoperands;2
F01.txt;profit;economicoperands;2
F01.txt;remain;economicoperands;1
F01.txt;shares;economicoperands;2
F01.txt;silver;economicoperands;1
F01.txt;spread;economicoperands;2
F01.txt;values;economicoperands;1
F01.txt;within;logicalconnectors;3
F01.txt;allow;regulatoryoperators;1
F01.txt;annex;legalreferences;22
F01.txt;apply;logicalconnectors;2
F01.txt;asset;economicoperands;1
F01.txt;based;other;1
F01.txt;basis;economicoperands;1
F01.txt;coins;economicoperands;1
F01.txt;could;functionwords;2
F01.txt;cover;economicoperands;1
F01.txt;first;attributes;1
F01.txt;fully;economicoperands;1
F01.txt;funds;economicoperands;3
F01.txt;gains;economicoperands;5
F01.txt;going;functionwords;1
F01.txt;hedge;economicoperands;9
F01.txt;ifrs9;legalreferences;2
F01.txt;items;other;9
F01.txt;legal;economicoperands;3
F01.txt;loans;economicoperands;17
F01.txt;other;logicalconnectors;86
F01.txt;place;economicoperands;1
F01.txt;plans;economicoperands;2
F01.txt;plant;economicoperands;2
F01.txt;risks;economicoperands;3
F01.txt;scope;economicoperands;1
F01.txt;shall;regulatoryoperators;44
F01.txt;share;economicoperands;9
F01.txt;short;economicoperands;3
F01.txt;split;mathematicaloperators;1
F01.txt;table;other;19
F01.txt;takes;other;1
F01.txt;their;functionwords;6
F01.txt;those;functionwords;2
F01.txt;total;mathematicaloperators;10
F01.txt;under;functionwords;8
F01.txt;using;economicoperands;6
F01.txt;value;economicoperands;4
F01.txt;where;logicalconnectors;13
F01.txt;which;functionwords;9
F01.txt;while;logicalconnectors;2
F01.txt;years;economicoperands;1
F01.txt;been;functionwords;9
F01.txt;both;logicalconnectors;3
F01.txt;cash;economicoperands;5
F01.txt;clas;other;3
F01.txt;even;logicalconnectors;1
F01.txt;from;functionwords;11
F01.txt;gold;economicoperands;1
F01.txt;hand;economicoperands;3
F01.txt;have;functionwords;4
F01.txt;held;economicoperands;1
F01.txt;ifrs;legalreferences;93
F01.txt;item;other;1
F01.txt;loss;economicoperands;3
F01.txt;made;functionwords;1
F01.txt;make;functionwords;1
F01.txt;meet;economicoperands;2
F01.txt;non-;logicalconnectors;19
F01.txt;only;logicalconnectors;3
F01.txt;paid;economicoperands;4
F01.txt;part;functionwords;187
F01.txt;past;functionwords;1
F01.txt;post;economicoperands;2
F01.txt;sold;economicoperands;1
F01.txt;spot;economicoperands;2
F01.txt;that;functionwords;26
F01.txt;them;functionwords;1
F01.txt;they;functionwords;9
F01.txt;this;functionwords;3
F01.txt;time;economicoperands;2
F01.txt;type;economicoperands;1
F01.txt;used;economicoperands;2
F01.txt;will;functionwords;2
F01.txt;with;functionwords;3
F01.txt;100;attributes;6
F01.txt;106;legalreferences;3
F01.txt;108;legalreferences;3
F01.txt;113;legalreferences;3
F01.txt;115;legalreferences;3
F01.txt;all;logicalconnectors;6
F01.txt;and;logicalconnectors;85
F01.txt;are;functionwords;19
F01.txt;bad;economicoperands;51
F01.txt;but;logicalconnectors;2
F01.txt;can;regulatoryoperators;1
F01.txt;crr;legalreferences;31
F01.txt;ecb;economicoperands;17
F01.txt;for;functionwords;27
F01.txt;has;functionwords;7
F01.txt;how;functionwords;1
F01.txt;iii;legalreferences;7
F01.txt;may;regulatoryoperators;3
F01.txt;net;economicoperands;2
F01.txt;non;logicalconnectors;2
F01.txt;not;logicalconnectors;19
F01.txt;own;functionwords;3
F01.txt;row;economicoperands;4
F01.txt;tax;economicoperands;6
F01.txt;the;functionwords;102
F01.txt;yet;logicalconnectors;1
F01.txt;10;attributes;11
F01.txt;11;legalreferences;7
F01.txt;12;attributes;9
F01.txt;13;legalreferences;4
F01.txt;14;legalreferences;4
F01.txt;15;attributes;1
F01.txt;16;legalreferences;1
F01.txt;17;legalreferences;3
F01.txt;18;legalreferences;2
F01.txt;19;legalreferences;5
F01.txt;20;attributes;1
F01.txt;21;legalreferences;7
F01.txt;22;legalreferences;5
F01.txt;23;attributes;1
F01.txt;24;legalreferences;3
F01.txt;25;attributes;1
F01.txt;27;legalreferences;5
F01.txt;28;legalreferences;10
F01.txt;29;legalreferences;3
F01.txt;30;attributes;2
F01.txt;32;legalreferences;4
F01.txt;35;attributes;1
F01.txt;36;legalreferences;3
F01.txt;38;legalreferences;3
F01.txt;39;legalreferences;7
F01.txt;40;legalreferences;2
F01.txt;41;legalreferences;11
F01.txt;42;legalreferences;6
F01.txt;43;legalreferences;13
F01.txt;46;legalreferences;16
F01.txt;49;legalreferences;2
F01.txt;an;functionwords;4
F01.txt;as;logicalconnectors;10
F01.txt;at;functionwords;11
F01.txt;be;functionwords;10
F01.txt;by;functionwords;5
F01.txt;do;functionwords;2
F01.txt;if;logicalconnectors;3
F01.txt;ii;legalreferences;15
F01.txt;in;functionwords;76
F01.txt;is;functionwords;6
F01.txt;iv;legalreferences;2
F01.txt;no;logicalconnectors;1
F01.txt;of;functionwords;86
F01.txt;on;functionwords;13
F01.txt;or;logicalconnectors;16
F01.txt;to;functionwords;17
F01.txt;up;functionwords;8
F01.txt;vi;legalreferences;2
F01.txt;1;attributes;64
F01.txt;2;attributes;30
F01.txt;3;attributes;7
F01.txt;4;attributes;99
F01.txt;5;attributes;15
F01.txt;6;attributes;28
F01.txt;7;attributes;19
F01.txt;8;attributes;69
F01.txt;9;attributes;11
