F10+11.txt;non-trading financial assets;economicoperands;2
F10+11.txt;national gaap compatible;legalreferences;11
F10+11.txt;that meet the definition;logicalconnectors;4
F10+11.txt;trading financial assets;economicoperands;1
F10+11.txt;this part of this annex;legalreferences;4
F10+11.txt;financial corporations;economicoperands;8
F10+11.txt;foreign exchange swaps;economicoperands;2
F10+11.txt;meet the definition of;regulatoryoperators;4
F10+11.txt;accounting portfolios;economicoperands;8
F10+11.txt;financial instruments;economicoperands;4
F10+11.txt;regardless of whether;logicalconnectors;4
F10+11.txt;with the exception of;logicalconnectors;4
F10+11.txt;accounting framework;economicoperands;2
F10+11.txt;accounting portfolio;economicoperands;5
F10+11.txt;appendix a to ifrs 9;legalreferences;2
F10+11.txt;comprehensive income;economicoperands;8
F10+11.txt;credit spread option;economicoperands;8
F10+11.txt;financial guarantees;economicoperands;2
F10+11.txt;financial instrument;economicoperands;8
F10+11.txt;for hedging purposes;economicoperands;2
F10+11.txt;part 1 of this annex;legalreferences;2
F10+11.txt;accounting standard;economicoperands;2
F10+11.txt;credit default swap;economicoperands;8
F10+11.txt;financial guarantee;economicoperands;4
F10+11.txt;financial liability;economicoperands;4
F10+11.txt;hedging derivatives;economicoperands;12
F10+11.txt;hedging instruments;economicoperands;19
F10+11.txt;proprietary trading;economicoperands;2
F10+11.txt;templates 10 and 11;legalreferences;8
F10+11.txt;under national gaap;legalreferences;8
F10+11.txt;commodity contract;economicoperands;2
F10+11.txt;credit derivatives;economicoperands;14
F10+11.txt;equity instruments;economicoperands;2
F10+11.txt;for the purpose of;logicalconnectors;2
F10+11.txt;hedge relationship;economicoperands;6
F10+11.txt;hedging derivative;economicoperands;2
F10+11.txt;hedging instrument;economicoperands;4
F10+11.txt;in accordance with;logicalconnectors;22
F10+11.txt;interest rate risk;economicoperands;26
F10+11.txt;notional amount of;mathematicaloperators;8
F10+11.txt;taken into account;regulatoryoperators;2
F10+11.txt;at amortised cost;economicoperands;20
F10+11.txt;cost-based method;economicoperands;1
F10+11.txt;cost-price hedges;economicoperands;4
F10+11.txt;hybrid instrument;economicoperands;2
F10+11.txt;off-balance sheet;economicoperands;2
F10+11.txt;total return swap;economicoperands;8
F10+11.txt;carrying amounts;economicoperands;2
F10+11.txt;commodity-linked;economicoperands;2
F10+11.txt;creditworthiness;economicoperands;2
F10+11.txt;currency options;economicoperands;4
F10+11.txt;financial assets;economicoperands;49
F10+11.txt;foreign exchange;economicoperands;32
F10+11.txt;hedge accounting;economicoperands;23
F10+11.txt;held for trading;economicoperands;28
F10+11.txt;interest-bearing;economicoperands;4
F10+11.txt;is designated as;regulatoryoperators;4
F10+11.txt;on-balance sheet;economicoperands;6
F10+11.txt;organised market;economicoperands;6
F10+11.txt;organized market;economicoperands;50
F10+11.txt;where applicable;logicalconnectors;4
F10+11.txt;amortised costs;economicoperands;2
F10+11.txt;are not part of;logicalconnectors;2
F10+11.txt;be allocated to;regulatoryoperators;2
F10+11.txt;be reported for;regulatoryoperators;14
F10+11.txt;carrying amount;economicoperands;55
F10+11.txt;cash flow hedge;economicoperands;2
F10+11.txt;discontinuation;economicoperands;2
F10+11.txt;economic hedges;economicoperands;28
F10+11.txt;financial asset;economicoperands;4
F10+11.txt;irrespective of;logicalconnectors;8
F10+11.txt;net investments;economicoperands;6
F10+11.txt;notional amount;mathematicaloperators;38
F10+11.txt;portfolio hedge;economicoperands;14
F10+11.txt;single-currency;economicoperands;2
F10+11.txt;at the date of;logicalconnectors;2
F10+11.txt;be reported as;regulatoryoperators;6
F10+11.txt;be reported in;regulatoryoperators;24
F10+11.txt;broken down by;mathematicaloperators;10
F10+11.txt;characteristic;logicalconnectors;2
F10+11.txt;classification;economicoperands;2
F10+11.txt;counterparties;economicoperands;10
F10+11.txt;cross-currency;economicoperands;8
F10+11.txt;exchange rates;economicoperands;4
F10+11.txt;in addition to;mathematicaloperators;2
F10+11.txt;interest rates;economicoperands;6
F10+11.txt;multi-exposure;economicoperands;2
F10+11.txt;net investment;economicoperands;2
F10+11.txt;precious metal;economicoperands;2
F10+11.txt;profit or loss;economicoperands;19
F10+11.txt;reference date;economicoperands;6
F10+11.txt;required to be;regulatoryoperators;2
F10+11.txt;as defined in;logicalconnectors;6
F10+11.txt;at fair value;economicoperands;24
F10+11.txt;balance sheet;economicoperands;4
F10+11.txt;classified as;regulatoryoperators;12
F10+11.txt;consideration;logicalconnectors;2
F10+11.txt;credit spread;economicoperands;2
F10+11.txt;in particular;logicalconnectors;2
F10+11.txt;interest rate;economicoperands;44
F10+11.txt;micro- hedges;economicoperands;4
F10+11.txt;national gaap;legalreferences;32
F10+11.txt;risk category;economicoperands;2
F10+11.txt;according to;regulatoryoperators;8
F10+11.txt;agricultural;economicoperands;2
F10+11.txt;article 4(1);legalreferences;4
F10+11.txt;breakdown by;mathematicaloperators;6
F10+11.txt;breakdown of;mathematicaloperators;4
F10+11.txt;constituting;logicalconnectors;2
F10+11.txt;counterparty;economicoperands;4
F10+11.txt;discontinued;economicoperands;6
F10+11.txt;except where;logicalconnectors;4
F10+11.txt;gain or loss;economicoperands;2
F10+11.txt;hedged items;economicoperands;22
F10+11.txt;institutions;economicoperands;12
F10+11.txt;macro hedges;economicoperands;4
F10+11.txt;micro hedges;economicoperands;4
F10+11.txt;micro-hedges;economicoperands;18
F10+11.txt;net position;economicoperands;14
F10+11.txt;recalculated;mathematicaloperators;2
F10+11.txt;relationship;economicoperands;2
F10+11.txt;trading book;economicoperands;2
F10+11.txt;transactions;economicoperands;6
F10+11.txt;unfavourable;economicoperands;2
F10+11.txt;unrecognised;economicoperands;4
F10+11.txt;accumulated;economicoperands;2
F10+11.txt;adjustments;mathematicaloperators;26
F10+11.txt;application;economicoperands;2
F10+11.txt;appropriate;attributes;2
F10+11.txt;commitments;economicoperands;4
F10+11.txt;commodities;economicoperands;8
F10+11.txt;contractual;economicoperands;2
F10+11.txt;cost- based;economicoperands;10
F10+11.txt;credit risk;economicoperands;12
F10+11.txt;derivatives;economicoperands;103
F10+11.txt;estimate of;mathematicaloperators;2
F10+11.txt;hedged item;economicoperands;2
F10+11.txt;implemented;regulatoryoperators;2
F10+11.txt;information;economicoperands;2
F10+11.txt;institution;economicoperands;10
F10+11.txt;instruments;economicoperands;10
F10+11.txt;liabilities;economicoperands;69
F10+11.txt;mandatorily;regulatoryoperators;2
F10+11.txt;measurement;mathematicaloperators;2
F10+11.txt;performance;economicoperands;4
F10+11.txt;predominant;economicoperands;2
F10+11.txt;receivables;economicoperands;2
F10+11.txt;recognition;economicoperands;8
F10+11.txt;referencing;functionwords;2
F10+11.txt;referred to;functionwords;2
F10+11.txt;transaction;economicoperands;6
F10+11.txt;uncertainty;economicoperands;2
F10+11.txt;accounting;economicoperands;4
F10+11.txt;adjustment;mathematicaloperators;2
F10+11.txt;agreements;economicoperands;2
F10+11.txt;allocation;economicoperands;4
F10+11.txt;appendix a;legalreferences;6
F10+11.txt;applicable;logicalconnectors;8
F10+11.txt;as well as;logicalconnectors;4
F10+11.txt;breakdowns;mathematicaloperators;2
F10+11.txt;by type of;logicalconnectors;31
F10+11.txt;cash flows;economicoperands;2
F10+11.txt;categories;economicoperands;10
F10+11.txt;classified;regulatoryoperators;2
F10+11.txt;components;economicoperands;2
F10+11.txt;comprising;logicalconnectors;2
F10+11.txt;compulsory;regulatoryoperators;2
F10+11.txt;considered;logicalconnectors;6
F10+11.txt;constitute;logicalconnectors;2
F10+11.txt;contracted;economicoperands;2
F10+11.txt;cumulative;mathematicaloperators;2
F10+11.txt;currencies;economicoperands;4
F10+11.txt;derivative;economicoperands;53
F10+11.txt;designated;regulatoryoperators;6
F10+11.txt;determined;regulatoryoperators;4
F10+11.txt;fair value;economicoperands;56
F10+11.txt;fair-value;economicoperands;2
F10+11.txt;favourable;economicoperands;2
F10+11.txt;gaap based;legalreferences;2
F10+11.txt;identified;economicoperands;2
F10+11.txt;influenced;economicoperands;2
F10+11.txt;instrument;economicoperands;2
F10+11.txt;multiplied;mathematicaloperators;4
F10+11.txt;multiplier;mathematicaloperators;2
F10+11.txt;obligation;economicoperands;2
F10+11.txt;otc market;economicoperands;4
F10+11.txt;other than;logicalconnectors;4
F10+11.txt;particular;logicalconnectors;4
F10+11.txt;pertaining;logicalconnectors;2
F10+11.txt;precedence;economicoperands;2
F10+11.txt;predefined;economicoperands;4
F10+11.txt;previously;logicalconnectors;2
F10+11.txt;protection;economicoperands;6
F10+11.txt;qualifying;economicoperands;6
F10+11.txt;recognised;economicoperands;10
F10+11.txt;references;functionwords;37
F10+11.txt;represents;economicoperands;2
F10+11.txt;restricted;regulatoryoperators;2
F10+11.txt;separately;economicoperands;14
F10+11.txt;stipulated;regulatoryoperators;2
F10+11.txt;subsequent;logicalconnectors;4
F10+11.txt;under ifrs;legalreferences;2
F10+11.txt;underlying;economicoperands;10
F10+11.txt;allocated;economicoperands;2
F10+11.txt;amortised;economicoperands;2
F10+11.txt;amount of;mathematicaloperators;4
F10+11.txt;available;economicoperands;2
F10+11.txt;cash flow;economicoperands;12
F10+11.txt;commodity;economicoperands;34
F10+11.txt;component;economicoperands;4
F10+11.txt;concluded;economicoperands;2
F10+11.txt;contracts;economicoperands;40
F10+11.txt;corridors;economicoperands;2
F10+11.txt;decreases;mathematicaloperators;2
F10+11.txt;dedicated;economicoperands;4
F10+11.txt;determine;regulatoryoperators;2
F10+11.txt;directive;legalreferences;4
F10+11.txt;downgrade;economicoperands;2
F10+11.txt;effective;other;6
F10+11.txt;exception;logicalconnectors;2
F10+11.txt;exchanges;economicoperands;4
F10+11.txt;exposures;economicoperands;2
F10+11.txt;financial;economicoperands;44
F10+11.txt;following;other;14
F10+11.txt;framework;economicoperands;2
F10+11.txt;generally;functionwords;2
F10+11.txt;including;logicalconnectors;20
F10+11.txt;increases;mathematicaloperators;2
F10+11.txt;insurance;economicoperands;2
F10+11.txt;involving;economicoperands;10
F10+11.txt;mandatory;regulatoryoperators;2
F10+11.txt;more than;mathematicaloperators;8
F10+11.txt;operation;economicoperands;7
F10+11.txt;paragraph;legalreferences;10
F10+11.txt;petroleum;economicoperands;2
F10+11.txt;portfolio;economicoperands;16
F10+11.txt;positions;economicoperands;8
F10+11.txt;primarily;attributes;2
F10+11.txt;principal;economicoperands;10
F10+11.txt;recognise;economicoperands;2
F10+11.txt;reference;functionwords;8
F10+11.txt;regulated;regulatoryoperators;2
F10+11.txt;remaining;economicoperands;8
F10+11.txt;reporting;economicoperands;10
F10+11.txt;sensitive;economicoperands;2
F10+11.txt;separated;economicoperands;2
F10+11.txt;statement;economicoperands;2
F10+11.txt;templates;legalreferences;4
F10+11.txt;therefore;logicalconnectors;4
F10+11.txt;triggered;economicoperands;2
F10+11.txt;whichever;logicalconnectors;2
F10+11.txt;adjusted;mathematicaloperators;2
F10+11.txt;annex v.;legalreferences;444
F10+11.txt;applying;logicalconnectors;2
F10+11.txt;at least;logicalconnectors;2
F10+11.txt;based on;other;28
F10+11.txt;category;economicoperands;12
F10+11.txt;classify;regulatoryoperators;2
F10+11.txt;clearing;economicoperands;4
F10+11.txt;climatic;economicoperands;2
F10+11.txt;cognised;economicoperands;2
F10+11.txt;concerns;logicalconnectors;2
F10+11.txt;contract;economicoperands;22
F10+11.txt;criteria;economicoperands;2
F10+11.txt;currency;economicoperands;16
F10+11.txt;eligible;economicoperands;2
F10+11.txt;embedded;logicalconnectors;2
F10+11.txt;equal to;logicalconnectors;2
F10+11.txt;equities;economicoperands;8
F10+11.txt;exchange;economicoperands;10
F10+11.txt;exercise;economicoperands;2
F10+11.txt;exposure;economicoperands;20
F10+11.txt;forwards;economicoperands;2
F10+11.txt;included;logicalconnectors;20
F10+11.txt;interest;economicoperands;2
F10+11.txt;maturity;economicoperands;2
F10+11.txt;measured;economicoperands;39
F10+11.txt;monetary;economicoperands;4
F10+11.txt;multiple;mathematicaloperators;2
F10+11.txt;negative;mathematicaloperators;14
F10+11.txt;notional;mathematicaloperators;14
F10+11.txt;of which;logicalconnectors;104
F10+11.txt;outright;attributes;2
F10+11.txt;payments;economicoperands;2
F10+11.txt;position;economicoperands;2
F10+11.txt;positive;economicoperands;14
F10+11.txt;products;economicoperands;2
F10+11.txt;purchase;economicoperands;4
F10+11.txt;purposes;economicoperands;2
F10+11.txt;quantity;economicoperands;2
F10+11.txt;relevant;attributes;10
F10+11.txt;reported;economicoperands;36
F10+11.txt;template;legalreferences;20
F10+11.txt;treasury;economicoperands;2
F10+11.txt;unquoted;economicoperands;2
F10+11.txt;variable;economicoperands;2
F10+11.txt;warrants;economicoperands;4
F10+11.txt;allowed;regulatoryoperators;2
F10+11.txt;already;logicalconnectors;2
F10+11.txt;amounts;mathematicaloperators;16
F10+11.txt;another;functionwords;2
F10+11.txt;applied;logicalconnectors;2
F10+11.txt;applies;logicalconnectors;2
F10+11.txt;article;legalreferences;2
F10+11.txt;between;functionwords;4
F10+11.txt;carried;economicoperands;12
F10+11.txt;central;economicoperands;2
F10+11.txt;collars;economicoperands;2
F10+11.txt;default;economicoperands;2
F10+11.txt;digital;economicoperands;4
F10+11.txt;elected;economicoperands;2
F10+11.txt;exclude;logicalconnectors;2
F10+11.txt;expense;economicoperands;2
F10+11.txt;exposed;economicoperands;2
F10+11.txt;foreign;economicoperands;10
F10+11.txt;forward;economicoperands;4
F10+11.txt;futures;economicoperands;6
F10+11.txt;hedging;economicoperands;22
F10+11.txt;holders;economicoperands;2
F10+11.txt;however;functionwords;2
F10+11.txt;include;logicalconnectors;28
F10+11.txt;indices;economicoperands;2
F10+11.txt;initial;economicoperands;10
F10+11.txt;involve;economicoperands;4
F10+11.txt;meaning;other;2
F10+11.txt;measure;economicoperands;2
F10+11.txt;netting;economicoperands;12
F10+11.txt;nominal;economicoperands;8
F10+11.txt;options;economicoperands;58
F10+11.txt;part of;logicalconnectors;10
F10+11.txt;payouts;economicoperands;2
F10+11.txt;portion;economicoperands;4
F10+11.txt;product;economicoperands;25
F10+11.txt;related;logicalconnectors;6
F10+11.txt;require;regulatoryoperators;2
F10+11.txt;settled;economicoperands;2
F10+11.txt;specify;economicoperands;2
F10+11.txt;such as;logicalconnectors;8
F10+11.txt;thereof;functionwords;2
F10+11.txt;through;functionwords;23
F10+11.txt;trading;economicoperands;39
F10+11.txt;used in;economicoperands;2
F10+11.txt;whether;logicalconnectors;12
F10+11.txt;across;functionwords;2
F10+11.txt;amount;mathematicaloperators;16
F10+11.txt;assets;economicoperands;37
F10+11.txt;become;economicoperands;2
F10+11.txt;before;logicalconnectors;10
F10+11.txt;belong;logicalconnectors;2
F10+11.txt;booked;economicoperands;6
F10+11.txt;buyers;economicoperands;2
F10+11.txt;change;economicoperands;2
F10+11.txt;column;legalreferences;2
F10+11.txt;credit;economicoperands;32
F10+11.txt;either;logicalconnectors;10
F10+11.txt;enters;economicoperands;2
F10+11.txt;entire;logicalconnectors;2
F10+11.txt;entity;economicoperands;6
F10+11.txt;equity;economicoperands;41
F10+11.txt;events;economicoperands;2
F10+11.txt;floors;economicoperands;2
F10+11.txt;gather;economicoperands;2
F10+11.txt;hedged;economicoperands;10
F10+11.txt;hedges;economicoperands;52
F10+11.txt;hybrid;economicoperands;2
F10+11.txt;ifrs 9;legalreferences;16
F10+11.txt;income;economicoperands;2
F10+11.txt;linked;economicoperands;6
F10+11.txt;losses;economicoperands;4
F10+11.txt;lumber;economicoperands;2
F10+11.txt;manage;economicoperands;4
F10+11.txt;market;economicoperands;29
F10+11.txt;method;economicoperands;10
F10+11.txt;nature;economicoperands;4
F10+11.txt;number;economicoperands;6
F10+11.txt;option;economicoperands;10
F10+11.txt;payoff;economicoperands;2
F10+11.txt;payout;economicoperands;2
F10+11.txt;prices;economicoperands;2
F10+11.txt;rating;economicoperands;2
F10+11.txt;remain;economicoperands;2
F10+11.txt;report;economicoperands;2
F10+11.txt;return;economicoperands;8
F10+11.txt;sector;economicoperands;2
F10+11.txt;seller;economicoperands;2
F10+11.txt;strike;mathematicaloperators;2
F10+11.txt;sum of;mathematicaloperators;2
F10+11.txt;taking;other;2
F10+11.txt;traded;economicoperands;2
F10+11.txt;values;economicoperands;2
F10+11.txt;within;logicalconnectors;6
F10+11.txt;writer;economicoperands;2
F10+11.txt;above;functionwords;2
F10+11.txt;after;logicalconnectors;2
F10+11.txt;among;logicalconnectors;2
F10+11.txt;annex;legalreferences;1
F10+11.txt;apply;logicalconnectors;4
F10+11.txt;asset;economicoperands;2
F10+11.txt;based;other;2
F10+11.txt;basis;economicoperands;6
F10+11.txt;being;functionwords;2
F10+11.txt;below;functionwords;2
F10+11.txt;cases;economicoperands;6
F10+11.txt;cover;economicoperands;2
F10+11.txt;cross;economicoperands;2
F10+11.txt;deals;economicoperands;14
F10+11.txt;gains;economicoperands;4
F10+11.txt;gives;functionwords;2
F10+11.txt;gross;economicoperands;6
F10+11.txt;group;economicoperands;8
F10+11.txt;hedge;economicoperands;50
F10+11.txt;index;economicoperands;6
F10+11.txt;items;other;6
F10+11.txt;joint;logicalconnectors;4
F10+11.txt;loans;economicoperands;2
F10+11.txt;locom;economicoperands;24
F10+11.txt;names;economicoperands;4
F10+11.txt;order;economicoperands;2
F10+11.txt;other;logicalconnectors;109
F10+11.txt;place;economicoperands;2
F10+11.txt;point;economicoperands;4
F10+11.txt;price;economicoperands;12
F10+11.txt;refer;functionwords;4
F10+11.txt;right;economicoperands;2
F10+11.txt;rules;economicoperands;2
F10+11.txt;shall;regulatoryoperators;172
F10+11.txt;swaps;economicoperands;20
F10+11.txt;takes;other;2
F10+11.txt;terms;other;2
F10+11.txt;their;functionwords;10
F10+11.txt;there;functionwords;2
F10+11.txt;these;functionwords;6
F10+11.txt;those;functionwords;24
F10+11.txt;total;mathematicaloperators;22
F10+11.txt;types;economicoperands;10
F10+11.txt;under;functionwords;12
F10+11.txt;using;economicoperands;2
F10+11.txt;value;economicoperands;22
F10+11.txt;where;logicalconnectors;30
F10+11.txt;which;functionwords;44
F10+11.txt;while;logicalconnectors;4
F10+11.txt;whole;functionwords;2
F10+11.txt;also;logicalconnectors;6
F10+11.txt;been;functionwords;4
F10+11.txt;bill;economicoperands;2
F10+11.txt;caps;regulatoryoperators;2
F10+11.txt;cost;economicoperands;8
F10+11.txt;does;functionwords;2
F10+11.txt;each;logicalconnectors;6
F10+11.txt;face;economicoperands;2
F10+11.txt;fair;economicoperands;2
F10+11.txt;firm;economicoperands;2
F10+11.txt;from;functionwords;2
F10+11.txt;gold;economicoperands;24
F10+11.txt;have;functionwords;12
F10+11.txt;held;economicoperands;10
F10+11.txt;host;economicoperands;4
F10+11.txt;ifrs;legalreferences;133
F10+11.txt;into;functionwords;6
F10+11.txt;item;other;4
F10+11.txt;keep;economicoperands;2
F10+11.txt;lead;economicoperands;2
F10+11.txt;line;economicoperands;4
F10+11.txt;link;economicoperands;2
F10+11.txt;meet;economicoperands;2
F10+11.txt;more;mathematicaloperators;2
F10+11.txt;most;mathematicaloperators;2
F10+11.txt;non-;logicalconnectors;29
F10+11.txt;only;logicalconnectors;6
F10+11.txt;part;functionwords;481
F10+11.txt;rate;economicoperands;2
F10+11.txt;read;other;2
F10+11.txt;rest;logicalconnectors;8
F10+11.txt;risk;economicoperands;35
F10+11.txt;rows;economicoperands;2
F10+11.txt;sale;economicoperands;4
F10+11.txt;same;logicalconnectors;2
F10+11.txt;sold;economicoperands;24
F10+11.txt;some;logicalconnectors;2
F10+11.txt;swap;economicoperands;2
F10+11.txt;that;functionwords;42
F10+11.txt;they;functionwords;14
F10+11.txt;this;functionwords;10
F10+11.txt;thus;logicalconnectors;2
F10+11.txt;type;economicoperands;27
F10+11.txt;unit;economicoperands;2
F10+11.txt;upon;other;2
F10+11.txt;used;economicoperands;12
F10+11.txt;with;functionwords;30
F10+11.txt;zero;attributes;6
F10+11.txt;120;legalreferences;2
F10+11.txt;125;attributes;2
F10+11.txt;129;legalreferences;4
F10+11.txt;133;attributes;2
F10+11.txt;140;legalreferences;6
F10+11.txt;141;legalreferences;2
F10+11.txt;150;attributes;6
F10+11.txt;152;legalreferences;2
F10+11.txt;all;logicalconnectors;40
F10+11.txt;and;logicalconnectors;142
F10+11.txt;any;logicalconnectors;4
F10+11.txt;are;functionwords;42
F10+11.txt;bad;economicoperands;39
F10+11.txt;but;logicalconnectors;6
F10+11.txt;can;regulatoryoperators;4
F10+11.txt;crr;legalreferences;5
F10+11.txt;end;logicalconnectors;2
F10+11.txt;for;functionwords;78
F10+11.txt;has;functionwords;4
F10+11.txt;may;regulatoryoperators;6
F10+11.txt;net;economicoperands;8
F10+11.txt;nil;logicalconnectors;2
F10+11.txt;non;logicalconnectors;2
F10+11.txt;not;logicalconnectors;36
F10+11.txt;one;attributes;16
F10+11.txt;otc;economicoperands;74
F10+11.txt;row;economicoperands;2
F10+11.txt;the;functionwords;338
F10+11.txt;two;attributes;2
F10+11.txt;use;economicoperands;2
F10+11.txt;via;functionwords;2
F10+11.txt;yet;logicalconnectors;2
F10+11.txt;10;attributes;14
F10+11.txt;11;legalreferences;8
F10+11.txt;12;attributes;1
F10+11.txt;27;legalreferences;2
F10+11.txt;32;legalreferences;1
F10+11.txt;36;legalreferences;1
F10+11.txt;39;legalreferences;6
F10+11.txt;44;legalreferences;14
F10+11.txt;an;functionwords;22
F10+11.txt;as;logicalconnectors;34
F10+11.txt;at;functionwords;31
F10+11.txt;be;functionwords;114
F10+11.txt;by;functionwords;47
F10+11.txt;do;functionwords;8
F10+11.txt;ii;legalreferences;7
F10+11.txt;in;functionwords;110
F10+11.txt;is;functionwords;42
F10+11.txt;it;functionwords;12
F10+11.txt;no;logicalconnectors;2
F10+11.txt;of;functionwords;239
F10+11.txt;on;functionwords;26
F10+11.txt;or;logicalconnectors;143
F10+11.txt;to;functionwords;101
F10+11.txt;1;attributes;2
F10+11.txt;2;attributes;11
F10+11.txt;3;attributes;2
F10+11.txt;6;attributes;1
F10+11.txt;7;attributes;47
F10+11.txt;8;attributes;4
F10+11.txt;9;attributes;4
