F34.txt;contingent liabilities;economicoperands;1
F34.txt;debt securities issued;economicoperands;1
F34.txt;repurchase agreements;economicoperands;2
F34.txt;over-the-counter;economicoperands;1
F34.txt;carrying amount;economicoperands;1
F34.txt;securitisations;economicoperands;1
F34.txt;collateralised;economicoperands;1
F34.txt;central banks;economicoperands;2
F34.txt;depreciation;economicoperands;1
F34.txt;derivatives;economicoperands;1
F34.txt;encumbrance;economicoperands;4
F34.txt;liabilities;economicoperands;2
F34.txt;significant;attributes;4
F34.txt;additional;mathematicaloperators;2
F34.txt;contingent;economicoperands;2
F34.txt;currencies;economicoperands;1
F34.txt;encumbered;economicoperands;3
F34.txt;fair value;economicoperands;1
F34.txt;other than;logicalconnectors;1
F34.txt;securities;economicoperands;1
F34.txt;amount of;mathematicaloperators;2
F34.txt;financial;economicoperands;1
F34.txt;currency;economicoperands;3
F34.txt;decrease;mathematicaloperators;1
F34.txt;deposits;economicoperands;2
F34.txt;matching;economicoperands;1
F34.txt;of which;logicalconnectors;5
F34.txt;selected;economicoperands;1
F34.txt;covered;economicoperands;1
F34.txt;sources;economicoperands;2
F34.txt;assets;economicoperands;3
F34.txt;effect;economicoperands;1
F34.txt;issued;economicoperands;2
F34.txt;bonds;economicoperands;1
F34.txt;other;logicalconnectors;1
F34.txt;total;mathematicaloperators;1
F34.txt;lent;economicoperands;1
F34.txt;100;attributes;1
F34.txt;110;legalreferences;1
F34.txt;120;legalreferences;1
F34.txt;net;economicoperands;1
F34.txt;the;functionwords;1
F34.txt;10;attributes;1
F34.txt;30;attributes;1
F34.txt;by;functionwords;1
F34.txt;of;functionwords;7
F34.txt;or;logicalconnectors;1
F34.txt;1;attributes;1
F34.txt;2;attributes;1
