C76.txt;in accordance with;logicalconnectors;4
C76.txt;calculations;economicoperands;4
C76.txt;denominator;mathematicaloperators;2
C76.txt;requirement;regulatoryoperators;1
C76.txt;as set out;logicalconnectors;1
C76.txt;collateral;economicoperands;8
C76.txt;percentage;mathematicaloperators;3
C76.txt;subject to;logicalconnectors;4
C76.txt;unadjusted;economicoperands;4
C76.txt;liquidity;economicoperands;7
C76.txt;numerator;mathematicaloperators;2
C76.txt;reduction;mathematicaloperators;3
C76.txt;adjusted;mathematicaloperators;4
C76.txt;coverage;economicoperands;2
C76.txt;currency;economicoperands;1
C76.txt;outflows;economicoperands;5
C76.txt;pillar 2;legalreferences;2
C76.txt;article;legalreferences;5
C76.txt;inflows;economicoperands;11
C76.txt;outflow;economicoperands;2
C76.txt;secured;economicoperands;2
C76.txt;30 day;attributes;10
C76.txt;amount;mathematicaloperators;4
C76.txt;buffer;economicoperands;3
C76.txt;excess;mathematicaloperators;1
C76.txt;exempt;regulatoryoperators;2
C76.txt;liquid;economicoperands;1
C76.txt;asset;economicoperands;1
C76.txt;ehqcb;economicoperands;8
C76.txt;excl.;logicalconnectors;3
C76.txt;fully;economicoperands;2
C76.txt;ratio;mathematicaloperators;2
C76.txt;total;mathematicaloperators;1
C76.txt;value;economicoperands;7
C76.txt;cash;economicoperands;2
C76.txt;item;other;3
C76.txt;105;legalreferences;1
C76.txt;cap;regulatoryoperators;4
C76.txt;crd;legalreferences;1
C76.txt;for;functionwords;3
C76.txt;net;economicoperands;2
C76.txt;row;economicoperands;3
C76.txt;10;attributes;1
C76.txt;11;legalreferences;1
C76.txt;12;attributes;1
C76.txt;13;legalreferences;1
C76.txt;14;legalreferences;1
C76.txt;15;attributes;1
C76.txt;16;legalreferences;1
C76.txt;17;legalreferences;1
C76.txt;18;legalreferences;1
C76.txt;19;legalreferences;1
C76.txt;20;attributes;1
C76.txt;21;legalreferences;1
C76.txt;22;legalreferences;1
C76.txt;23;attributes;1
C76.txt;24;legalreferences;1
C76.txt;25;attributes;1
C76.txt;27;legalreferences;1
C76.txt;28;legalreferences;1
C76.txt;29;legalreferences;1
C76.txt;30;attributes;1
C76.txt;31;attributes;1
C76.txt;32;legalreferences;1
C76.txt;75;attributes;2
C76.txt;90;attributes;2
C76.txt;in;functionwords;1
C76.txt;1;attributes;1
C76.txt;2;attributes;1
C76.txt;3;attributes;1
C76.txt;4;attributes;1
C76.txt;5;attributes;1
C76.txt;6;attributes;1
C76.txt;7;attributes;1
C76.txt;8;attributes;1
C76.txt;9;attributes;5
