F06.txt;part 2 of annex ii to the ecb bsi regulation;legalreferences;2
F06.txt;non-financial corporations;economicoperands;2
F06.txt;financial corporations;economicoperands;2
F06.txt;reporting institution;economicoperands;1
F06.txt;repurchase agreements;economicoperands;1
F06.txt;collateralized loans;economicoperands;2
F06.txt;under national gaap;legalreferences;1
F06.txt;immovable property;economicoperands;2
F06.txt;in accordance with;logicalconnectors;1
F06.txt;collateralized by;economicoperands;2
F06.txt;credit card debt;economicoperands;3
F06.txt;debt instruments;economicoperands;1
F06.txt;held for trading;economicoperands;3
F06.txt;be allocated to;regulatoryoperators;1
F06.txt;carrying amount;economicoperands;10
F06.txt;demand deposits;economicoperands;1
F06.txt;in exchange for;economicoperands;1
F06.txt;on the basis of;logicalconnectors;1
F06.txt;be reported in;regulatoryoperators;2
F06.txt;broken down by;mathematicaloperators;1
F06.txt;as defined in;logicalconnectors;3
F06.txt;cash balances;economicoperands;1
F06.txt;central banks;economicoperands;4
F06.txt;classified as;regulatoryoperators;2
F06.txt;contractually;economicoperands;1
F06.txt;held for sale;economicoperands;3
F06.txt;in respect of;logicalconnectors;1
F06.txt;independently;economicoperands;1
F06.txt;regardless of;logicalconnectors;1
F06.txt;subordination;economicoperands;1
F06.txt;among others;logicalconnectors;1
F06.txt;banking risk;economicoperands;1
F06.txt;breakdown of;mathematicaloperators;3
F06.txt;central bank;economicoperands;1
F06.txt;counterparty;economicoperands;1
F06.txt;credit cards;economicoperands;1
F06.txt;short notice;economicoperands;4
F06.txt;transactions;economicoperands;2
F06.txt;acceptances;economicoperands;1
F06.txt;consumption;economicoperands;2
F06.txt;debit cards;economicoperands;1
F06.txt;governments;economicoperands;2
F06.txt;receivables;economicoperands;7
F06.txt;agreements;economicoperands;1
F06.txt;allowances;economicoperands;1
F06.txt;applicable;logicalconnectors;1
F06.txt;by type of;logicalconnectors;1
F06.txt;collateral;economicoperands;2
F06.txt;commercial;economicoperands;1
F06.txt;compulsory;regulatoryoperators;1
F06.txt;households;economicoperands;2
F06.txt;investment;economicoperands;1
F06.txt;legal form;economicoperands;1
F06.txt;maturities;economicoperands;1
F06.txt;on the day;logicalconnectors;2
F06.txt;other than;logicalconnectors;3
F06.txt;paragraphs;legalreferences;1
F06.txt;receivable;economicoperands;3
F06.txt;references;functionwords;3
F06.txt;repurchase;economicoperands;3
F06.txt;securities;economicoperands;2
F06.txt;settlement;economicoperands;1
F06.txt;term loans;economicoperands;3
F06.txt;under ifrs;legalreferences;1
F06.txt;amount of;mathematicaloperators;1
F06.txt;documents;economicoperands;1
F06.txt;financial;economicoperands;2
F06.txt;following;other;3
F06.txt;including;logicalconnectors;1
F06.txt;overnight;economicoperands;1
F06.txt;provision;economicoperands;1
F06.txt;templates;legalreferences;1
F06.txt;accounts;economicoperands;1
F06.txt;advances;economicoperands;13
F06.txt;annex v.;legalreferences;50
F06.txt;awaiting;economicoperands;1
F06.txt;balances;economicoperands;6
F06.txt;based on;other;1
F06.txt;borrowed;economicoperands;1
F06.txt;borrower;economicoperands;1
F06.txt;business;economicoperands;2
F06.txt;deposits;economicoperands;1
F06.txt;exchange;economicoperands;1
F06.txt;included;logicalconnectors;1
F06.txt;measured;economicoperands;1
F06.txt;of which;logicalconnectors;10
F06.txt;outright;attributes;1
F06.txt;products;economicoperands;2
F06.txt;purchase;economicoperands;3
F06.txt;recourse;economicoperands;1
F06.txt;reserves;economicoperands;1
F06.txt;services;economicoperands;1
F06.txt;template;legalreferences;1
F06.txt;transfer;economicoperands;1
F06.txt;account;economicoperands;4
F06.txt;affects;economicoperands;1
F06.txt;amounts;mathematicaloperators;1
F06.txt;article;legalreferences;1
F06.txt;cheques;economicoperands;1
F06.txt;current;attributes;5
F06.txt;finance;economicoperands;8
F06.txt;general;functionwords;4
F06.txt;granted;economicoperands;4
F06.txt;include;logicalconnectors;10
F06.txt;lending;economicoperands;3
F06.txt;payment;economicoperands;1
F06.txt;product;economicoperands;8
F06.txt;project;economicoperands;2
F06.txt;purpose;economicoperands;2
F06.txt;receive;economicoperands;1
F06.txt;reverse;economicoperands;3
F06.txt;similar;logicalconnectors;2
F06.txt;such as;logicalconnectors;2
F06.txt;trading;economicoperands;6
F06.txt;without;logicalconnectors;1
F06.txt;assets;economicoperands;4
F06.txt;bought;economicoperands;1
F06.txt;cannot;regulatoryoperators;1
F06.txt;claims;economicoperands;1
F06.txt;credit;economicoperands;6
F06.txt;demand;economicoperands;6
F06.txt;either;logicalconnectors;1
F06.txt;govern;economicoperands;1
F06.txt;leases;economicoperands;3
F06.txt;repaid;economicoperands;1
F06.txt;sector;economicoperands;1
F06.txt;bills;economicoperands;2
F06.txt;close;economicoperands;2
F06.txt;debit;economicoperands;2
F06.txt;fixed;economicoperands;1
F06.txt;forms;economicoperands;1
F06.txt;funds;economicoperands;1
F06.txt;goods;economicoperands;1
F06.txt;gross;economicoperands;5
F06.txt;holds;economicoperands;1
F06.txt;house;economicoperands;3
F06.txt;items;other;3
F06.txt;lease;economicoperands;2
F06.txt;loans;economicoperands;23
F06.txt;other;logicalconnectors;14
F06.txt;right;economicoperands;1
F06.txt;shall;regulatoryoperators;14
F06.txt;table;other;2
F06.txt;terms;other;1
F06.txt;their;functionwords;1
F06.txt;those;functionwords;1
F06.txt;trade;economicoperands;5
F06.txt;under;functionwords;2
F06.txt;where;logicalconnectors;1
F06.txt;which;functionwords;2
F06.txt;also;logicalconnectors;2
F06.txt;been;functionwords;1
F06.txt;both;logicalconnectors;1
F06.txt;call;economicoperands;4
F06.txt;cash;economicoperands;1
F06.txt;give;functionwords;1
F06.txt;gold;economicoperands;1
F06.txt;have;functionwords;1
F06.txt;held;economicoperands;1
F06.txt;item;other;2
F06.txt;made;functionwords;1
F06.txt;non-;logicalconnectors;4
F06.txt;only;logicalconnectors;2
F06.txt;part;functionwords;52
F06.txt;sale;economicoperands;1
F06.txt;that;functionwords;15
F06.txt;they;functionwords;1
F06.txt;this;functionwords;2
F06.txt;type;economicoperands;1
F06.txt;with;functionwords;2
F06.txt;all;logicalconnectors;1
F06.txt;and;logicalconnectors;23
F06.txt;are;functionwords;9
F06.txt;bad;economicoperands;2
F06.txt;crr;legalreferences;2
F06.txt;for;functionwords;10
F06.txt;how;functionwords;1
F06.txt;not;logicalconnectors;4
F06.txt;the;functionwords;18
F06.txt;via;functionwords;2
F06.txt;was;functionwords;2
F06.txt;17;legalreferences;1
F06.txt;28;legalreferences;1
F06.txt;44;legalreferences;2
F06.txt;at;functionwords;3
F06.txt;be;functionwords;4
F06.txt;by;functionwords;16
F06.txt;in;functionwords;2
F06.txt;it;functionwords;2
F06.txt;of;functionwords;16
F06.txt;on;functionwords;7
F06.txt;or;logicalconnectors;10
F06.txt;to;functionwords;4
F06.txt;5;attributes;4
F06.txt;8;attributes;2
