C16.txt;financial holding company;economicoperands;2
C16.txt;risk transfer mechanisms;economicoperands;2
C16.txt;table 2 of article 317;legalreferences;1
C16.txt;standardised approach;economicoperands;2
C16.txt;own fund requirement;economicoperands;2
C16.txt;competent authority;economicoperands;3
C16.txt;taking into account;regulatoryoperators;2
C16.txt;business practices;economicoperands;4
C16.txt;commercial banking;economicoperands;10
C16.txt;credit institution;economicoperands;1
C16.txt;difference between;mathematicaloperators;2
C16.txt;in accordance with;logicalconnectors;4
C16.txt;perfect dependence;economicoperands;3
C16.txt;as referred to in;logicalconnectors;4
C16.txt;corporate finance;economicoperands;2
C16.txt;take into account;regulatoryoperators;1
C16.txt;asset management;economicoperands;2
C16.txt;corresponding to;logicalconnectors;5
C16.txt;non-trading book;economicoperands;1
C16.txt;operational risk;economicoperands;19
C16.txt;risk measurement;economicoperands;1
C16.txt;where applicable;logicalconnectors;1
C16.txt;diversification;economicoperands;6
C16.txt;exposure amount;economicoperands;3
C16.txt;forward-looking;economicoperands;1
C16.txt;on the basis of;logicalconnectors;1
C16.txt;be reported in;regulatoryoperators;4
C16.txt;distinguishing;logicalconnectors;1
C16.txt;financial year;economicoperands;2
C16.txt;in the case of;logicalconnectors;2
C16.txt;referred to in;functionwords;1
C16.txt;retail banking;economicoperands;9
C16.txt;at the end of;logicalconnectors;1
C16.txt;business line;economicoperands;4
C16.txt;circumstances;economicoperands;2
C16.txt;corresponding;logicalconnectors;1
C16.txt;expected loss;economicoperands;9
C16.txt;provided that;logicalconnectors;1
C16.txt;acquisitions;economicoperands;1
C16.txt;consolidated;economicoperands;1
C16.txt;correlations;mathematicaloperators;4
C16.txt;dependencies;economicoperands;1
C16.txt;institutions;economicoperands;9
C16.txt;instructions;regulatoryoperators;1
C16.txt;requirements;regulatoryoperators;7
C16.txt;simultaneous;economicoperands;1
C16.txt;standardised;economicoperands;1
C16.txt;subsidiaries;economicoperands;2
C16.txt;alleviation;economicoperands;14
C16.txt;alternative;logicalconnectors;6
C16.txt;application;economicoperands;3
C16.txt;calculating;economicoperands;2
C16.txt;calculation;economicoperands;4
C16.txt;correlation;mathematicaloperators;3
C16.txt;distributed;economicoperands;1
C16.txt;estimate of;mathematicaloperators;2
C16.txt;exceptional;attributes;2
C16.txt;furthermore;logicalconnectors;1
C16.txt;information;economicoperands;7
C16.txt;institution;economicoperands;9
C16.txt;measurement;mathematicaloperators;4
C16.txt;methodology;economicoperands;1
C16.txt;relative to;logicalconnectors;1
C16.txt;requirement;regulatoryoperators;23
C16.txt;accordance;regulatoryoperators;1
C16.txt;activities;economicoperands;22
C16.txt;allocation;economicoperands;3
C16.txt;applicable;logicalconnectors;4
C16.txt;approaches;economicoperands;10
C16.txt;as soon as;logicalconnectors;1
C16.txt;as well as;logicalconnectors;1
C16.txt;assumption;logicalconnectors;1
C16.txt;calculated;economicoperands;6
C16.txt;concerning;logicalconnectors;1
C16.txt;conversely;logicalconnectors;1
C16.txt;estimation;mathematicaloperators;1
C16.txt;historical;economicoperands;4
C16.txt;in case of;logicalconnectors;3
C16.txt;individual;economicoperands;1
C16.txt;initiative;economicoperands;1
C16.txt;memorandum;legalreferences;4
C16.txt;mitigation;economicoperands;6
C16.txt;multiplied;mathematicaloperators;1
C16.txt;occurrence;economicoperands;1
C16.txt;permission;economicoperands;1
C16.txt;principles;economicoperands;1
C16.txt;reasonable;attributes;1
C16.txt;respective;logicalconnectors;3
C16.txt;securities;economicoperands;1
C16.txt;separately;economicoperands;2
C16.txt;settlement;economicoperands;2
C16.txt;subject to;logicalconnectors;24
C16.txt;subsidiary;economicoperands;1
C16.txt;techniques;economicoperands;6
C16.txt;allocated;economicoperands;1
C16.txt;amount of;mathematicaloperators;4
C16.txt;available;economicoperands;6
C16.txt;brokerage;economicoperands;2
C16.txt;calculate;economicoperands;4
C16.txt;decreases;mathematicaloperators;1
C16.txt;described;other;1
C16.txt;detailing;other;1
C16.txt;different;mathematicaloperators;3
C16.txt;disposals;economicoperands;1
C16.txt;estimates;mathematicaloperators;4
C16.txt;hereafter;logicalconnectors;1
C16.txt;impact of;economicoperands;1
C16.txt;indicated;economicoperands;1
C16.txt;indicator;economicoperands;21
C16.txt;insurance;economicoperands;4
C16.txt;less than;mathematicaloperators;3
C16.txt;mechanism;economicoperands;4
C16.txt;operation;economicoperands;1
C16.txt;positions;economicoperands;1
C16.txt;presented;economicoperands;1
C16.txt;principle;economicoperands;1
C16.txt;refers to;functionwords;1
C16.txt;regarding;logicalconnectors;1
C16.txt;resulting;other;1
C16.txt;situation;economicoperands;2
C16.txt;structure;economicoperands;4
C16.txt;submitted;economicoperands;1
C16.txt;templates;legalreferences;1
C16.txt;unchanged;economicoperands;2
C16.txt;advanced;economicoperands;4
C16.txt;advances;economicoperands;5
C16.txt;applying;logicalconnectors;1
C16.txt;approach;economicoperands;5
C16.txt;articles;legalreferences;4
C16.txt;assigned;regulatoryoperators;1
C16.txt;assuming;logicalconnectors;1
C16.txt;based on;other;1
C16.txt;business;economicoperands;9
C16.txt;capacity;economicoperands;1
C16.txt;captured;economicoperands;4
C16.txt;combined;mathematicaloperators;2
C16.txt;consider;logicalconnectors;1
C16.txt;detailed;other;1
C16.txt;disposal;economicoperands;1
C16.txt;elements;economicoperands;1
C16.txt;entities;economicoperands;3
C16.txt;expected;economicoperands;1
C16.txt;explicit;economicoperands;2
C16.txt;included;logicalconnectors;2
C16.txt;instance;economicoperands;2
C16.txt;internal;economicoperands;1
C16.txt;measures;economicoperands;1
C16.txt;moreover;logicalconnectors;1
C16.txt;obtained;economicoperands;1
C16.txt;of which;logicalconnectors;3
C16.txt;one year;attributes;1
C16.txt;possible;regulatoryoperators;1
C16.txt;presents;economicoperands;1
C16.txt;priority;economicoperands;1
C16.txt;provides;economicoperands;1
C16.txt;purposes;economicoperands;1
C16.txt;referred;functionwords;1
C16.txt;reflects;economicoperands;1
C16.txt;relevant;attributes;18
C16.txt;reported;economicoperands;11
C16.txt;services;economicoperands;2
C16.txt;specific;functionwords;1
C16.txt;standard;economicoperands;1
C16.txt;stemming;economicoperands;1
C16.txt;template;legalreferences;4
C16.txt;transfer;economicoperands;2
C16.txt;ability;economicoperands;1
C16.txt;amongst;logicalconnectors;1
C16.txt;amounts;mathematicaloperators;5
C16.txt;applied;logicalconnectors;1
C16.txt;article;legalreferences;14
C16.txt;assumed;logicalconnectors;2
C16.txt;audited;economicoperands;4
C16.txt;average;mathematicaloperators;1
C16.txt;banking;economicoperands;14
C16.txt;between;functionwords;7
C16.txt;capital;economicoperands;5
C16.txt;capture;economicoperands;1
C16.txt;classes;other;6
C16.txt;columns;legalreferences;4
C16.txt;default;economicoperands;2
C16.txt;effects;economicoperands;2
C16.txt;figures;economicoperands;4
C16.txt;forward;economicoperands;2
C16.txt;general;functionwords;1
C16.txt;granted;economicoperands;1
C16.txt;in that;logicalconnectors;1
C16.txt;include;logicalconnectors;1
C16.txt;jointly;logicalconnectors;1
C16.txt;mapping;other;1
C16.txt;part of;logicalconnectors;1
C16.txt;payment;economicoperands;2
C16.txt;present;economicoperands;3
C16.txt;remarks;economicoperands;1
C16.txt;require;regulatoryoperators;1
C16.txt;such as;logicalconnectors;2
C16.txt;that is;logicalconnectors;2
C16.txt;trading;economicoperands;2
C16.txt;whereas;logicalconnectors;1
C16.txt;agency;economicoperands;2
C16.txt;amount;mathematicaloperators;4
C16.txt;before;logicalconnectors;4
C16.txt;cannot;regulatoryoperators;1
C16.txt;chosen;economicoperands;1
C16.txt;column;legalreferences;14
C16.txt;detail;other;1
C16.txt;due to;logicalconnectors;19
C16.txt;during;logicalconnectors;1
C16.txt;effect;economicoperands;2
C16.txt;entity;economicoperands;1
C16.txt;events;economicoperands;2
C16.txt;follow;other;1
C16.txt;latter;functionwords;1
C16.txt;linked;economicoperands;3
C16.txt;merger;economicoperands;1
C16.txt;method;economicoperands;1
C16.txt;modify;other;2
C16.txt;occurs;economicoperands;1
C16.txt;parent;economicoperands;4
C16.txt;period;economicoperands;1
C16.txt;permit;regulatoryoperators;1
C16.txt;recent;economicoperands;2
C16.txt;remain;economicoperands;1
C16.txt;report;economicoperands;5
C16.txt;result;economicoperands;1
C16.txt;retail;economicoperands;2
C16.txt;severe;attributes;1
C16.txt;sum of;mathematicaloperators;3
C16.txt;system;economicoperands;1
C16.txt;added;mathematicaloperators;1
C16.txt;after;logicalconnectors;1
C16.txt;apply;logicalconnectors;3
C16.txt;banks;economicoperands;2
C16.txt;basic;economicoperands;4
C16.txt;below;functionwords;1
C16.txt;class;other;1
C16.txt;funds;economicoperands;30
C16.txt;group;economicoperands;1
C16.txt;hence;functionwords;1
C16.txt;items;other;4
C16.txt;leads;economicoperands;1
C16.txt;level;economicoperands;2
C16.txt;lines;economicoperands;6
C16.txt;loans;economicoperands;5
C16.txt;mixed;economicoperands;1
C16.txt;model;economicoperands;2
C16.txt;other;logicalconnectors;6
C16.txt;point;economicoperands;4
C16.txt;sales;economicoperands;2
C16.txt;seems;other;1
C16.txt;shall;regulatoryoperators;28
C16.txt;table;other;1
C16.txt;their;functionwords;1
C16.txt;there;functionwords;2
C16.txt;these;functionwords;1
C16.txt;those;functionwords;3
C16.txt;three;attributes;3
C16.txt;total;mathematicaloperators;3
C16.txt;under;functionwords;3
C16.txt;using;economicoperands;5
C16.txt;value;economicoperands;2
C16.txt;where;logicalconnectors;12
C16.txt;which;functionwords;3
C16.txt;would;functionwords;2
C16.txt;years;economicoperands;5
C16.txt;also;logicalconnectors;3
C16.txt;been;functionwords;2
C16.txt;case;economicoperands;3
C16.txt;cell;legalreferences;3
C16.txt;data;economicoperands;8
C16.txt;does;functionwords;1
C16.txt;each;logicalconnectors;3
C16.txt;from;functionwords;2
C16.txt;held;economicoperands;1
C16.txt;into;functionwords;1
C16.txt;last;attributes;4
C16.txt;lead;economicoperands;1
C16.txt;loss;economicoperands;1
C16.txt;most;mathematicaloperators;1
C16.txt;must;regulatoryoperators;1
C16.txt;next;logicalconnectors;2
C16.txt;only;logicalconnectors;2
C16.txt;risk;economicoperands;15
C16.txt;rows;economicoperands;10
C16.txt;same;logicalconnectors;3
C16.txt;solo;economicoperands;1
C16.txt;such;functionwords;1
C16.txt;tech;economicoperands;2
C16.txt;term;other;1
C16.txt;that;functionwords;7
C16.txt;this;functionwords;9
C16.txt;time;economicoperands;1
C16.txt;used;economicoperands;6
C16.txt;year;economicoperands;16
C16.txt;zero;attributes;1
C16.txt;100;attributes;3
C16.txt;110;legalreferences;2
C16.txt;120;legalreferences;1
C16.txt;140;legalreferences;1
C16.txt;141;legalreferences;1
C16.txt;312;legalreferences;4
C16.txt;314;legalreferences;2
C16.txt;315;legalreferences;1
C16.txt;321;legalreferences;1
C16.txt;322;legalreferences;2
C16.txt;323;legalreferences;2
C16.txt;324;legalreferences;2
C16.txt;all;logicalconnectors;3
C16.txt;and;logicalconnectors;46
C16.txt;are;functionwords;9
C16.txt;but;logicalconnectors;1
C16.txt;can;regulatoryoperators;2
C16.txt;crr;legalreferences;19
C16.txt;end;logicalconnectors;1
C16.txt;for;functionwords;29
C16.txt;has;functionwords;6
C16.txt;i.e;functionwords;2
C16.txt;may;regulatoryoperators;5
C16.txt;met;functionwords;1
C16.txt;not;logicalconnectors;3
C16.txt;one;attributes;1
C16.txt;opr;economicoperands;2
C16.txt;own;functionwords;31
C16.txt;row;economicoperands;1
C16.txt;see;other;1
C16.txt;set;other;1
C16.txt;the;functionwords;132
C16.txt;use;economicoperands;6
C16.txt;way;economicoperands;1
C16.txt;18;legalreferences;1
C16.txt;an;functionwords;11
C16.txt;as;logicalconnectors;6
C16.txt;at;functionwords;4
C16.txt;be;functionwords;21
C16.txt;by;functionwords;11
C16.txt;eu;economicoperands;3
C16.txt;if;logicalconnectors;5
C16.txt;in;functionwords;28
C16.txt;is;functionwords;10
C16.txt;it;functionwords;4
C16.txt;no;logicalconnectors;1
C16.txt;of;functionwords;36
C16.txt;on;functionwords;9
C16.txt;or;logicalconnectors;7
C16.txt;to;functionwords;32
C16.txt;1;attributes;7
C16.txt;2;attributes;10
C16.txt;3;attributes;7
C16.txt;4;attributes;2
