C01.txt;regulatory technical standards;economicoperands;1
C01.txt;common equity tier 1 capital;economicoperands;3
C01.txt;additional tier 1 capital;economicoperands;3
C01.txt;article 66 and article 67;legalreferences;5
C01.txt;qualifying tier 2 capital;economicoperands;1
C01.txt;cet1 capital instruments;economicoperands;2
C01.txt;non-performing exposures;economicoperands;2
C01.txt;transitional adjustments;economicoperands;18
C01.txt;at1 capital instruments;economicoperands;2
C01.txt;has the same meaning as;regulatoryoperators;4
C01.txt;risk-weighted exposure;economicoperands;2
C01.txt;special purpose entity;economicoperands;2
C01.txt;t2 capital instruments;economicoperands;2
C01.txt;under the irb approach;economicoperands;3
C01.txt;accounting statements;economicoperands;3
C01.txt;contingent obligation;economicoperands;1
C01.txt;reporting institution;economicoperands;3
C01.txt;accounting framework;economicoperands;2
C01.txt;common equity tier 1;economicoperands;2
C01.txt;comprehensive income;economicoperands;3
C01.txt;delegated regulation;legalreferences;2
C01.txt;emergency situations;economicoperands;4
C01.txt;accounting standard;economicoperands;13
C01.txt;capital instruments;economicoperands;34
C01.txt;competent authority;economicoperands;4
C01.txt;consolidated group;economicoperands;3
C01.txt;credit enhancement;economicoperands;1
C01.txt;credit institution;economicoperands;1
C01.txt;in accordance with;logicalconnectors;4
C01.txt;paragraphs 2 and 3;legalreferences;2
C01.txt;paragraphs 4 and 5;legalreferences;1
C01.txt;public authorities;economicoperands;4
C01.txt;securitised assets;economicoperands;4
C01.txt;subordinated loans;economicoperands;2
C01.txt;synthetic holdings;economicoperands;7
C01.txt;tier 2 instruments;economicoperands;2
C01.txt;within the meaning;logicalconnectors;1
C01.txt;additional tier 1;economicoperands;4
C01.txt;intangible assets;economicoperands;11
C01.txt;minority interest;economicoperands;2
C01.txt;retained earnings;economicoperands;9
C01.txt;value adjustments;economicoperands;2
C01.txt;financial sector;economicoperands;26
C01.txt;income statement;economicoperands;1
C01.txt;indirect holding;economicoperands;1
C01.txt;intangible asset;economicoperands;2
C01.txt;non-trading book;economicoperands;1
C01.txt;reference period;economicoperands;1
C01.txt;158 and 159 crr;legalreferences;1
C01.txt;478 and 481 crr;legalreferences;3
C01.txt;479 and 480 crr;legalreferences;1
C01.txt;associated with;economicoperands;1
C01.txt;attributable to;functionwords;8
C01.txt;cash flow hedge;economicoperands;2
C01.txt;defined benefit;economicoperands;11
C01.txt;on the basis of;logicalconnectors;4
C01.txt;tax liabilities;economicoperands;14
C01.txt;article 25 crr;legalreferences;1
C01.txt;article 37 crr;legalreferences;6
C01.txt;article 38 crr;legalreferences;1
C01.txt;article 42 crr;legalreferences;8
C01.txt;article 56 crr;legalreferences;3
C01.txt;article 57 crr;legalreferences;7
C01.txt;article 66 crr;legalreferences;1
C01.txt;article 79 crr;legalreferences;4
C01.txt;as a result of;logicalconnectors;3
C01.txt;be reported in;regulatoryoperators;8
C01.txt;be the same as;regulatoryoperators;1
C01.txt;capitalisation;economicoperands;1
C01.txt;deduction from;mathematicaloperators;13
C01.txt;it is possible;regulatoryoperators;2
C01.txt;profit or loss;economicoperands;6
C01.txt;referred to in;functionwords;2
C01.txt;reporting date;economicoperands;3
C01.txt;required to be;regulatoryoperators;1
C01.txt;resulting from;other;4
C01.txt;securitisation;economicoperands;4
C01.txt;t2 instruments;economicoperands;19
C01.txt;tier 1 capital;economicoperands;4
C01.txt;tier 2 capital;economicoperands;3
C01.txt;transitionally;economicoperands;3
C01.txt;with regard to;logicalconnectors;1
C01.txt;alternatively;logicalconnectors;15
C01.txt;article 3 crr;legalreferences;9
C01.txt;as defined in;logicalconnectors;10
C01.txt;associated to;economicoperands;6
C01.txt;balance sheet;economicoperands;3
C01.txt;consolidation;economicoperands;8
C01.txt;correspond to;logicalconnectors;2
C01.txt;deducted from;mathematicaloperators;13
C01.txt;fully paid up;economicoperands;9
C01.txt;grandfathered;economicoperands;9
C01.txt;long position;economicoperands;1
C01.txt;profitability;economicoperands;7
C01.txt;share premium;economicoperands;20
C01.txt;supplementing;mathematicaloperators;1
C01.txt;32 to 35 crr;legalreferences;1
C01.txt;according to;regulatoryoperators;11
C01.txt;alternatives;logicalconnectors;2
C01.txt;article 4(1);legalreferences;42
C01.txt;artificially;economicoperands;3
C01.txt;banking risk;economicoperands;3
C01.txt;by virtue of;functionwords;1
C01.txt;cet1 capital;economicoperands;14
C01.txt;consolidated;economicoperands;5
C01.txt;deduction of;mathematicaloperators;2
C01.txt;deferred tax;economicoperands;10
C01.txt;derecognised;economicoperands;3
C01.txt;extinguished;economicoperands;3
C01.txt;greater than;mathematicaloperators;2
C01.txt;institutions;economicoperands;6
C01.txt;instructions;regulatoryoperators;15
C01.txt;insufficient;attributes;2
C01.txt;irb approach;economicoperands;1
C01.txt;requirements;regulatoryoperators;5
C01.txt;subsidiaries;economicoperands;23
C01.txt;trading book;economicoperands;2
C01.txt;transitional;economicoperands;6
C01.txt;undertakings;economicoperands;2
C01.txt;unrestricted;economicoperands;2
C01.txt;accumulated;economicoperands;3
C01.txt;adjustments;mathematicaloperators;14
C01.txt;application;economicoperands;2
C01.txt;assigned to;regulatoryoperators;3
C01.txt;at1 capital;economicoperands;23
C01.txt;authorities;economicoperands;1
C01.txt;calculating;economicoperands;2
C01.txt;calculation;economicoperands;8
C01.txt;consequence;functionwords;3
C01.txt;contractual;economicoperands;4
C01.txt;contrary to;logicalconnectors;3
C01.txt;cooperative;economicoperands;1
C01.txt;credit risk;economicoperands;12
C01.txt;differences;mathematicaloperators;9
C01.txt;eligibility;economicoperands;1
C01.txt;flexibility;economicoperands;3
C01.txt;for example;logicalconnectors;1
C01.txt;foreseeable;economicoperands;7
C01.txt;institution;economicoperands;46
C01.txt;instruments;economicoperands;61
C01.txt;intangibles;economicoperands;4
C01.txt;investments;economicoperands;2
C01.txt;liabilities;economicoperands;10
C01.txt;obligations;economicoperands;15
C01.txt;originators;economicoperands;1
C01.txt;pursuant to;functionwords;2
C01.txt;recognition;economicoperands;10
C01.txt;relating to;logicalconnectors;1
C01.txt;revaluation;economicoperands;6
C01.txt;risk weight;economicoperands;19
C01.txt;significant;attributes;24
C01.txt;transaction;economicoperands;1
C01.txt;undertaking;economicoperands;2
C01.txt;accounting;economicoperands;9
C01.txt;additional;mathematicaloperators;13
C01.txt;applicable;logicalconnectors;13
C01.txt;assignment;economicoperands;3
C01.txt;associated;economicoperands;3
C01.txt;calculated;economicoperands;5
C01.txt;commission;economicoperands;2
C01.txt;commitment;economicoperands;2
C01.txt;completely;economicoperands;3
C01.txt;concerning;logicalconnectors;1
C01.txt;conditions;economicoperands;6
C01.txt;considered;logicalconnectors;1
C01.txt;consist of;logicalconnectors;3
C01.txt;contingent;economicoperands;12
C01.txt;cumulative;mathematicaloperators;2
C01.txt;deductible;economicoperands;2
C01.txt;deductions;mathematicaloperators;28
C01.txt;defined as;regulatoryoperators;2
C01.txt;defined in;regulatoryoperators;2
C01.txt;deliveries;economicoperands;3
C01.txt;derivative;economicoperands;2
C01.txt;determined;regulatoryoperators;1
C01.txt;exceptions;logicalconnectors;3
C01.txt;extinction;economicoperands;1
C01.txt;fair value;economicoperands;3
C01.txt;in case of;logicalconnectors;1
C01.txt;investment;economicoperands;21
C01.txt;management;economicoperands;1
C01.txt;memorandum;legalreferences;6
C01.txt;obligation;economicoperands;1
C01.txt;other than;logicalconnectors;6
C01.txt;paragraphs;legalreferences;4
C01.txt;particular;logicalconnectors;1
C01.txt;provisions;economicoperands;10
C01.txt;prudential;economicoperands;3
C01.txt;qualifying;economicoperands;9
C01.txt;reciprocal;economicoperands;9
C01.txt;reduced by;mathematicaloperators;2
C01.txt;references;functionwords;14
C01.txt;reflecting;economicoperands;1
C01.txt;regulation;economicoperands;1
C01.txt;represents;economicoperands;1
C01.txt;reversible;economicoperands;3
C01.txt;separately;economicoperands;4
C01.txt;settlement;economicoperands;1
C01.txt;shortfalls;economicoperands;2
C01.txt;situations;economicoperands;3
C01.txt;subject to;logicalconnectors;18
C01.txt;subscribed;economicoperands;4
C01.txt;subsequent;logicalconnectors;3
C01.txt;vice versa;logicalconnectors;3
C01.txt;accounted;economicoperands;2
C01.txt;allocated;economicoperands;1
C01.txt;amount of;mathematicaloperators;11
C01.txt;cash flow;economicoperands;1
C01.txt;comparing;logicalconnectors;1
C01.txt;competent;economicoperands;1
C01.txt;considers;logicalconnectors;3
C01.txt;deduction;mathematicaloperators;2
C01.txt;determine;regulatoryoperators;3
C01.txt;different;mathematicaloperators;3
C01.txt;disclosed;economicoperands;1
C01.txt;dividends;economicoperands;2
C01.txt;exceeding;mathematicaloperators;6
C01.txt;excluding;logicalconnectors;1
C01.txt;exposures;economicoperands;4
C01.txt;fulfilled;economicoperands;2
C01.txt;including;logicalconnectors;3
C01.txt;increases;mathematicaloperators;2
C01.txt;influence;economicoperands;1
C01.txt;insurance;economicoperands;3
C01.txt;interests;economicoperands;4
C01.txt;populated;economicoperands;6
C01.txt;positions;economicoperands;11
C01.txt;reporting;economicoperands;6
C01.txt;shortfall;economicoperands;2
C01.txt;societies;economicoperands;1
C01.txt;standards;economicoperands;1
C01.txt;temporary;attributes;9
C01.txt;threshold;economicoperands;9
C01.txt;unaudited;economicoperands;2
C01.txt;valuation;economicoperands;5
C01.txt;achieved;economicoperands;1
C01.txt;applying;logicalconnectors;3
C01.txt;approach;economicoperands;4
C01.txt;articles;legalreferences;30
C01.txt;at least;logicalconnectors;1
C01.txt;coverage;economicoperands;2
C01.txt;criteria;economicoperands;1
C01.txt;decision;economicoperands;3
C01.txt;deducted;mathematicaloperators;14
C01.txt;deferred;economicoperands;12
C01.txt;delivery;economicoperands;1
C01.txt;designed;economicoperands;3
C01.txt;directly;attributes;17
C01.txt;elements;economicoperands;6
C01.txt;eligible;economicoperands;32
C01.txt;entities;economicoperands;23
C01.txt;equal to;logicalconnectors;2
C01.txt;european;economicoperands;1
C01.txt;exercise;economicoperands;1
C01.txt;existing;economicoperands;3
C01.txt;expected;economicoperands;7
C01.txt;goodwill;economicoperands;18
C01.txt;holdings;economicoperands;35
C01.txt;impaired;economicoperands;3
C01.txt;included;logicalconnectors;26
C01.txt;includes;logicalconnectors;2
C01.txt;increase;mathematicaloperators;1
C01.txt;indirect;economicoperands;7
C01.txt;intended;economicoperands;2
C01.txt;internal;economicoperands;3
C01.txt;minority;economicoperands;4
C01.txt;national;economicoperands;3
C01.txt;negative;mathematicaloperators;5
C01.txt;obtained;economicoperands;9
C01.txt;of which;logicalconnectors;2
C01.txt;positive;economicoperands;9
C01.txt;possible;regulatoryoperators;1
C01.txt;previous;logicalconnectors;3
C01.txt;provides;economicoperands;1
C01.txt;purchase;economicoperands;15
C01.txt;purposes;economicoperands;3
C01.txt;question;economicoperands;1
C01.txt;reducing;mathematicaloperators;1
C01.txt;relevant;attributes;3
C01.txt;reported;economicoperands;46
C01.txt;required;regulatoryoperators;1
C01.txt;reserves;economicoperands;4
C01.txt;solvency;economicoperands;3
C01.txt;specific;functionwords;4
C01.txt;standard;economicoperands;1
C01.txt;stricter;mathematicaloperators;1
C01.txt;template;legalreferences;3
C01.txt;title ii;legalreferences;2
C01.txt;ability;economicoperands;2
C01.txt;allowed;regulatoryoperators;2
C01.txt;already;logicalconnectors;2
C01.txt;amounts;mathematicaloperators;8
C01.txt;applied;logicalconnectors;2
C01.txt;arising;economicoperands;4
C01.txt;article;legalreferences;137
C01.txt;audited;economicoperands;1
C01.txt;banking;economicoperands;1
C01.txt;because;logicalconnectors;1
C01.txt;brought;economicoperands;1
C01.txt;capital;economicoperands;39
C01.txt;changes;economicoperands;4
C01.txt;chapter;legalreferences;2
C01.txt;charges;economicoperands;5
C01.txt;consent;economicoperands;2
C01.txt;contain;economicoperands;2
C01.txt;council;economicoperands;1
C01.txt;covered;economicoperands;3
C01.txt;current;attributes;3
C01.txt;decides;economicoperands;1
C01.txt;deduced;mathematicaloperators;1
C01.txt;defined;regulatoryoperators;1
C01.txt;defines;regulatoryoperators;1
C01.txt;derived;economicoperands;6
C01.txt;element;economicoperands;6
C01.txt;entites;economicoperands;1
C01.txt;filters;logicalconnectors;3
C01.txt;forward;economicoperands;1
C01.txt;general;functionwords;6
C01.txt;happens;functionwords;2
C01.txt;holding;economicoperands;3
C01.txt;include;logicalconnectors;15
C01.txt;inflate;economicoperands;3
C01.txt;interim;economicoperands;5
C01.txt;inverse;mathematicaloperators;2
C01.txt;january;attributes;1
C01.txt;minimum;mathematicaloperators;2
C01.txt;obliged;economicoperands;2
C01.txt;outside;functionwords;5
C01.txt;part of;logicalconnectors;9
C01.txt;payment;economicoperands;1
C01.txt;pension;economicoperands;12
C01.txt;periods;economicoperands;3
C01.txt;persons;economicoperands;6
C01.txt;present;economicoperands;2
C01.txt;profits;economicoperands;5
C01.txt;provide;economicoperands;3
C01.txt;prudent;attributes;3
C01.txt;receive;economicoperands;1
C01.txt;reduces;mathematicaloperators;2
C01.txt;reflect;economicoperands;3
C01.txt;related;logicalconnectors;20
C01.txt;reports;economicoperands;1
C01.txt;reserve;economicoperands;2
C01.txt;results;economicoperands;1
C01.txt;similar;logicalconnectors;1
C01.txt;that is;logicalconnectors;5
C01.txt;used in;economicoperands;3
C01.txt;actual;logicalconnectors;13
C01.txt;allows;regulatoryoperators;1
C01.txt;amount;mathematicaloperators;56
C01.txt;assets;economicoperands;27
C01.txt;assign;regulatoryoperators;3
C01.txt;basket;economicoperands;3
C01.txt;became;economicoperands;3
C01.txt;before;logicalconnectors;2
C01.txt;cannot;regulatoryoperators;8
C01.txt;charge;economicoperands;4
C01.txt;direct;economicoperands;8
C01.txt;due to;logicalconnectors;33
C01.txt;effect;economicoperands;1
C01.txt;equity;economicoperands;10
C01.txt;excess;mathematicaloperators;16
C01.txt;figure;economicoperands;5
C01.txt;fulfil;economicoperands;1
C01.txt;future;economicoperands;9
C01.txt;hedges;economicoperands;1
C01.txt;income;economicoperands;2
C01.txt;issued;economicoperands;16
C01.txt;latter;functionwords;1
C01.txt;losses;economicoperands;14
C01.txt;margin;economicoperands;1
C01.txt;models;economicoperands;3
C01.txt;moment;economicoperands;5
C01.txt;mutual;economicoperands;1
C01.txt;owners;economicoperands;2
C01.txt;parent;economicoperands;2
C01.txt;points;economicoperands;8
C01.txt;profit;economicoperands;5
C01.txt;ratios;mathematicaloperators;3
C01.txt;reduce;mathematicaloperators;1
C01.txt;result;economicoperands;1
C01.txt;rights;economicoperands;1
C01.txt;second;attributes;1
C01.txt;shares;economicoperands;6
C01.txt;solely;logicalconnectors;3
C01.txt;stated;economicoperands;2
C01.txt;sum of;mathematicaloperators;7
C01.txt;tier 1;economicoperands;1
C01.txt;valued;economicoperands;2
C01.txt;voting;economicoperands;1
C01.txt;after;logicalconnectors;2
C01.txt;arise;economicoperands;8
C01.txt;aside;functionwords;1
C01.txt;cases;economicoperands;3
C01.txt;could;functionwords;3
C01.txt;cover;economicoperands;1
C01.txt;cross;economicoperands;9
C01.txt;final;economicoperands;4
C01.txt;funds;economicoperands;15
C01.txt;gains;economicoperands;5
C01.txt;given;functionwords;6
C01.txt;gross;economicoperands;3
C01.txt;group;economicoperands;3
C01.txt;has a;functionwords;12
C01.txt;items;other;29
C01.txt;legal;economicoperands;14
C01.txt;level;economicoperands;2
C01.txt;lower;mathematicaloperators;2
C01.txt;makes;functionwords;1
C01.txt;minus;mathematicaloperators;2
C01.txt;never;logicalconnectors;2
C01.txt;occur;economicoperands;1
C01.txt;other;logicalconnectors;33
C01.txt;point;economicoperands;141
C01.txt;prior;economicoperands;3
C01.txt;risks;economicoperands;2
C01.txt;scope;economicoperands;3
C01.txt;shall;regulatoryoperators;75
C01.txt;shows;other;2
C01.txt;taken;other;2
C01.txt;there;functionwords;9
C01.txt;third;attributes;4
C01.txt;those;functionwords;3
C01.txt;under;functionwords;16
C01.txt;until;logicalconnectors;1
C01.txt;using;economicoperands;3
C01.txt;value;economicoperands;2
C01.txt;where;logicalconnectors;27
C01.txt;which;functionwords;29
C01.txt;would;functionwords;3
C01.txt;years;economicoperands;2
C01.txt;also;logicalconnectors;2
C01.txt;been;functionwords;5
C01.txt;case;economicoperands;1
C01.txt;cet1;economicoperands;43
C01.txt;days;attributes;1
C01.txt;does;functionwords;9
C01.txt;fair;economicoperands;2
C01.txt;free;economicoperands;3
C01.txt;from;functionwords;32
C01.txt;fund;economicoperands;16
C01.txt;gain;economicoperands;1
C01.txt;hand;economicoperands;1
C01.txt;have;functionwords;14
C01.txt;held;economicoperands;6
C01.txt;here;functionwords;6
C01.txt;into;functionwords;3
C01.txt;item;other;42
C01.txt;long;economicoperands;3
C01.txt;loss;economicoperands;3
C01.txt;more;mathematicaloperators;1
C01.txt;note;economicoperands;1
C01.txt;only;logicalconnectors;7
C01.txt;over;mathematicaloperators;15
C01.txt;part;functionwords;6
C01.txt;plan;economicoperands;2
C01.txt;plus;functionwords;3
C01.txt;post;economicoperands;1
C01.txt;rare;attributes;3
C01.txt;rely;economicoperands;7
C01.txt;rise;other;2
C01.txt;risk;economicoperands;1
C01.txt;rows;economicoperands;8
C01.txt;sale;economicoperands;1
C01.txt;same;logicalconnectors;1
C01.txt;sign;economicoperands;3
C01.txt;some;logicalconnectors;1
C01.txt;such;functionwords;1
C01.txt;than;functionwords;2
C01.txt;that;functionwords;44
C01.txt;they;functionwords;3
C01.txt;this;functionwords;37
C01.txt;thus;logicalconnectors;6
C01.txt;tier;economicoperands;3
C01.txt;used;economicoperands;3
C01.txt;were;functionwords;2
C01.txt;when;logicalconnectors;4
C01.txt;with;functionwords;3
C01.txt;year;economicoperands;5
C01.txt;zero;attributes;4
C01.txt;100;attributes;1
C01.txt;105;legalreferences;2
C01.txt;108;legalreferences;1
C01.txt;109;legalreferences;4
C01.txt;113;legalreferences;2
C01.txt;115;legalreferences;2
C01.txt;120;legalreferences;1
C01.txt;153;legalreferences;1
C01.txt;250;attributes;15
C01.txt;a 1;other;12
C01.txt;all;logicalconnectors;5
C01.txt;and;logicalconnectors;123
C01.txt;any;logicalconnectors;8
C01.txt;are;functionwords;34
C01.txt;at1;economicoperands;34
C01.txt;bad;economicoperands;1
C01.txt;but;logicalconnectors;3
C01.txt;can;regulatoryoperators;19
C01.txt;crr;legalreferences;108
C01.txt;end;logicalconnectors;4
C01.txt;for;functionwords;25
C01.txt;has;functionwords;12
C01.txt;i.e;functionwords;3
C01.txt;iii;legalreferences;2
C01.txt;irb;economicoperands;4
C01.txt;leg;economicoperands;1
C01.txt;may;regulatoryoperators;2
C01.txt;met;functionwords;1
C01.txt;net;economicoperands;9
C01.txt;not;logicalconnectors;46
C01.txt;one;attributes;8
C01.txt;own;functionwords;48
C01.txt;put;other;1
C01.txt;row;economicoperands;28
C01.txt;see;other;2
C01.txt;set;other;1
C01.txt;tax;economicoperands;9
C01.txt;the;functionwords;293
C01.txt;use;economicoperands;2
C01.txt;was;functionwords;2
C01.txt;10;attributes;3
C01.txt;13;legalreferences;1
C01.txt;17;legalreferences;4
C01.txt;27;legalreferences;19
C01.txt;28;legalreferences;1
C01.txt;29;legalreferences;1
C01.txt;30;attributes;1
C01.txt;31;attributes;4
C01.txt;32;legalreferences;1
C01.txt;36;legalreferences;37
C01.txt;38;legalreferences;3
C01.txt;40;legalreferences;2
C01.txt;41;legalreferences;3
C01.txt;43;legalreferences;3
C01.txt;44;legalreferences;1
C01.txt;45;attributes;1
C01.txt;46;legalreferences;1
C01.txt;47;legalreferences;1
C01.txt;48;legalreferences;6
C01.txt;49;legalreferences;4
C01.txt;50;attributes;1
C01.txt;51;legalreferences;3
C01.txt;53;legalreferences;2
C01.txt;54;legalreferences;2
C01.txt;60;attributes;1
C01.txt;62;attributes;5
C01.txt;65;attributes;7
C01.txt;68;legalreferences;3
C01.txt;an;functionwords;20
C01.txt;as;logicalconnectors;26
C01.txt;at;functionwords;8
C01.txt;be;functionwords;127
C01.txt;by;functionwords;32
C01.txt;do;functionwords;5
C01.txt;eu;economicoperands;3
C01.txt;if;logicalconnectors;19
C01.txt;ii;legalreferences;2
C01.txt;in;functionwords;93
C01.txt;is;functionwords;30
C01.txt;it;functionwords;10
C01.txt;iv;legalreferences;2
C01.txt;no;logicalconnectors;6
C01.txt;of;functionwords;320
C01.txt;on;functionwords;15
C01.txt;or;logicalconnectors;53
C01.txt;sa;economicoperands;2
C01.txt;t1;economicoperands;2
C01.txt;t2;economicoperands;36
C01.txt;to;functionwords;139
C01.txt;1;attributes;71
C01.txt;2;attributes;18
C01.txt;3;attributes;5
C01.txt;4;attributes;3
C01.txt;5;attributes;2
C01.txt;6;attributes;3
C01.txt;7;attributes;2
C01.txt;8;attributes;2
