C32.03.txt;on a consolidated basis;mathematicaloperators;1
C32.03.txt;delegated regulation;legalreferences;8
C32.03.txt;financial statements;economicoperands;3
C32.03.txt;for the purpose of;logicalconnectors;1
C32.03.txt;in accordance with;logicalconnectors;3
C32.03.txt;as referred to in;logicalconnectors;1
C32.03.txt;value adjustments;economicoperands;3
C32.03.txt;corresponding to;logicalconnectors;1
C32.03.txt;foreign exchange;economicoperands;1
C32.03.txt;diversification;economicoperands;1
C32.03.txt;with respect to;logicalconnectors;2
C32.03.txt;be reported in;regulatoryoperators;1
C32.03.txt;interest rates;economicoperands;2
C32.03.txt;referred to in;functionwords;2
C32.03.txt;reporting date;economicoperands;1
C32.03.txt;trading system;economicoperands;1
C32.03.txt;appropriately;attributes;1
C32.03.txt;as defined in;logicalconnectors;1
C32.03.txt;characterises;logicalconnectors;1
C32.03.txt;correspond to;logicalconnectors;1
C32.03.txt;corresponding;logicalconnectors;2
C32.03.txt;in respect of;logicalconnectors;1
C32.03.txt;percentage of;mathematicaloperators;1
C32.03.txt;risk category;economicoperands;2
C32.03.txt;third parties;economicoperands;1
C32.03.txt;article 4(1);legalreferences;1
C32.03.txt;contribution;economicoperands;1
C32.03.txt;institutions;economicoperands;4
C32.03.txt;instructions;regulatoryoperators;1
C32.03.txt;observations;economicoperands;1
C32.03.txt;sufficiently;attributes;1
C32.03.txt;verification;economicoperands;1
C32.03.txt;adjustments;mathematicaloperators;1
C32.03.txt;assigned to;regulatoryoperators;1
C32.03.txt;calculation;economicoperands;1
C32.03.txt;commodities;economicoperands;2
C32.03.txt;corresponds;logicalconnectors;2
C32.03.txt;differences;mathematicaloperators;1
C32.03.txt;independent;economicoperands;2
C32.03.txt;information;economicoperands;3
C32.03.txt;institution;economicoperands;4
C32.03.txt;instruments;economicoperands;1
C32.03.txt;liabilities;economicoperands;6
C32.03.txt;observation;economicoperands;1
C32.03.txt;terminology;economicoperands;2
C32.03.txt;transaction;economicoperands;2
C32.03.txt;adjustment;mathematicaloperators;1
C32.03.txt;aggregated;mathematicaloperators;4
C32.03.txt;applicable;logicalconnectors;3
C32.03.txt;calculated;economicoperands;3
C32.03.txt;calibrated;economicoperands;2
C32.03.txt;concerning;logicalconnectors;1
C32.03.txt;contribute;economicoperands;1
C32.03.txt;decreasing;mathematicaloperators;1
C32.03.txt;difference;mathematicaloperators;7
C32.03.txt;homogenous;attributes;1
C32.03.txt;identifier;economicoperands;1
C32.03.txt;individual;economicoperands;7
C32.03.txt;maximising;mathematicaloperators;1
C32.03.txt;model risk;economicoperands;19
C32.03.txt;regulation;economicoperands;1
C32.03.txt;unadjusted;economicoperands;3
C32.03.txt;valuations;economicoperands;2
C32.03.txt;12 months;attributes;1
C32.03.txt;available;economicoperands;1
C32.03.txt;breaching;economicoperands;1
C32.03.txt;committed;economicoperands;1
C32.03.txt;completed;economicoperands;1
C32.03.txt;conducted;economicoperands;1
C32.03.txt;different;mathematicaloperators;1
C32.03.txt;following;other;3
C32.03.txt;framework;economicoperands;3
C32.03.txt;generated;economicoperands;1
C32.03.txt;inventory;economicoperands;2
C32.03.txt;numerical;economicoperands;3
C32.03.txt;performed;economicoperands;1
C32.03.txt;portfolio;economicoperands;1
C32.03.txt;positions;economicoperands;4
C32.03.txt;threshold;economicoperands;3
C32.03.txt;valuation;economicoperands;4
C32.03.txt;absolute;mathematicaloperators;3
C32.03.txt;adjusted;mathematicaloperators;1
C32.03.txt;approach;economicoperands;2
C32.03.txt;assessed;economicoperands;1
C32.03.txt;category;economicoperands;3
C32.03.txt;computed;mathematicaloperators;2
C32.03.txt;coverage;economicoperands;2
C32.03.txt;criteria;economicoperands;1
C32.03.txt;end date;economicoperands;1
C32.03.txt;equities;economicoperands;2
C32.03.txt;identify;economicoperands;1
C32.03.txt;included;logicalconnectors;3
C32.03.txt;internal;economicoperands;2
C32.03.txt;obtained;economicoperands;1
C32.03.txt;of which;logicalconnectors;4
C32.03.txt;products;economicoperands;7
C32.03.txt;relevant;attributes;2
C32.03.txt;reported;economicoperands;5
C32.03.txt;required;regulatoryoperators;3
C32.03.txt;specific;functionwords;1
C32.03.txt;starting;economicoperands;1
C32.03.txt;template;legalreferences;8
C32.03.txt;weighted;mathematicaloperators;1
C32.03.txt;against;functionwords;1
C32.03.txt;amounts;mathematicaloperators;6
C32.03.txt;applied;logicalconnectors;2
C32.03.txt;article;legalreferences;7
C32.03.txt;benefit;economicoperands;1
C32.03.txt;between;functionwords;2
C32.03.txt;columns;legalreferences;1
C32.03.txt;covered;economicoperands;1
C32.03.txt;details;other;1
C32.03.txt;general;functionwords;1
C32.03.txt;highest;mathematicaloperators;2
C32.03.txt;largest;logicalconnectors;1
C32.03.txt;monthly;attributes;1
C32.03.txt;netting;economicoperands;1
C32.03.txt;part of;logicalconnectors;1
C32.03.txt;process;economicoperands;2
C32.03.txt;product;economicoperands;9
C32.03.txt;prudent;attributes;2
C32.03.txt;records;economicoperands;1
C32.03.txt;remarks;economicoperands;1
C32.03.txt;results;economicoperands;3
C32.03.txt;testing;economicoperands;7
C32.03.txt;that is;logicalconnectors;2
C32.03.txt;towards;functionwords;1
C32.03.txt;actual;logicalconnectors;1
C32.03.txt;amount;mathematicaloperators;2
C32.03.txt;assets;economicoperands;6
C32.03.txt;before;logicalconnectors;1
C32.03.txt;column;legalreferences;10
C32.03.txt;credit;economicoperands;2
C32.03.txt;during;logicalconnectors;1
C32.03.txt;either;logicalconnectors;1
C32.03.txt;exceed;mathematicaloperators;2
C32.03.txt;expert;economicoperands;3
C32.03.txt;follow;other;1
C32.03.txt;inputs;economicoperands;1
C32.03.txt;levels;economicoperands;1
C32.03.txt;mapped;other;4
C32.03.txt;market;economicoperands;1
C32.03.txt;merged;economicoperands;1
C32.03.txt;method;economicoperands;6
C32.03.txt;number;economicoperands;1
C32.03.txt;output;economicoperands;6
C32.03.txt;prices;economicoperands;1
C32.03.txt;report;economicoperands;4
C32.03.txt;second;attributes;1
C32.03.txt;stated;economicoperands;3
C32.03.txt;sum of;mathematicaloperators;1
C32.03.txt;tested;economicoperands;1
C32.03.txt;unique;economicoperands;1
C32.03.txt;valued;economicoperands;13
C32.03.txt;values;economicoperands;1
C32.03.txt;after;logicalconnectors;1
C32.03.txt;annex;legalreferences;4
C32.03.txt;based;other;3
C32.03.txt;being;functionwords;1
C32.03.txt;books;economicoperands;1
C32.03.txt;codes;economicoperands;1
C32.03.txt;cover;economicoperands;1
C32.03.txt;early;economicoperands;1
C32.03.txt;given;functionwords;1
C32.03.txt;group;economicoperands;5
C32.03.txt;input;economicoperands;1
C32.03.txt;level;economicoperands;5
C32.03.txt;model;economicoperands;11
C32.03.txt;month;attributes;2
C32.03.txt;order;economicoperands;2
C32.03.txt;point;economicoperands;2
C32.03.txt;price;economicoperands;6
C32.03.txt;refer;functionwords;1
C32.03.txt;shall;regulatoryoperators;11
C32.03.txt;shown;other;1
C32.03.txt;terms;other;1
C32.03.txt;their;functionwords;2
C32.03.txt;these;functionwords;1
C32.03.txt;those;functionwords;2
C32.03.txt;total;mathematicaloperators;3
C32.03.txt;under;functionwords;8
C32.03.txt;using;economicoperands;10
C32.03.txt;value;economicoperands;3
C32.03.txt;where;logicalconnectors;3
C32.03.txt;which;functionwords;1
C32.03.txt;would;functionwords;1
C32.03.txt;also;logicalconnectors;1
C32.03.txt;been;functionwords;6
C32.03.txt;best;mathematicaloperators;1
C32.03.txt;data;economicoperands;2
C32.03.txt;each;logicalconnectors;1
C32.03.txt;fair;economicoperands;12
C32.03.txt;from;functionwords;5
C32.03.txt;give;functionwords;1
C32.03.txt;have;functionwords;6
C32.03.txt;here;functionwords;1
C32.03.txt;last;attributes;1
C32.03.txt;line;economicoperands;2
C32.03.txt;meet;economicoperands;1
C32.03.txt;most;mathematicaloperators;1
C32.03.txt;name;economicoperands;2
C32.03.txt;none;logicalconnectors;1
C32.03.txt;only;logicalconnectors;3
C32.03.txt;rank;economicoperands;3
C32.03.txt;rise;other;1
C32.03.txt;same;logicalconnectors;1
C32.03.txt;that;functionwords;19
C32.03.txt;they;functionwords;2
C32.03.txt;this;functionwords;4
C32.03.txt;used;economicoperands;2
C32.03.txt;with;functionwords;2
C32.03.txt;100;attributes;2
C32.03.txt;101;legalreferences;8
C32.03.txt;105;legalreferences;1
C32.03.txt;age;economicoperands;1
C32.03.txt;and;logicalconnectors;11
C32.03.txt;app;legalreferences;1
C32.03.txt;are;functionwords;5
C32.03.txt;but;logicalconnectors;1
C32.03.txt;crr;legalreferences;1
C32.03.txt;day;attributes;1
C32.03.txt;end;logicalconnectors;1
C32.03.txt;etc;functionwords;1
C32.03.txt;for;functionwords;7
C32.03.txt;has;functionwords;1
C32.03.txt;not;logicalconnectors;1
C32.03.txt;one;attributes;2
C32.03.txt;p&l;economicoperands;2
C32.03.txt;row;economicoperands;2
C32.03.txt;the;functionwords;75
C32.03.txt;11;legalreferences;4
C32.03.txt;19;legalreferences;2
C32.03.txt;20;attributes;2
C32.03.txt;24;legalreferences;2
C32.03.txt;an;functionwords;1
C32.03.txt;as;logicalconnectors;4
C32.03.txt;at;functionwords;4
C32.03.txt;be;functionwords;9
C32.03.txt;by;functionwords;6
C32.03.txt;eu;economicoperands;9
C32.03.txt;fx;economicoperands;2
C32.03.txt;in;functionwords;20
C32.03.txt;is;functionwords;5
C32.03.txt;it;functionwords;2
C32.03.txt;no;logicalconnectors;1
C32.03.txt;of;functionwords;35
C32.03.txt;on;functionwords;2
C32.03.txt;or;logicalconnectors;4
C32.03.txt;so;logicalconnectors;1
C32.03.txt;to;functionwords;19
C32.03.txt;1;attributes;5
C32.03.txt;2;attributes;8
C32.03.txt;3;attributes;5
C32.03.txt;4;attributes;1
C32.03.txt;6;attributes;2
C32.03.txt;7;attributes;1
C32.03.txt;8;attributes;1
