F24.txt;paragraphs 213 to 239 or 260;legalreferences;6
F24.txt;non-financial corporations;economicoperands;19
F24.txt;national gaap compatible;legalreferences;11
F24.txt;non-performing exposures;economicoperands;28
F24.txt;trading financial assets;economicoperands;2
F24.txt;accumulated impairments;economicoperands;7
F24.txt;accumulated impairment;economicoperands;3
F24.txt;commercial real estate;economicoperands;23
F24.txt;reporting institution;economicoperands;1
F24.txt;with the exception of;logicalconnectors;1
F24.txt;collateral obtained;economicoperands;1
F24.txt;reporting reference;economicoperands;3
F24.txt;forborne exposures;economicoperands;4
F24.txt;immovable property;economicoperands;19
F24.txt;in accordance with;logicalconnectors;7
F24.txt;to the extent that;logicalconnectors;1
F24.txt;in the context of;functionwords;11
F24.txt;taking possession;economicoperands;9
F24.txt;accrued interest;economicoperands;3
F24.txt;held for trading;economicoperands;2
F24.txt;interest accrued;economicoperands;6
F24.txt;reclassification;regulatoryoperators;11
F24.txt;attributable to;functionwords;4
F24.txt;carrying amount;economicoperands;17
F24.txt;closing balance;economicoperands;4
F24.txt;demand deposits;economicoperands;2
F24.txt;non- performing;economicoperands;6
F24.txt;opening balance;economicoperands;4
F24.txt;under probation;economicoperands;4
F24.txt;be reported as;regulatoryoperators;2
F24.txt;be reported in;regulatoryoperators;1
F24.txt;broken down by;mathematicaloperators;3
F24.txt;capitalisation;economicoperands;1
F24.txt;exchange rates;economicoperands;1
F24.txt;financial year;economicoperands;7
F24.txt;non performing;economicoperands;3
F24.txt;reconciliation;economicoperands;2
F24.txt;reference date;economicoperands;5
F24.txt;as defined in;logicalconnectors;3
F24.txt;at the end of;logicalconnectors;4
F24.txt;cash balances;economicoperands;2
F24.txt;central banks;economicoperands;2
F24.txt;classified as;regulatoryoperators;19
F24.txt;corresponding;logicalconnectors;1
F24.txt;derecognition;economicoperands;3
F24.txt;held for sale;economicoperands;7
F24.txt;interest rate;economicoperands;1
F24.txt;national gaap;legalreferences;11
F24.txt;together with;logicalconnectors;1
F24.txt;among others;logicalconnectors;1
F24.txt;breakdown by;mathematicaloperators;1
F24.txt;continuously;economicoperands;2
F24.txt;derecognised;economicoperands;3
F24.txt;liquidations;economicoperands;5
F24.txt;reclassified;regulatoryoperators;11
F24.txt;respectively;logicalconnectors;1
F24.txt;accumulated;economicoperands;15
F24.txt;application;economicoperands;1
F24.txt;capitalised;economicoperands;1
F24.txt;credit risk;economicoperands;17
F24.txt;equivalents;logicalconnectors;1
F24.txt;forgiveness;economicoperands;3
F24.txt;impairments;economicoperands;7
F24.txt;in addition;mathematicaloperators;2
F24.txt;institution;economicoperands;1
F24.txt;instruments;economicoperands;4
F24.txt;limitations;regulatoryoperators;1
F24.txt;liquidation;economicoperands;2
F24.txt;real estate;economicoperands;1
F24.txt;recognition;economicoperands;1
F24.txt;residential;economicoperands;19
F24.txt;template 18;legalreferences;1
F24.txt;accordance;regulatoryoperators;1
F24.txt;accounting;economicoperands;1
F24.txt;additional;mathematicaloperators;1
F24.txt;afterwards;logicalconnectors;1
F24.txt;allowances;economicoperands;3
F24.txt;categories;economicoperands;1
F24.txt;collateral;economicoperands;18
F24.txt;fair value;economicoperands;18
F24.txt;forfeiture;economicoperands;1
F24.txt;households;economicoperands;19
F24.txt;impairment;economicoperands;4
F24.txt;other than;logicalconnectors;19
F24.txt;paragraphs;legalreferences;2
F24.txt;performing;economicoperands;42
F24.txt;pertaining;logicalconnectors;11
F24.txt;previously;logicalconnectors;3
F24.txt;recoveries;economicoperands;10
F24.txt;references;functionwords;30
F24.txt;separately;economicoperands;5
F24.txt;vice versa;logicalconnectors;1
F24.txt;24 months;attributes;4
F24.txt;allowance;economicoperands;1
F24.txt;amount of;mathematicaloperators;2
F24.txt;collected;economicoperands;1
F24.txt;cumulated;mathematicaloperators;10
F24.txt;decreases;mathematicaloperators;3
F24.txt;disbursed;economicoperands;1
F24.txt;discounts;economicoperands;1
F24.txt;effective;other;1
F24.txt;excluding;logicalconnectors;3
F24.txt;exposures;economicoperands;19
F24.txt;following;other;2
F24.txt;including;logicalconnectors;1
F24.txt;increases;mathematicaloperators;4
F24.txt;more than;mathematicaloperators;3
F24.txt;paragraph;legalreferences;3
F24.txt;partially;economicoperands;1
F24.txt;portfolio;economicoperands;1
F24.txt;preceding;functionwords;4
F24.txt;remaining;economicoperands;1
F24.txt;repayment;economicoperands;2
F24.txt;represent;economicoperands;2
F24.txt;specified;regulatoryoperators;2
F24.txt;transfers;economicoperands;9
F24.txt;unwinding;economicoperands;3
F24.txt;write-off;economicoperands;1
F24.txt;accounts;economicoperands;1
F24.txt;advances;economicoperands;51
F24.txt;annex v.;legalreferences;317
F24.txt;balances;economicoperands;2
F24.txt;based on;other;11
F24.txt;captures;economicoperands;1
F24.txt;category;economicoperands;4
F24.txt;comprise;logicalconnectors;3
F24.txt;criteria;economicoperands;1
F24.txt;decrease;mathematicaloperators;3
F24.txt;expenses;economicoperands;1
F24.txt;exposure;economicoperands;2
F24.txt;forborne;economicoperands;8
F24.txt;included;logicalconnectors;1
F24.txt;increase;mathematicaloperators;2
F24.txt;multiple;mathematicaloperators;1
F24.txt;negative;mathematicaloperators;18
F24.txt;obtained;economicoperands;1
F24.txt;occurred;economicoperands;1
F24.txt;of which;logicalconnectors;141
F24.txt;outflows;economicoperands;10
F24.txt;past due;economicoperands;1
F24.txt;purchase;economicoperands;2
F24.txt;reported;economicoperands;11
F24.txt;reversal;economicoperands;4
F24.txt;separate;economicoperands;2
F24.txt;template;legalreferences;4
F24.txt;against;functionwords;3
F24.txt;amounts;mathematicaloperators;2
F24.txt;capture;economicoperands;1
F24.txt;changes;economicoperands;19
F24.txt;closing;economicoperands;2
F24.txt;contain;economicoperands;1
F24.txt;context;other;2
F24.txt;granted;economicoperands;7
F24.txt;include;logicalconnectors;3
F24.txt;inflows;economicoperands;12
F24.txt;initial;economicoperands;1
F24.txt;legally;economicoperands;1
F24.txt;opening;economicoperands;2
F24.txt;outflow;economicoperands;30
F24.txt;outside;functionwords;1
F24.txt;part of;logicalconnectors;4
F24.txt;partial;economicoperands;3
F24.txt;process;economicoperands;2
F24.txt;provide;economicoperands;1
F24.txt;reasons;economicoperands;5
F24.txt;recover;economicoperands;1
F24.txt;reflect;economicoperands;1
F24.txt;related;logicalconnectors;4
F24.txt;release;economicoperands;2
F24.txt;sources;economicoperands;1
F24.txt;amount;mathematicaloperators;1
F24.txt;became;economicoperands;5
F24.txt;booked;economicoperands;1
F24.txt;cannot;regulatoryoperators;2
F24.txt;causes;economicoperands;1
F24.txt;ceased;economicoperands;3
F24.txt;due to;logicalconnectors;55
F24.txt;during;logicalconnectors;34
F24.txt;either;logicalconnectors;1
F24.txt;exited;economicoperands;1
F24.txt;expiry;economicoperands;1
F24.txt;inflow;economicoperands;24
F24.txt;itself;functionwords;1
F24.txt;linked;economicoperands;2
F24.txt;method;economicoperands;1
F24.txt;moment;economicoperands;1
F24.txt;period;economicoperands;35
F24.txt;reason;economicoperands;1
F24.txt;regard;economicoperands;1
F24.txt;report;economicoperands;1
F24.txt;rights;economicoperands;1
F24.txt;source;economicoperands;3
F24.txt;again;logicalconnectors;1
F24.txt;being;functionwords;1
F24.txt;cases;economicoperands;1
F24.txt;costs;economicoperands;1
F24.txt;flows;economicoperands;3
F24.txt;gross;economicoperands;17
F24.txt;items;other;1
F24.txt;loans;economicoperands;108
F24.txt;other;logicalconnectors;11
F24.txt;prior;economicoperands;1
F24.txt;refer;functionwords;1
F24.txt;right;economicoperands;1
F24.txt;scope;economicoperands;1
F24.txt;shall;regulatoryoperators;29
F24.txt;since;logicalconnectors;5
F24.txt;still;logicalconnectors;4
F24.txt;stock;economicoperands;7
F24.txt;these;functionwords;2
F24.txt;those;functionwords;3
F24.txt;times;economicoperands;1
F24.txt;total;mathematicaloperators;4
F24.txt;types;economicoperands;1
F24.txt;value;economicoperands;1
F24.txt;where;logicalconnectors;1
F24.txt;which;functionwords;1
F24.txt;write;economicoperands;24
F24.txt;also;logicalconnectors;1
F24.txt;been;functionwords;3
F24.txt;both;logicalconnectors;1
F24.txt;cash;economicoperands;2
F24.txt;date;economicoperands;5
F24.txt;debt;economicoperands;2
F24.txt;ever;logicalconnectors;2
F24.txt;fees;economicoperands;1
F24.txt;flow;economicoperands;3
F24.txt;from;functionwords;21
F24.txt;have;functionwords;3
F24.txt;ifrs;legalreferences;11
F24.txt;last;attributes;3
F24.txt;loan;economicoperands;2
F24.txt;made;functionwords;3
F24.txt;mean;other;1
F24.txt;meet;economicoperands;1
F24.txt;nfcs;economicoperands;19
F24.txt;non-;logicalconnectors;26
F24.txt;once;attributes;3
F24.txt;only;logicalconnectors;1
F24.txt;part;functionwords;358
F24.txt;past;functionwords;3
F24.txt;risk;economicoperands;9
F24.txt;rows;economicoperands;1
F24.txt;sale;economicoperands;9
F24.txt;smes;economicoperands;40
F24.txt;such;functionwords;4
F24.txt;that;functionwords;23
F24.txt;they;functionwords;1
F24.txt;this;functionwords;16
F24.txt;type;economicoperands;6
F24.txt;used;economicoperands;1
F24.txt;were;functionwords;14
F24.txt;all;logicalconnectors;1
F24.txt;and;logicalconnectors;104
F24.txt;any;logicalconnectors;3
F24.txt;are;functionwords;7
F24.txt;bad;economicoperands;11
F24.txt;cre;economicoperands;38
F24.txt;end;logicalconnectors;3
F24.txt;for;functionwords;2
F24.txt;net;economicoperands;11
F24.txt;non;logicalconnectors;2
F24.txt;not;logicalconnectors;6
F24.txt;sme;economicoperands;60
F24.txt;the;functionwords;114
F24.txt;was;functionwords;1
F24.txt;24;legalreferences;3
F24.txt;32;legalreferences;1
F24.txt;44;legalreferences;60
F24.txt;an;functionwords;2
F24.txt;as;logicalconnectors;16
F24.txt;at;functionwords;8
F24.txt;be;functionwords;18
F24.txt;by;functionwords;20
F24.txt;if;logicalconnectors;1
F24.txt;ii;legalreferences;2
F24.txt;in;functionwords;32
F24.txt;is;functionwords;2
F24.txt;it;functionwords;1
F24.txt;of;functionwords;103
F24.txt;on;functionwords;6
F24.txt;or;logicalconnectors;12
F24.txt;to;functionwords;48
F24.txt;1;attributes;60
F24.txt;2;attributes;204
