F05.txt;part 2 of annex ii to the ecb bsi regulation;legalreferences;4
F05.txt;non-financial corporations;economicoperands;2
F05.txt;financial corporations;economicoperands;2
F05.txt;regardless of whether;logicalconnectors;1
F05.txt;reporting institution;economicoperands;1
F05.txt;repurchase agreements;economicoperands;1
F05.txt;collateralized loans;economicoperands;3
F05.txt;for the purpose of;logicalconnectors;1
F05.txt;immovable property;economicoperands;7
F05.txt;in accordance with;logicalconnectors;1
F05.txt;as referred to in;logicalconnectors;1
F05.txt;collateralized by;economicoperands;3
F05.txt;credit card debt;economicoperands;3
F05.txt;held for trading;economicoperands;3
F05.txt;be allocated to;regulatoryoperators;1
F05.txt;carrying amount;economicoperands;10
F05.txt;characteristics;logicalconnectors;1
F05.txt;demand deposits;economicoperands;1
F05.txt;in exchange for;economicoperands;1
F05.txt;irrespective of;logicalconnectors;1
F05.txt;on the basis of;logicalconnectors;4
F05.txt;be reported in;regulatoryoperators;1
F05.txt;broken down by;mathematicaloperators;1
F05.txt;collateralised;economicoperands;2
F05.txt;as defined in;logicalconnectors;5
F05.txt;cash balances;economicoperands;1
F05.txt;central banks;economicoperands;4
F05.txt;classified as;regulatoryoperators;2
F05.txt;contractually;economicoperands;1
F05.txt;held for sale;economicoperands;3
F05.txt;in respect of;logicalconnectors;1
F05.txt;independently;economicoperands;1
F05.txt;loan-to-value;economicoperands;2
F05.txt;of securities;economicoperands;1
F05.txt;regardless of;logicalconnectors;4
F05.txt;subordination;economicoperands;1
F05.txt;among others;logicalconnectors;1
F05.txt;breakdown of;mathematicaloperators;3
F05.txt;central bank;economicoperands;1
F05.txt;counterparty;economicoperands;1
F05.txt;credit cards;economicoperands;1
F05.txt;short notice;economicoperands;4
F05.txt;transactions;economicoperands;2
F05.txt;acceptances;economicoperands;1
F05.txt;consumption;economicoperands;4
F05.txt;debit cards;economicoperands;1
F05.txt;governments;economicoperands;2
F05.txt;receivables;economicoperands;7
F05.txt;referred to;functionwords;1
F05.txt;specialised;economicoperands;1
F05.txt;agreements;economicoperands;1
F05.txt;as follows;functionwords;1
F05.txt;by type of;logicalconnectors;1
F05.txt;classified;regulatoryoperators;5
F05.txt;collateral;economicoperands;15
F05.txt;commercial;economicoperands;2
F05.txt;compulsory;regulatoryoperators;1
F05.txt;households;economicoperands;3
F05.txt;investment;economicoperands;1
F05.txt;legal form;economicoperands;4
F05.txt;maturities;economicoperands;1
F05.txt;on the day;logicalconnectors;2
F05.txt;other than;logicalconnectors;4
F05.txt;paragraphs;legalreferences;1
F05.txt;receivable;economicoperands;3
F05.txt;references;functionwords;3
F05.txt;repurchase;economicoperands;3
F05.txt;secured by;economicoperands;5
F05.txt;securities;economicoperands;2
F05.txt;settlement;economicoperands;1
F05.txt;term loans;economicoperands;3
F05.txt;under ifrs;legalreferences;1
F05.txt;documents;economicoperands;1
F05.txt;exposures;economicoperands;1
F05.txt;financial;economicoperands;2
F05.txt;following;other;3
F05.txt;including;logicalconnectors;2
F05.txt;investing;economicoperands;1
F05.txt;more than;mathematicaloperators;1
F05.txt;overnight;economicoperands;1
F05.txt;provision;economicoperands;1
F05.txt;recovered;economicoperands;1
F05.txt;accounts;economicoperands;1
F05.txt;advances;economicoperands;20
F05.txt;annex v.;legalreferences;50
F05.txt;awaiting;economicoperands;1
F05.txt;balances;economicoperands;6
F05.txt;based on;other;1
F05.txt;borrowed;economicoperands;1
F05.txt;borrower;economicoperands;1
F05.txt;business;economicoperands;2
F05.txt;commonly;functionwords;2
F05.txt;deposits;economicoperands;1
F05.txt;exchange;economicoperands;1
F05.txt;extended;economicoperands;1
F05.txt;formally;other;2
F05.txt;included;logicalconnectors;1
F05.txt;measured;economicoperands;1
F05.txt;of which;logicalconnectors;10
F05.txt;outright;attributes;1
F05.txt;personal;economicoperands;1
F05.txt;products;economicoperands;2
F05.txt;purchase;economicoperands;4
F05.txt;received;economicoperands;1
F05.txt;recourse;economicoperands;1
F05.txt;referred;functionwords;1
F05.txt;reported;economicoperands;1
F05.txt;reserves;economicoperands;1
F05.txt;services;economicoperands;2
F05.txt;template;legalreferences;1
F05.txt;transfer;economicoperands;1
F05.txt;account;economicoperands;4
F05.txt;amounts;mathematicaloperators;1
F05.txt;article;legalreferences;1
F05.txt;cheques;economicoperands;1
F05.txt;current;attributes;5
F05.txt;finance;economicoperands;9
F05.txt;general;functionwords;3
F05.txt;granted;economicoperands;5
F05.txt;include;logicalconnectors;16
F05.txt;lending;economicoperands;5
F05.txt;payment;economicoperands;1
F05.txt;pledges;economicoperands;1
F05.txt;product;economicoperands;8
F05.txt;project;economicoperands;3
F05.txt;purpose;economicoperands;4
F05.txt;receive;economicoperands;1
F05.txt;reverse;economicoperands;3
F05.txt;similar;logicalconnectors;2
F05.txt;such as;logicalconnectors;2
F05.txt;trading;economicoperands;6
F05.txt;without;logicalconnectors;1
F05.txt;assets;economicoperands;4
F05.txt;bought;economicoperands;1
F05.txt;cannot;regulatoryoperators;1
F05.txt;claims;economicoperands;1
F05.txt;credit;economicoperands;8
F05.txt;demand;economicoperands;6
F05.txt;either;logicalconnectors;1
F05.txt;govern;economicoperands;1
F05.txt;leases;economicoperands;3
F05.txt;mainly;logicalconnectors;1
F05.txt;rental;economicoperands;1
F05.txt;repaid;economicoperands;1
F05.txt;sector;economicoperands;1
F05.txt;bills;economicoperands;2
F05.txt;close;economicoperands;2
F05.txt;debit;economicoperands;2
F05.txt;fixed;economicoperands;1
F05.txt;forms;economicoperands;1
F05.txt;funds;economicoperands;1
F05.txt;goods;economicoperands;2
F05.txt;gross;economicoperands;5
F05.txt;holds;economicoperands;1
F05.txt;house;economicoperands;4
F05.txt;items;other;3
F05.txt;lease;economicoperands;2
F05.txt;loans;economicoperands;36
F05.txt;other;logicalconnectors;17
F05.txt;ratio;mathematicaloperators;3
F05.txt;right;economicoperands;1
F05.txt;shall;regulatoryoperators;24
F05.txt;table;other;4
F05.txt;terms;other;1
F05.txt;their;functionwords;4
F05.txt;those;functionwords;2
F05.txt;trade;economicoperands;5
F05.txt;types;economicoperands;1
F05.txt;under;functionwords;2
F05.txt;where;logicalconnectors;2
F05.txt;which;functionwords;2
F05.txt;also;logicalconnectors;3
F05.txt;been;functionwords;1
F05.txt;both;logicalconnectors;1
F05.txt;call;economicoperands;4
F05.txt;cash;economicoperands;2
F05.txt;give;functionwords;1
F05.txt;gold;economicoperands;1
F05.txt;have;functionwords;1
F05.txt;held;economicoperands;1
F05.txt;item;other;2
F05.txt;loan;economicoperands;3
F05.txt;made;functionwords;1
F05.txt;meet;economicoperands;1
F05.txt;non-;logicalconnectors;4
F05.txt;only;logicalconnectors;1
F05.txt;part;functionwords;51
F05.txt;sale;economicoperands;1
F05.txt;that;functionwords;16
F05.txt;they;functionwords;3
F05.txt;this;functionwords;2
F05.txt;type;economicoperands;2
F05.txt;with;functionwords;2
F05.txt;all;logicalconnectors;1
F05.txt;and;logicalconnectors;37
F05.txt;are;functionwords;11
F05.txt;can;regulatoryoperators;1
F05.txt;crr;legalreferences;3
F05.txt;for;functionwords;13
F05.txt;how;functionwords;2
F05.txt;ltv;economicoperands;1
F05.txt;not;logicalconnectors;4
F05.txt;one;attributes;1
F05.txt;own;functionwords;1
F05.txt;the;functionwords;29
F05.txt;use;economicoperands;1
F05.txt;via;functionwords;2
F05.txt;was;functionwords;2
F05.txt;17;legalreferences;1
F05.txt;28;legalreferences;1
F05.txt;44;legalreferences;2
F05.txt;as;logicalconnectors;4
F05.txt;at;functionwords;3
F05.txt;be;functionwords;9
F05.txt;by;functionwords;18
F05.txt;in;functionwords;3
F05.txt;it;functionwords;2
F05.txt;of;functionwords;26
F05.txt;on;functionwords;7
F05.txt;or;logicalconnectors;12
F05.txt;to;functionwords;4
F05.txt;5;attributes;4
F05.txt;8;attributes;3
