F12+43.txt;off-balance sheet component;economicoperands;2
F12+43.txt;non-financial corporations;economicoperands;40
F12+43.txt;reporting reference period;economicoperands;5
F12+43.txt;national gaap compatible;legalreferences;18
F12+43.txt;lower of cost or market;economicoperands;1
F12+43.txt;this part of this annex;legalreferences;1
F12+43.txt;financial corporations;economicoperands;40
F12+43.txt;off-balance sheet item;economicoperands;1
F12+43.txt;accounting portfolios;economicoperands;1
F12+43.txt;regardless of whether;logicalconnectors;1
F12+43.txt;with the exception of;logicalconnectors;1
F12+43.txt;accounting portfolio;economicoperands;1
F12+43.txt;comprehensive income;economicoperands;1
F12+43.txt;financial guarantees;economicoperands;26
F12+43.txt;insurance contracts;economicoperands;2
F12+43.txt;reporting reference;economicoperands;4
F12+43.txt;under national gaap;legalreferences;3
F12+43.txt;cost-based methods;economicoperands;1
F12+43.txt;difference between;mathematicaloperators;1
F12+43.txt;equity instruments;economicoperands;4
F12+43.txt;in accordance with;logicalconnectors;8
F12+43.txt;at amortised cost;economicoperands;1
F12+43.txt;employee benefits;economicoperands;2
F12+43.txt;impairment stages;economicoperands;6
F12+43.txt;off-balance sheet;economicoperands;3
F12+43.txt;value adjustments;economicoperands;3
F12+43.txt;at the beginning;logicalconnectors;4
F12+43.txt;credit- impaired;economicoperands;2
F12+43.txt;debt instruments;economicoperands;22
F12+43.txt;financial assets;economicoperands;27
F12+43.txt;foreign exchange;economicoperands;2
F12+43.txt;guarantees given;economicoperands;7
F12+43.txt;impairment stage;economicoperands;5
F12+43.txt;loan commitments;economicoperands;1
F12+43.txt;on-balance sheet;economicoperands;3
F12+43.txt;carrying amount;economicoperands;16
F12+43.txt;closing balance;economicoperands;19
F12+43.txt;consistent with;logicalconnectors;1
F12+43.txt;credit-impaired;economicoperands;17
F12+43.txt;debt instrument;economicoperands;1
F12+43.txt;debt securities;economicoperands;24
F12+43.txt;defined benefit;economicoperands;2
F12+43.txt;demand deposits;economicoperands;20
F12+43.txt;financial asset;economicoperands;1
F12+43.txt;forward-looking;economicoperands;2
F12+43.txt;interest income;economicoperands;1
F12+43.txt;irrespective of;logicalconnectors;1
F12+43.txt;opening balance;economicoperands;19
F12+43.txt;risk parameters;economicoperands;2
F12+43.txt;at the date of;logicalconnectors;2
F12+43.txt;be reported as;regulatoryoperators;2
F12+43.txt;be reported in;regulatoryoperators;19
F12+43.txt;broken down by;mathematicaloperators;1
F12+43.txt;financial year;economicoperands;4
F12+43.txt;loss allowance;economicoperands;1
F12+43.txt;methodological;economicoperands;1
F12+43.txt;nominal amount;economicoperands;7
F12+43.txt;profit or loss;economicoperands;39
F12+43.txt;reconciliation;economicoperands;4
F12+43.txt;reporting date;economicoperands;1
F12+43.txt;resulting from;other;1
F12+43.txt;allowance for;economicoperands;6
F12+43.txt;as defined in;logicalconnectors;2
F12+43.txt;at fair value;economicoperands;4
F12+43.txt;at the end of;logicalconnectors;3
F12+43.txt;cash balances;economicoperands;20
F12+43.txt;central banks;economicoperands;60
F12+43.txt;consideration;logicalconnectors;1
F12+43.txt;credit losses;economicoperands;13
F12+43.txt;de-recognised;economicoperands;1
F12+43.txt;derecognition;economicoperands;19
F12+43.txt;establishment;regulatoryoperators;1
F12+43.txt;modifications;economicoperands;1
F12+43.txt;national gaap;legalreferences;6
F12+43.txt;third parties;economicoperands;1
F12+43.txt;together with;logicalconnectors;1
F12+43.txt;collectively;economicoperands;17
F12+43.txt;counterparty;economicoperands;5
F12+43.txt;derecognised;economicoperands;2
F12+43.txt;individually;economicoperands;17
F12+43.txt;institutions;economicoperands;40
F12+43.txt;modification;economicoperands;6
F12+43.txt;presentation;economicoperands;3
F12+43.txt;requirements;regulatoryoperators;2
F12+43.txt;respectively;logicalconnectors;1
F12+43.txt;substitution;mathematicaloperators;1
F12+43.txt;acquisition;economicoperands;18
F12+43.txt;adjustments;mathematicaloperators;20
F12+43.txt;appropriate;attributes;1
F12+43.txt;commitments;economicoperands;27
F12+43.txt;consequence;functionwords;1
F12+43.txt;contractual;economicoperands;1
F12+43.txt;credit risk;economicoperands;31
F12+43.txt;differences;mathematicaloperators;1
F12+43.txt;enforcement;economicoperands;1
F12+43.txt;established;regulatoryoperators;1
F12+43.txt;governments;economicoperands;40
F12+43.txt;instalments;economicoperands;1
F12+43.txt;institution;economicoperands;19
F12+43.txt;liabilities;economicoperands;1
F12+43.txt;measurement;mathematicaloperators;1
F12+43.txt;methodology;economicoperands;11
F12+43.txt;obligations;economicoperands;2
F12+43.txt;origination;economicoperands;10
F12+43.txt;outstanding;economicoperands;1
F12+43.txt;recognition;economicoperands;16
F12+43.txt;significant;attributes;4
F12+43.txt;substantial;attributes;1
F12+43.txt;transferred;economicoperands;2
F12+43.txt;written-off;economicoperands;35
F12+43.txt;allowances;economicoperands;65
F12+43.txt;appendix a;legalreferences;5
F12+43.txt;as well as;logicalconnectors;3
F12+43.txt;calculated;economicoperands;1
F12+43.txt;collective;economicoperands;1
F12+43.txt;considered;logicalconnectors;3
F12+43.txt;cumulative;mathematicaloperators;1
F12+43.txt;designated;regulatoryoperators;1
F12+43.txt;discounted;economicoperands;2
F12+43.txt;employment;economicoperands;2
F12+43.txt;estimation;mathematicaloperators;20
F12+43.txt;fair value;economicoperands;1
F12+43.txt;households;economicoperands;20
F12+43.txt;impairment;economicoperands;15
F12+43.txt;individual;economicoperands;1
F12+43.txt;instalment;economicoperands;1
F12+43.txt;instrument;economicoperands;1
F12+43.txt;litigation;economicoperands;1
F12+43.txt;originated;economicoperands;11
F12+43.txt;other than;logicalconnectors;4
F12+43.txt;paragraphs;legalreferences;2
F12+43.txt;performing;economicoperands;8
F12+43.txt;previously;logicalconnectors;15
F12+43.txt;provisions;economicoperands;22
F12+43.txt;reasonable;attributes;1
F12+43.txt;recognised;economicoperands;2
F12+43.txt;recoveries;economicoperands;17
F12+43.txt;references;functionwords;41
F12+43.txt;respective;logicalconnectors;1
F12+43.txt;separately;economicoperands;1
F12+43.txt;subject to;logicalconnectors;5
F12+43.txt;treated as;regulatoryoperators;2
F12+43.txt;under ifrs;legalreferences;7
F12+43.txt;accounted;economicoperands;1
F12+43.txt;additions;mathematicaloperators;2
F12+43.txt;allowance;economicoperands;26
F12+43.txt;amount of;mathematicaloperators;5
F12+43.txt;beginning;logicalconnectors;1
F12+43.txt;cognition;economicoperands;17
F12+43.txt;customers;economicoperands;1
F12+43.txt;decisions;economicoperands;1
F12+43.txt;decreases;mathematicaloperators;24
F12+43.txt;different;mathematicaloperators;1
F12+43.txt;disposals;economicoperands;1
F12+43.txt;encompass;logicalconnectors;1
F12+43.txt;estimated;mathematicaloperators;6
F12+43.txt;estimates;mathematicaloperators;2
F12+43.txt;exposures;economicoperands;10
F12+43.txt;fluctuate;economicoperands;1
F12+43.txt;following;other;4
F12+43.txt;impact of;economicoperands;4
F12+43.txt;including;logicalconnectors;5
F12+43.txt;increases;mathematicaloperators;26
F12+43.txt;long term;economicoperands;2
F12+43.txt;movements;economicoperands;13
F12+43.txt;paragraph;legalreferences;4
F12+43.txt;partially;economicoperands;1
F12+43.txt;permitted;regulatoryoperators;1
F12+43.txt;purchased;economicoperands;11
F12+43.txt;repayment;economicoperands;4
F12+43.txt;reporting;economicoperands;3
F12+43.txt;revolving;economicoperands;2
F12+43.txt;standards;economicoperands;1
F12+43.txt;statement;economicoperands;30
F12+43.txt;transfers;economicoperands;19
F12+43.txt;write-off;economicoperands;2
F12+43.txt;acquired;economicoperands;2
F12+43.txt;activity;economicoperands;1
F12+43.txt;adoption;other;1
F12+43.txt;advances;economicoperands;24
F12+43.txt;annex v.;legalreferences;515
F12+43.txt;balances;economicoperands;3
F12+43.txt;based on;other;7
F12+43.txt;becoming;economicoperands;1
F12+43.txt;category;economicoperands;4
F12+43.txt;complete;economicoperands;1
F12+43.txt;contains;economicoperands;2
F12+43.txt;decrease;mathematicaloperators;22
F12+43.txt;directly;attributes;22
F12+43.txt;discount;economicoperands;2
F12+43.txt;disposal;economicoperands;2
F12+43.txt;drawdown;economicoperands;1
F12+43.txt;economic;economicoperands;2
F12+43.txt;entirety;logicalconnectors;1
F12+43.txt;estimate;mathematicaloperators;1
F12+43.txt;existing;economicoperands;3
F12+43.txt;expected;economicoperands;13
F12+43.txt;expenses;economicoperands;1
F12+43.txt;included;logicalconnectors;2
F12+43.txt;includes;logicalconnectors;1
F12+43.txt;increase;mathematicaloperators;13
F12+43.txt;measured;economicoperands;50
F12+43.txt;modified;other;4
F12+43.txt;multiple;mathematicaloperators;1
F12+43.txt;not only;logicalconnectors;1
F12+43.txt;of which;logicalconnectors;42
F12+43.txt;pensions;economicoperands;2
F12+43.txt;previous;logicalconnectors;1
F12+43.txt;received;economicoperands;1
F12+43.txt;recorded;economicoperands;4
F12+43.txt;recovery;economicoperands;1
F12+43.txt;reported;economicoperands;10
F12+43.txt;reversed;economicoperands;5
F12+43.txt;separate;economicoperands;1
F12+43.txt;specific;functionwords;2
F12+43.txt;template;legalreferences;13
F12+43.txt;transfer;economicoperands;4
F12+43.txt;account;economicoperands;15
F12+43.txt;accrued;economicoperands;1
F12+43.txt;amounts;mathematicaloperators;47
F12+43.txt;another;functionwords;2
F12+43.txt;article;legalreferences;4
F12+43.txt;balance;economicoperands;4
F12+43.txt;banking;economicoperands;2
F12+43.txt;because;logicalconnectors;1
F12+43.txt;between;functionwords;19
F12+43.txt;changed;economicoperands;1
F12+43.txt;changes;economicoperands;69
F12+43.txt;closing;economicoperands;2
F12+43.txt;columns;legalreferences;3
F12+43.txt;feature;economicoperands;1
F12+43.txt;general;functionwords;44
F12+43.txt;include;logicalconnectors;15
F12+43.txt;initial;economicoperands;14
F12+43.txt;instead;logicalconnectors;1
F12+43.txt;methods;economicoperands;1
F12+43.txt;nominal;economicoperands;1
F12+43.txt;of debt;economicoperands;8
F12+43.txt;opening;economicoperands;3
F12+43.txt;part of;logicalconnectors;1
F12+43.txt;partial;economicoperands;2
F12+43.txt;passage;economicoperands;2
F12+43.txt;passing;economicoperands;1
F12+43.txt;pending;functionwords;2
F12+43.txt;reasons;economicoperands;3
F12+43.txt;related;logicalconnectors;4
F12+43.txt;require;regulatoryoperators;1
F12+43.txt;results;economicoperands;3
F12+43.txt;that is;logicalconnectors;2
F12+43.txt;through;functionwords;4
F12+43.txt;totally;mathematicaloperators;2
F12+43.txt;trigger;economicoperands;1
F12+43.txt;updates;economicoperands;5
F12+43.txt;whether;logicalconnectors;1
F12+43.txt;without;logicalconnectors;20
F12+43.txt;written;economicoperands;1
F12+43.txt;amount;mathematicaloperators;4
F12+43.txt;assets;economicoperands;9
F12+43.txt;borrow;economicoperands;1
F12+43.txt;change;economicoperands;23
F12+43.txt;column;legalreferences;6
F12+43.txt;credit;economicoperands;40
F12+43.txt;depend;economicoperands;1
F12+43.txt;due to;logicalconnectors;127
F12+43.txt;during;logicalconnectors;12
F12+43.txt;effect;economicoperands;2
F12+43.txt;equity;economicoperands;1
F12+43.txt;exceed;mathematicaloperators;3
F12+43.txt;except;logicalconnectors;2
F12+43.txt;expiry;economicoperands;1
F12+43.txt;having;functionwords;1
F12+43.txt;higher;mathematicaloperators;1
F12+43.txt;ias 37;legalreferences;7
F12+43.txt;ifrs 4;legalreferences;2
F12+43.txt;ifrs 9;legalreferences;35
F12+43.txt;impact;economicoperands;4
F12+43.txt;income;economicoperands;1
F12+43.txt;issues;economicoperands;2
F12+43.txt;losses;economicoperands;33
F12+43.txt;models;economicoperands;2
F12+43.txt;nature;economicoperands;1
F12+43.txt;period;economicoperands;17
F12+43.txt;result;economicoperands;2
F12+43.txt;review;economicoperands;2
F12+43.txt;rights;economicoperands;1
F12+43.txt;unused;economicoperands;2
F12+43.txt;update;economicoperands;16
F12+43.txt;after;logicalconnectors;1
F12+43.txt;annex;legalreferences;2
F12+43.txt;aside;functionwords;3
F12+43.txt;asset;economicoperands;8
F12+43.txt;basis;economicoperands;4
F12+43.txt;count;economicoperands;7
F12+43.txt;first;attributes;2
F12+43.txt;gains;economicoperands;17
F12+43.txt;given;functionwords;25
F12+43.txt;gross;economicoperands;11
F12+43.txt;items;other;1
F12+43.txt;legal;economicoperands;2
F12+43.txt;limit;regulatoryoperators;1
F12+43.txt;loans;economicoperands;24
F12+43.txt;lower;mathematicaloperators;1
F12+43.txt;model;economicoperands;1
F12+43.txt;newly;economicoperands;1
F12+43.txt;other;logicalconnectors;95
F12+43.txt;place;economicoperands;1
F12+43.txt;repay;economicoperands;1
F12+43.txt;risks;economicoperands;2
F12+43.txt;shall;regulatoryoperators;49
F12+43.txt;since;logicalconnectors;10
F12+43.txt;stage;economicoperands;98
F12+43.txt;state;economicoperands;7
F12+43.txt;still;logicalconnectors;1
F12+43.txt;taken;other;1
F12+43.txt;terms;other;1
F12+43.txt;their;functionwords;6
F12+43.txt;there;functionwords;1
F12+43.txt;those;functionwords;9
F12+43.txt;times;economicoperands;1
F12+43.txt;total;mathematicaloperators;13
F12+43.txt;under;functionwords;8
F12+43.txt;value;economicoperands;1
F12+43.txt;where;logicalconnectors;10
F12+43.txt;which;functionwords;8
F12+43.txt;write;economicoperands;24
F12+43.txt;also;logicalconnectors;4
F12+43.txt;been;functionwords;4
F12+43.txt;data;economicoperands;2
F12+43.txt;date;economicoperands;5
F12+43.txt;does;functionwords;1
F12+43.txt;from;functionwords;26
F12+43.txt;full;economicoperands;1
F12+43.txt;have;functionwords;5
F12+43.txt;ifrs;legalreferences;282
F12+43.txt;item;other;4
F12+43.txt;last;attributes;1
F12+43.txt;loan;economicoperands;6
F12+43.txt;main;economicoperands;2
F12+43.txt;non-;logicalconnectors;8
F12+43.txt;only;logicalconnectors;2
F12+43.txt;paid;economicoperands;1
F12+43.txt;part;functionwords;523
F12+43.txt;post;economicoperands;2
F12+43.txt;rate;economicoperands;2
F12+43.txt;than;functionwords;1
F12+43.txt;that;functionwords;10
F12+43.txt;they;functionwords;4
F12+43.txt;this;functionwords;13
F12+43.txt;time;economicoperands;3
F12+43.txt;used;economicoperands;3
F12+43.txt;were;functionwords;1
F12+43.txt;with;functionwords;4
F12+43.txt;108;legalreferences;1
F12+43.txt;153;legalreferences;1
F12+43.txt;154;legalreferences;1
F12+43.txt;165;legalreferences;16
F12+43.txt;167;legalreferences;5
F12+43.txt;304;legalreferences;1
F12+43.txt;all;logicalconnectors;3
F12+43.txt;and;logicalconnectors;145
F12+43.txt;any;logicalconnectors;5
F12+43.txt;are;functionwords;7
F12+43.txt;bad;economicoperands;16
F12+43.txt;but;logicalconnectors;6
F12+43.txt;crr;legalreferences;10
F12+43.txt;ecb;economicoperands;2
F12+43.txt;end;logicalconnectors;1
F12+43.txt;for;functionwords;82
F12+43.txt;led;economicoperands;1
F12+43.txt;net;economicoperands;52
F12+43.txt;new;economicoperands;3
F12+43.txt;not;logicalconnectors;11
F12+43.txt;off;functionwords;4
F12+43.txt;set;other;3
F12+43.txt;tax;economicoperands;2
F12+43.txt;the;functionwords;214
F12+43.txt;via;functionwords;1
F12+43.txt;was;functionwords;1
F12+43.txt;11;legalreferences;1
F12+43.txt;12;attributes;4
F12+43.txt;13;legalreferences;6
F12+43.txt;24;legalreferences;1
F12+43.txt;25;attributes;1
F12+43.txt;27;legalreferences;1
F12+43.txt;28;legalreferences;1
F12+43.txt;43;legalreferences;4
F12+43.txt;44;legalreferences;40
F12+43.txt;50;attributes;1
F12+43.txt;an;functionwords;7
F12+43.txt;as;logicalconnectors;1
F12+43.txt;at;functionwords;28
F12+43.txt;be;functionwords;14
F12+43.txt;by;functionwords;6
F12+43.txt;ii;legalreferences;2
F12+43.txt;in;functionwords;119
F12+43.txt;is;functionwords;3
F12+43.txt;it;functionwords;1
F12+43.txt;no;logicalconnectors;1
F12+43.txt;of;functionwords;124
F12+43.txt;on;functionwords;34
F12+43.txt;or;logicalconnectors;58
F12+43.txt;to;functionwords;78
F12+43.txt;up;functionwords;1
F12+43.txt;1;attributes;35
F12+43.txt;2;attributes;64
F12+43.txt;3;attributes;50
F12+43.txt;4;attributes;9
F12+43.txt;5;attributes;15
F12+43.txt;7;attributes;189
F12+43.txt;9;attributes;5
