C09.txt;infra structure supporting factor;economicoperands;4
C09.txt;under the standardised approach;economicoperands;2
C09.txt;countercyclical capital buffer;economicoperands;18
C09.txt;regulatory technical standards;economicoperands;1
C09.txt;international organisations;economicoperands;3
C09.txt;internal risk management;economicoperands;1
C09.txt;risk- weighted exposure;economicoperands;4
C09.txt;countercyclical buffer;economicoperands;11
C09.txt;geographical breakdown;economicoperands;4
C09.txt;mandate-based approach;economicoperands;3
C09.txt;risk weighted exposure;economicoperands;14
C09.txt;risk-weighted exposure;economicoperands;10
C09.txt;under the irb approach;economicoperands;3
C09.txt;chapter 5 of title ii;legalreferences;2
C09.txt;chapter 6 of title ii;legalreferences;2
C09.txt;geographical location;economicoperands;4
C09.txt;internal rating scale;economicoperands;1
C09.txt;sme supporting factor;economicoperands;6
C09.txt;standardised approach;economicoperands;1
C09.txt;capital requirements;economicoperands;1
C09.txt;country of residence;economicoperands;2
C09.txt;delegated regulation;legalreferences;5
C09.txt;for the purposes of;logicalconnectors;1
C09.txt;in conjunction with;logicalconnectors;1
C09.txt;reporting reference;economicoperands;4
C09.txt;financial entities;economicoperands;1
C09.txt;for the purpose of;logicalconnectors;1
C09.txt;immovable property;economicoperands;8
C09.txt;in accordance with;logicalconnectors;28
C09.txt;as referred to in;logicalconnectors;32
C09.txt;credit assessment;economicoperands;3
C09.txt;value adjustments;economicoperands;3
C09.txt;be excluded from;regulatoryoperators;3
C09.txt;corresponding to;logicalconnectors;3
C09.txt;credit exposures;economicoperands;37
C09.txt;debt instruments;economicoperands;1
C09.txt;financial sector;economicoperands;1
C09.txt;article 110 crr;legalreferences;4
C09.txt;article 111 crr;legalreferences;2
C09.txt;article 112 crr;legalreferences;18
C09.txt;article 166 crr;legalreferences;1
C09.txt;article 178 crr;legalreferences;3
C09.txt;article 248 crr;legalreferences;1
C09.txt;associated with;economicoperands;5
C09.txt;be allocated to;regulatoryoperators;1
C09.txt;be reported for;regulatoryoperators;7
C09.txt;credit exposure;economicoperands;2
C09.txt;be reported as;regulatoryoperators;1
C09.txt;be reported in;regulatoryoperators;2
C09.txt;capital buffer;economicoperands;1
C09.txt;identification;economicoperands;1
C09.txt;infrastructure;economicoperands;2
C09.txt;referred to in;functionwords;2
C09.txt;securitisation;economicoperands;15
C09.txt;with regard to;logicalconnectors;1
C09.txt;adjustment to;mathematicaloperators;10
C09.txt;central banks;economicoperands;6
C09.txt;classified as;regulatoryoperators;8
C09.txt;expected loss;economicoperands;3
C09.txt;jurisdictions;economicoperands;3
C09.txt;obligor grade;economicoperands;3
C09.txt;public sector;economicoperands;3
C09.txt;regardless of;logicalconnectors;1
C09.txt;risk exposure;economicoperands;1
C09.txt;supplementing;mathematicaloperators;1
C09.txt;among others;logicalconnectors;1
C09.txt;banking book;economicoperands;7
C09.txt;breakdown of;mathematicaloperators;2
C09.txt;by virtue of;functionwords;1
C09.txt;developments;economicoperands;1
C09.txt;implementing;regulatoryoperators;1
C09.txt;individually;economicoperands;1
C09.txt;institutions;economicoperands;12
C09.txt;instructions;regulatoryoperators;5
C09.txt;jurisdiction;economicoperands;4
C09.txt;member state;economicoperands;5
C09.txt;multilateral;economicoperands;3
C09.txt;particularly;logicalconnectors;5
C09.txt;requirements;regulatoryoperators;31
C09.txt;standardised;economicoperands;1
C09.txt;trading book;economicoperands;13
C09.txt;undertakings;economicoperands;4
C09.txt;adjustments;mathematicaloperators;23
C09.txt;application;economicoperands;1
C09.txt;article 178;legalreferences;1
C09.txt;assigned to;regulatoryoperators;5
C09.txt;authorities;economicoperands;3
C09.txt;calculating;economicoperands;1
C09.txt;calculation;economicoperands;5
C09.txt;correlation;mathematicaloperators;1
C09.txt;credit risk;economicoperands;29
C09.txt;denominator;mathematicaloperators;1
C09.txt;derivatives;economicoperands;1
C09.txt;development;economicoperands;2
C09.txt;governments;economicoperands;9
C09.txt;in order to;logicalconnectors;1
C09.txt;incremental;mathematicaloperators;1
C09.txt;individuals;economicoperands;1
C09.txt;information;economicoperands;15
C09.txt;institution;economicoperands;19
C09.txt;investments;economicoperands;3
C09.txt;qualitative;economicoperands;3
C09.txt;real estate;economicoperands;3
C09.txt;specialised;economicoperands;9
C09.txt;unregulated;economicoperands;1
C09.txt;additional;mathematicaloperators;4
C09.txt;allocation;economicoperands;1
C09.txt;applicable;logicalconnectors;7
C09.txt;approaches;economicoperands;1
C09.txt;as follows;functionwords;1
C09.txt;as well as;logicalconnectors;5
C09.txt;associated;economicoperands;1
C09.txt;calculated;economicoperands;13
C09.txt;collateral;economicoperands;2
C09.txt;collective;economicoperands;4
C09.txt;commission;economicoperands;5
C09.txt;concerning;logicalconnectors;3
C09.txt;considered;logicalconnectors;1
C09.txt;conversion;economicoperands;7
C09.txt;corporates;economicoperands;10
C09.txt;definition;regulatoryoperators;22
C09.txt;derivative;economicoperands;1
C09.txt;derogation;regulatoryoperators;4
C09.txt;designated;regulatoryoperators;7
C09.txt;determined;regulatoryoperators;6
C09.txt;fair value;economicoperands;1
C09.txt;investment;economicoperands;1
C09.txt;memorandum;legalreferences;2
C09.txt;originally;economicoperands;1
C09.txt;other than;logicalconnectors;1
C09.txt;paragraphs;legalreferences;1
C09.txt;percentage;mathematicaloperators;3
C09.txt;portfolios;economicoperands;1
C09.txt;qualifying;economicoperands;3
C09.txt;recognised;economicoperands;1
C09.txt;reductions;mathematicaloperators;3
C09.txt;regulation;economicoperands;5
C09.txt;regulatory;economicoperands;1
C09.txt;respective;logicalconnectors;3
C09.txt;secured by;economicoperands;11
C09.txt;securities;economicoperands;1
C09.txt;separately;economicoperands;1
C09.txt;set out in;regulatoryoperators;1
C09.txt;short-term;economicoperands;3
C09.txt;subject to;logicalconnectors;2
C09.txt;submission;economicoperands;2
C09.txt;supporting;economicoperands;14
C09.txt;aggregate;mathematicaloperators;3
C09.txt;allocated;economicoperands;1
C09.txt;amount of;mathematicaloperators;3
C09.txt;authority;economicoperands;7
C09.txt;available;economicoperands;1
C09.txt;breakdown;mathematicaloperators;1
C09.txt;chapter 5;legalreferences;1
C09.txt;countries;economicoperands;7
C09.txt;defaulted;economicoperands;21
C09.txt;determine;regulatoryoperators;1
C09.txt;dimension;economicoperands;1
C09.txt;directive;legalreferences;1
C09.txt;estimated;mathematicaloperators;2
C09.txt;excluding;logicalconnectors;1
C09.txt;exposures;economicoperands;90
C09.txt;following;other;1
C09.txt;framework;economicoperands;1
C09.txt;immediate;attributes;1
C09.txt;including;logicalconnectors;1
C09.txt;inclusion;logicalconnectors;1
C09.txt;migration;economicoperands;1
C09.txt;mortgages;economicoperands;3
C09.txt;numerator;mathematicaloperators;1
C09.txt;positions;economicoperands;16
C09.txt;processes;economicoperands;1
C09.txt;receiving;economicoperands;1
C09.txt;refers to;functionwords;1
C09.txt;regarding;logicalconnectors;1
C09.txt;reporting;economicoperands;3
C09.txt;represent;economicoperands;2
C09.txt;residence;economicoperands;4
C09.txt;revolving;economicoperands;3
C09.txt;structure;economicoperands;1
C09.txt;therefore;logicalconnectors;1
C09.txt;threshold;economicoperands;7
C09.txt;allocate;economicoperands;1
C09.txt;approach;economicoperands;12
C09.txt;articles;legalreferences;2
C09.txt;belonged;logicalconnectors;1
C09.txt;chapters;legalreferences;3
C09.txt;cyclical;economicoperands;1
C09.txt;defaults;economicoperands;12
C09.txt;elements;economicoperands;1
C09.txt;eligible;economicoperands;1
C09.txt;entities;economicoperands;5
C09.txt;european;economicoperands;1
C09.txt;exposure;economicoperands;39
C09.txt;indicate;economicoperands;4
C09.txt;internal;economicoperands;3
C09.txt;notional;mathematicaloperators;1
C09.txt;obligors;economicoperands;1
C09.txt;observed;economicoperands;12
C09.txt;of which;logicalconnectors;26
C09.txt;original;economicoperands;10
C09.txt;own fund;economicoperands;4
C09.txt;provided;logicalconnectors;1
C09.txt;question;economicoperands;8
C09.txt;regional;economicoperands;3
C09.txt;relevant;attributes;38
C09.txt;reported;economicoperands;14
C09.txt;required;regulatoryoperators;1
C09.txt;separate;economicoperands;1
C09.txt;slotting;economicoperands;6
C09.txt;specific;functionwords;20
C09.txt;template;legalreferences;26
C09.txt;title ii;legalreferences;1
C09.txt;title iv;legalreferences;6
C09.txt;weighted;mathematicaloperators;6
C09.txt;against;functionwords;2
C09.txt;amounts;mathematicaloperators;1
C09.txt;applied;logicalconnectors;4
C09.txt;article;legalreferences;52
C09.txt;average;mathematicaloperators;5
C09.txt;belongs;logicalconnectors;1
C09.txt;capital;economicoperands;1
C09.txt;central;economicoperands;6
C09.txt;chapter;legalreferences;3
C09.txt;classes;other;3
C09.txt;columns;legalreferences;1
C09.txt;council;economicoperands;1
C09.txt;country;economicoperands;25
C09.txt;covered;economicoperands;3
C09.txt;default;economicoperands;9
C09.txt;effects;economicoperands;1
C09.txt;factors;mathematicaloperators;19
C09.txt;figures;economicoperands;1
C09.txt;foreign;economicoperands;1
C09.txt;general;functionwords;15
C09.txt;include;logicalconnectors;2
C09.txt;lending;economicoperands;9
C09.txt;located;economicoperands;4
C09.txt;obligor;economicoperands;8
C09.txt;provide;economicoperands;1
C09.txt;purpose;economicoperands;1
C09.txt;remarks;economicoperands;1
C09.txt;subject;economicoperands;1
C09.txt;through;functionwords;3
C09.txt;trading;economicoperands;1
C09.txt;weights;economicoperands;5
C09.txt;across;functionwords;1
C09.txt;adjust;mathematicaloperators;2
C09.txt;affect;economicoperands;1
C09.txt;amount;mathematicaloperators;32
C09.txt;as for;logicalconnectors;21
C09.txt;before;logicalconnectors;1
C09.txt;cannot;regulatoryoperators;1
C09.txt;change;economicoperands;1
C09.txt;claims;economicoperands;3
C09.txt;column;legalreferences;14
C09.txt;credit;economicoperands;4
C09.txt;due to;logicalconnectors;12
C09.txt;during;logicalconnectors;4
C09.txt;either;logicalconnectors;2
C09.txt;equity;economicoperands;10
C09.txt;exceed;mathematicaloperators;2
C09.txt;factor;mathematicaloperators;2
C09.txt;market;economicoperands;5
C09.txt;models;economicoperands;2
C09.txt;period;economicoperands;10
C09.txt;points;economicoperands;2
C09.txt;relate;logicalconnectors;2
C09.txt;report;economicoperands;1
C09.txt;retail;economicoperands;21
C09.txt;should;regulatoryoperators;1
C09.txt;sum of;mathematicaloperators;8
C09.txt;weight;economicoperands;2
C09.txt;about;functionwords;1
C09.txt;after;logicalconnectors;6
C09.txt;apply;logicalconnectors;3
C09.txt;banks;economicoperands;3
C09.txt;basis;economicoperands;1
C09.txt;bonds;economicoperands;3
C09.txt;class;other;3
C09.txt;empty;attributes;1
C09.txt;excl.;logicalconnectors;3
C09.txt;funds;economicoperands;30
C09.txt;gross;economicoperands;1
C09.txt;hence;functionwords;1
C09.txt;items;other;3
C09.txt;large;economicoperands;1
C09.txt;local;economicoperands;3
C09.txt;makes;functionwords;2
C09.txt;month;attributes;4
C09.txt;moved;economicoperands;1
C09.txt;other;logicalconnectors;12
C09.txt;point;economicoperands;51
C09.txt;rates;economicoperands;6
C09.txt;ratio;mathematicaloperators;2
C09.txt;refer;functionwords;1
C09.txt;shall;regulatoryoperators;39
C09.txt;share;economicoperands;1
C09.txt;sheet;economicoperands;4
C09.txt;short;economicoperands;3
C09.txt;since;logicalconnectors;4
C09.txt;their;functionwords;4
C09.txt;those;functionwords;9
C09.txt;three;attributes;10
C09.txt;total;mathematicaloperators;23
C09.txt;under;functionwords;10
C09.txt;value;economicoperands;24
C09.txt;where;logicalconnectors;6
C09.txt;which;functionwords;18
C09.txt;would;functionwords;1
C09.txt;write;economicoperands;16
C09.txt;back;economicoperands;3
C09.txt;been;functionwords;6
C09.txt;cell;legalreferences;2
C09.txt;data;economicoperands;4
C09.txt;date;economicoperands;4
C09.txt;does;functionwords;4
C09.txt;each;logicalconnectors;5
C09.txt;fall;economicoperands;3
C09.txt;have;functionwords;7
C09.txt;high;economicoperands;5
C09.txt;home;economicoperands;5
C09.txt;ifrs;legalreferences;2
C09.txt;into;functionwords;1
C09.txt;item;other;3
C09.txt;june;attributes;1
C09.txt;last;attributes;4
C09.txt;left;other;1
C09.txt;line;economicoperands;1
C09.txt;loan;economicoperands;1
C09.txt;long;economicoperands;3
C09.txt;make;functionwords;2
C09.txt;more;mathematicaloperators;1
C09.txt;non-;logicalconnectors;7
C09.txt;only;logicalconnectors;2
C09.txt;part;functionwords;10
C09.txt;pool;economicoperands;3
C09.txt;rate;economicoperands;19
C09.txt;risk;economicoperands;12
C09.txt;rows;economicoperands;12
C09.txt;same;logicalconnectors;21
C09.txt;smes;economicoperands;1
C09.txt;tech;economicoperands;1
C09.txt;that;functionwords;11
C09.txt;this;functionwords;16
C09.txt;were;functionwords;4
C09.txt;when;logicalconnectors;1
C09.txt;will;functionwords;1
C09.txt;with;functionwords;4
C09.txt;104;legalreferences;1
C09.txt;140;legalreferences;20
C09.txt;153;legalreferences;3
C09.txt;154;legalreferences;2
C09.txt;all;logicalconnectors;12
C09.txt;and;logicalconnectors;52
C09.txt;any;logicalconnectors;1
C09.txt;are;functionwords;14
C09.txt;but;logicalconnectors;1
C09.txt;cap;regulatoryoperators;1
C09.txt;crd;legalreferences;18
C09.txt;crm;economicoperands;1
C09.txt;crr;legalreferences;34
C09.txt;for;functionwords;72
C09.txt;irb;economicoperands;11
C09.txt;lgd;economicoperands;6
C09.txt;may;regulatoryoperators;2
C09.txt;net;economicoperands;2
C09.txt;new;economicoperands;12
C09.txt;not;logicalconnectors;19
C09.txt;off;functionwords;2
C09.txt;own;functionwords;30
C09.txt;pre;economicoperands;13
C09.txt;row;economicoperands;15
C09.txt;set;other;8
C09.txt;sme;economicoperands;25
C09.txt;tax;economicoperands;1
C09.txt;the;functionwords;190
C09.txt;use;economicoperands;11
C09.txt;was;functionwords;2
C09.txt;yet;logicalconnectors;2
C09.txt;36;legalreferences;1
C09.txt;62;attributes;1
C09.txt;90;attributes;1
C09.txt;an;functionwords;4
C09.txt;as;logicalconnectors;6
C09.txt;at;functionwords;3
C09.txt;be;functionwords;16
C09.txt;by;functionwords;14
C09.txt;do;functionwords;1
C09.txt;eu;economicoperands;10
C09.txt;if;logicalconnectors;5
C09.txt;in;functionwords;50
C09.txt;is;functionwords;3
C09.txt;it;functionwords;5
C09.txt;no;logicalconnectors;10
C09.txt;of;functionwords;174
C09.txt;on;functionwords;12
C09.txt;or;logicalconnectors;20
C09.txt;pd;economicoperands;4
C09.txt;sa;economicoperands;14
C09.txt;t2;economicoperands;1
C09.txt;to;functionwords;26
C09.txt;1;attributes;8
C09.txt;2;attributes;34
C09.txt;3;attributes;10
C09.txt;4;attributes;18
C09.txt;5;attributes;9
C09.txt;8;attributes;4
C09.txt;9;attributes;2
