F16.txt;interest income and expenses;economicoperands;4
F16.txt;non-trading financial assets;economicoperands;6
F16.txt;non-financial corporations;economicoperands;6
F16.txt;foreign exchange trading;economicoperands;4
F16.txt;national gaap compatible;legalreferences;17
F16.txt;trading financial assets;economicoperands;10
F16.txt;credit risk instruments;economicoperands;3
F16.txt;discontinued operations;economicoperands;1
F16.txt;lower of cost or market;economicoperands;1
F16.txt;accumulated impairment;economicoperands;3
F16.txt;debt securities issued;economicoperands;12
F16.txt;financial corporations;economicoperands;5
F16.txt;information technology;economicoperands;4
F16.txt;accounting portfolios;economicoperands;2
F16.txt;financial instruments;economicoperands;4
F16.txt;accounting portfolio;economicoperands;7
F16.txt;comprehensive income;economicoperands;2
F16.txt;financial instrument;economicoperands;7
F16.txt;for hedging purposes;economicoperands;6
F16.txt;non-financial assets;economicoperands;4
F16.txt;accounting standard;economicoperands;1
F16.txt;hedging instruments;economicoperands;5
F16.txt;under national gaap;legalreferences;4
F16.txt;credit derivatives;economicoperands;2
F16.txt;difference between;mathematicaloperators;1
F16.txt;equity instruments;economicoperands;12
F16.txt;for the purpose of;logicalconnectors;1
F16.txt;gains minus losses;economicoperands;3
F16.txt;hedging instrument;economicoperands;3
F16.txt;in accordance with;logicalconnectors;10
F16.txt;interest rate risk;economicoperands;4
F16.txt;taken into account;regulatoryoperators;1
F16.txt;to the extent that;logicalconnectors;1
F16.txt;are considered as;regulatoryoperators;1
F16.txt;at amortised cost;economicoperands;7
F16.txt;cost-based method;economicoperands;1
F16.txt;credit derivative;economicoperands;1
F16.txt;foreign exchanges;economicoperands;1
F16.txt;in the context of;functionwords;1
F16.txt;intangible assets;economicoperands;2
F16.txt;legal proceedings;economicoperands;1
F16.txt;service providers;economicoperands;1
F16.txt;taking possession;economicoperands;1
F16.txt;trading portfolio;economicoperands;1
F16.txt;be classified in;regulatoryoperators;1
F16.txt;debt instruments;economicoperands;2
F16.txt;financial assets;economicoperands;45
F16.txt;foreign currency;economicoperands;1
F16.txt;foreign exchange;economicoperands;4
F16.txt;hedge accounting;economicoperands;12
F16.txt;held for trading;economicoperands;17
F16.txt;income statement;economicoperands;1
F16.txt;operating income;economicoperands;2
F16.txt;reclassification;regulatoryoperators;8
F16.txt;admininstrative;economicoperands;2
F16.txt;associated with;economicoperands;1
F16.txt;attributable to;functionwords;3
F16.txt;cash flow hedge;economicoperands;1
F16.txt;compatible with;economicoperands;1
F16.txt;credit-impaired;economicoperands;2
F16.txt;debt securities;economicoperands;15
F16.txt;demand deposits;economicoperands;1
F16.txt;economic hedges;economicoperands;6
F16.txt;ineffectiveness;attributes;4
F16.txt;interest income;economicoperands;14
F16.txt;interest-income;economicoperands;3
F16.txt;net investments;economicoperands;3
F16.txt;vertical layout;other;12
F16.txt;administrative;economicoperands;9
F16.txt;amortised cost;economicoperands;2
F16.txt;be reported in;regulatoryoperators;6
F16.txt;broken down by;mathematicaloperators;6
F16.txt;communications;economicoperands;1
F16.txt;economic hedge;economicoperands;1
F16.txt;in relation to;logicalconnectors;1
F16.txt;infrastructure;economicoperands;1
F16.txt;joint ventures;economicoperands;4
F16.txt;precious metal;economicoperands;1
F16.txt;profit or loss;economicoperands;35
F16.txt;re-measurement;mathematicaloperators;1
F16.txt;staff expenses;economicoperands;1
F16.txt;allowance for;economicoperands;1
F16.txt;at fair value;economicoperands;34
F16.txt;cash balances;economicoperands;1
F16.txt;central banks;economicoperands;7
F16.txt;classified as;regulatoryoperators;1
F16.txt;communication;economicoperands;3
F16.txt;contributions;economicoperands;1
F16.txt;derecognition;economicoperands;6
F16.txt;in respect of;logicalconnectors;1
F16.txt;interest rate;economicoperands;11
F16.txt;national gaap;legalreferences;17
F16.txt;regardless of;logicalconnectors;1
F16.txt;to the extent;logicalconnectors;1
F16.txt;breakdown by;mathematicaloperators;1
F16.txt;breakdown of;mathematicaloperators;3
F16.txt;compensation;economicoperands;1
F16.txt;counterparty;economicoperands;3
F16.txt;derecognised;economicoperands;1
F16.txt;gain or loss;economicoperands;1
F16.txt;hedged items;economicoperands;2
F16.txt;institutions;economicoperands;7
F16.txt;net position;economicoperands;1
F16.txt;professional;economicoperands;3
F16.txt;requirements;regulatoryoperators;1
F16.txt;respectively;logicalconnectors;1
F16.txt;standardised;economicoperands;1
F16.txt;subsidiaries;economicoperands;2
F16.txt;surveillance;economicoperands;1
F16.txt;advertising;economicoperands;4
F16.txt;application;economicoperands;1
F16.txt;apportioned;economicoperands;1
F16.txt;broken down;mathematicaloperators;3
F16.txt;commodities;economicoperands;3
F16.txt;consumption;economicoperands;3
F16.txt;credit risk;economicoperands;15
F16.txt;derivatives;economicoperands;36
F16.txt;designation;regulatoryoperators;7
F16.txt;differences;mathematicaloperators;1
F16.txt;electricity;economicoperands;1
F16.txt;exclusively;logicalconnectors;1
F16.txt;governments;economicoperands;6
F16.txt;hedged item;economicoperands;4
F16.txt;institution;economicoperands;3
F16.txt;instruments;economicoperands;5
F16.txt;investments;economicoperands;2
F16.txt;liabilities;economicoperands;62
F16.txt;maintenance;economicoperands;3
F16.txt;mandatorily;regulatoryoperators;7
F16.txt;measurement;mathematicaloperators;1
F16.txt;operational;economicoperands;1
F16.txt;outsourcing;economicoperands;5
F16.txt;real estate;economicoperands;4
F16.txt;recognition;economicoperands;2
F16.txt;referred to;functionwords;1
F16.txt;specialists;economicoperands;1
F16.txt;subsidaries;economicoperands;2
F16.txt;supervisory;economicoperands;1
F16.txt;temporarily;attributes;1
F16.txt;transaction;economicoperands;1
F16.txt;accounting;economicoperands;7
F16.txt;activities;economicoperands;1
F16.txt;appendix a;legalreferences;8
F16.txt;applicable;logicalconnectors;2
F16.txt;as follows;functionwords;1
F16.txt;as well as;logicalconnectors;3
F16.txt;associated;economicoperands;1
F16.txt;associates;economicoperands;4
F16.txt;breakdowns;mathematicaloperators;2
F16.txt;categories;economicoperands;1
F16.txt;collateral;economicoperands;1
F16.txt;components;economicoperands;1
F16.txt;considered;logicalconnectors;1
F16.txt;consulting;economicoperands;3
F16.txt;designated;regulatoryoperators;17
F16.txt;estimation;mathematicaloperators;2
F16.txt;fair value;economicoperands;16
F16.txt;households;economicoperands;4
F16.txt;impairment;economicoperands;14
F16.txt;instrument;economicoperands;19
F16.txt;investment;economicoperands;2
F16.txt;litigation;economicoperands;4
F16.txt;offsetting;economicoperands;1
F16.txt;operations;economicoperands;3
F16.txt;originated;economicoperands;1
F16.txt;other than;logicalconnectors;4
F16.txt;performing;economicoperands;1
F16.txt;portfolios;economicoperands;1
F16.txt;properties;economicoperands;2
F16.txt;provisions;economicoperands;3
F16.txt;receivable;economicoperands;1
F16.txt;references;functionwords;43
F16.txt;represents;economicoperands;1
F16.txt;resolution;economicoperands;1
F16.txt;separately;economicoperands;1
F16.txt;short-term;economicoperands;1
F16.txt;subsequent;logicalconnectors;1
F16.txt;under ifrs;legalreferences;3
F16.txt;underlying;economicoperands;1
F16.txt;unrealised;economicoperands;4
F16.txt;additions;mathematicaloperators;4
F16.txt;amount of;mathematicaloperators;1
F16.txt;balancing;economicoperands;1
F16.txt;breakdown;mathematicaloperators;4
F16.txt;cash flow;economicoperands;2
F16.txt;commodity;economicoperands;1
F16.txt;contracts;economicoperands;1
F16.txt;converted;economicoperands;1
F16.txt;delivered;economicoperands;1
F16.txt;described;other;1
F16.txt;directive;legalreferences;5
F16.txt;documents;economicoperands;1
F16.txt;effective;other;6
F16.txt;envisages;economicoperands;1
F16.txt;equipment;economicoperands;2
F16.txt;excluding;logicalconnectors;2
F16.txt;financial;economicoperands;28
F16.txt;following;other;2
F16.txt;guarantee;economicoperands;1
F16.txt;including;logicalconnectors;11
F16.txt;liability;economicoperands;1
F16.txt;marketing;economicoperands;5
F16.txt;operating;economicoperands;2
F16.txt;paragraph;legalreferences;5
F16.txt;positions;economicoperands;5
F16.txt;processes;economicoperands;1
F16.txt;provision;economicoperands;1
F16.txt;purchased;economicoperands;2
F16.txt;remaining;economicoperands;1
F16.txt;reversals;economicoperands;4
F16.txt;solutions;economicoperands;1
F16.txt;statement;economicoperands;3
F16.txt;strategic;economicoperands;1
F16.txt;transport;economicoperands;2
F16.txt;treatment;economicoperands;1
F16.txt;valuation;economicoperands;1
F16.txt;advances;economicoperands;16
F16.txt;annex v.;legalreferences;248
F16.txt;appendix;economicoperands;2
F16.txt;based on;other;19
F16.txt;borrower;economicoperands;1
F16.txt;business;economicoperands;2
F16.txt;category;economicoperands;3
F16.txt;comprise;logicalconnectors;2
F16.txt;counting;economicoperands;1
F16.txt;creation;economicoperands;1
F16.txt;deposits;economicoperands;13
F16.txt;economic;economicoperands;1
F16.txt;elements;economicoperands;1
F16.txt;exchange;economicoperands;2
F16.txt;expenses;economicoperands;59
F16.txt;exposure;economicoperands;1
F16.txt;external;economicoperands;1
F16.txt;generate;economicoperands;1
F16.txt;goodwill;economicoperands;2
F16.txt;hardware;economicoperands;1
F16.txt;impaired;economicoperands;4
F16.txt;included;logicalconnectors;9
F16.txt;includes;logicalconnectors;1
F16.txt;incurred;economicoperands;1
F16.txt;interest;economicoperands;14
F16.txt;logistic;economicoperands;1
F16.txt;measured;economicoperands;12
F16.txt;negative;mathematicaloperators;6
F16.txt;occasion;economicoperands;3
F16.txt;of which;logicalconnectors;29
F16.txt;outcomes;economicoperands;1
F16.txt;payments;economicoperands;2
F16.txt;property;economicoperands;2
F16.txt;provided;logicalconnectors;1
F16.txt;purchase;economicoperands;3
F16.txt;realised;economicoperands;7
F16.txt;relevant;attributes;1
F16.txt;reported;economicoperands;12
F16.txt;reversal;economicoperands;4
F16.txt;security;economicoperands;1
F16.txt;selected;economicoperands;4
F16.txt;separate;economicoperands;1
F16.txt;services;economicoperands;10
F16.txt;software;economicoperands;1
F16.txt;specific;functionwords;1
F16.txt;stemming;economicoperands;1
F16.txt;template;legalreferences;6
F16.txt;amounts;mathematicaloperators;1
F16.txt;arising;economicoperands;1
F16.txt;because;logicalconnectors;1
F16.txt;between;functionwords;1
F16.txt;changes;economicoperands;9
F16.txt;control;economicoperands;1
F16.txt;correct;economicoperands;1
F16.txt;covered;economicoperands;4
F16.txt;current;attributes;27
F16.txt;deliver;economicoperands;1
F16.txt;deposit;economicoperands;1
F16.txt;expense;economicoperands;4
F16.txt;finance;economicoperands;1
F16.txt;foreign;economicoperands;4
F16.txt;further;logicalconnectors;1
F16.txt;general;functionwords;6
F16.txt;heating;economicoperands;1
F16.txt;improve;economicoperands;1
F16.txt;include;logicalconnectors;14
F16.txt;leasing;economicoperands;4
F16.txt;lending;economicoperands;3
F16.txt;methods;economicoperands;1
F16.txt;part of;logicalconnectors;2
F16.txt;payroll;economicoperands;1
F16.txt;postage;economicoperands;1
F16.txt;prolong;economicoperands;1
F16.txt;qualify;economicoperands;1
F16.txt;reflect;economicoperands;2
F16.txt;related;logicalconnectors;28
F16.txt;repairs;economicoperands;1
F16.txt;results;economicoperands;2
F16.txt;schemes;economicoperands;1
F16.txt;such as;logicalconnectors;5
F16.txt;systems;economicoperands;1
F16.txt;that is;logicalconnectors;3
F16.txt;through;functionwords;31
F16.txt;trading;economicoperands;20
F16.txt;utility;economicoperands;1
F16.txt;various;functionwords;1
F16.txt;advice;economicoperands;1
F16.txt;agency;economicoperands;1
F16.txt;amount;mathematicaloperators;4
F16.txt;assets;economicoperands;14
F16.txt;cannot;regulatoryoperators;1
F16.txt;change;economicoperands;1
F16.txt;credit;economicoperands;14
F16.txt;direct;economicoperands;1
F16.txt;due to;logicalconnectors;13
F16.txt;duties;economicoperands;7
F16.txt;equity;economicoperands;3
F16.txt;events;economicoperands;2
F16.txt;except;logicalconnectors;2
F16.txt;expert;economicoperands;1
F16.txt;hedged;economicoperands;4
F16.txt;hedges;economicoperands;7
F16.txt;ifrs 9;legalreferences;8
F16.txt;income;economicoperands;9
F16.txt;intent;economicoperands;1
F16.txt;issued;economicoperands;1
F16.txt;issuer;economicoperands;1
F16.txt;latter;functionwords;1
F16.txt;leases;economicoperands;6
F16.txt;lessee;economicoperands;3
F16.txt;lessor;economicoperands;1
F16.txt;levied;economicoperands;1
F16.txt;levies;economicoperands;1
F16.txt;losses;economicoperands;74
F16.txt;manage;economicoperands;3
F16.txt;market;economicoperands;1
F16.txt;merely;logicalconnectors;1
F16.txt;online;economicoperands;1
F16.txt;option;economicoperands;3
F16.txt;period;economicoperands;30
F16.txt;profit;economicoperands;2
F16.txt;purely;attributes;1
F16.txt;quotas;mathematicaloperators;1
F16.txt;report;economicoperands;1
F16.txt;sector;economicoperands;3
F16.txt;shares;economicoperands;1
F16.txt;useful;economicoperands;1
F16.txt;within;logicalconnectors;4
F16.txt;after;logicalconnectors;3
F16.txt;among;logicalconnectors;1
F16.txt;annex;legalreferences;19
F16.txt;apply;logicalconnectors;2
F16.txt;clean;economicoperands;2
F16.txt;coins;economicoperands;1
F16.txt;costs;economicoperands;1
F16.txt;funds;economicoperands;1
F16.txt;gains;economicoperands;74
F16.txt;goods;economicoperands;1
F16.txt;group;economicoperands;1
F16.txt;hedge;economicoperands;4
F16.txt;hires;economicoperands;1
F16.txt;house;economicoperands;3
F16.txt;items;other;7
F16.txt;keeps;economicoperands;1
F16.txt;lease;economicoperands;3
F16.txt;loans;economicoperands;16
F16.txt;means;other;1
F16.txt;money;economicoperands;1
F16.txt;notes;economicoperands;2
F16.txt;other;logicalconnectors;56
F16.txt;plant;economicoperands;2
F16.txt;point;economicoperands;1
F16.txt;price;economicoperands;2
F16.txt;rules;economicoperands;1
F16.txt;shall;regulatoryoperators;61
F16.txt;short;economicoperands;4
F16.txt;since;logicalconnectors;1
F16.txt;staff;economicoperands;3
F16.txt;taxes;economicoperands;9
F16.txt;those;functionwords;5
F16.txt;total;mathematicaloperators;2
F16.txt;ucits;legalreferences;1
F16.txt;under;functionwords;4
F16.txt;value;economicoperands;1
F16.txt;water;economicoperands;1
F16.txt;where;logicalconnectors;10
F16.txt;which;functionwords;4
F16.txt;also;logicalconnectors;3
F16.txt;bank;economicoperands;1
F16.txt;both;logicalconnectors;2
F16.txt;case;economicoperands;1
F16.txt;cash;economicoperands;2
F16.txt;each;logicalconnectors;4
F16.txt;fees;economicoperands;2
F16.txt;from;functionwords;24
F16.txt;full;economicoperands;1
F16.txt;gold;economicoperands;3
F16.txt;held;economicoperands;3
F16.txt;ifrs;legalreferences;74
F16.txt;into;functionwords;3
F16.txt;item;other;8
F16.txt;just;functionwords;1
F16.txt;life;economicoperands;1
F16.txt;link;economicoperands;1
F16.txt;loss;economicoperands;2
F16.txt;made;functionwords;2
F16.txt;main;economicoperands;2
F16.txt;mean;other;5
F16.txt;non-;logicalconnectors;4
F16.txt;only;logicalconnectors;2
F16.txt;paid;economicoperands;1
F16.txt;part;functionwords;273
F16.txt;pure;attributes;1
F16.txt;rest;logicalconnectors;4
F16.txt;risk;economicoperands;10
F16.txt;spot;economicoperands;1
F16.txt;such;functionwords;1
F16.txt;that;functionwords;9
F16.txt;they;functionwords;1
F16.txt;this;functionwords;10
F16.txt;time;economicoperands;1
F16.txt;type;economicoperands;7
F16.txt;upon;other;4
F16.txt;used;economicoperands;6
F16.txt;view;economicoperands;1
F16.txt;were;functionwords;1
F16.txt;with;functionwords;18
F16.txt;201;legalreferences;1
F16.txt;202;legalreferences;1
F16.txt;203;legalreferences;1
F16.txt;204;legalreferences;3
F16.txt;205;legalreferences;1
F16.txt;206;legalreferences;1
F16.txt;208;legalreferences;1
F16.txt;215;legalreferences;1
F16.txt;all;logicalconnectors;6
F16.txt;and;logicalconnectors;179
F16.txt;are;functionwords;6
F16.txt;bad;economicoperands;32
F16.txt;but;logicalconnectors;2
F16.txt;crr;legalreferences;2
F16.txt;ecb;economicoperands;17
F16.txt;for;functionwords;18
F16.txt;get;functionwords;1
F16.txt;low;economicoperands;1
F16.txt;net;economicoperands;29
F16.txt;not;logicalconnectors;22
F16.txt;out;functionwords;2
F16.txt;own;functionwords;2
F16.txt;row;economicoperands;1
F16.txt;the;functionwords;111
F16.txt;use;economicoperands;5
F16.txt;10;attributes;2
F16.txt;13;legalreferences;1
F16.txt;14;legalreferences;1
F16.txt;15;attributes;1
F16.txt;16;legalreferences;3
F16.txt;27;legalreferences;12
F16.txt;32;legalreferences;1
F16.txt;36;legalreferences;2
F16.txt;41;legalreferences;13
F16.txt;43;legalreferences;2
F16.txt;44;legalreferences;6
F16.txt;45;attributes;1
F16.txt;49;legalreferences;2
F16.txt;an;functionwords;2
F16.txt;as;logicalconnectors;8
F16.txt;at;functionwords;5
F16.txt;be;functionwords;29
F16.txt;by;functionwords;24
F16.txt;do;functionwords;1
F16.txt;ii;legalreferences;8
F16.txt;in;functionwords;32
F16.txt;is;functionwords;5
F16.txt;it;functionwords;13
F16.txt;iv;legalreferences;4
F16.txt;of;functionwords;99
F16.txt;on;functionwords;76
F16.txt;or;logicalconnectors;70
F16.txt;to;functionwords;23
F16.txt;vi;legalreferences;10
F16.txt;1;attributes;13
F16.txt;2;attributes;59
F16.txt;3;attributes;2
F16.txt;5;attributes;4
F16.txt;6;attributes;14
F16.txt;7;attributes;22
F16.txt;8;attributes;9
F16.txt;9;attributes;4
