C18.txt;under the standardised approach;economicoperands;1
C18.txt;standardised approach;economicoperands;2
C18.txt;capital requirements;economicoperands;2
C18.txt;delta plus approach;economicoperands;3
C18.txt;taking into account;regulatoryoperators;1
C18.txt;credit derivatives;economicoperands;3
C18.txt;in accordance with;logicalconnectors;9
C18.txt;interest rate risk;economicoperands;2
C18.txt;reference entities;economicoperands;1
C18.txt;credit derivative;economicoperands;1
C18.txt;trading portfolio;economicoperands;2
C18.txt;debt instruments;economicoperands;11
C18.txt;sub-underwritten;economicoperands;1
C18.txt;where applicable;logicalconnectors;1
C18.txt;associated with;economicoperands;1
C18.txt;debt securities;economicoperands;4
C18.txt;exposure amount;economicoperands;5
C18.txt;non-delta risks;economicoperands;3
C18.txt;securitisations;economicoperands;1
C18.txt;be reported in;regulatoryoperators;1
C18.txt;broken down by;mathematicaloperators;1
C18.txt;capital charge;economicoperands;7
C18.txt;multiplication;mathematicaloperators;1
C18.txt;referred to in;functionwords;3
C18.txt;securitisation;economicoperands;4
C18.txt;applicable to;logicalconnectors;1
C18.txt;correspondent;economicoperands;1
C18.txt;corresponding;logicalconnectors;3
C18.txt;interest rate;economicoperands;1
C18.txt;last sentence;legalreferences;1
C18.txt;percentage of;mathematicaloperators;1
C18.txt;risk category;economicoperands;1
C18.txt;third parties;economicoperands;1
C18.txt;banking book;economicoperands;1
C18.txt;instructions;regulatoryoperators;1
C18.txt;requirements;regulatoryoperators;17
C18.txt;respectively;logicalconnectors;1
C18.txt;subparagraph;other;3
C18.txt;trading book;economicoperands;5
C18.txt;underwriting;economicoperands;1
C18.txt;assigned to;regulatoryoperators;1
C18.txt;calculation;economicoperands;3
C18.txt;correlation;mathematicaloperators;2
C18.txt;derivatives;economicoperands;4
C18.txt;distinction;logicalconnectors;2
C18.txt;instruments;economicoperands;5
C18.txt;liabilities;economicoperands;2
C18.txt;requirement;regulatoryoperators;7
C18.txt;risk weight;economicoperands;1
C18.txt;transferred;economicoperands;1
C18.txt;additional;mathematicaloperators;5
C18.txt;approaches;economicoperands;1
C18.txt;calculated;economicoperands;3
C18.txt;concerning;logicalconnectors;1
C18.txt;considered;logicalconnectors;2
C18.txt;continuous;economicoperands;1
C18.txt;currencies;economicoperands;2
C18.txt;externally;economicoperands;2
C18.txt;other than;logicalconnectors;1
C18.txt;paragraphs;legalreferences;3
C18.txt;separately;economicoperands;2
C18.txt;simplified;economicoperands;1
C18.txt;subject to;logicalconnectors;9
C18.txt;subscribed;economicoperands;1
C18.txt;12 months;attributes;1
C18.txt;24 months;attributes;2
C18.txt;available;economicoperands;1
C18.txt;depending;logicalconnectors;1
C18.txt;different;mathematicaloperators;2
C18.txt;excluding;logicalconnectors;1
C18.txt;exposures;economicoperands;1
C18.txt;following;other;1
C18.txt;less than;mathematicaloperators;11
C18.txt;positions;economicoperands;36
C18.txt;regarding;logicalconnectors;2
C18.txt;reporting;economicoperands;1
C18.txt;templates;legalreferences;1
C18.txt;treatment;economicoperands;1
C18.txt;6 months;attributes;3
C18.txt;approach;economicoperands;8
C18.txt;articles;legalreferences;4
C18.txt;captures;economicoperands;1
C18.txt;category;economicoperands;5
C18.txt;currency;economicoperands;1
C18.txt;duration;economicoperands;3
C18.txt;included;logicalconnectors;3
C18.txt;maturity;economicoperands;6
C18.txt;position;economicoperands;7
C18.txt;relevant;attributes;1
C18.txt;reported;economicoperands;10
C18.txt;residual;economicoperands;5
C18.txt;scenario;economicoperands;1
C18.txt;sentence;other;1
C18.txt;specific;functionwords;6
C18.txt;template;legalreferences;6
C18.txt;title iv;legalreferences;3
C18.txt;warrants;economicoperands;1
C18.txt;amounts;mathematicaloperators;2
C18.txt;applied;logicalconnectors;1
C18.txt;article;legalreferences;24
C18.txt;between;functionwords;2
C18.txt;chapter;legalreferences;3
C18.txt;covered;economicoperands;1
C18.txt;default;economicoperands;3
C18.txt;defined;regulatoryoperators;1
C18.txt;general;functionwords;5
C18.txt;methods;economicoperands;1
C18.txt;options;economicoperands;4
C18.txt;qualify;economicoperands;1
C18.txt;receive;economicoperands;1
C18.txt;related;logicalconnectors;2
C18.txt;remarks;economicoperands;1
C18.txt;special;economicoperands;1
C18.txt;summing;mathematicaloperators;1
C18.txt;through;functionwords;1
C18.txt;weights;economicoperands;1
C18.txt;assets;economicoperands;2
C18.txt;column;legalreferences;2
C18.txt;filled;economicoperands;1
C18.txt;fourth;attributes;1
C18.txt;hedged;economicoperands;1
C18.txt;linked;economicoperands;1
C18.txt;market;economicoperands;2
C18.txt;matrix;mathematicaloperators;1
C18.txt;method;economicoperands;2
C18.txt;months;attributes;1
C18.txt;netted;economicoperands;1
C18.txt;result;economicoperands;1
C18.txt;second;attributes;4
C18.txt;sum of;mathematicaloperators;2
C18.txt;traded;economicoperands;9
C18.txt;aware;economicoperands;1
C18.txt;based;other;6
C18.txt;bonds;economicoperands;2
C18.txt;cupon;economicoperands;11
C18.txt;final;economicoperands;1
C18.txt;first;attributes;2
C18.txt;funds;economicoperands;23
C18.txt;gamma;economicoperands;1
C18.txt;gross;economicoperands;2
C18.txt;level;economicoperands;2
C18.txt;month;attributes;1
C18.txt;other;logicalconnectors;3
C18.txt;point;economicoperands;5
C18.txt;rated;economicoperands;3
C18.txt;risks;economicoperands;4
C18.txt;shall;regulatoryoperators;12
C18.txt;short;economicoperands;12
C18.txt;split;mathematicaloperators;3
C18.txt;table;other;5
C18.txt;their;functionwords;3
C18.txt;there;functionwords;1
C18.txt;these;functionwords;2
C18.txt;third;attributes;2
C18.txt;those;functionwords;6
C18.txt;three;attributes;3
C18.txt;total;mathematicaloperators;13
C18.txt;under;functionwords;5
C18.txt;where;logicalconnectors;1
C18.txt;which;functionwords;3
C18.txt;years;economicoperands;11
C18.txt;also;logicalconnectors;2
C18.txt;cell;legalreferences;2
C18.txt;half;mathematicaloperators;1
C18.txt;have;functionwords;1
C18.txt;line;economicoperands;1
C18.txt;list;functionwords;1
C18.txt;long;economicoperands;12
C18.txt;non-;logicalconnectors;3
C18.txt;only;logicalconnectors;3
C18.txt;part;functionwords;3
C18.txt;plus;functionwords;1
C18.txt;risk;economicoperands;19
C18.txt;rows;economicoperands;6
C18.txt;term;other;4
C18.txt;that;functionwords;1
C18.txt;this;functionwords;1
C18.txt;used;economicoperands;2
C18.txt;vega;economicoperands;1
C18.txt;with;functionwords;3
C18.txt;zone;economicoperands;6
C18.txt;102;legalreferences;1
C18.txt;105;legalreferences;1
C18.txt;129;legalreferences;1
C18.txt;321;legalreferences;2
C18.txt;325;legalreferences;1
C18.txt;all;logicalconnectors;7
C18.txt;and;logicalconnectors;31
C18.txt;any;logicalconnectors;1
C18.txt;are;functionwords;4
C18.txt;but;logicalconnectors;1
C18.txt;crr;legalreferences;27
C18.txt;for;functionwords;32
C18.txt;has;functionwords;2
C18.txt;net;economicoperands;6
C18.txt;not;logicalconnectors;2
C18.txt;one;attributes;1
C18.txt;out;functionwords;1
C18.txt;own;functionwords;23
C18.txt;pre;economicoperands;1
C18.txt;sec;economicoperands;2
C18.txt;see;other;2
C18.txt;the;functionwords;52
C18.txt;10;attributes;5
C18.txt;12;attributes;3
C18.txt;15;attributes;2
C18.txt;20;attributes;4
C18.txt;be;functionwords;15
C18.txt;by;functionwords;9
C18.txt;in;functionwords;25
C18.txt;is;functionwords;2
C18.txt;of;functionwords;49
C18.txt;on;functionwords;4
C18.txt;or;logicalconnectors;1
C18.txt;sa;economicoperands;9
C18.txt;to;functionwords;15
C18.txt;up;functionwords;1
C18.txt;1;attributes;23
C18.txt;2;attributes;15
C18.txt;3;attributes;33
C18.txt;4;attributes;5
C18.txt;5;attributes;5
C18.txt;6;attributes;6
C18.txt;7;attributes;7
C18.txt;8;attributes;3
C18.txt;9;attributes;5
