F16+45.txt;interest income and expenses;economicoperands;4
F16+45.txt;non-trading financial assets;economicoperands;6
F16+45.txt;non-financial corporations;economicoperands;6
F16+45.txt;foreign exchange trading;economicoperands;4
F16+45.txt;national gaap compatible;legalreferences;21
F16+45.txt;trading financial assets;economicoperands;10
F16+45.txt;credit risk instruments;economicoperands;3
F16+45.txt;discontinued operations;economicoperands;1
F16+45.txt;lower of cost or market;economicoperands;1
F16+45.txt;accumulated impairment;economicoperands;3
F16+45.txt;debt securities issued;economicoperands;12
F16+45.txt;financial corporations;economicoperands;5
F16+45.txt;information technology;economicoperands;4
F16+45.txt;accounting portfolios;economicoperands;2
F16+45.txt;financial instruments;economicoperands;4
F16+45.txt;reporting institution;economicoperands;1
F16+45.txt;accounting portfolio;economicoperands;10
F16+45.txt;comprehensive income;economicoperands;3
F16+45.txt;financial instrument;economicoperands;7
F16+45.txt;for hedging purposes;economicoperands;6
F16+45.txt;non-financial assets;economicoperands;10
F16+45.txt;accounting standard;economicoperands;1
F16+45.txt;hedging instruments;economicoperands;5
F16+45.txt;under national gaap;legalreferences;4
F16+45.txt;credit derivatives;economicoperands;2
F16+45.txt;difference between;mathematicaloperators;1
F16+45.txt;equity instruments;economicoperands;12
F16+45.txt;for the purpose of;logicalconnectors;1
F16+45.txt;gains minus losses;economicoperands;3
F16+45.txt;hedging instrument;economicoperands;3
F16+45.txt;in accordance with;logicalconnectors;10
F16+45.txt;interest rate risk;economicoperands;4
F16+45.txt;taken into account;regulatoryoperators;1
F16+45.txt;to the extent that;logicalconnectors;1
F16+45.txt;are considered as;regulatoryoperators;1
F16+45.txt;at amortised cost;economicoperands;7
F16+45.txt;cost-based method;economicoperands;1
F16+45.txt;credit derivative;economicoperands;1
F16+45.txt;foreign exchanges;economicoperands;1
F16+45.txt;in the context of;functionwords;1
F16+45.txt;intangible assets;economicoperands;5
F16+45.txt;legal proceedings;economicoperands;1
F16+45.txt;service providers;economicoperands;1
F16+45.txt;taking possession;economicoperands;1
F16+45.txt;trading portfolio;economicoperands;1
F16+45.txt;value adjustments;economicoperands;1
F16+45.txt;be classified in;regulatoryoperators;1
F16+45.txt;debt instruments;economicoperands;2
F16+45.txt;financial assets;economicoperands;52
F16+45.txt;foreign currency;economicoperands;1
F16+45.txt;foreign exchange;economicoperands;4
F16+45.txt;hedge accounting;economicoperands;12
F16+45.txt;held for trading;economicoperands;17
F16+45.txt;income statement;economicoperands;1
F16+45.txt;operating income;economicoperands;10
F16+45.txt;reclassification;regulatoryoperators;8
F16+45.txt;admininstrative;economicoperands;2
F16+45.txt;associated with;economicoperands;1
F16+45.txt;attributable to;functionwords;3
F16+45.txt;cash flow hedge;economicoperands;1
F16+45.txt;compatible with;economicoperands;1
F16+45.txt;credit-impaired;economicoperands;2
F16+45.txt;debt securities;economicoperands;15
F16+45.txt;demand deposits;economicoperands;1
F16+45.txt;economic hedges;economicoperands;6
F16+45.txt;ineffectiveness;attributes;4
F16+45.txt;interest income;economicoperands;14
F16+45.txt;interest-income;economicoperands;3
F16+45.txt;net investments;economicoperands;3
F16+45.txt;re-measurements;mathematicaloperators;1
F16+45.txt;tangible assets;economicoperands;4
F16+45.txt;vertical layout;other;13
F16+45.txt;administrative;economicoperands;10
F16+45.txt;amortised cost;economicoperands;2
F16+45.txt;be reported in;regulatoryoperators;6
F16+45.txt;broken down by;mathematicaloperators;7
F16+45.txt;communications;economicoperands;1
F16+45.txt;economic hedge;economicoperands;1
F16+45.txt;in relation to;logicalconnectors;1
F16+45.txt;infrastructure;economicoperands;1
F16+45.txt;joint ventures;economicoperands;4
F16+45.txt;precious metal;economicoperands;1
F16+45.txt;profit or loss;economicoperands;50
F16+45.txt;re-measurement;mathematicaloperators;1
F16+45.txt;staff expenses;economicoperands;1
F16+45.txt;allowance for;economicoperands;1
F16+45.txt;at fair value;economicoperands;46
F16+45.txt;cash balances;economicoperands;1
F16+45.txt;central banks;economicoperands;7
F16+45.txt;classified as;regulatoryoperators;2
F16+45.txt;communication;economicoperands;3
F16+45.txt;contributions;economicoperands;1
F16+45.txt;derecognition;economicoperands;12
F16+45.txt;in respect of;logicalconnectors;1
F16+45.txt;interest rate;economicoperands;11
F16+45.txt;national gaap;legalreferences;21
F16+45.txt;regardless of;logicalconnectors;1
F16+45.txt;to the extent;logicalconnectors;1
F16+45.txt;according to;regulatoryoperators;1
F16+45.txt;breakdown by;mathematicaloperators;1
F16+45.txt;breakdown of;mathematicaloperators;6
F16+45.txt;compensation;economicoperands;1
F16+45.txt;counterparty;economicoperands;3
F16+45.txt;derecognised;economicoperands;2
F16+45.txt;gain or loss;economicoperands;1
F16+45.txt;hedged items;economicoperands;2
F16+45.txt;institutions;economicoperands;7
F16+45.txt;net position;economicoperands;1
F16+45.txt;professional;economicoperands;3
F16+45.txt;requirements;regulatoryoperators;1
F16+45.txt;respectively;logicalconnectors;1
F16+45.txt;standardised;economicoperands;1
F16+45.txt;subsidiaries;economicoperands;2
F16+45.txt;surveillance;economicoperands;1
F16+45.txt;advertising;economicoperands;4
F16+45.txt;application;economicoperands;1
F16+45.txt;apportioned;economicoperands;1
F16+45.txt;broken down;mathematicaloperators;4
F16+45.txt;commodities;economicoperands;4
F16+45.txt;consumption;economicoperands;3
F16+45.txt;credit risk;economicoperands;18
F16+45.txt;derivatives;economicoperands;36
F16+45.txt;designation;regulatoryoperators;7
F16+45.txt;differences;mathematicaloperators;1
F16+45.txt;electricity;economicoperands;1
F16+45.txt;exclusively;logicalconnectors;1
F16+45.txt;governments;economicoperands;6
F16+45.txt;hedged item;economicoperands;4
F16+45.txt;institution;economicoperands;5
F16+45.txt;instruments;economicoperands;5
F16+45.txt;investments;economicoperands;3
F16+45.txt;liabilities;economicoperands;71
F16+45.txt;maintenance;economicoperands;3
F16+45.txt;mandatorily;regulatoryoperators;7
F16+45.txt;measurement;mathematicaloperators;1
F16+45.txt;operational;economicoperands;1
F16+45.txt;outsourcing;economicoperands;5
F16+45.txt;real estate;economicoperands;4
F16+45.txt;recognition;economicoperands;3
F16+45.txt;referred to;functionwords;1
F16+45.txt;specialists;economicoperands;1
F16+45.txt;subsidaries;economicoperands;2
F16+45.txt;supervisory;economicoperands;1
F16+45.txt;temporarily;attributes;1
F16+45.txt;transaction;economicoperands;1
F16+45.txt;accounting;economicoperands;8
F16+45.txt;activities;economicoperands;2
F16+45.txt;appendix a;legalreferences;8
F16+45.txt;applicable;logicalconnectors;2
F16+45.txt;as follows;functionwords;1
F16+45.txt;as well as;logicalconnectors;3
F16+45.txt;associated;economicoperands;1
F16+45.txt;associates;economicoperands;4
F16+45.txt;breakdowns;mathematicaloperators;2
F16+45.txt;categories;economicoperands;1
F16+45.txt;collateral;economicoperands;1
F16+45.txt;components;economicoperands;1
F16+45.txt;considered;logicalconnectors;1
F16+45.txt;consulting;economicoperands;3
F16+45.txt;designated;regulatoryoperators;28
F16+45.txt;estimation;mathematicaloperators;2
F16+45.txt;fair value;economicoperands;23
F16+45.txt;households;economicoperands;4
F16+45.txt;impairment;economicoperands;14
F16+45.txt;instrument;economicoperands;19
F16+45.txt;investment;economicoperands;12
F16+45.txt;litigation;economicoperands;4
F16+45.txt;offsetting;economicoperands;1
F16+45.txt;operations;economicoperands;3
F16+45.txt;originated;economicoperands;1
F16+45.txt;other than;logicalconnectors;9
F16+45.txt;performing;economicoperands;1
F16+45.txt;portfolios;economicoperands;1
F16+45.txt;properties;economicoperands;2
F16+45.txt;provisions;economicoperands;3
F16+45.txt;receivable;economicoperands;1
F16+45.txt;references;functionwords;54
F16+45.txt;represents;economicoperands;1
F16+45.txt;resolution;economicoperands;1
F16+45.txt;separately;economicoperands;1
F16+45.txt;short-term;economicoperands;1
F16+45.txt;subsequent;logicalconnectors;1
F16+45.txt;under ifrs;legalreferences;3
F16+45.txt;underlying;economicoperands;1
F16+45.txt;unrealised;economicoperands;4
F16+45.txt;additions;mathematicaloperators;4
F16+45.txt;amount of;mathematicaloperators;1
F16+45.txt;balancing;economicoperands;1
F16+45.txt;breakdown;mathematicaloperators;4
F16+45.txt;cash flow;economicoperands;2
F16+45.txt;cognition;economicoperands;1
F16+45.txt;commodity;economicoperands;1
F16+45.txt;contracts;economicoperands;1
F16+45.txt;converted;economicoperands;1
F16+45.txt;delivered;economicoperands;1
F16+45.txt;described;other;1
F16+45.txt;directive;legalreferences;5
F16+45.txt;documents;economicoperands;1
F16+45.txt;effective;other;6
F16+45.txt;elsewhere;logicalconnectors;1
F16+45.txt;envisages;economicoperands;1
F16+45.txt;equipment;economicoperands;4
F16+45.txt;excluding;logicalconnectors;2
F16+45.txt;financial;economicoperands;31
F16+45.txt;following;other;3
F16+45.txt;guarantee;economicoperands;1
F16+45.txt;including;logicalconnectors;11
F16+45.txt;liability;economicoperands;1
F16+45.txt;marketing;economicoperands;5
F16+45.txt;operating;economicoperands;9
F16+45.txt;paragraph;legalreferences;5
F16+45.txt;positions;economicoperands;5
F16+45.txt;processes;economicoperands;1
F16+45.txt;provision;economicoperands;1
F16+45.txt;purchased;economicoperands;2
F16+45.txt;recognise;economicoperands;1
F16+45.txt;remaining;economicoperands;1
F16+45.txt;reversals;economicoperands;4
F16+45.txt;solutions;economicoperands;1
F16+45.txt;statement;economicoperands;6
F16+45.txt;strategic;economicoperands;1
F16+45.txt;transport;economicoperands;2
F16+45.txt;treatment;economicoperands;1
F16+45.txt;valuation;economicoperands;1
F16+45.txt;advances;economicoperands;16
F16+45.txt;annex v.;legalreferences;268
F16+45.txt;appendix;economicoperands;2
F16+45.txt;based on;other;23
F16+45.txt;borrower;economicoperands;1
F16+45.txt;business;economicoperands;2
F16+45.txt;category;economicoperands;3
F16+45.txt;comprise;logicalconnectors;2
F16+45.txt;counting;economicoperands;1
F16+45.txt;creation;economicoperands;1
F16+45.txt;deposits;economicoperands;13
F16+45.txt;economic;economicoperands;1
F16+45.txt;elements;economicoperands;1
F16+45.txt;exchange;economicoperands;2
F16+45.txt;expenses;economicoperands;73
F16+45.txt;exposure;economicoperands;1
F16+45.txt;external;economicoperands;1
F16+45.txt;generate;economicoperands;1
F16+45.txt;goodwill;economicoperands;2
F16+45.txt;hardware;economicoperands;1
F16+45.txt;holdings;economicoperands;1
F16+45.txt;impaired;economicoperands;4
F16+45.txt;included;logicalconnectors;11
F16+45.txt;includes;logicalconnectors;1
F16+45.txt;incurred;economicoperands;2
F16+45.txt;interest;economicoperands;14
F16+45.txt;logistic;economicoperands;1
F16+45.txt;measured;economicoperands;16
F16+45.txt;mismatch;economicoperands;1
F16+45.txt;negative;mathematicaloperators;6
F16+45.txt;obtained;economicoperands;1
F16+45.txt;occasion;economicoperands;3
F16+45.txt;of which;logicalconnectors;29
F16+45.txt;outcomes;economicoperands;1
F16+45.txt;payments;economicoperands;2
F16+45.txt;precious;economicoperands;1
F16+45.txt;property;economicoperands;14
F16+45.txt;provided;logicalconnectors;1
F16+45.txt;purchase;economicoperands;3
F16+45.txt;realised;economicoperands;7
F16+45.txt;relevant;attributes;1
F16+45.txt;reported;economicoperands;14
F16+45.txt;reversal;economicoperands;4
F16+45.txt;security;economicoperands;1
F16+45.txt;selected;economicoperands;7
F16+45.txt;separate;economicoperands;1
F16+45.txt;services;economicoperands;10
F16+45.txt;software;economicoperands;1
F16+45.txt;specific;functionwords;1
F16+45.txt;stemming;economicoperands;1
F16+45.txt;template;legalreferences;6
F16+45.txt;amounts;mathematicaloperators;1
F16+45.txt;arising;economicoperands;1
F16+45.txt;because;logicalconnectors;2
F16+45.txt;between;functionwords;1
F16+45.txt;changes;economicoperands;13
F16+45.txt;control;economicoperands;1
F16+45.txt;correct;economicoperands;1
F16+45.txt;covered;economicoperands;4
F16+45.txt;current;attributes;32
F16+45.txt;deliver;economicoperands;1
F16+45.txt;deposit;economicoperands;1
F16+45.txt;enlarge;economicoperands;1
F16+45.txt;expense;economicoperands;4
F16+45.txt;finance;economicoperands;1
F16+45.txt;foreign;economicoperands;4
F16+45.txt;further;logicalconnectors;1
F16+45.txt;general;functionwords;6
F16+45.txt;heating;economicoperands;1
F16+45.txt;improve;economicoperands;1
F16+45.txt;include;logicalconnectors;18
F16+45.txt;issuers;economicoperands;1
F16+45.txt;leasing;economicoperands;5
F16+45.txt;lending;economicoperands;3
F16+45.txt;methods;economicoperands;1
F16+45.txt;part of;logicalconnectors;2
F16+45.txt;payroll;economicoperands;1
F16+45.txt;postage;economicoperands;1
F16+45.txt;prolong;economicoperands;1
F16+45.txt;qualify;economicoperands;1
F16+45.txt;reflect;economicoperands;2
F16+45.txt;related;logicalconnectors;28
F16+45.txt;repairs;economicoperands;1
F16+45.txt;results;economicoperands;2
F16+45.txt;returns;economicoperands;1
F16+45.txt;schemes;economicoperands;1
F16+45.txt;such as;logicalconnectors;5
F16+45.txt;systems;economicoperands;1
F16+45.txt;that is;logicalconnectors;3
F16+45.txt;through;functionwords;42
F16+45.txt;trading;economicoperands;20
F16+45.txt;utility;economicoperands;1
F16+45.txt;various;functionwords;1
F16+45.txt;advice;economicoperands;1
F16+45.txt;agency;economicoperands;1
F16+45.txt;amount;mathematicaloperators;4
F16+45.txt;assets;economicoperands;18
F16+45.txt;cannot;regulatoryoperators;1
F16+45.txt;change;economicoperands;2
F16+45.txt;chosen;economicoperands;1
F16+45.txt;column;legalreferences;2
F16+45.txt;create;economicoperands;1
F16+45.txt;credit;economicoperands;14
F16+45.txt;direct;economicoperands;2
F16+45.txt;due to;logicalconnectors;16
F16+45.txt;duties;economicoperands;7
F16+45.txt;equity;economicoperands;3
F16+45.txt;events;economicoperands;2
F16+45.txt;except;logicalconnectors;2
F16+45.txt;expert;economicoperands;1
F16+45.txt;hedged;economicoperands;4
F16+45.txt;hedges;economicoperands;7
F16+45.txt;ifrs 9;legalreferences;8
F16+45.txt;income;economicoperands;14
F16+45.txt;intent;economicoperands;1
F16+45.txt;issued;economicoperands;1
F16+45.txt;issuer;economicoperands;1
F16+45.txt;latter;functionwords;1
F16+45.txt;leases;economicoperands;10
F16+45.txt;lessee;economicoperands;4
F16+45.txt;lessor;economicoperands;2
F16+45.txt;levied;economicoperands;1
F16+45.txt;levies;economicoperands;1
F16+45.txt;losses;economicoperands;87
F16+45.txt;manage;economicoperands;3
F16+45.txt;market;economicoperands;1
F16+45.txt;merely;logicalconnectors;1
F16+45.txt;metals;economicoperands;1
F16+45.txt;online;economicoperands;1
F16+45.txt;option;economicoperands;3
F16+45.txt;period;economicoperands;35
F16+45.txt;profit;economicoperands;2
F16+45.txt;purely;attributes;1
F16+45.txt;quotas;mathematicaloperators;1
F16+45.txt;rental;economicoperands;1
F16+45.txt;report;economicoperands;1
F16+45.txt;sector;economicoperands;3
F16+45.txt;shares;economicoperands;1
F16+45.txt;useful;economicoperands;1
F16+45.txt;within;logicalconnectors;4
F16+45.txt;after;logicalconnectors;3
F16+45.txt;among;logicalconnectors;2
F16+45.txt;annex;legalreferences;19
F16+45.txt;apply;logicalconnectors;2
F16+45.txt;asset;economicoperands;2
F16+45.txt;clean;economicoperands;2
F16+45.txt;coins;economicoperands;1
F16+45.txt;costs;economicoperands;4
F16+45.txt;funds;economicoperands;1
F16+45.txt;gains;economicoperands;87
F16+45.txt;goods;economicoperands;1
F16+45.txt;group;economicoperands;1
F16+45.txt;hedge;economicoperands;4
F16+45.txt;hires;economicoperands;1
F16+45.txt;house;economicoperands;3
F16+45.txt;items;other;12
F16+45.txt;keeps;economicoperands;1
F16+45.txt;lease;economicoperands;3
F16+45.txt;loans;economicoperands;16
F16+45.txt;means;other;1
F16+45.txt;model;economicoperands;3
F16+45.txt;money;economicoperands;1
F16+45.txt;notes;economicoperands;2
F16+45.txt;other;logicalconnectors;76
F16+45.txt;plant;economicoperands;4
F16+45.txt;point;economicoperands;1
F16+45.txt;price;economicoperands;2
F16+45.txt;rules;economicoperands;1
F16+45.txt;shall;regulatoryoperators;69
F16+45.txt;short;economicoperands;4
F16+45.txt;since;logicalconnectors;1
F16+45.txt;staff;economicoperands;3
F16+45.txt;taxes;economicoperands;9
F16+45.txt;those;functionwords;6
F16+45.txt;total;mathematicaloperators;2
F16+45.txt;ucits;legalreferences;1
F16+45.txt;under;functionwords;4
F16+45.txt;using;economicoperands;3
F16+45.txt;value;economicoperands;1
F16+45.txt;water;economicoperands;1
F16+45.txt;where;logicalconnectors;11
F16+45.txt;which;functionwords;4
F16+45.txt;would;functionwords;1
F16+45.txt;also;logicalconnectors;3
F16+45.txt;bank;economicoperands;1
F16+45.txt;been;functionwords;1
F16+45.txt;both;logicalconnectors;2
F16+45.txt;case;economicoperands;1
F16+45.txt;cash;economicoperands;2
F16+45.txt;each;logicalconnectors;5
F16+45.txt;fair;economicoperands;1
F16+45.txt;fees;economicoperands;2
F16+45.txt;from;functionwords;26
F16+45.txt;full;economicoperands;1
F16+45.txt;gain;economicoperands;1
F16+45.txt;gold;economicoperands;4
F16+45.txt;held;economicoperands;3
F16+45.txt;ifrs;legalreferences;90
F16+45.txt;into;functionwords;3
F16+45.txt;item;other;10
F16+45.txt;just;functionwords;1
F16+45.txt;less;mathematicaloperators;1
F16+45.txt;life;economicoperands;1
F16+45.txt;line;economicoperands;1
F16+45.txt;link;economicoperands;1
F16+45.txt;loss;economicoperands;3
F16+45.txt;made;functionwords;2
F16+45.txt;main;economicoperands;2
F16+45.txt;mean;other;5
F16+45.txt;non-;logicalconnectors;4
F16+45.txt;only;logicalconnectors;3
F16+45.txt;paid;economicoperands;1
F16+45.txt;part;functionwords;293
F16+45.txt;pure;attributes;1
F16+45.txt;rest;logicalconnectors;5
F16+45.txt;risk;economicoperands;10
F16+45.txt;sell;economicoperands;1
F16+45.txt;spot;economicoperands;1
F16+45.txt;such;functionwords;1
F16+45.txt;that;functionwords;10
F16+45.txt;them;functionwords;1
F16+45.txt;they;functionwords;1
F16+45.txt;this;functionwords;10
F16+45.txt;time;economicoperands;1
F16+45.txt;type;economicoperands;8
F16+45.txt;upon;other;4
F16+45.txt;used;economicoperands;6
F16+45.txt;view;economicoperands;1
F16+45.txt;were;functionwords;1
F16+45.txt;with;functionwords;19
F16+45.txt;201;legalreferences;1
F16+45.txt;202;legalreferences;1
F16+45.txt;203;legalreferences;1
F16+45.txt;204;legalreferences;3
F16+45.txt;205;legalreferences;1
F16+45.txt;206;legalreferences;1
F16+45.txt;208;legalreferences;1
F16+45.txt;215;legalreferences;1
F16+45.txt;312;legalreferences;1
F16+45.txt;313;legalreferences;1
F16+45.txt;314;legalreferences;1
F16+45.txt;315;legalreferences;1
F16+45.txt;all;logicalconnectors;6
F16+45.txt;and;logicalconnectors;199
F16+45.txt;are;functionwords;6
F16+45.txt;bad;economicoperands;37
F16+45.txt;but;logicalconnectors;2
F16+45.txt;crr;legalreferences;2
F16+45.txt;ecb;economicoperands;17
F16+45.txt;for;functionwords;21
F16+45.txt;get;functionwords;1
F16+45.txt;has;functionwords;2
F16+45.txt;low;economicoperands;1
F16+45.txt;net;economicoperands;29
F16+45.txt;not;logicalconnectors;23
F16+45.txt;out;functionwords;2
F16+45.txt;own;functionwords;3
F16+45.txt;row;economicoperands;1
F16+45.txt;the;functionwords;132
F16+45.txt;use;economicoperands;5
F16+45.txt;10;attributes;2
F16+45.txt;13;legalreferences;1
F16+45.txt;14;legalreferences;1
F16+45.txt;15;attributes;1
F16+45.txt;16;legalreferences;3
F16+45.txt;27;legalreferences;13
F16+45.txt;29;legalreferences;1
F16+45.txt;32;legalreferences;1
F16+45.txt;36;legalreferences;2
F16+45.txt;41;legalreferences;13
F16+45.txt;43;legalreferences;2
F16+45.txt;44;legalreferences;6
F16+45.txt;45;attributes;4
F16+45.txt;49;legalreferences;2
F16+45.txt;an;functionwords;3
F16+45.txt;as;logicalconnectors;10
F16+45.txt;at;functionwords;5
F16+45.txt;be;functionwords;33
F16+45.txt;by;functionwords;28
F16+45.txt;do;functionwords;1
F16+45.txt;ii;legalreferences;8
F16+45.txt;in;functionwords;44
F16+45.txt;is;functionwords;5
F16+45.txt;it;functionwords;13
F16+45.txt;iv;legalreferences;4
F16+45.txt;of;functionwords;117
F16+45.txt;on;functionwords;90
F16+45.txt;or;logicalconnectors;87
F16+45.txt;to;functionwords;25
F16+45.txt;vi;legalreferences;10
F16+45.txt;1;attributes;13
F16+45.txt;2;attributes;59
F16+45.txt;3;attributes;2
F16+45.txt;5;attributes;4
F16+45.txt;6;attributes;15
F16+45.txt;7;attributes;22
F16+45.txt;8;attributes;9
F16+45.txt;9;attributes;4
