C68.txt;deposit guarantee scheme;economicoperands;16
C68.txt;non-financial customers;economicoperands;2
C68.txt;asset backed security;economicoperands;3
C68.txt;repurchase agreements;economicoperands;1
C68.txt;delegated regulation;legalreferences;4
C68.txt;for the purpose of;logicalconnectors;1
C68.txt;in accordance with;logicalconnectors;9
C68.txt;wholesale funding;economicoperands;12
C68.txt;be excluded from;regulatoryoperators;2
C68.txt;commercial paper;economicoperands;1
C68.txt;in proportion to;logicalconnectors;1
C68.txt;as specified in;logicalconnectors;1
C68.txt;carrying amount;economicoperands;4
C68.txt;characteristics;logicalconnectors;2
C68.txt;retail deposits;economicoperands;4
C68.txt;subconsolidated;economicoperands;2
C68.txt;total amount of;mathematicaloperators;3
C68.txt;be reported in;regulatoryoperators;1
C68.txt;counterparties;economicoperands;3
C68.txt;referred to in;functionwords;1
C68.txt;retail funding;economicoperands;9
C68.txt;with regard to;logicalconnectors;1
C68.txt;as defined in;logicalconnectors;6
C68.txt;central banks;economicoperands;2
C68.txt;concentration;economicoperands;5
C68.txt;article 4(1);legalreferences;1
C68.txt;greater than;mathematicaloperators;9
C68.txt;institutions;economicoperands;3
C68.txt;instructions;regulatoryoperators;7
C68.txt;transactions;economicoperands;1
C68.txt;withdrawable;economicoperands;7
C68.txt;broken down;mathematicaloperators;1
C68.txt;calculation;economicoperands;1
C68.txt;information;economicoperands;1
C68.txt;intra-group;economicoperands;8
C68.txt;liabilities;economicoperands;6
C68.txt;significant;attributes;1
C68.txt;aggregated;mathematicaloperators;1
C68.txt;calculated;economicoperands;2
C68.txt;categories;economicoperands;7
C68.txt;completing;economicoperands;1
C68.txt;concerning;logicalconnectors;1
C68.txt;considered;logicalconnectors;1
C68.txt;consist of;logicalconnectors;4
C68.txt;currencies;economicoperands;1
C68.txt;equivalent;logicalconnectors;8
C68.txt;other than;logicalconnectors;3
C68.txt;references;functionwords;5
C68.txt;regulation;economicoperands;2
C68.txt;securities;economicoperands;1
C68.txt;underlying;economicoperands;1
C68.txt;withdrawal;economicoperands;8
C68.txt;amount of;mathematicaloperators;2
C68.txt;customers;economicoperands;4
C68.txt;determine;regulatoryoperators;1
C68.txt;different;mathematicaloperators;2
C68.txt;directive;legalreferences;9
C68.txt;financial;economicoperands;4
C68.txt;financing;economicoperands;1
C68.txt;following;other;14
C68.txt;including;logicalconnectors;1
C68.txt;issuances;economicoperands;4
C68.txt;listed in;functionwords;7
C68.txt;regarding;logicalconnectors;1
C68.txt;reporting;economicoperands;1
C68.txt;threshold;economicoperands;6
C68.txt;unsecured;economicoperands;5
C68.txt;wholesale;economicoperands;1
C68.txt;accounts;economicoperands;7
C68.txt;based on;other;2
C68.txt;deposits;economicoperands;22
C68.txt;entities;economicoperands;8
C68.txt;equal to;logicalconnectors;2
C68.txt;issuance;economicoperands;4
C68.txt;maturity;economicoperands;12
C68.txt;obtained;economicoperands;5
C68.txt;of which;logicalconnectors;22
C68.txt;original;economicoperands;6
C68.txt;products;economicoperands;1
C68.txt;received;economicoperands;17
C68.txt;recorded;economicoperands;2
C68.txt;reported;economicoperands;13
C68.txt;residual;economicoperands;5
C68.txt;specific;functionwords;1
C68.txt;template;legalreferences;3
C68.txt;weighted;mathematicaloperators;12
C68.txt;30 days;attributes;16
C68.txt;amounts;mathematicaloperators;4
C68.txt;applied;logicalconnectors;1
C68.txt;applies;logicalconnectors;1
C68.txt;article;legalreferences;6
C68.txt;average;mathematicaloperators;14
C68.txt;broader;mathematicaloperators;1
C68.txt;collect;economicoperands;1
C68.txt;columns;legalreferences;2
C68.txt;country;economicoperands;8
C68.txt;covered;economicoperands;11
C68.txt;deposit;economicoperands;1
C68.txt;exceeds;mathematicaloperators;1
C68.txt;figures;economicoperands;1
C68.txt;funding;economicoperands;36
C68.txt;include;logicalconnectors;1
C68.txt;product;economicoperands;30
C68.txt;savings;economicoperands;5
C68.txt;secured;economicoperands;5
C68.txt;without;logicalconnectors;4
C68.txt;amount;mathematicaloperators;10
C68.txt;backed;economicoperands;1
C68.txt;column;legalreferences;20
C68.txt;either;logicalconnectors;2
C68.txt;notice;economicoperands;8
C68.txt;period;economicoperands;8
C68.txt;report;economicoperands;2
C68.txt;retail;economicoperands;1
C68.txt;saving;economicoperands;2
C68.txt;sum of;mathematicaloperators;1
C68.txt;within;logicalconnectors;8
C68.txt;about;functionwords;1
C68.txt;apply;logicalconnectors;1
C68.txt;asset;economicoperands;1
C68.txt;basis;economicoperands;2
C68.txt;items;other;1
C68.txt;legal;economicoperands;5
C68.txt;level;economicoperands;1
C68.txt;loans;economicoperands;11
C68.txt;point;economicoperands;1
C68.txt;shall;regulatoryoperators;21
C68.txt;sight;economicoperands;4
C68.txt;third;attributes;8
C68.txt;those;functionwords;13
C68.txt;total;mathematicaloperators;11
C68.txt;types;economicoperands;4
C68.txt;where;logicalconnectors;2
C68.txt;which;functionwords;11
C68.txt;been;functionwords;1
C68.txt;bond;economicoperands;3
C68.txt;days;attributes;4
C68.txt;each;logicalconnectors;7
C68.txt;from;functionwords;25
C68.txt;into;functionwords;1
C68.txt;left;other;1
C68.txt;name;economicoperands;9
C68.txt;only;logicalconnectors;3
C68.txt;rows;economicoperands;4
C68.txt;sfts;economicoperands;1
C68.txt;size;economicoperands;4
C68.txt;solo;economicoperands;2
C68.txt;term;other;8
C68.txt;than;functionwords;1
C68.txt;that;functionwords;19
C68.txt;this;functionwords;6
C68.txt;type;economicoperands;11
C68.txt;used;economicoperands;1
C68.txt;with;functionwords;6
C68.txt;100;attributes;2
C68.txt;110;legalreferences;5
C68.txt;120;legalreferences;2
C68.txt;129;legalreferences;1
C68.txt;140;legalreferences;2
C68.txt;150;attributes;6
C68.txt;180;attributes;2
C68.txt;all;logicalconnectors;7
C68.txt;and;logicalconnectors;21
C68.txt;any;logicalconnectors;1
C68.txt;are;functionwords;6
C68.txt;can;regulatoryoperators;1
C68.txt;for;functionwords;23
C68.txt;has;functionwords;1
C68.txt;non;logicalconnectors;1
C68.txt;not;logicalconnectors;10
C68.txt;row;economicoperands;23
C68.txt;the;functionwords;80
C68.txt;49;legalreferences;8
C68.txt;65;attributes;1
C68.txt;an;functionwords;8
C68.txt;as;logicalconnectors;2
C68.txt;be;functionwords;15
C68.txt;by;functionwords;13
C68.txt;eu;economicoperands;14
C68.txt;in;functionwords;29
C68.txt;is;functionwords;11
C68.txt;no;logicalconnectors;2
C68.txt;of;functionwords;64
C68.txt;on;functionwords;5
C68.txt;or;logicalconnectors;12
C68.txt;to;functionwords;5
C68.txt;1;attributes;11
C68.txt;2;attributes;4
C68.txt;3;attributes;5
C68.txt;4;attributes;3
C68.txt;5;attributes;2
C68.txt;6;attributes;1
C68.txt;8;attributes;4
