C04.txt;global systemically important institution buffer;economicoperands;2
C04.txt;systemically important institution buffer;economicoperands;2
C04.txt;countercyclical capital buffer;economicoperands;2
C04.txt;common equity tier 1 capital;economicoperands;2
C04.txt;capital buffer requirements;economicoperands;5
C04.txt;accounting balance sheet;economicoperands;2
C04.txt;cet1 capital instruments;economicoperands;4
C04.txt;at1 capital instruments;economicoperands;6
C04.txt;financial sector entity;economicoperands;7
C04.txt;risk weighted exposure;economicoperands;6
C04.txt;risk-weighted exposure;economicoperands;2
C04.txt;t2 capital instruments;economicoperands;4
C04.txt;accounting standards;economicoperands;4
C04.txt;common equity tier 1;economicoperands;1
C04.txt;on a temporary basis;attributes;3
C04.txt;accounting standard;economicoperands;2
C04.txt;capital instruments;economicoperands;14
C04.txt;competent authority;economicoperands;7
C04.txt;conservation buffer;economicoperands;8
C04.txt;for the purposes of;logicalconnectors;8
C04.txt;taking into account;regulatoryoperators;1
C04.txt;in accordance with;logicalconnectors;22
C04.txt;paragraphs 3 and 4;legalreferences;4
C04.txt;synthetic holdings;economicoperands;24
C04.txt;intangible assets;economicoperands;3
C04.txt;value adjustments;economicoperands;6
C04.txt;financial sector;economicoperands;131
C04.txt;index securities;economicoperands;6
C04.txt;158 and 159 crr;legalreferences;2
C04.txt;article 128 crd;legalreferences;1
C04.txt;article 131 crd;legalreferences;2
C04.txt;article 159 crr;legalreferences;6
C04.txt;article 458 crr;legalreferences;1
C04.txt;associated with;economicoperands;4
C04.txt;defined benefit;economicoperands;1
C04.txt;tax liabilities;economicoperands;14
C04.txt;article 38 crr;legalreferences;8
C04.txt;article 45 crr;legalreferences;12
C04.txt;article 56 crr;legalreferences;5
C04.txt;article 66 crr;legalreferences;4
C04.txt;article 79 crr;legalreferences;6
C04.txt;be obtained by;regulatoryoperators;3
C04.txt;be reported in;regulatoryoperators;4
C04.txt;classification;economicoperands;1
C04.txt;counterparties;economicoperands;2
C04.txt;deduction from;mathematicaloperators;2
C04.txt;exception from;logicalconnectors;3
C04.txt;in addition to;mathematicaloperators;1
C04.txt;in relation to;logicalconnectors;36
C04.txt;is obtained by;regulatoryoperators;3
C04.txt;reporting date;economicoperands;5
C04.txt;required to be;regulatoryoperators;1
C04.txt;tier 2 capital;economicoperands;2
C04.txt;cet1 holdings;economicoperands;2
C04.txt;classified as;regulatoryoperators;6
C04.txt;corresponding;logicalconnectors;1
C04.txt;deducted from;mathematicaloperators;9
C04.txt;exempted from;regulatoryoperators;1
C04.txt;expected loss;economicoperands;4
C04.txt;long position;economicoperands;18
C04.txt;maturity date;economicoperands;36
C04.txt;profitability;economicoperands;23
C04.txt;risk exposure;economicoperands;1
C04.txt;share premium;economicoperands;6
C04.txt;systemic risk;economicoperands;5
C04.txt;according to;regulatoryoperators;2
C04.txt;article 4(1);legalreferences;37
C04.txt;at1 holdings;economicoperands;2
C04.txt;cet1 capital;economicoperands;36
C04.txt;deduction of;mathematicaloperators;2
C04.txt;deferred tax;economicoperands;32
C04.txt;implementing;regulatoryoperators;2
C04.txt;institutions;economicoperands;11
C04.txt;instructions;regulatoryoperators;1
C04.txt;irb approach;economicoperands;1
C04.txt;laid down in;economicoperands;2
C04.txt;member state;economicoperands;5
C04.txt;overpayments;economicoperands;3
C04.txt;requirements;regulatoryoperators;5
C04.txt;respectively;logicalconnectors;1
C04.txt;trading book;economicoperands;6
C04.txt;transitional;economicoperands;1
C04.txt;underwriting;economicoperands;6
C04.txt;working days;economicoperands;6
C04.txt;adjustments;mathematicaloperators;17
C04.txt;alternative;logicalconnectors;2
C04.txt;application;economicoperands;5
C04.txt;at1 capital;economicoperands;32
C04.txt;calculating;economicoperands;12
C04.txt;calculation;economicoperands;5
C04.txt;credit risk;economicoperands;15
C04.txt;differences;mathematicaloperators;16
C04.txt;in the same;logicalconnectors;18
C04.txt;information;economicoperands;4
C04.txt;institution;economicoperands;108
C04.txt;instruments;economicoperands;15
C04.txt;investments;economicoperands;8
C04.txt;liabilities;economicoperands;4
C04.txt;multiplying;mathematicaloperators;1
C04.txt;pursuant to;functionwords;3
C04.txt;relating to;logicalconnectors;2
C04.txt;requirement;regulatoryoperators;2
C04.txt;risk weight;economicoperands;13
C04.txt;significant;attributes;113
C04.txt;accounting;economicoperands;1
C04.txt;additional;mathematicaloperators;11
C04.txt;adjustment;mathematicaloperators;1
C04.txt;applicable;logicalconnectors;6
C04.txt;assistance;economicoperands;6
C04.txt;calculated;economicoperands;3
C04.txt;completely;economicoperands;1
C04.txt;concerning;logicalconnectors;1
C04.txt;conditions;economicoperands;1
C04.txt;conversion;economicoperands;2
C04.txt;deductible;economicoperands;10
C04.txt;deductions;mathematicaloperators;9
C04.txt;identified;economicoperands;3
C04.txt;investment;economicoperands;112
C04.txt;later than;mathematicaloperators;18
C04.txt;memorandum;legalreferences;2
C04.txt;multiplied;mathematicaloperators;2
C04.txt;offsetting;economicoperands;54
C04.txt;paragraphs;legalreferences;4
C04.txt;provisions;economicoperands;9
C04.txt;prudential;economicoperands;3
C04.txt;qualifying;economicoperands;2
C04.txt;reciprocal;economicoperands;12
C04.txt;recognised;economicoperands;1
C04.txt;reductions;mathematicaloperators;6
C04.txt;regulation;economicoperands;2
C04.txt;reorganise;economicoperands;6
C04.txt;respective;logicalconnectors;5
C04.txt;similarily;logicalconnectors;1
C04.txt;subject to;logicalconnectors;12
C04.txt;thresholds;economicoperands;3
C04.txt;treated as;regulatoryoperators;12
C04.txt;underlying;economicoperands;24
C04.txt;allocated;economicoperands;2
C04.txt;amount of;mathematicaloperators;22
C04.txt;calculate;economicoperands;3
C04.txt;capped at;regulatoryoperators;2
C04.txt;deduction;mathematicaloperators;1
C04.txt;defaulted;economicoperands;6
C04.txt;dependent;economicoperands;4
C04.txt;excluding;logicalconnectors;6
C04.txt;exposures;economicoperands;20
C04.txt;financial;economicoperands;6
C04.txt;including;logicalconnectors;3
C04.txt;inclusion;logicalconnectors;7
C04.txt;necessary;attributes;2
C04.txt;operation;economicoperands;6
C04.txt;overheads;economicoperands;2
C04.txt;permitted;regulatoryoperators;36
C04.txt;pillar ii;legalreferences;4
C04.txt;positions;economicoperands;75
C04.txt;provision;economicoperands;4
C04.txt;prudently;attributes;1
C04.txt;reporting;economicoperands;3
C04.txt;represent;economicoperands;5
C04.txt;requested;regulatoryoperators;1
C04.txt;shortfall;economicoperands;4
C04.txt;similarly;logicalconnectors;1
C04.txt;synthetic;economicoperands;12
C04.txt;temporary;attributes;29
C04.txt;threshold;economicoperands;18
C04.txt;accounts;economicoperands;6
C04.txt;articles;legalreferences;45
C04.txt;at least;logicalconnectors;18
C04.txt;based on;other;2
C04.txt;category;economicoperands;1
C04.txt;combined;mathematicaloperators;2
C04.txt;contains;economicoperands;3
C04.txt;deducted;mathematicaloperators;5
C04.txt;deferred;economicoperands;14
C04.txt;designed;economicoperands;6
C04.txt;domestic;economicoperands;4
C04.txt;eligible;economicoperands;17
C04.txt;entities;economicoperands;129
C04.txt;equal to;logicalconnectors;2
C04.txt;expected;economicoperands;10
C04.txt;exposure;economicoperands;26
C04.txt;goodwill;economicoperands;1
C04.txt;holdings;economicoperands;172
C04.txt;included;logicalconnectors;42
C04.txt;includes;logicalconnectors;1
C04.txt;indirect;economicoperands;42
C04.txt;maturity;economicoperands;18
C04.txt;november;attributes;1
C04.txt;obtained;economicoperands;2
C04.txt;one year;attributes;18
C04.txt;original;economicoperands;6
C04.txt;position;economicoperands;24
C04.txt;provided;logicalconnectors;18
C04.txt;reported;economicoperands;39
C04.txt;residual;economicoperands;18
C04.txt;software;economicoperands;1
C04.txt;specific;functionwords;15
C04.txt;template;legalreferences;2
C04.txt;verified;economicoperands;2
C04.txt;weighted;mathematicaloperators;6
C04.txt;ability;economicoperands;2
C04.txt;amounts;mathematicaloperators;11
C04.txt;applied;logicalconnectors;3
C04.txt;article;legalreferences;99
C04.txt;audited;economicoperands;2
C04.txt;buffers;economicoperands;1
C04.txt;capital;economicoperands;48
C04.txt;created;economicoperands;1
C04.txt;decides;economicoperands;1
C04.txt;effects;economicoperands;1
C04.txt;general;functionwords;3
C04.txt;include;logicalconnectors;1
C04.txt;indices;economicoperands;6
C04.txt;initial;economicoperands;2
C04.txt;located;economicoperands;4
C04.txt;outside;functionwords;2
C04.txt;pension;economicoperands;1
C04.txt;reasons;economicoperands;1
C04.txt;related;logicalconnectors;10
C04.txt;results;economicoperands;2
C04.txt;that is;logicalconnectors;1
C04.txt;treated;economicoperands;2
C04.txt;weights;economicoperands;1
C04.txt;adding;mathematicaloperators;2
C04.txt;allows;regulatoryoperators;18
C04.txt;amount;mathematicaloperators;28
C04.txt;assets;economicoperands;33
C04.txt;before;logicalconnectors;6
C04.txt;buffer;economicoperands;4
C04.txt;column;legalreferences;6
C04.txt;deemed;regulatoryoperators;2
C04.txt;direct;economicoperands;42
C04.txt;due to;logicalconnectors;11
C04.txt;effect;economicoperands;1
C04.txt;either;logicalconnectors;18
C04.txt;entity;economicoperands;6
C04.txt;equity;economicoperands;3
C04.txt;exceed;mathematicaloperators;1
C04.txt;excess;mathematicaloperators;7
C04.txt;factor;mathematicaloperators;2
C04.txt;fulfil;economicoperands;5
C04.txt;future;economicoperands;25
C04.txt;latest;mathematicaloperators;1
C04.txt;losses;economicoperands;10
C04.txt;needed;regulatoryoperators;5
C04.txt;points;economicoperands;1
C04.txt;profit;economicoperands;2
C04.txt;recent;economicoperands;1
C04.txt;reduce;mathematicaloperators;3
C04.txt;report;economicoperands;1
C04.txt;stable;economicoperands;1
C04.txt;valued;economicoperands;1
C04.txt;waived;regulatoryoperators;12
C04.txt;waiver;regulatoryoperators;1
C04.txt;above;functionwords;36
C04.txt;after;logicalconnectors;2
C04.txt;arise;economicoperands;16
C04.txt;backs;economicoperands;3
C04.txt;basis;economicoperands;2
C04.txt;carry;economicoperands;3
C04.txt;cross;economicoperands;12
C04.txt;deems;regulatoryoperators;6
C04.txt;fewer;mathematicaloperators;6
C04.txt;final;economicoperands;1
C04.txt;firms;economicoperands;1
C04.txt;fixed;economicoperands;2
C04.txt;funds;economicoperands;19
C04.txt;gross;economicoperands;75
C04.txt;has a;functionwords;56
C04.txt;hence;functionwords;1
C04.txt;items;other;6
C04.txt;level;economicoperands;3
C04.txt;other;logicalconnectors;9
C04.txt;point;economicoperands;97
C04.txt;shall;regulatoryoperators;50
C04.txt;short;economicoperands;102
C04.txt;their;functionwords;3
C04.txt;these;functionwords;2
C04.txt;those;functionwords;11
C04.txt;total;mathematicaloperators;15
C04.txt;under;functionwords;6
C04.txt;waive;regulatoryoperators;6
C04.txt;where;logicalconnectors;116
C04.txt;which;functionwords;31
C04.txt;also;logicalconnectors;6
C04.txt;base;economicoperands;4
C04.txt;cet1;economicoperands;11
C04.txt;does;functionwords;56
C04.txt;done;functionwords;2
C04.txt;fact;economicoperands;1
C04.txt;form;economicoperands;6
C04.txt;from;functionwords;32
C04.txt;fund;economicoperands;1
C04.txt;have;functionwords;55
C04.txt;held;economicoperands;6
C04.txt;item;other;30
C04.txt;loss;economicoperands;3
C04.txt;most;mathematicaloperators;1
C04.txt;non-;logicalconnectors;3
C04.txt;note;economicoperands;6
C04.txt;only;logicalconnectors;11
C04.txt;rate;economicoperands;1
C04.txt;rely;economicoperands;21
C04.txt;risk;economicoperands;7
C04.txt;rows;economicoperands;15
C04.txt;same;logicalconnectors;18
C04.txt;such;functionwords;1
C04.txt;take;other;6
C04.txt;that;functionwords;53
C04.txt;they;functionwords;2
C04.txt;this;functionwords;23
C04.txt;thus;logicalconnectors;5
C04.txt;were;functionwords;1
C04.txt;when;logicalconnectors;5
C04.txt;with;functionwords;1
C04.txt;110;legalreferences;1
C04.txt;129;legalreferences;2
C04.txt;133;attributes;1
C04.txt;140;legalreferences;1
C04.txt;250;attributes;6
C04.txt;all;logicalconnectors;3
C04.txt;and;logicalconnectors;155
C04.txt;any;logicalconnectors;4
C04.txt;are;functionwords;40
C04.txt;at1;economicoperands;5
C04.txt;but;logicalconnectors;4
C04.txt;can;regulatoryoperators;1
C04.txt;cap;regulatoryoperators;7
C04.txt;crd;legalreferences;6
C04.txt;crr;legalreferences;106
C04.txt;for;functionwords;37
C04.txt;has;functionwords;1
C04.txt;i.e;functionwords;4
C04.txt;irb;economicoperands;14
C04.txt;may;regulatoryoperators;8
C04.txt;met;functionwords;1
C04.txt;net;economicoperands;12
C04.txt;non;logicalconnectors;6
C04.txt;not;logicalconnectors;88
C04.txt;own;functionwords;19
C04.txt;pre;economicoperands;2
C04.txt;row;economicoperands;9
C04.txt;sum;mathematicaloperators;2
C04.txt;tax;economicoperands;7
C04.txt;the;functionwords;473
C04.txt;two;attributes;1
C04.txt;way;economicoperands;1
C04.txt;10;attributes;11
C04.txt;11;legalreferences;2
C04.txt;12;attributes;3
C04.txt;13;legalreferences;2
C04.txt;14;legalreferences;2
C04.txt;15;attributes;3
C04.txt;16;legalreferences;2
C04.txt;17;legalreferences;5
C04.txt;18;legalreferences;2
C04.txt;19;legalreferences;2
C04.txt;20;attributes;2
C04.txt;21;legalreferences;2
C04.txt;22;legalreferences;2
C04.txt;23;attributes;3
C04.txt;24;legalreferences;2
C04.txt;25;attributes;4
C04.txt;27;legalreferences;2
C04.txt;28;legalreferences;3
C04.txt;29;legalreferences;2
C04.txt;30;attributes;2
C04.txt;31;attributes;3
C04.txt;32;legalreferences;2
C04.txt;36;legalreferences;9
C04.txt;38;legalreferences;3
C04.txt;39;legalreferences;3
C04.txt;44;legalreferences;14
C04.txt;45;attributes;13
C04.txt;46;legalreferences;5
C04.txt;47;legalreferences;3
C04.txt;48;legalreferences;11
C04.txt;49;legalreferences;9
C04.txt;60;attributes;4
C04.txt;62;attributes;7
C04.txt;65;attributes;3
C04.txt;68;legalreferences;14
C04.txt;an;functionwords;8
C04.txt;as;logicalconnectors;6
C04.txt;at;functionwords;10
C04.txt;be;functionwords;56
C04.txt;by;functionwords;13
C04.txt;do;functionwords;8
C04.txt;if;logicalconnectors;1
C04.txt;in;functionwords;48
C04.txt;is;functionwords;54
C04.txt;it;functionwords;12
C04.txt;iv;legalreferences;1
C04.txt;of;functionwords;455
C04.txt;on;functionwords;55
C04.txt;or;logicalconnectors;50
C04.txt;t2;economicoperands;43
C04.txt;to;functionwords;59
C04.txt;up;functionwords;3
C04.txt;1;attributes;27
C04.txt;2;attributes;13
C04.txt;3;attributes;5
C04.txt;4;attributes;14
C04.txt;5;attributes;22
C04.txt;6;attributes;7
C04.txt;7;attributes;4
C04.txt;8;attributes;2
C04.txt;9;attributes;2
