C20.txt;under the standardised approach;economicoperands;1
C20.txt;internal assessment approach;economicoperands;2
C20.txt;chapter 5 of title ii;legalreferences;1
C20.txt;standardised approach;economicoperands;2
C20.txt;in conjunction with;logicalconnectors;1
C20.txt;taking into account;regulatoryoperators;2
C20.txt;credit derivatives;economicoperands;20
C20.txt;credit institution;economicoperands;1
C20.txt;in accordance with;logicalconnectors;5
C20.txt;paragraphs 2 and 3;legalreferences;2
C20.txt;securitised assets;economicoperands;1
C20.txt;trading portfolio;economicoperands;6
C20.txt;irrespective of;logicalconnectors;1
C20.txt;securitisations;economicoperands;14
C20.txt;total amount of;mathematicaloperators;1
C20.txt;be reported in;regulatoryoperators;3
C20.txt;securitisation;economicoperands;14
C20.txt;alternatively;logicalconnectors;1
C20.txt;applicable to;logicalconnectors;1
C20.txt;corresponding;logicalconnectors;1
C20.txt;deducted from;mathematicaloperators;3
C20.txt;according to;regulatoryoperators;3
C20.txt;article 4(1);legalreferences;2
C20.txt;breakdown of;mathematicaloperators;5
C20.txt;institutions;economicoperands;1
C20.txt;instructions;regulatoryoperators;1
C20.txt;net position;economicoperands;3
C20.txt;requirements;regulatoryoperators;4
C20.txt;trading book;economicoperands;2
C20.txt;assigned to;regulatoryoperators;3
C20.txt;consequence;functionwords;1
C20.txt;correlation;mathematicaloperators;6
C20.txt;derivatives;economicoperands;2
C20.txt;distinction;logicalconnectors;2
C20.txt;information;economicoperands;2
C20.txt;institution;economicoperands;2
C20.txt;outstanding;economicoperands;1
C20.txt;requirement;regulatoryoperators;2
C20.txt;risk weight;economicoperands;2
C20.txt;transaction;economicoperands;1
C20.txt;approaches;economicoperands;2
C20.txt;as well as;logicalconnectors;2
C20.txt;because of;logicalconnectors;1
C20.txt;comprising;logicalconnectors;1
C20.txt;concerning;logicalconnectors;1
C20.txt;determined;regulatoryoperators;1
C20.txt;discretion;economicoperands;2
C20.txt;explicitly;economicoperands;1
C20.txt;originator;economicoperands;9
C20.txt;paragraphs;legalreferences;1
C20.txt;set out in;regulatoryoperators;1
C20.txt;breakdown;mathematicaloperators;1
C20.txt;depending;logicalconnectors;1
C20.txt;determine;regulatoryoperators;1
C20.txt;exposures;economicoperands;19
C20.txt;following;other;1
C20.txt;positions;economicoperands;72
C20.txt;regarding;logicalconnectors;3
C20.txt;approach;economicoperands;1
C20.txt;articles;legalreferences;7
C20.txt;comprise;logicalconnectors;1
C20.txt;criteria;economicoperands;1
C20.txt;included;logicalconnectors;3
C20.txt;investor;economicoperands;7
C20.txt;original;economicoperands;1
C20.txt;presents;economicoperands;1
C20.txt;provided;logicalconnectors;1
C20.txt;reported;economicoperands;3
C20.txt;requests;regulatoryoperators;1
C20.txt;specific;functionwords;6
C20.txt;template;legalreferences;5
C20.txt;weighted;mathematicaloperators;6
C20.txt;article;legalreferences;27
C20.txt;between;functionwords;2
C20.txt;default;economicoperands;18
C20.txt;general;functionwords;2
C20.txt;hedging;economicoperands;4
C20.txt;neither;logicalconnectors;2
C20.txt;provide;economicoperands;2
C20.txt;receive;economicoperands;1
C20.txt;remarks;economicoperands;1
C20.txt;role of;economicoperands;1
C20.txt;sponsor;economicoperands;9
C20.txt;weights;economicoperands;3
C20.txt;without;logicalconnectors;1
C20.txt;always;logicalconnectors;2
C20.txt;as for;logicalconnectors;1
C20.txt;assets;economicoperands;1
C20.txt;before;logicalconnectors;2
C20.txt;cannot;regulatoryoperators;1
C20.txt;charge;economicoperands;2
C20.txt;column;legalreferences;2
C20.txt;either;logicalconnectors;1
C20.txt;hedged;economicoperands;3
C20.txt;intent;economicoperands;1
C20.txt;larger;mathematicaloperators;1
C20.txt;lender;economicoperands;1
C20.txt;linked;economicoperands;2
C20.txt;market;economicoperands;2
C20.txt;tables;other;2
C20.txt;after;logicalconnectors;2
C20.txt;apply;logicalconnectors;4
C20.txt;funds;economicoperands;8
C20.txt;gross;economicoperands;1
C20.txt;holds;economicoperands;1
C20.txt;other;logicalconnectors;25
C20.txt;point;economicoperands;4
C20.txt;shall;regulatoryoperators;6
C20.txt;share;economicoperands;2
C20.txt;short;economicoperands;14
C20.txt;there;functionwords;1
C20.txt;these;functionwords;1
C20.txt;those;functionwords;3
C20.txt;three;attributes;1
C20.txt;total;mathematicaloperators;19
C20.txt;where;logicalconnectors;1
C20.txt;which;functionwords;2
C20.txt;would;functionwords;2
C20.txt;also;logicalconnectors;2
C20.txt;both;logicalconnectors;1
C20.txt;case;economicoperands;1
C20.txt;cell;legalreferences;1
C20.txt;cet1;economicoperands;1
C20.txt;each;logicalconnectors;1
C20.txt;have;functionwords;1
C20.txt;held;economicoperands;1
C20.txt;here;functionwords;1
C20.txt;irba;economicoperands;2
C20.txt;just;functionwords;2
C20.txt;long;economicoperands;14
C20.txt;meet;economicoperands;1
C20.txt;only;logicalconnectors;2
C20.txt;part;functionwords;1
C20.txt;risk;economicoperands;11
C20.txt;role;economicoperands;1
C20.txt;rows;economicoperands;4
C20.txt;that;functionwords;10
C20.txt;they;functionwords;1
C20.txt;this;functionwords;2
C20.txt;with;functionwords;1
C20.txt;100;attributes;4
C20.txt;102;legalreferences;1
C20.txt;105;legalreferences;1
C20.txt;165;legalreferences;1
C20.txt;167;legalreferences;1
C20.txt;250;attributes;11
C20.txt;all;logicalconnectors;3
C20.txt;and;logicalconnectors;25
C20.txt;are;functionwords;7
C20.txt;but;logicalconnectors;1
C20.txt;can;regulatoryoperators;1
C20.txt;cap;regulatoryoperators;4
C20.txt;crr;legalreferences;30
C20.txt;for;functionwords;10
C20.txt;net;economicoperands;12
C20.txt;nor;logicalconnectors;2
C20.txt;not;logicalconnectors;1
C20.txt;one;attributes;2
C20.txt;own;functionwords;10
C20.txt;row;economicoperands;3
C20.txt;sec;economicoperands;6
C20.txt;see;other;4
C20.txt;the;functionwords;50
C20.txt;two;attributes;1
C20.txt;10;attributes;4
C20.txt;12;attributes;4
C20.txt;13;legalreferences;1
C20.txt;14;legalreferences;1
C20.txt;20;attributes;4
C20.txt;40;legalreferences;4
C20.txt;as;logicalconnectors;2
C20.txt;be;functionwords;4
C20.txt;by;functionwords;6
C20.txt;do;functionwords;1
C20.txt;if;logicalconnectors;1
C20.txt;ii;legalreferences;1
C20.txt;in;functionwords;8
C20.txt;is;functionwords;4
C20.txt;it;functionwords;1
C20.txt;of;functionwords;25
C20.txt;on;functionwords;2
C20.txt;or;logicalconnectors;4
C20.txt;rw;economicoperands;2
C20.txt;sa;economicoperands;7
C20.txt;to;functionwords;25
C20.txt;1;attributes;11
C20.txt;2;attributes;4
C20.txt;3;attributes;5
C20.txt;4;attributes;1
C20.txt;5;attributes;1
C20.txt;7;attributes;1
