F20.txt;non-trading financial assets;economicoperands;5
F20.txt;international organisations;economicoperands;1
F20.txt;non-financial corporations;economicoperands;11
F20.txt;steam and air conditioning;economicoperands;2
F20.txt;fee and commission income;economicoperands;2
F20.txt;national gaap compatible;legalreferences;14
F20.txt;non-performing exposures;economicoperands;3
F20.txt;trading financial assets;economicoperands;2
F20.txt;discontinued operations;economicoperands;3
F20.txt;accumulated impairment;economicoperands;14
F20.txt;debt securities issued;economicoperands;8
F20.txt;financial corporations;economicoperands;12
F20.txt;geographical breakdown;economicoperands;20
F20.txt;have the same meaning;regulatoryoperators;1
F20.txt;reporting institution;economicoperands;1
F20.txt;comprehensive income;economicoperands;1
F20.txt;country of residence;economicoperands;9
F20.txt;financial guarantees;economicoperands;4
F20.txt;forbearance measures;economicoperands;1
F20.txt;non-financial assets;economicoperands;1
F20.txt;part 1 of this annex;legalreferences;2
F20.txt;for the purposes of;logicalconnectors;1
F20.txt;hedging derivatives;economicoperands;1
F20.txt;insurance contracts;economicoperands;1
F20.txt;templates 10 and 11;legalreferences;1
F20.txt;under national gaap;legalreferences;1
F20.txt;country-by-country;economicoperands;2
F20.txt;equity instruments;economicoperands;14
F20.txt;for the purpose of;logicalconnectors;2
F20.txt;immovable property;economicoperands;4
F20.txt;in accordance with;logicalconnectors;4
F20.txt;interest rate risk;economicoperands;4
F20.txt;as referred to in;logicalconnectors;1
F20.txt;at amortised cost;economicoperands;4
F20.txt;collateralized by;economicoperands;2
F20.txt;cost-based method;economicoperands;2
F20.txt;intangible assets;economicoperands;2
F20.txt;off-balance sheet;economicoperands;2
F20.txt;value adjustments;economicoperands;1
F20.txt;be considered as;regulatoryoperators;1
F20.txt;debt instruments;economicoperands;2
F20.txt;financial assets;economicoperands;33
F20.txt;guarantees given;economicoperands;2
F20.txt;hedge accounting;economicoperands;6
F20.txt;held for trading;economicoperands;18
F20.txt;loan commitments;economicoperands;3
F20.txt;operating income;economicoperands;4
F20.txt;carrying amount;economicoperands;27
F20.txt;debt securities;economicoperands;17
F20.txt;demand deposits;economicoperands;15
F20.txt;disposal groups;economicoperands;6
F20.txt;economic hedges;economicoperands;1
F20.txt;interest income;economicoperands;2
F20.txt;loss accounting;economicoperands;3
F20.txt;nace regulation;legalreferences;38
F20.txt;non- performing;economicoperands;16
F20.txt;on the basis of;logicalconnectors;1
F20.txt;portfolio hedge;economicoperands;4
F20.txt;social security;economicoperands;2
F20.txt;tangible assets;economicoperands;2
F20.txt;tax liabilities;economicoperands;2
F20.txt;vertical layout;other;19
F20.txt;administration;economicoperands;2
F20.txt;administrative;economicoperands;4
F20.txt;classification;economicoperands;1
F20.txt;disaggregation;mathematicaloperators;1
F20.txt;joint ventures;economicoperands;8
F20.txt;nominal amount;economicoperands;2
F20.txt;profit or loss;economicoperands;18
F20.txt;accommodation;economicoperands;2
F20.txt;as defined in;logicalconnectors;2
F20.txt;at fair value;economicoperands;20
F20.txt;cash balances;economicoperands;15
F20.txt;central banks;economicoperands;21
F20.txt;classified as;regulatoryoperators;6
F20.txt;communication;economicoperands;1
F20.txt;contributions;economicoperands;2
F20.txt;corresponding;logicalconnectors;1
F20.txt;credit losses;economicoperands;1
F20.txt;derecognition;economicoperands;6
F20.txt;distinguishes;logicalconnectors;1
F20.txt;entertainment;economicoperands;2
F20.txt;extraordinary;attributes;1
F20.txt;held for sale;economicoperands;7
F20.txt;incorporation;economicoperands;1
F20.txt;manufacturing;economicoperands;2
F20.txt;national gaap;legalreferences;14
F20.txt;together with;logicalconnectors;1
F20.txt;activitivies;economicoperands;15
F20.txt;construction;economicoperands;2
F20.txt;counterparty;economicoperands;18
F20.txt;depreciation;economicoperands;2
F20.txt;geographical;economicoperands;1
F20.txt;hedged items;economicoperands;4
F20.txt;institutions;economicoperands;10
F20.txt;jurisdiction;economicoperands;2
F20.txt;legal entity;economicoperands;1
F20.txt;medium-sized;attributes;1
F20.txt;member state;economicoperands;1
F20.txt;modification;economicoperands;2
F20.txt;multilateral;economicoperands;1
F20.txt;paragraph 11;legalreferences;1
F20.txt;professional;economicoperands;2
F20.txt;requirements;regulatoryoperators;1
F20.txt;subsidiaries;economicoperands;2
F20.txt;accumulated;economicoperands;14
F20.txt;agriculture;economicoperands;2
F20.txt;assigned to;regulatoryoperators;1
F20.txt;commitments;economicoperands;5
F20.txt;consumption;economicoperands;2
F20.txt;credit risk;economicoperands;15
F20.txt;derivatives;economicoperands;17
F20.txt;development;economicoperands;1
F20.txt;differences;mathematicaloperators;2
F20.txt;electricity;economicoperands;2
F20.txt;forbearance;economicoperands;1
F20.txt;governments;economicoperands;6
F20.txt;information;economicoperands;3
F20.txt;institution;economicoperands;3
F20.txt;investments;economicoperands;8
F20.txt;liabilities;economicoperands;37
F20.txt;mandatorily;regulatoryoperators;3
F20.txt;real estate;economicoperands;2
F20.txt;residential;economicoperands;1
F20.txt;subsidaries;economicoperands;6
F20.txt;template 19;legalreferences;1
F20.txt;accounting;economicoperands;14
F20.txt;activities;economicoperands;37
F20.txt;appendix a;legalreferences;12
F20.txt;associates;economicoperands;6
F20.txt;commercial;economicoperands;2
F20.txt;commission;economicoperands;2
F20.txt;compulsory;regulatoryoperators;2
F20.txt;continuing;economicoperands;6
F20.txt;derivative;economicoperands;5
F20.txt;designated;regulatoryoperators;6
F20.txt;determined;regulatoryoperators;3
F20.txt;fair value;economicoperands;18
F20.txt;guarantees;economicoperands;1
F20.txt;households;economicoperands;4
F20.txt;identified;economicoperands;1
F20.txt;impairment;economicoperands;29
F20.txt;operations;economicoperands;6
F20.txt;other than;logicalconnectors;2
F20.txt;paragraphs;legalreferences;3
F20.txt;performing;economicoperands;1
F20.txt;portfolios;economicoperands;1
F20.txt;provisions;economicoperands;11
F20.txt;qualifying;economicoperands;2
F20.txt;recognised;economicoperands;4
F20.txt;recreation;economicoperands;2
F20.txt;references;functionwords;47
F20.txt;regulation;economicoperands;1
F20.txt;resolution;economicoperands;2
F20.txt;separately;economicoperands;1
F20.txt;subject to;logicalconnectors;16
F20.txt;treated as;regulatoryoperators;1
F20.txt;under ifrs;legalreferences;3
F20.txt;breakdown;mathematicaloperators;1
F20.txt;contracts;economicoperands;1
F20.txt;countries;economicoperands;1
F20.txt;decreases;mathematicaloperators;1
F20.txt;defaulted;economicoperands;10
F20.txt;described;other;1
F20.txt;directive;legalreferences;18
F20.txt;education;economicoperands;2
F20.txt;exposures;economicoperands;16
F20.txt;financial;economicoperands;24
F20.txt;guarantee;economicoperands;2
F20.txt;immediate;attributes;1
F20.txt;including;logicalconnectors;9
F20.txt;increases;mathematicaloperators;1
F20.txt;insurance;economicoperands;2
F20.txt;liability;economicoperands;1
F20.txt;operating;economicoperands;2
F20.txt;paragraph;legalreferences;4
F20.txt;perfoming;economicoperands;10
F20.txt;positions;economicoperands;5
F20.txt;quarrying;economicoperands;2
F20.txt;repayable;economicoperands;4
F20.txt;residence;economicoperands;11
F20.txt;residents;economicoperands;1
F20.txt;statement;economicoperands;2
F20.txt;technical;economicoperands;2
F20.txt;templates;legalreferences;3
F20.txt;threshold;economicoperands;1
F20.txt;transport;economicoperands;2
F20.txt;wholesale;economicoperands;2
F20.txt;advances;economicoperands;28
F20.txt;annex v.;legalreferences;396
F20.txt;appendix;economicoperands;2
F20.txt;based on;other;15
F20.txt;branches;economicoperands;1
F20.txt;comprise;logicalconnectors;1
F20.txt;counting;economicoperands;1
F20.txt;deposits;economicoperands;10
F20.txt;dividend;economicoperands;2
F20.txt;domestic;economicoperands;33
F20.txt;exchange;economicoperands;2
F20.txt;expenses;economicoperands;10
F20.txt;extended;economicoperands;1
F20.txt;forborne;economicoperands;10
F20.txt;forestry;economicoperands;2
F20.txt;goodwill;economicoperands;2
F20.txt;haircuts;economicoperands;2
F20.txt;impaired;economicoperands;1
F20.txt;included;logicalconnectors;2
F20.txt;interest;economicoperands;2
F20.txt;location;economicoperands;9
F20.txt;measured;economicoperands;12
F20.txt;negative;mathematicaloperators;16
F20.txt;of which;logicalconnectors;83
F20.txt;provided;logicalconnectors;1
F20.txt;reported;economicoperands;9
F20.txt;reversal;economicoperands;8
F20.txt;services;economicoperands;4
F20.txt;template;legalreferences;5
F20.txt;annex i;legalreferences;9
F20.txt;annex v;legalreferences;12
F20.txt;article;legalreferences;5
F20.txt;banking;economicoperands;1
F20.txt;between;functionwords;1
F20.txt;capital;economicoperands;4
F20.txt;changes;economicoperands;18
F20.txt;contain;economicoperands;1
F20.txt;country;economicoperands;1
F20.txt;current;attributes;10
F20.txt;defence;economicoperands;2
F20.txt;deposit;economicoperands;2
F20.txt;exceeds;mathematicaloperators;1
F20.txt;expense;economicoperands;2
F20.txt;fishing;economicoperands;2
F20.txt;foreign;economicoperands;1
F20.txt;general;functionwords;7
F20.txt;include;logicalconnectors;4
F20.txt;induced;economicoperands;1
F20.txt;located;economicoperands;1
F20.txt;related;logicalconnectors;2
F20.txt;schemes;economicoperands;2
F20.txt;section;legalreferences;1
F20.txt;service;economicoperands;4
F20.txt;storage;economicoperands;2
F20.txt;support;economicoperands;2
F20.txt;through;functionwords;17
F20.txt;trading;economicoperands;19
F20.txt;amount;mathematicaloperators;1
F20.txt;assets;economicoperands;22
F20.txt;before;logicalconnectors;2
F20.txt;column;legalreferences;1
F20.txt;credit;economicoperands;16
F20.txt;demand;economicoperands;4
F20.txt;due to;logicalconnectors;14
F20.txt;equity;economicoperands;2
F20.txt;health;economicoperands;2
F20.txt;ias 37;legalreferences;1
F20.txt;ifrs 4;legalreferences;2
F20.txt;ifrs 9;legalreferences;21
F20.txt;income;economicoperands;5
F20.txt;losses;economicoperands;18
F20.txt;medium;attributes;1
F20.txt;mining;economicoperands;2
F20.txt;period;economicoperands;6
F20.txt;profit;economicoperands;16
F20.txt;public;economicoperands;2
F20.txt;retail;economicoperands;2
F20.txt;social;economicoperands;2
F20.txt;supply;economicoperands;4
F20.txt;valued;economicoperands;2
F20.txt;after;logicalconnectors;5
F20.txt;annex;legalreferences;28
F20.txt;asset;economicoperands;1
F20.txt;banks;economicoperands;1
F20.txt;basis;economicoperands;1
F20.txt;codes;economicoperands;4
F20.txt;enter;economicoperands;2
F20.txt;first;attributes;1
F20.txt;funds;economicoperands;2
F20.txt;gains;economicoperands;18
F20.txt;given;functionwords;7
F20.txt;gross;economicoperands;14
F20.txt;human;economicoperands;2
F20.txt;items;other;2
F20.txt;level;economicoperands;1
F20.txt;loans;economicoperands;32
F20.txt;locom;economicoperands;1
F20.txt;other;logicalconnectors;53
F20.txt;point;economicoperands;1
F20.txt;refer;functionwords;1
F20.txt;risks;economicoperands;1
F20.txt;shall;regulatoryoperators;20
F20.txt;share;economicoperands;6
F20.txt;short;economicoperands;5
F20.txt;small;economicoperands;2
F20.txt;total;mathematicaloperators;2
F20.txt;trade;economicoperands;2
F20.txt;under;functionwords;5
F20.txt;water;economicoperands;2
F20.txt;where;logicalconnectors;2
F20.txt;which;functionwords;3
F20.txt;area;economicoperands;1
F20.txt;arts;economicoperands;2
F20.txt;both;logicalconnectors;1
F20.txt;cash;economicoperands;6
F20.txt;debt;economicoperands;2
F20.txt;each;logicalconnectors;1
F20.txt;from;functionwords;12
F20.txt;fund;economicoperands;1
F20.txt;gaap;legalreferences;2
F20.txt;gain;economicoperands;2
F20.txt;hand;economicoperands;2
F20.txt;have;functionwords;1
F20.txt;ifrs;legalreferences;80
F20.txt;loss;economicoperands;15
F20.txt;mean;other;2
F20.txt;non-;logicalconnectors;43
F20.txt;part;functionwords;471
F20.txt;same;logicalconnectors;1
F20.txt;sets;economicoperands;1
F20.txt;that;functionwords;1
F20.txt;this;functionwords;8
F20.txt;viii;legalreferences;2
F20.txt;with;functionwords;4
F20.txt;work;economicoperands;2
F20.txt;year;economicoperands;2
F20.txt;104;legalreferences;2
F20.txt;105;legalreferences;6
F20.txt;113;legalreferences;3
F20.txt;115;legalreferences;6
F20.txt;all;logicalconnectors;1
F20.txt;and;logicalconnectors;105
F20.txt;are;functionwords;1
F20.txt;bad;economicoperands;49
F20.txt;but;logicalconnectors;1
F20.txt;crr;legalreferences;27
F20.txt;ecb;economicoperands;21
F20.txt;fee;economicoperands;2
F20.txt;for;functionwords;14
F20.txt;gas;economicoperands;2
F20.txt;has;functionwords;2
F20.txt;net;economicoperands;21
F20.txt;non;logicalconnectors;5
F20.txt;not;logicalconnectors;8
F20.txt;sme;economicoperands;3
F20.txt;tax;economicoperands;11
F20.txt;the;functionwords;58
F20.txt;10;attributes;2
F20.txt;12;attributes;1
F20.txt;13;legalreferences;5
F20.txt;14;legalreferences;3
F20.txt;15;attributes;1
F20.txt;16;legalreferences;5
F20.txt;17;legalreferences;4
F20.txt;18;legalreferences;1
F20.txt;19;legalreferences;1
F20.txt;20;attributes;4
F20.txt;21;legalreferences;1
F20.txt;23;attributes;1
F20.txt;24;legalreferences;1
F20.txt;25;attributes;1
F20.txt;27;legalreferences;21
F20.txt;28;legalreferences;6
F20.txt;31;attributes;1
F20.txt;32;legalreferences;3
F20.txt;35;attributes;2
F20.txt;36;legalreferences;1
F20.txt;39;legalreferences;7
F20.txt;41;legalreferences;9
F20.txt;43;legalreferences;2
F20.txt;44;legalreferences;7
F20.txt;46;legalreferences;2
F20.txt;48;legalreferences;2
F20.txt;53;legalreferences;3
F20.txt;as;logicalconnectors;7
F20.txt;at;functionwords;17
F20.txt;be;functionwords;11
F20.txt;by;functionwords;23
F20.txt;ii;legalreferences;9
F20.txt;in;functionwords;42
F20.txt;is;functionwords;1
F20.txt;it;functionwords;1
F20.txt;of;functionwords;85
F20.txt;on;functionwords;42
F20.txt;or;logicalconnectors;60
F20.txt;to;functionwords;16
F20.txt;1;attributes;24
F20.txt;2;attributes;36
F20.txt;3;attributes;10
F20.txt;4;attributes;14
F20.txt;5;attributes;14
F20.txt;6;attributes;26
F20.txt;7;attributes;5
F20.txt;8;attributes;21
F20.txt;9;attributes;1
