F14+41.txt;non-trading financial assets;economicoperands;2
F14+41.txt;national gaap compatible;legalreferences;8
F14+41.txt;trading financial assets;economicoperands;1
F14+41.txt;debt securities issued;economicoperands;10
F14+41.txt;financial instruments;economicoperands;9
F14+41.txt;accounting portfolio;economicoperands;1
F14+41.txt;comprehensive income;economicoperands;2
F14+41.txt;under national gaap;legalreferences;2
F14+41.txt;credit derivatives;economicoperands;1
F14+41.txt;equity instruments;economicoperands;12
F14+41.txt;in accordance with;logicalconnectors;2
F14+41.txt;at amortised cost;economicoperands;8
F14+41.txt;cost-based method;economicoperands;2
F14+41.txt;financial assets;economicoperands;15
F14+41.txt;hedge accounting;economicoperands;4
F14+41.txt;held for trading;economicoperands;4
F14+41.txt;hybrid contracts;economicoperands;3
F14+41.txt;where applicable;logicalconnectors;2
F14+41.txt;carrying amount;economicoperands;4
F14+41.txt;debt securities;economicoperands;17
F14+41.txt;loss accounting;economicoperands;5
F14+41.txt;re-measurements;mathematicaloperators;1
F14+41.txt;be reported as;regulatoryoperators;1
F14+41.txt;be reported in;regulatoryoperators;2
F14+41.txt;profit or loss;economicoperands;11
F14+41.txt;reference date;economicoperands;1
F14+41.txt;reporting date;economicoperands;1
F14+41.txt;at fair value;economicoperands;24
F14+41.txt;national gaap;legalreferences;11
F14+41.txt;according to;regulatoryoperators;1
F14+41.txt;institutions;economicoperands;3
F14+41.txt;measurements;mathematicaloperators;1
F14+41.txt;accumulated;economicoperands;10
F14+41.txt;credit risk;economicoperands;4
F14+41.txt;derivatives;economicoperands;10
F14+41.txt;information;economicoperands;2
F14+41.txt;instruments;economicoperands;4
F14+41.txt;liabilities;economicoperands;28
F14+41.txt;mandatorily;regulatoryoperators;2
F14+41.txt;recognition;economicoperands;1
F14+41.txt;accounting;economicoperands;14
F14+41.txt;allocation;economicoperands;2
F14+41.txt;appendix a;legalreferences;4
F14+41.txt;derivative;economicoperands;5
F14+41.txt;designated;regulatoryoperators;11
F14+41.txt;fair value;economicoperands;50
F14+41.txt;references;functionwords;21
F14+41.txt;amount of;mathematicaloperators;1
F14+41.txt;different;mathematicaloperators;2
F14+41.txt;directive;legalreferences;17
F14+41.txt;financial;economicoperands;21
F14+41.txt;hierarchy;economicoperands;17
F14+41.txt;inclusion;logicalconnectors;1
F14+41.txt;positions;economicoperands;3
F14+41.txt;separated;economicoperands;1
F14+41.txt;statement;economicoperands;2
F14+41.txt;advances;economicoperands;17
F14+41.txt;annex v.;legalreferences;120
F14+41.txt;based on;other;8
F14+41.txt;continue;economicoperands;1
F14+41.txt;deposits;economicoperands;10
F14+41.txt;entirety;logicalconnectors;1
F14+41.txt;measured;economicoperands;11
F14+41.txt;mismatch;economicoperands;2
F14+41.txt;occasion;economicoperands;1
F14+41.txt;provided;logicalconnectors;1
F14+41.txt;reported;economicoperands;1
F14+41.txt;requires;regulatoryoperators;1
F14+41.txt;template;legalreferences;4
F14+41.txt;against;functionwords;1
F14+41.txt;amounts;mathematicaloperators;1
F14+41.txt;article;legalreferences;4
F14+41.txt;between;functionwords;2
F14+41.txt;hedging;economicoperands;1
F14+41.txt;include;logicalconnectors;5
F14+41.txt;initial;economicoperands;1
F14+41.txt;managed;economicoperands;5
F14+41.txt;require;regulatoryoperators;1
F14+41.txt;through;functionwords;17
F14+41.txt;trading;economicoperands;6
F14+41.txt;assets;economicoperands;11
F14+41.txt;before;logicalconnectors;10
F14+41.txt;change;economicoperands;18
F14+41.txt;equity;economicoperands;1
F14+41.txt;hybrid;economicoperands;2
F14+41.txt;ifrs 9;legalreferences;15
F14+41.txt;income;economicoperands;1
F14+41.txt;levels;economicoperands;2
F14+41.txt;losses;economicoperands;3
F14+41.txt;option;economicoperands;4
F14+41.txt;period;economicoperands;10
F14+41.txt;profit;economicoperands;5
F14+41.txt;report;economicoperands;3
F14+41.txt;annex;legalreferences;23
F14+41.txt;basis;economicoperands;2
F14+41.txt;exist;economicoperands;1
F14+41.txt;gains;economicoperands;3
F14+41.txt;level;economicoperands;73
F14+41.txt;loans;economicoperands;17
F14+41.txt;other;logicalconnectors;13
F14+41.txt;shall;regulatoryoperators;11
F14+41.txt;short;economicoperands;3
F14+41.txt;taxes;economicoperands;10
F14+41.txt;their;functionwords;2
F14+41.txt;those;functionwords;1
F14+41.txt;under;functionwords;2
F14+41.txt;using;economicoperands;1
F14+41.txt;value;economicoperands;1
F14+41.txt;where;logicalconnectors;2
F14+41.txt;whole;functionwords;1
F14+41.txt;also;logicalconnectors;3
F14+41.txt;clas;other;1
F14+41.txt;from;functionwords;3
F14+41.txt;ifrs;legalreferences;147
F14+41.txt;made;functionwords;1
F14+41.txt;non-;logicalconnectors;11
F14+41.txt;part;functionwords;139
F14+41.txt;that;functionwords;2
F14+41.txt;this;functionwords;4
F14+41.txt;thus;logicalconnectors;2
F14+41.txt;301;legalreferences;1
F14+41.txt;and;logicalconnectors;21
F14+41.txt;are;functionwords;2
F14+41.txt;bad;economicoperands;13
F14+41.txt;crr;legalreferences;3
F14+41.txt;ecb;economicoperands;20
F14+41.txt;for;functionwords;15
F14+41.txt;the;functionwords;32
F14+41.txt;use;economicoperands;4
F14+41.txt;12;attributes;1
F14+41.txt;13;legalreferences;2
F14+41.txt;14;legalreferences;4
F14+41.txt;15;attributes;1
F14+41.txt;18;legalreferences;1
F14+41.txt;19;legalreferences;1
F14+41.txt;25;attributes;1
F14+41.txt;27;legalreferences;2
F14+41.txt;28;legalreferences;1
F14+41.txt;31;attributes;1
F14+41.txt;32;legalreferences;1
F14+41.txt;35;attributes;1
F14+41.txt;41;legalreferences;15
F14+41.txt;as;logicalconnectors;1
F14+41.txt;at;functionwords;4
F14+41.txt;be;functionwords;1
F14+41.txt;by;functionwords;2
F14+41.txt;ii;legalreferences;9
F14+41.txt;in;functionwords;24
F14+41.txt;it;functionwords;1
F14+41.txt;of;functionwords;18
F14+41.txt;on;functionwords;4
F14+41.txt;or;logicalconnectors;9
F14+41.txt;to;functionwords;4
F14+41.txt;1;attributes;38
F14+41.txt;2;attributes;48
F14+41.txt;3;attributes;30
F14+41.txt;4;attributes;4
F14+41.txt;5;attributes;6
F14+41.txt;6;attributes;14
F14+41.txt;7;attributes;5
F14+41.txt;8;attributes;19
