F25.txt;without planning permission;economicoperands;5
F25.txt;national gaap compatible;legalreferences;16
F25.txt;with planning permission;economicoperands;5
F25.txt;accumulated impairment;economicoperands;12
F25.txt;commercial real estate;economicoperands;6
F25.txt;financial instruments;economicoperands;5
F25.txt;have the same meaning;regulatoryoperators;1
F25.txt;reporting institution;economicoperands;1
F25.txt;with the exception of;logicalconnectors;1
F25.txt;financial instrument;economicoperands;4
F25.txt;collateral obtained;economicoperands;72
F25.txt;difference between;mathematicaloperators;1
F25.txt;immovable property;economicoperands;13
F25.txt;under construction;economicoperands;11
F25.txt;in the context of;functionwords;1
F25.txt;legal proceedings;economicoperands;1
F25.txt;taking possession;economicoperands;69
F25.txt;time passed since;economicoperands;24
F25.txt;transaction costs;economicoperands;2
F25.txt;reference period;economicoperands;1
F25.txt;carrying amount;economicoperands;68
F25.txt;closing balance;economicoperands;5
F25.txt;debt securities;economicoperands;5
F25.txt;in exchange for;economicoperands;4
F25.txt;irrespective of;logicalconnectors;3
F25.txt;opening balance;economicoperands;5
F25.txt;at the date of;logicalconnectors;1
F25.txt;be reported in;regulatoryoperators;2
F25.txt;broken down by;mathematicaloperators;1
F25.txt;derecognitions;economicoperands;1
F25.txt;financial year;economicoperands;2
F25.txt;in the form of;logicalconnectors;2
F25.txt;reconciliation;economicoperands;1
F25.txt;reference date;economicoperands;6
F25.txt;referred to in;functionwords;1
F25.txt;with regard to;logicalconnectors;5
F25.txt;as defined in;logicalconnectors;3
F25.txt;balance sheet;economicoperands;33
F25.txt;classified as;regulatoryoperators;36
F25.txt;derecognition;economicoperands;1
F25.txt;national gaap;legalreferences;16
F25.txt;point in time;economicoperands;3
F25.txt;regardless of;logicalconnectors;1
F25.txt;agricultural;economicoperands;6
F25.txt;appreciation;economicoperands;1
F25.txt;breakdown of;mathematicaloperators;1
F25.txt;cancellation;economicoperands;1
F25.txt;corporations;economicoperands;6
F25.txt;counterparty;economicoperands;2
F25.txt;depreciation;economicoperands;1
F25.txt;derecognised;economicoperands;3
F25.txt;derecognized;economicoperands;1
F25.txt;presentation;economicoperands;1
F25.txt;accumulated;economicoperands;35
F25.txt;acquisition;economicoperands;1
F25.txt;collections;economicoperands;1
F25.txt;commissions;economicoperands;1
F25.txt;credit risk;economicoperands;13
F25.txt;development;economicoperands;17
F25.txt;impairments;economicoperands;1
F25.txt;in addition;mathematicaloperators;4
F25.txt;information;economicoperands;7
F25.txt;institution;economicoperands;2
F25.txt;recognition;economicoperands;77
F25.txt;replacement;other;7
F25.txt;residential;economicoperands;5
F25.txt;accounting;economicoperands;2
F25.txt;by type of;logicalconnectors;1
F25.txt;calculated;economicoperands;1
F25.txt;collateral;economicoperands;63
F25.txt;commercial;economicoperands;6
F25.txt;considered;logicalconnectors;1
F25.txt;fair value;economicoperands;15
F25.txt;impairment;economicoperands;2
F25.txt;in case of;logicalconnectors;2
F25.txt;other than;logicalconnectors;30
F25.txt;paragraphs;legalreferences;3
F25.txt;permission;economicoperands;1
F25.txt;predefined;economicoperands;1
F25.txt;recognised;economicoperands;5
F25.txt;references;functionwords;41
F25.txt;separately;economicoperands;2
F25.txt;allocated;economicoperands;1
F25.txt;amount of;mathematicaloperators;2
F25.txt;beginning;logicalconnectors;3
F25.txt;collected;economicoperands;11
F25.txt;described;other;2
F25.txt;different;mathematicaloperators;2
F25.txt;equipment;economicoperands;36
F25.txt;excluding;logicalconnectors;6
F25.txt;execution;economicoperands;3
F25.txt;financing;economicoperands;5
F25.txt;following;other;1
F25.txt;migration;economicoperands;1
F25.txt;more than;mathematicaloperators;1
F25.txt;paragraph;legalreferences;4
F25.txt;processes;economicoperands;3
F25.txt;reduction;mathematicaloperators;24
F25.txt;valuation;economicoperands;2
F25.txt;voluntary;economicoperands;1
F25.txt;write-off;economicoperands;2
F25.txt;addition;mathematicaloperators;1
F25.txt;annex v.;legalreferences;413
F25.txt;based on;other;16
F25.txt;describe;other;1
F25.txt;equal to;logicalconnectors;1
F25.txt;exchange;economicoperands;2
F25.txt;exposure;economicoperands;4
F25.txt;financed;economicoperands;1
F25.txt;measured;economicoperands;1
F25.txt;negative;mathematicaloperators;41
F25.txt;obtained;economicoperands;7
F25.txt;of which;logicalconnectors;35
F25.txt;outflows;economicoperands;9
F25.txt;planning;economicoperands;1
F25.txt;policies;economicoperands;2
F25.txt;positive;economicoperands;6
F25.txt;property;economicoperands;41
F25.txt;provided;logicalconnectors;1
F25.txt;provides;economicoperands;1
F25.txt;received;economicoperands;2
F25.txt;reflects;economicoperands;1
F25.txt;relevant;attributes;1
F25.txt;replaced;other;1
F25.txt;reported;economicoperands;7
F25.txt;reversal;economicoperands;1
F25.txt;separate;economicoperands;2
F25.txt;template;legalreferences;7
F25.txt;transfer;economicoperands;1
F25.txt;2 years;attributes;23
F25.txt;5 years;attributes;20
F25.txt;amounts;mathematicaloperators;1
F25.txt;balance;economicoperands;24
F25.txt;between;functionwords;2
F25.txt;buckets;economicoperands;1
F25.txt;changes;economicoperands;49
F25.txt;current;attributes;10
F25.txt;granted;economicoperands;5
F25.txt;include;logicalconnectors;4
F25.txt;inflows;economicoperands;13
F25.txt;initial;economicoperands;56
F25.txt;movable;economicoperands;5
F25.txt;neither;logicalconnectors;1
F25.txt;of debt;economicoperands;1
F25.txt;outflow;economicoperands;15
F25.txt;part of;logicalconnectors;2
F25.txt;pledged;economicoperands;2
F25.txt;present;economicoperands;1
F25.txt;profits;economicoperands;6
F25.txt;provide;economicoperands;2
F25.txt;reasons;economicoperands;3
F25.txt;reflect;economicoperands;4
F25.txt;related;logicalconnectors;14
F25.txt;remains;economicoperands;1
F25.txt;such as;logicalconnectors;4
F25.txt;that is;logicalconnectors;1
F25.txt;whether;logicalconnectors;2
F25.txt;without;logicalconnectors;1
F25.txt;ageing;economicoperands;1
F25.txt;agents;economicoperands;1
F25.txt;amount;mathematicaloperators;1
F25.txt;assets;economicoperands;12
F25.txt;debtor;economicoperands;2
F25.txt;due to;logicalconnectors;32
F25.txt;during;logicalconnectors;19
F25.txt;duties;economicoperands;1
F25.txt;equity;economicoperands;5
F25.txt;inflow;economicoperands;9
F25.txt;losses;economicoperands;6
F25.txt;moment;economicoperands;2
F25.txt;number;economicoperands;7
F25.txt;passed;economicoperands;1
F25.txt;period;economicoperands;19
F25.txt;sum of;mathematicaloperators;1
F25.txt;basis;economicoperands;1
F25.txt;cases;economicoperands;2
F25.txt;costs;economicoperands;6
F25.txt;exact;mathematicaloperators;1
F25.txt;gross;economicoperands;13
F25.txt;other;logicalconnectors;6
F25.txt;plant;economicoperands;36
F25.txt;point;economicoperands;1
F25.txt;shall;regulatoryoperators;31
F25.txt;since;logicalconnectors;2
F25.txt;split;mathematicaloperators;1
F25.txt;still;logicalconnectors;1
F25.txt;stock;economicoperands;2
F25.txt;taxes;economicoperands;1
F25.txt;these;functionwords;1
F25.txt;those;functionwords;2
F25.txt;total;mathematicaloperators;8
F25.txt;types;economicoperands;3
F25.txt;value;economicoperands;64
F25.txt;where;logicalconnectors;4
F25.txt;which;functionwords;5
F25.txt;been;functionwords;1
F25.txt;both;logicalconnectors;2
F25.txt;cash;economicoperands;18
F25.txt;debt;economicoperands;24
F25.txt;each;logicalconnectors;1
F25.txt;fees;economicoperands;1
F25.txt;from;functionwords;9
F25.txt;held;economicoperands;11
F25.txt;ifrs;legalreferences;36
F25.txt;land;economicoperands;23
F25.txt;made;functionwords;1
F25.txt;mean;other;3
F25.txt;ones;attributes;1
F25.txt;paid;economicoperands;1
F25.txt;part;functionwords;528
F25.txt;pp&e;economicoperands;36
F25.txt;rows;economicoperands;1
F25.txt;sale;economicoperands;17
F25.txt;sold;economicoperands;5
F25.txt;that;functionwords;10
F25.txt;this;functionwords;6
F25.txt;time;economicoperands;1
F25.txt;type;economicoperands;4
F25.txt;used;economicoperands;1
F25.txt;well;attributes;1
F25.txt;were;functionwords;3
F25.txt;when;logicalconnectors;1
F25.txt;with;functionwords;8
F25.txt;341;legalreferences;2
F25.txt;342;legalreferences;12
F25.txt;343;legalreferences;15
F25.txt;and;logicalconnectors;73
F25.txt;bad;economicoperands;16
F25.txt;but;logicalconnectors;1
F25.txt;can;regulatoryoperators;1
F25.txt;end;logicalconnectors;1
F25.txt;for;functionwords;29
F25.txt;has;functionwords;1
F25.txt;i.e;functionwords;1
F25.txt;iii;legalreferences;1
F25.txt;net;economicoperands;8
F25.txt;new;economicoperands;9
F25.txt;non;logicalconnectors;10
F25.txt;nor;logicalconnectors;1
F25.txt;not;logicalconnectors;3
F25.txt;one;attributes;2
F25.txt;the;functionwords;117
F25.txt;two;attributes;1
F25.txt;was;functionwords;12
F25.txt;25;attributes;3
F25.txt;as;logicalconnectors;11
F25.txt;at;functionwords;63
F25.txt;be;functionwords;15
F25.txt;by;functionwords;80
F25.txt;ii;legalreferences;2
F25.txt;in;functionwords;58
F25.txt;is;functionwords;4
F25.txt;it;functionwords;3
F25.txt;of;functionwords;70
F25.txt;on;functionwords;9
F25.txt;or;logicalconnectors;5
F25.txt;to;functionwords;14
F25.txt;2;attributes;2
