F30.txt;reporting reference period;economicoperands;1
F30.txt;national gaap compatible;legalreferences;3
F30.txt;debt securities issued;economicoperands;2
F30.txt;reporting institution;economicoperands;13
F30.txt;for the purposes of;logicalconnectors;1
F30.txt;annexes iii and iv;legalreferences;1
F30.txt;equity instruments;economicoperands;4
F30.txt;off-balance sheet;economicoperands;5
F30.txt;asset management;economicoperands;4
F30.txt;financial assets;economicoperands;3
F30.txt;loan commitments;economicoperands;1
F30.txt;carrying amount;economicoperands;10
F30.txt;debt securities;economicoperands;3
F30.txt;nominal amount;economicoperands;6
F30.txt;securitisation;economicoperands;4
F30.txt;unconsolidated;economicoperands;10
F30.txt;balance sheet;economicoperands;9
F30.txt;national gaap;legalreferences;3
F30.txt;breakdown of;mathematicaloperators;2
F30.txt;derivatives;economicoperands;4
F30.txt;liabilities;economicoperands;2
F30.txt;activities;economicoperands;12
F30.txt;appendix a;legalreferences;4
F30.txt;as well as;logicalconnectors;1
F30.txt;fair value;economicoperands;2
F30.txt;impairment;economicoperands;1
F30.txt;liabilites;economicoperands;2
F30.txt;performing;economicoperands;4
F30.txt;recognised;economicoperands;8
F30.txt;references;functionwords;9
F30.txt;structured;economicoperands;10
F30.txt;this annex;legalreferences;1
F30.txt;exposures;economicoperands;4
F30.txt;financial;economicoperands;3
F30.txt;interests;economicoperands;8
F30.txt;liquidity;economicoperands;5
F30.txt;advances;economicoperands;3
F30.txt;annex v.;legalreferences;35
F30.txt;based on;other;3
F30.txt;deposits;economicoperands;2
F30.txt;entities;economicoperands;14
F30.txt;incurred;economicoperands;4
F30.txt;of which;logicalconnectors;8
F30.txt;selected;economicoperands;4
F30.txt;annex i;legalreferences;3
F30.txt;concern;logicalconnectors;1
F30.txt;current;attributes;3
F30.txt;granted;economicoperands;1
F30.txt;include;logicalconnectors;1
F30.txt;purpose;economicoperands;4
F30.txt;special;economicoperands;4
F30.txt;support;economicoperands;4
F30.txt;assets;economicoperands;1
F30.txt;commit;economicoperands;1
F30.txt;due to;logicalconnectors;1
F30.txt;during;logicalconnectors;1
F30.txt;equity;economicoperands;2
F30.txt;ifrs 9;legalreferences;4
F30.txt;issued;economicoperands;3
F30.txt;losses;economicoperands;5
F30.txt;nature;economicoperands;6
F30.txt;period;economicoperands;3
F30.txt;sum of;mathematicaloperators;1
F30.txt;annex;legalreferences;6
F30.txt;drawn;economicoperands;5
F30.txt;given;functionwords;6
F30.txt;loans;economicoperands;2
F30.txt;other;logicalconnectors;5
F30.txt;shall;regulatoryoperators;2
F30.txt;total;mathematicaloperators;1
F30.txt;which;functionwords;1
F30.txt;been;functionwords;1
F30.txt;have;functionwords;1
F30.txt;held;economicoperands;1
F30.txt;ifrs;legalreferences;23
F30.txt;loan;economicoperands;2
F30.txt;mean;other;1
F30.txt;non-;logicalconnectors;4
F30.txt;part;functionwords;40
F30.txt;that;functionwords;1
F30.txt;105;legalreferences;2
F30.txt;113;legalreferences;3
F30.txt;115;legalreferences;3
F30.txt;and;logicalconnectors;8
F30.txt;any;logicalconnectors;1
F30.txt;are;functionwords;1
F30.txt;bad;economicoperands;3
F30.txt;crr;legalreferences;9
F30.txt;ecb;economicoperands;4
F30.txt;off;functionwords;1
F30.txt;the;functionwords;30
F30.txt;12;attributes;6
F30.txt;22;legalreferences;1
F30.txt;25;attributes;1
F30.txt;30;attributes;3
F30.txt;36;legalreferences;1
F30.txt;by;functionwords;15
F30.txt;ii;legalreferences;2
F30.txt;in;functionwords;19
F30.txt;of;functionwords;18
F30.txt;to;functionwords;1
F30.txt;1;attributes;5
F30.txt;2;attributes;6
F30.txt;4;attributes;4
F30.txt;5;attributes;1
