C33.txt;generally accepted accounting principles;legalreferences;5
C33.txt;under the standardised approach;economicoperands;2
C33.txt;non-trading financial assets;economicoperands;4
C33.txt;international organisations;economicoperands;13
C33.txt;on-balance sheet exposures;economicoperands;5
C33.txt;counterparty credit risk;economicoperands;10
C33.txt;trading financial assets;economicoperands;12
C33.txt;lower of cost or market;economicoperands;2
C33.txt;off balance sheet items;economicoperands;1
C33.txt;reverse repurchase loan;economicoperands;1
C33.txt;accumulated impairment;economicoperands;6
C33.txt;credit risk mitigation;economicoperands;11
C33.txt;meet the definition of;regulatoryoperators;1
C33.txt;off-balance sheet item;economicoperands;1
C33.txt;risk weighted exposure;economicoperands;5
C33.txt;under the irb approach;economicoperands;2
C33.txt;accounting portfolios;economicoperands;10
C33.txt;chapter 3 of title ii;legalreferences;1
C33.txt;regardless of whether;logicalconnectors;2
C33.txt;reporting institution;economicoperands;3
C33.txt;standardised approach;economicoperands;11
C33.txt;with the exception of;logicalconnectors;10
C33.txt;accounting framework;economicoperands;1
C33.txt;accounting portfolio;economicoperands;1
C33.txt;capital requirements;economicoperands;1
C33.txt;comprehensive income;economicoperands;9
C33.txt;financial guarantees;economicoperands;2
C33.txt;financial instrument;economicoperands;1
C33.txt;that are included in;logicalconnectors;1
C33.txt;financial guarantee;economicoperands;1
C33.txt;for the purposes of;logicalconnectors;5
C33.txt;hedging instruments;economicoperands;2
C33.txt;reporting reference;economicoperands;7
C33.txt;under national gaap;legalreferences;1
C33.txt;within the scope of;logicalconnectors;3
C33.txt;credit derivatives;economicoperands;7
C33.txt;difference between;mathematicaloperators;1
C33.txt;for the purpose of;logicalconnectors;1
C33.txt;in accordance with;logicalconnectors;27
C33.txt;paragraphs 1 and 3;legalreferences;1
C33.txt;as referred to in;logicalconnectors;3
C33.txt;at amortised cost;economicoperands;3
C33.txt;cost-based method;economicoperands;3
C33.txt;off-balance sheet;economicoperands;6
C33.txt;trading portfolio;economicoperands;4
C33.txt;financial assets;economicoperands;57
C33.txt;has underwritten;economicoperands;1
C33.txt;held for trading;economicoperands;11
C33.txt;non-trading book;economicoperands;3
C33.txt;on-balance sheet;economicoperands;1
C33.txt;article 111 crr;legalreferences;1
C33.txt;article 112 crr;legalreferences;1
C33.txt;article 113 crr;legalreferences;1
C33.txt;article 153 crr;legalreferences;1
C33.txt;be allocated to;regulatoryoperators;3
C33.txt;be reported for;regulatoryoperators;2
C33.txt;carrying amount;economicoperands;34
C33.txt;debt instrument;economicoperands;2
C33.txt;loan commitment;economicoperands;2
C33.txt;notional amount;mathematicaloperators;8
C33.txt;on the basis of;logicalconnectors;2
C33.txt;be reported as;regulatoryoperators;1
C33.txt;be reported in;regulatoryoperators;12
C33.txt;broken down by;mathematicaloperators;2
C33.txt;capital charge;economicoperands;1
C33.txt;counterparties;economicoperands;1
C33.txt;in the form of;logicalconnectors;1
C33.txt;nominal amount;economicoperands;4
C33.txt;profit or loss;economicoperands;20
C33.txt;redistribution;economicoperands;10
C33.txt;reference date;economicoperands;3
C33.txt;reporting date;economicoperands;7
C33.txt;specifications;economicoperands;10
C33.txt;as defined in;logicalconnectors;10
C33.txt;at fair value;economicoperands;39
C33.txt;central banks;economicoperands;8
C33.txt;classified as;regulatoryoperators;3
C33.txt;credit losses;economicoperands;3
C33.txt;in particular;logicalconnectors;1
C33.txt;independently;economicoperands;1
C33.txt;jurisdictions;economicoperands;1
C33.txt;maturity date;economicoperands;1
C33.txt;national gaap;legalreferences;6
C33.txt;public sector;economicoperands;19
C33.txt;regardless of;logicalconnectors;1
C33.txt;breakdown by;mathematicaloperators;1
C33.txt;breakdown of;mathematicaloperators;11
C33.txt;counterparty;economicoperands;18
C33.txt;earlier than;mathematicaloperators;1
C33.txt;greater than;mathematicaloperators;6
C33.txt;implementing;regulatoryoperators;21
C33.txt;institutions;economicoperands;17
C33.txt;instructions;regulatoryoperators;21
C33.txt;irb approach;economicoperands;11
C33.txt;jurisdiction;economicoperands;3
C33.txt;laid down in;economicoperands;1
C33.txt;net position;economicoperands;1
C33.txt;paragraph 15;legalreferences;1
C33.txt;paragraph 16;legalreferences;3
C33.txt;relationship;economicoperands;2
C33.txt;requirements;regulatoryoperators;9
C33.txt;substitution;mathematicaloperators;12
C33.txt;trading book;economicoperands;2
C33.txt;accumulated;economicoperands;12
C33.txt;adjustments;mathematicaloperators;3
C33.txt;application;economicoperands;10
C33.txt;authorities;economicoperands;19
C33.txt;broken-down;mathematicaloperators;1
C33.txt;calculating;economicoperands;2
C33.txt;calculation;economicoperands;1
C33.txt;commitments;economicoperands;1
C33.txt;considering;logicalconnectors;4
C33.txt;contractual;economicoperands;4
C33.txt;credit risk;economicoperands;25
C33.txt;denominated;economicoperands;2
C33.txt;derivatives;economicoperands;36
C33.txt;governments;economicoperands;91
C33.txt;in addition;mathematicaloperators;1
C33.txt;in order to;logicalconnectors;1
C33.txt;in the same;logicalconnectors;2
C33.txt;information;economicoperands;3
C33.txt;institution;economicoperands;11
C33.txt;instruments;economicoperands;6
C33.txt;liabilities;economicoperands;2
C33.txt;mandatorily;regulatoryoperators;6
C33.txt;repurchased;economicoperands;3
C33.txt;transaction;economicoperands;1
C33.txt;aggregated;mathematicaloperators;2
C33.txt;allocation;economicoperands;1
C33.txt;appendix a;legalreferences;1
C33.txt;applicable;logicalconnectors;1
C33.txt;as follows;functionwords;1
C33.txt;calculated;economicoperands;1
C33.txt;commitment;economicoperands;1
C33.txt;completion;economicoperands;1
C33.txt;concerning;logicalconnectors;1
C33.txt;considered;logicalconnectors;5
C33.txt;defined in;regulatoryoperators;2
C33.txt;derivative;economicoperands;42
C33.txt;designated;regulatoryoperators;8
C33.txt;determined;regulatoryoperators;1
C33.txt;fair value;economicoperands;39
C33.txt;gaap based;legalreferences;4
C33.txt;government;economicoperands;26
C33.txt;guaranteed;economicoperands;1
C33.txt;impairment;economicoperands;1
C33.txt;instrument;economicoperands;1
C33.txt;memorandum;legalreferences;4
C33.txt;mitigation;economicoperands;1
C33.txt;other than;logicalconnectors;4
C33.txt;paragraphs;legalreferences;15
C33.txt;predefined;economicoperands;1
C33.txt;provisions;economicoperands;4
C33.txt;qualifying;economicoperands;2
C33.txt;regulation;economicoperands;22
C33.txt;regulatory;economicoperands;7
C33.txt;repurchase;economicoperands;1
C33.txt;securities;economicoperands;6
C33.txt;separately;economicoperands;1
C33.txt;subject to;logicalconnectors;21
C33.txt;techniques;economicoperands;11
C33.txt;this annex;legalreferences;5
C33.txt;thresholds;economicoperands;1
C33.txt;transition;economicoperands;1
C33.txt;under ifrs;legalreferences;10
C33.txt;accounted;economicoperands;4
C33.txt;addresses;economicoperands;2
C33.txt;aggregate;mathematicaloperators;11
C33.txt;allocated;economicoperands;13
C33.txt;amount of;mathematicaloperators;2
C33.txt;breakdown;mathematicaloperators;3
C33.txt;calculate;economicoperands;1
C33.txt;chapter 5;legalreferences;1
C33.txt;component;economicoperands;1
C33.txt;concluded;economicoperands;2
C33.txt;contracts;economicoperands;2
C33.txt;countries;economicoperands;1
C33.txt;different;mathematicaloperators;1
C33.txt;exposures;economicoperands;121
C33.txt;financial;economicoperands;2
C33.txt;following;other;1
C33.txt;framework;economicoperands;12
C33.txt;immediate;attributes;6
C33.txt;incidence;economicoperands;1
C33.txt;including;logicalconnectors;3
C33.txt;less than;mathematicaloperators;6
C33.txt;listed in;functionwords;3
C33.txt;paragraph;legalreferences;7
C33.txt;positions;economicoperands;23
C33.txt;provision;economicoperands;1
C33.txt;reference;functionwords;5
C33.txt;remaining;economicoperands;1
C33.txt;reporting;economicoperands;4
C33.txt;requested;regulatoryoperators;1
C33.txt;residence;economicoperands;2
C33.txt;specified;regulatoryoperators;11
C33.txt;valuation;economicoperands;3
C33.txt;weighting;mathematicaloperators;2
C33.txt;365 days;attributes;2
C33.txt;acquired;economicoperands;2
C33.txt;approach;economicoperands;7
C33.txt;articles;legalreferences;6
C33.txt;based on;other;9
C33.txt;borrowed;economicoperands;2
C33.txt;borrower;economicoperands;1
C33.txt;combined;mathematicaloperators;1
C33.txt;computed;mathematicaloperators;1
C33.txt;currency;economicoperands;2
C33.txt;domestic;economicoperands;1
C33.txt;economic;economicoperands;2
C33.txt;entities;economicoperands;19
C33.txt;expected;economicoperands;3
C33.txt;exposure;economicoperands;53
C33.txt;identify;economicoperands;1
C33.txt;included;logicalconnectors;11
C33.txt;indirect;economicoperands;1
C33.txt;informed;economicoperands;3
C33.txt;matching;economicoperands;1
C33.txt;maturity;economicoperands;18
C33.txt;measured;economicoperands;24
C33.txt;national;economicoperands;5
C33.txt;negative;mathematicaloperators;26
C33.txt;observed;economicoperands;1
C33.txt;of which;logicalconnectors;12
C33.txt;position;economicoperands;7
C33.txt;positive;economicoperands;12
C33.txt;provided;logicalconnectors;1
C33.txt;regional;economicoperands;19
C33.txt;reported;economicoperands;20
C33.txt;residual;economicoperands;14
C33.txt;sections;legalreferences;1
C33.txt;sentence;other;1
C33.txt;specific;functionwords;2
C33.txt;template;legalreferences;15
C33.txt;title ii;legalreferences;3
C33.txt;title iv;legalreferences;2
C33.txt;weighted;mathematicaloperators;3
C33.txt;90 days;attributes;2
C33.txt;against;functionwords;2
C33.txt;amounts;mathematicaloperators;1
C33.txt;annex v;legalreferences;22
C33.txt;article;legalreferences;32
C33.txt;assumed;logicalconnectors;1
C33.txt;balance;economicoperands;1
C33.txt;banking;economicoperands;1
C33.txt;between;functionwords;1
C33.txt;buckets;economicoperands;1
C33.txt;capital;economicoperands;2
C33.txt;central;economicoperands;32
C33.txt;changes;economicoperands;12
C33.txt;chapter;legalreferences;3
C33.txt;charges;economicoperands;2
C33.txt;classes;other;21
C33.txt;columns;legalreferences;15
C33.txt;country;economicoperands;3
C33.txt;divided;mathematicaloperators;1
C33.txt;effects;economicoperands;12
C33.txt;general;functionwords;68
C33.txt;hedging;economicoperands;4
C33.txt;however;functionwords;1
C33.txt;in case;logicalconnectors;1
C33.txt;include;logicalconnectors;4
C33.txt;lending;economicoperands;2
C33.txt;mapping;other;1
C33.txt;meaning;other;1
C33.txt;part of;logicalconnectors;1
C33.txt;prudent;attributes;3
C33.txt;regards;economicoperands;10
C33.txt;related;logicalconnectors;6
C33.txt;remarks;economicoperands;1
C33.txt;reverse;economicoperands;4
C33.txt;settled;economicoperands;2
C33.txt;that is;logicalconnectors;3
C33.txt;through;functionwords;29
C33.txt;trading;economicoperands;22
C33.txt;undrawn;economicoperands;1
C33.txt;used in;economicoperands;4
C33.txt;whereas;logicalconnectors;1
C33.txt;without;logicalconnectors;6
C33.txt;amount;mathematicaloperators;10
C33.txt;bucket;economicoperands;4
C33.txt;cannot;regulatoryoperators;1
C33.txt;column;legalreferences;14
C33.txt;covers;economicoperands;2
C33.txt;credit;economicoperands;1
C33.txt;direct;economicoperands;24
C33.txt;due to;logicalconnectors;26
C33.txt;entity;economicoperands;1
C33.txt;equity;economicoperands;9
C33.txt;exceed;mathematicaloperators;1
C33.txt;except;logicalconnectors;1
C33.txt;ias 37;legalreferences;1
C33.txt;ifrs 4;legalreferences;1
C33.txt;ifrs 9;legalreferences;4
C33.txt;market;economicoperands;16
C33.txt;netted;economicoperands;2
C33.txt;notice;economicoperands;2
C33.txt;obtain;economicoperands;1
C33.txt;period;economicoperands;2
C33.txt;reduce;mathematicaloperators;1
C33.txt;second;attributes;2
C33.txt;sector;economicoperands;1
C33.txt;solely;logicalconnectors;2
C33.txt;sum of;mathematicaloperators;1
C33.txt;values;economicoperands;1
C33.txt;about;functionwords;2
C33.txt;above;functionwords;3
C33.txt;apply;logicalconnectors;10
C33.txt;arise;economicoperands;3
C33.txt;based;other;2
C33.txt;basis;economicoperands;1
C33.txt;class;other;11
C33.txt;cover;economicoperands;1
C33.txt;drawn;economicoperands;1
C33.txt;equal;logicalconnectors;6
C33.txt;first;attributes;1
C33.txt;funds;economicoperands;9
C33.txt;given;functionwords;3
C33.txt;gross;economicoperands;6
C33.txt;has a;functionwords;2
C33.txt;items;other;1
C33.txt;loans;economicoperands;4
C33.txt;local;economicoperands;19
C33.txt;other;logicalconnectors;35
C33.txt;point;economicoperands;14
C33.txt;scope;economicoperands;2
C33.txt;shall;regulatoryoperators;45
C33.txt;short;economicoperands;21
C33.txt;table;other;3
C33.txt;their;functionwords;1
C33.txt;there;functionwords;1
C33.txt;these;functionwords;7
C33.txt;those;functionwords;6
C33.txt;three;attributes;6
C33.txt;total;mathematicaloperators;20
C33.txt;under;functionwords;21
C33.txt;value;economicoperands;7
C33.txt;where;logicalconnectors;11
C33.txt;which;functionwords;18
C33.txt;while;logicalconnectors;2
C33.txt;whose;functionwords;2
C33.txt;also;logicalconnectors;1
C33.txt;bank;economicoperands;1
C33.txt;both;logicalconnectors;8
C33.txt;cost;economicoperands;2
C33.txt;date;economicoperands;9
C33.txt;days;attributes;9
C33.txt;each;logicalconnectors;3
C33.txt;from;functionwords;24
C33.txt;gaap;legalreferences;5
C33.txt;have;functionwords;2
C33.txt;here;functionwords;2
C33.txt;ifrs;legalreferences;11
C33.txt;item;other;4
C33.txt;loan;economicoperands;1
C33.txt;made;functionwords;1
C33.txt;more;mathematicaloperators;5
C33.txt;non-;logicalconnectors;54
C33.txt;only;logicalconnectors;5
C33.txt;part;functionwords;25
C33.txt;risk;economicoperands;29
C33.txt;rows;economicoperands;8
C33.txt;same;logicalconnectors;3
C33.txt;sold;economicoperands;7
C33.txt;tech;economicoperands;1
C33.txt;that;functionwords;32
C33.txt;they;functionwords;5
C33.txt;this;functionwords;35
C33.txt;used;economicoperands;1
C33.txt;were;functionwords;1
C33.txt;when;logicalconnectors;8
C33.txt;with;functionwords;34
C33.txt;zero;attributes;2
C33.txt;102;legalreferences;1
C33.txt;110;legalreferences;1
C33.txt;115;legalreferences;1
C33.txt;119;legalreferences;1
C33.txt;120;legalreferences;2
C33.txt;125;attributes;2
C33.txt;133;attributes;2
C33.txt;140;legalreferences;2
C33.txt;150;attributes;1
C33.txt;all;logicalconnectors;10
C33.txt;and;logicalconnectors;93
C33.txt;are;functionwords;40
C33.txt;bad;economicoperands;16
C33.txt;can;regulatoryoperators;1
C33.txt;crr;legalreferences;26
C33.txt;for;functionwords;55
C33.txt;has;functionwords;1
C33.txt;how;functionwords;3
C33.txt;i.e;functionwords;1
C33.txt;irb;economicoperands;1
C33.txt;net;economicoperands;5
C33.txt;non;logicalconnectors;4
C33.txt;nor;logicalconnectors;1
C33.txt;not;logicalconnectors;19
C33.txt;one;attributes;3
C33.txt;own;functionwords;9
C33.txt;row;economicoperands;11
C33.txt;see;other;7
C33.txt;the;functionwords;239
C33.txt;two;attributes;1
C33.txt;yet;logicalconnectors;2
C33.txt;11;legalreferences;1
C33.txt;12;attributes;1
C33.txt;15;attributes;2
C33.txt;22;legalreferences;2
C33.txt;27;legalreferences;2
C33.txt;28;legalreferences;1
C33.txt;32;legalreferences;1
C33.txt;35;attributes;1
C33.txt;36;legalreferences;1
C33.txt;42;legalreferences;2
C33.txt;43;legalreferences;1
C33.txt;44;legalreferences;1
C33.txt;an;functionwords;4
C33.txt;as;logicalconnectors;30
C33.txt;at;functionwords;21
C33.txt;be;functionwords;28
C33.txt;by;functionwords;38
C33.txt;do;functionwords;1
C33.txt;if;logicalconnectors;1
C33.txt;ii;legalreferences;4
C33.txt;in;functionwords;49
C33.txt;is;functionwords;29
C33.txt;it;functionwords;3
C33.txt;no;logicalconnectors;1
C33.txt;of;functionwords;160
C33.txt;on;functionwords;27
C33.txt;or;logicalconnectors;56
C33.txt;sa;economicoperands;3
C33.txt;to;functionwords;135
C33.txt;1;attributes;19
C33.txt;2;attributes;14
C33.txt;3;attributes;9
C33.txt;4;attributes;5
C33.txt;5;attributes;1
C33.txt;6;attributes;4
C33.txt;7;attributes;3
C33.txt;8;attributes;11
C33.txt;9;attributes;1
