C21.txt;under the standardised approach;economicoperands;1
C21.txt;regulatory technical standards;economicoperands;1
C21.txt;standardised approach;economicoperands;2
C21.txt;delegated regulation;legalreferences;2
C21.txt;delta plus approach;economicoperands;3
C21.txt;taking into account;regulatoryoperators;1
C21.txt;for the purpose of;logicalconnectors;1
C21.txt;in accordance with;logicalconnectors;8
C21.txt;paragraphs 2 and 3;legalreferences;1
C21.txt;as referred to in;logicalconnectors;3
C21.txt;sub-underwritten;economicoperands;1
C21.txt;where applicable;logicalconnectors;1
C21.txt;exchange traded;economicoperands;5
C21.txt;exposure amount;economicoperands;3
C21.txt;non-delta risks;economicoperands;3
C21.txt;be reported in;regulatoryoperators;2
C21.txt;capital charge;economicoperands;5
C21.txt;multiplication;mathematicaloperators;1
C21.txt;with regard to;logicalconnectors;2
C21.txt;appropriately;attributes;1
C21.txt;correspondent;economicoperands;3
C21.txt;corresponding;logicalconnectors;1
C21.txt;supplementing;mathematicaloperators;1
C21.txt;third parties;economicoperands;1
C21.txt;according to;regulatoryoperators;1
C21.txt;breakdown by;mathematicaloperators;1
C21.txt;implementing;regulatoryoperators;3
C21.txt;instructions;regulatoryoperators;1
C21.txt;requirements;regulatoryoperators;13
C21.txt;subparagraph;other;1
C21.txt;trading book;economicoperands;5
C21.txt;underwriting;economicoperands;1
C21.txt;accordingly;logicalconnectors;1
C21.txt;calculation;economicoperands;4
C21.txt;derivatives;economicoperands;4
C21.txt;information;economicoperands;2
C21.txt;instruments;economicoperands;3
C21.txt;liabilities;economicoperands;2
C21.txt;requirement;regulatoryoperators;4
C21.txt;additional;mathematicaloperators;5
C21.txt;approaches;economicoperands;1
C21.txt;as well as;logicalconnectors;2
C21.txt;breakdowns;mathematicaloperators;1
C21.txt;calculated;economicoperands;1
C21.txt;commission;economicoperands;4
C21.txt;concerning;logicalconnectors;1
C21.txt;considered;logicalconnectors;1
C21.txt;continuous;economicoperands;1
C21.txt;definition;regulatoryoperators;1
C21.txt;other than;logicalconnectors;1
C21.txt;particular;logicalconnectors;3
C21.txt;regulation;economicoperands;4
C21.txt;separately;economicoperands;2
C21.txt;simplified;economicoperands;1
C21.txt;subject to;logicalconnectors;11
C21.txt;subscribed;economicoperands;1
C21.txt;belonging;logicalconnectors;1
C21.txt;breakdown;mathematicaloperators;2
C21.txt;countries;economicoperands;1
C21.txt;different;mathematicaloperators;1
C21.txt;excluding;logicalconnectors;2
C21.txt;following;other;1
C21.txt;including;logicalconnectors;1
C21.txt;positions;economicoperands;26
C21.txt;reporting;economicoperands;1
C21.txt;section 3;legalreferences;2
C21.txt;standards;economicoperands;1
C21.txt;technical;economicoperands;1
C21.txt;approach;economicoperands;4
C21.txt;articles;legalreferences;2
C21.txt;equities;economicoperands;10
C21.txt;european;economicoperands;2
C21.txt;included;logicalconnectors;3
C21.txt;national;economicoperands;2
C21.txt;position;economicoperands;5
C21.txt;relevant;attributes;2
C21.txt;requests;regulatoryoperators;1
C21.txt;residual;economicoperands;1
C21.txt;scenario;economicoperands;1
C21.txt;sentence;other;3
C21.txt;specific;functionwords;5
C21.txt;template;legalreferences;3
C21.txt;title iv;legalreferences;4
C21.txt;warrants;economicoperands;1
C21.txt;article;legalreferences;12
C21.txt;chapter;legalreferences;4
C21.txt;council;economicoperands;2
C21.txt;country;economicoperands;1
C21.txt;defined;regulatoryoperators;1
C21.txt;futures;economicoperands;8
C21.txt;general;functionwords;6
C21.txt;indices;economicoperands;1
C21.txt;markets;economicoperands;2
C21.txt;options;economicoperands;4
C21.txt;receive;economicoperands;1
C21.txt;related;logicalconnectors;2
C21.txt;remarks;economicoperands;1
C21.txt;request;regulatoryoperators;1
C21.txt;treated;economicoperands;3
C21.txt;assets;economicoperands;2
C21.txt;column;legalreferences;1
C21.txt;equity;economicoperands;2
C21.txt;except;logicalconnectors;1
C21.txt;filled;economicoperands;1
C21.txt;former;economicoperands;1
C21.txt;linked;economicoperands;1
C21.txt;market;economicoperands;6
C21.txt;matrix;mathematicaloperators;1
C21.txt;method;economicoperands;2
C21.txt;netted;economicoperands;1
C21.txt;result;economicoperands;1
C21.txt;second;attributes;3
C21.txt;static;economicoperands;1
C21.txt;basis;economicoperands;1
C21.txt;first;attributes;1
C21.txt;funds;economicoperands;11
C21.txt;gamma;economicoperands;1
C21.txt;gross;economicoperands;1
C21.txt;index;economicoperands;8
C21.txt;other;logicalconnectors;6
C21.txt;point;economicoperands;2
C21.txt;shall;regulatoryoperators;5
C21.txt;short;economicoperands;6
C21.txt;stock;economicoperands;8
C21.txt;their;functionwords;1
C21.txt;these;functionwords;1
C21.txt;those;functionwords;2
C21.txt;three;attributes;4
C21.txt;total;mathematicaloperators;4
C21.txt;area;economicoperands;2
C21.txt;both;logicalconnectors;1
C21.txt;cell;legalreferences;1
C21.txt;down;functionwords;1
C21.txt;each;logicalconnectors;1
C21.txt;held;economicoperands;1
C21.txt;list;functionwords;1
C21.txt;long;economicoperands;6
C21.txt;must;regulatoryoperators;1
C21.txt;non-;logicalconnectors;1
C21.txt;only;logicalconnectors;2
C21.txt;part;functionwords;4
C21.txt;plus;functionwords;2
C21.txt;read;other;1
C21.txt;risk;economicoperands;22
C21.txt;rows;economicoperands;6
C21.txt;term;other;1
C21.txt;than;functionwords;2
C21.txt;that;functionwords;1
C21.txt;this;functionwords;3
C21.txt;used;economicoperands;2
C21.txt;vega;economicoperands;1
C21.txt;102;legalreferences;1
C21.txt;105;legalreferences;1
C21.txt;341;legalreferences;1
C21.txt;342;legalreferences;1
C21.txt;343;legalreferences;2
C21.txt;all;logicalconnectors;5
C21.txt;and;logicalconnectors;20
C21.txt;any;logicalconnectors;1
C21.txt;are;functionwords;2
C21.txt;but;logicalconnectors;1
C21.txt;crr;legalreferences;17
C21.txt;for;functionwords;17
C21.txt;has;functionwords;2
C21.txt;net;economicoperands;4
C21.txt;not;logicalconnectors;3
C21.txt;one;attributes;1
C21.txt;out;functionwords;1
C21.txt;own;functionwords;11
C21.txt;pre;economicoperands;1
C21.txt;row;economicoperands;1
C21.txt;see;other;1
C21.txt;the;functionwords;31
C21.txt;12;attributes;4
C21.txt;13;legalreferences;2
C21.txt;15;attributes;1
C21.txt;as;logicalconnectors;2
C21.txt;be;functionwords;6
C21.txt;by;functionwords;3
C21.txt;eu;economicoperands;6
C21.txt;in;functionwords;17
C21.txt;no;logicalconnectors;6
C21.txt;of;functionwords;33
C21.txt;on;functionwords;2
C21.txt;or;logicalconnectors;1
C21.txt;sa;economicoperands;2
C21.txt;to;functionwords;6
C21.txt;1;attributes;2
C21.txt;2;attributes;4
C21.txt;3;attributes;2
C21.txt;4;attributes;4
C21.txt;5;attributes;1
