C32.02.txt;internal risk management;economicoperands;1
C32.02.txt;on a consolidated basis;mathematicaloperators;1
C32.02.txt;expert based approach;economicoperands;10
C32.02.txt;can be identified as;regulatoryoperators;8
C32.02.txt;delegated regulation;legalreferences;58
C32.02.txt;for the purposes of;logicalconnectors;1
C32.02.txt;taking into account;regulatoryoperators;2
C32.02.txt;difference between;mathematicaloperators;4
C32.02.txt;for the purpose of;logicalconnectors;4
C32.02.txt;in accordance with;logicalconnectors;32
C32.02.txt;paragraphs 2 and 3;legalreferences;5
C32.02.txt;as referred to in;logicalconnectors;1
C32.02.txt;early termination;economicoperands;12
C32.02.txt;operational risks;economicoperands;1
C32.02.txt;value adjustments;economicoperands;7
C32.02.txt;carrying amounts;economicoperands;1
C32.02.txt;corresponding to;logicalconnectors;10
C32.02.txt;foreign exchange;economicoperands;6
C32.02.txt;non-trading book;economicoperands;1
C32.02.txt;operational risk;economicoperands;8
C32.02.txt;be allocated to;regulatoryoperators;1
C32.02.txt;diversification;economicoperands;28
C32.02.txt;on the basis of;logicalconnectors;1
C32.02.txt;with respect to;logicalconnectors;1
C32.02.txt;administration;economicoperands;1
C32.02.txt;administrative;economicoperands;5
C32.02.txt;interest rates;economicoperands;6
C32.02.txt;referred to in;functionwords;7
C32.02.txt;reporting date;economicoperands;2
C32.02.txt;trading system;economicoperands;1
C32.02.txt;alternatively;logicalconnectors;1
C32.02.txt;applicable to;logicalconnectors;1
C32.02.txt;balance sheet;economicoperands;1
C32.02.txt;correspond to;logicalconnectors;1
C32.02.txt;corresponding;logicalconnectors;1
C32.02.txt;credit spread;economicoperands;2
C32.02.txt;deducted from;mathematicaloperators;2
C32.02.txt;determination;regulatoryoperators;1
C32.02.txt;excluded from;logicalconnectors;5
C32.02.txt;in particular;logicalconnectors;3
C32.02.txt;in respect of;logicalconnectors;1
C32.02.txt;regardless of;logicalconnectors;1
C32.02.txt;risk category;economicoperands;3
C32.02.txt;approximated;mathematicaloperators;2
C32.02.txt;article 4(1);legalreferences;5
C32.02.txt;concentrated;economicoperands;4
C32.02.txt;counterparty;economicoperands;1
C32.02.txt;distribution;economicoperands;1
C32.02.txt;expectations;economicoperands;1
C32.02.txt;institutions;economicoperands;6
C32.02.txt;instructions;regulatoryoperators;5
C32.02.txt;market price;economicoperands;20
C32.02.txt;nevertheless;logicalconnectors;1
C32.02.txt;participants;economicoperands;3
C32.02.txt;respectively;logicalconnectors;2
C32.02.txt;substituting;mathematicaloperators;2
C32.02.txt;trading book;economicoperands;8
C32.02.txt;verification;economicoperands;1
C32.02.txt;accordingly;logicalconnectors;1
C32.02.txt;adjustments;mathematicaloperators;6
C32.02.txt;aggregation;mathematicaloperators;3
C32.02.txt;alternative;logicalconnectors;1
C32.02.txt;appropriate;attributes;2
C32.02.txt;calculation;economicoperands;1
C32.02.txt;commodities;economicoperands;6
C32.02.txt;composition;economicoperands;1
C32.02.txt;computation;mathematicaloperators;16
C32.02.txt;contractual;economicoperands;2
C32.02.txt;description;other;3
C32.02.txt;determining;regulatoryoperators;2
C32.02.txt;differences;mathematicaloperators;1
C32.02.txt;explanation;economicoperands;4
C32.02.txt;independent;economicoperands;2
C32.02.txt;information;economicoperands;8
C32.02.txt;institution;economicoperands;15
C32.02.txt;instruments;economicoperands;2
C32.02.txt;larger than;mathematicaloperators;2
C32.02.txt;liabilities;economicoperands;36
C32.02.txt;methodology;economicoperands;2
C32.02.txt;potentially;other;1
C32.02.txt;recognition;economicoperands;1
C32.02.txt;referred to;functionwords;1
C32.02.txt;risk factor;economicoperands;1
C32.02.txt;terminology;economicoperands;1
C32.02.txt;uncertainty;economicoperands;34
C32.02.txt;accounting;economicoperands;3
C32.02.txt;addressing;economicoperands;8
C32.02.txt;adjustment;mathematicaloperators;11
C32.02.txt;aggregated;mathematicaloperators;4
C32.02.txt;allocation;economicoperands;6
C32.02.txt;as set out;logicalconnectors;6
C32.02.txt;as well as;logicalconnectors;1
C32.02.txt;attributed;functionwords;1
C32.02.txt;calculated;economicoperands;31
C32.02.txt;calibrated;economicoperands;2
C32.02.txt;categories;economicoperands;6
C32.02.txt;commission;economicoperands;1
C32.02.txt;compensate;economicoperands;2
C32.02.txt;concerning;logicalconnectors;1
C32.02.txt;confidence;economicoperands;1
C32.02.txt;considered;logicalconnectors;5
C32.02.txt;consistent;logicalconnectors;2
C32.02.txt;definition;regulatoryoperators;1
C32.02.txt;derivative;economicoperands;1
C32.02.txt;determined;regulatoryoperators;2
C32.02.txt;difference;mathematicaloperators;8
C32.02.txt;equivalent;logicalconnectors;2
C32.02.txt;fair value;economicoperands;12
C32.02.txt;fair-value;economicoperands;1
C32.02.txt;individual;economicoperands;4
C32.02.txt;investment;economicoperands;6
C32.02.txt;memorandum;legalreferences;4
C32.02.txt;model risk;economicoperands;20
C32.02.txt;observable;economicoperands;1
C32.02.txt;offsetting;economicoperands;8
C32.02.txt;portfolios;economicoperands;12
C32.02.txt;prudential;economicoperands;1
C32.02.txt;reduced by;mathematicaloperators;4
C32.02.txt;regulation;economicoperands;5
C32.02.txt;respective;logicalconnectors;2
C32.02.txt;separately;economicoperands;4
C32.02.txt;settlement;economicoperands;1
C32.02.txt;subject to;logicalconnectors;3
C32.02.txt;unadjusted;economicoperands;3
C32.02.txt;unrealised;economicoperands;4
C32.02.txt;valuations;economicoperands;4
C32.02.txt;adjusting;mathematicaloperators;2
C32.02.txt;aggregate;mathematicaloperators;1
C32.02.txt;allocated;economicoperands;4
C32.02.txt;available;economicoperands;1
C32.02.txt;breakdown;mathematicaloperators;1
C32.02.txt;calculate;economicoperands;10
C32.02.txt;certainty;economicoperands;2
C32.02.txt;completed;economicoperands;1
C32.02.txt;compliant;regulatoryoperators;1
C32.02.txt;concerned;logicalconnectors;1
C32.02.txt;confident;economicoperands;1
C32.02.txt;contracts;economicoperands;1
C32.02.txt;delegated;economicoperands;6
C32.02.txt;described;other;2
C32.02.txt;developed;economicoperands;1
C32.02.txt;different;mathematicaloperators;4
C32.02.txt;exceeding;mathematicaloperators;1
C32.02.txt;excluding;logicalconnectors;1
C32.02.txt;existence;economicoperands;2
C32.02.txt;explained;economicoperands;3
C32.02.txt;exposures;economicoperands;5
C32.02.txt;following;other;4
C32.02.txt;generated;economicoperands;1
C32.02.txt;inception;economicoperands;4
C32.02.txt;inclusion;logicalconnectors;2
C32.02.txt;indicated;economicoperands;1
C32.02.txt;investing;economicoperands;5
C32.02.txt;judgement;economicoperands;2
C32.02.txt;more than;mathematicaloperators;4
C32.02.txt;otherwise;logicalconnectors;1
C32.02.txt;parameter;economicoperands;1
C32.02.txt;performed;economicoperands;2
C32.02.txt;plausible;economicoperands;2
C32.02.txt;portfolio;economicoperands;5
C32.02.txt;positions;economicoperands;22
C32.02.txt;potential;economicoperands;1
C32.02.txt;reflected;economicoperands;2
C32.02.txt;structure;economicoperands;1
C32.02.txt;technique;economicoperands;1
C32.02.txt;therefore;logicalconnectors;1
C32.02.txt;threshold;economicoperands;10
C32.02.txt;treatment;economicoperands;1
C32.02.txt;valuation;economicoperands;28
C32.02.txt;absolute;mathematicaloperators;22
C32.02.txt;adjusted;mathematicaloperators;1
C32.02.txt;allocate;economicoperands;2
C32.02.txt;approach;economicoperands;23
C32.02.txt;articles;legalreferences;24
C32.02.txt;assessed;economicoperands;16
C32.02.txt;at first;logicalconnectors;1
C32.02.txt;based on;other;3
C32.02.txt;benefits;economicoperands;10
C32.02.txt;business;economicoperands;2
C32.02.txt;captured;economicoperands;2
C32.02.txt;category;economicoperands;21
C32.02.txt;compared;logicalconnectors;1
C32.02.txt;computed;mathematicaloperators;7
C32.02.txt;computes;mathematicaloperators;1
C32.02.txt;deferral;economicoperands;2
C32.02.txt;end date;economicoperands;1
C32.02.txt;equities;economicoperands;6
C32.02.txt;excludes;logicalconnectors;1
C32.02.txt;expected;economicoperands;1
C32.02.txt;exposure;economicoperands;1
C32.02.txt;generate;economicoperands;1
C32.02.txt;included;logicalconnectors;11
C32.02.txt;includes;logicalconnectors;6
C32.02.txt;incurred;economicoperands;1
C32.02.txt;matching;economicoperands;8
C32.02.txt;notional;mathematicaloperators;5
C32.02.txt;observed;economicoperands;1
C32.02.txt;of which;logicalconnectors;32
C32.02.txt;overview;economicoperands;1
C32.02.txt;position;economicoperands;10
C32.02.txt;possible;regulatoryoperators;3
C32.02.txt;provided;logicalconnectors;3
C32.02.txt;prudence;attributes;1
C32.02.txt;purposes;economicoperands;2
C32.02.txt;received;economicoperands;1
C32.02.txt;relevant;attributes;12
C32.02.txt;reported;economicoperands;17
C32.02.txt;required;regulatoryoperators;2
C32.02.txt;reserves;economicoperands;1
C32.02.txt;revenues;economicoperands;1
C32.02.txt;specific;functionwords;1
C32.02.txt;stemming;economicoperands;4
C32.02.txt;template;legalreferences;4
C32.02.txt;unearned;economicoperands;8
C32.02.txt;amounts;mathematicaloperators;8
C32.02.txt;anymore;logicalconnectors;4
C32.02.txt;applied;logicalconnectors;11
C32.02.txt;arising;economicoperands;3
C32.02.txt;article;legalreferences;56
C32.02.txt;because;logicalconnectors;1
C32.02.txt;benefit;economicoperands;11
C32.02.txt;between;functionwords;5
C32.02.txt;chapter;legalreferences;1
C32.02.txt;columns;legalreferences;10
C32.02.txt;default;economicoperands;1
C32.02.txt;despite;functionwords;1
C32.02.txt;develop;economicoperands;1
C32.02.txt;exactly;mathematicaloperators;8
C32.02.txt;factors;mathematicaloperators;3
C32.02.txt;funding;economicoperands;13
C32.02.txt;general;functionwords;1
C32.02.txt;hedging;economicoperands;1
C32.02.txt;mapping;other;1
C32.02.txt;monthly;attributes;1
C32.02.txt;outside;functionwords;1
C32.02.txt;premium;economicoperands;3
C32.02.txt;process;economicoperands;2
C32.02.txt;product;economicoperands;1
C32.02.txt;provide;economicoperands;2
C32.02.txt;prudent;attributes;3
C32.02.txt;purpose;economicoperands;1
C32.02.txt;quarter;attributes;1
C32.02.txt;records;economicoperands;1
C32.02.txt;reflect;economicoperands;12
C32.02.txt;remarks;economicoperands;1
C32.02.txt;revenue;economicoperands;5
C32.02.txt;setting;economicoperands;1
C32.02.txt;spreads;economicoperands;9
C32.02.txt;that is;logicalconnectors;1
C32.02.txt;thereof;functionwords;1
C32.02.txt;trading;economicoperands;2
C32.02.txt;treated;economicoperands;1
C32.02.txt;across;functionwords;1
C32.02.txt;adjust;mathematicaloperators;1
C32.02.txt;assets;economicoperands;36
C32.02.txt;before;logicalconnectors;1
C32.02.txt;better;mathematicaloperators;2
C32.02.txt;charge;economicoperands;1
C32.02.txt;chosen;economicoperands;1
C32.02.txt;column;legalreferences;4
C32.02.txt;credit;economicoperands;16
C32.02.txt;differ;mathematicaloperators;1
C32.02.txt;due to;logicalconnectors;1
C32.02.txt;during;logicalconnectors;1
C32.02.txt;either;logicalconnectors;1
C32.02.txt;exceed;mathematicaloperators;1
C32.02.txt;except;logicalconnectors;1
C32.02.txt;expert;economicoperands;6
C32.02.txt;factor;mathematicaloperators;1
C32.02.txt;future;economicoperands;11
C32.02.txt;ifrs 9;legalreferences;1
C32.02.txt;inputs;economicoperands;2
C32.02.txt;losses;economicoperands;3
C32.02.txt;market;economicoperands;6
C32.02.txt;method;economicoperands;17
C32.02.txt;models;economicoperands;2
C32.02.txt;normal;attributes;1
C32.02.txt;prices;economicoperands;2
C32.02.txt;profit;economicoperands;4
C32.02.txt;quotes;economicoperands;1
C32.02.txt;reason;economicoperands;2
C32.02.txt;source;economicoperands;8
C32.02.txt;sum of;mathematicaloperators;11
C32.02.txt;traded;economicoperands;1
C32.02.txt;trades;economicoperands;1
C32.02.txt;unless;logicalconnectors;1
C32.02.txt;upside;economicoperands;10
C32.02.txt;valued;economicoperands;41
C32.02.txt;values;economicoperands;3
C32.02.txt;volume;economicoperands;1
C32.02.txt;within;logicalconnectors;2
C32.02.txt;about;functionwords;1
C32.02.txt;above;functionwords;3
C32.02.txt;after;logicalconnectors;4
C32.02.txt;annex;legalreferences;1
C32.02.txt;apply;logicalconnectors;3
C32.02.txt;based;other;4
C32.02.txt;basis;economicoperands;3
C32.02.txt;being;functionwords;1
C32.02.txt;below;functionwords;1
C32.02.txt;books;economicoperands;1
C32.02.txt;close;economicoperands;20
C32.02.txt;costs;economicoperands;37
C32.02.txt;could;functionwords;1
C32.02.txt;cover;economicoperands;1
C32.02.txt;daily;attributes;1
C32.02.txt;desks;economicoperands;2
C32.02.txt;fully;economicoperands;1
C32.02.txt;funds;economicoperands;2
C32.02.txt;gains;economicoperands;2
C32.02.txt;given;functionwords;3
C32.02.txt;input;economicoperands;2
C32.02.txt;items;other;1
C32.02.txt;leads;economicoperands;2
C32.02.txt;level;economicoperands;29
C32.02.txt;lines;economicoperands;2
C32.02.txt;model;economicoperands;10
C32.02.txt;month;attributes;2
C32.02.txt;other;logicalconnectors;4
C32.02.txt;point;economicoperands;15
C32.02.txt;price;economicoperands;6
C32.02.txt;range;economicoperands;3
C32.02.txt;refer;functionwords;1
C32.02.txt;risks;economicoperands;1
C32.02.txt;scope;economicoperands;4
C32.02.txt;shall;regulatoryoperators;22
C32.02.txt;share;economicoperands;3
C32.02.txt;since;logicalconnectors;3
C32.02.txt;sizes;economicoperands;1
C32.02.txt;terms;other;1
C32.02.txt;their;functionwords;3
C32.02.txt;these;functionwords;1
C32.02.txt;those;functionwords;2
C32.02.txt;total;mathematicaloperators;40
C32.02.txt;under;functionwords;35
C32.02.txt;using;economicoperands;21
C32.02.txt;valid;economicoperands;1
C32.02.txt;value;economicoperands;46
C32.02.txt;where;logicalconnectors;6
C32.02.txt;which;functionwords;12
C32.02.txt;would;functionwords;2
C32.02.txt;also;logicalconnectors;4
C32.02.txt;back;economicoperands;10
C32.02.txt;been;functionwords;1
C32.02.txt;best;mathematicaloperators;1
C32.02.txt;both;logicalconnectors;1
C32.02.txt;core;economicoperands;9
C32.02.txt;cost;economicoperands;8
C32.02.txt;data;economicoperands;1
C32.02.txt;date;economicoperands;1
C32.02.txt;each;logicalconnectors;4
C32.02.txt;exit;economicoperands;5
C32.02.txt;fact;economicoperands;2
C32.02.txt;fair;economicoperands;48
C32.02.txt;fall;economicoperands;10
C32.02.txt;firm;economicoperands;1
C32.02.txt;form;economicoperands;1
C32.02.txt;from;functionwords;8
C32.02.txt;give;functionwords;1
C32.02.txt;have;functionwords;17
C32.02.txt;held;economicoperands;1
C32.02.txt;ifrs;legalreferences;1
C32.02.txt;into;functionwords;1
C32.02.txt;item;other;4
C32.02.txt;last;attributes;1
C32.02.txt;lead;economicoperands;1
C32.02.txt;made;functionwords;1
C32.02.txt;mean;other;1
C32.02.txt;most;mathematicaloperators;1
C32.02.txt;much;functionwords;1
C32.02.txt;non-;logicalconnectors;1
C32.02.txt;only;logicalconnectors;3
C32.02.txt;paid;economicoperands;1
C32.02.txt;plus;functionwords;1
C32.02.txt;post;economicoperands;4
C32.02.txt;rely;economicoperands;1
C32.02.txt;rise;other;1
C32.02.txt;risk;economicoperands;10
C32.02.txt;rows;economicoperands;27
C32.02.txt;same;logicalconnectors;11
C32.02.txt;sets;economicoperands;1
C32.02.txt;size;economicoperands;1
C32.02.txt;some;logicalconnectors;1
C32.02.txt;such;functionwords;2
C32.02.txt;that;functionwords;36
C32.02.txt;they;functionwords;4
C32.02.txt;this;functionwords;8
C32.02.txt;thus;logicalconnectors;7
C32.02.txt;used;economicoperands;7
C32.02.txt;when;logicalconnectors;3
C32.02.txt;will;functionwords;1
C32.02.txt;with;functionwords;1
C32.02.txt;zero;attributes;15
C32.02.txt;100;attributes;4
C32.02.txt;101;legalreferences;64
C32.02.txt;105;legalreferences;12
C32.02.txt;180;attributes;1
C32.02.txt;all;logicalconnectors;4
C32.02.txt;and;logicalconnectors;114
C32.02.txt;are;functionwords;29
C32.02.txt;but;logicalconnectors;3
C32.02.txt;can;regulatoryoperators;2
C32.02.txt;crr;legalreferences;12
C32.02.txt;day;attributes;7
C32.02.txt;did;functionwords;1
C32.02.txt;end;logicalconnectors;2
C32.02.txt;for;functionwords;36
C32.02.txt;has;functionwords;1
C32.02.txt;i.e;functionwords;3
C32.02.txt;iii;legalreferences;1
C32.02.txt;may;regulatoryoperators;3
C32.02.txt;net;economicoperands;3
C32.02.txt;not;logicalconnectors;14
C32.02.txt;one;attributes;2
C32.02.txt;out;functionwords;20
C32.02.txt;own;functionwords;2
C32.02.txt;p&l;economicoperands;4
C32.02.txt;pre;economicoperands;8
C32.02.txt;row;economicoperands;27
C32.02.txt;see;other;1
C32.02.txt;sum;mathematicaloperators;1
C32.02.txt;the;functionwords;213
C32.02.txt;use;economicoperands;1
C32.02.txt;was;functionwords;2
C32.02.txt;why;logicalconnectors;2
C32.02.txt;10;attributes;39
C32.02.txt;11;legalreferences;11
C32.02.txt;12;attributes;6
C32.02.txt;13;legalreferences;5
C32.02.txt;14;legalreferences;2
C32.02.txt;15;attributes;1
C32.02.txt;16;legalreferences;1
C32.02.txt;17;legalreferences;11
C32.02.txt;25;attributes;4
C32.02.txt;90;attributes;7
C32.02.txt;an;functionwords;6
C32.02.txt;as;logicalconnectors;23
C32.02.txt;at;functionwords;11
C32.02.txt;be;functionwords;22
C32.02.txt;by;functionwords;11
C32.02.txt;do;functionwords;2
C32.02.txt;eu;economicoperands;64
C32.02.txt;ii;legalreferences;1
C32.02.txt;in;functionwords;58
C32.02.txt;is;functionwords;6
C32.02.txt;it;functionwords;2
C32.02.txt;no;logicalconnectors;1
C32.02.txt;of;functionwords;179
C32.02.txt;on;functionwords;14
C32.02.txt;or;logicalconnectors;35
C32.02.txt;to;functionwords;79
C32.02.txt;1;attributes;14
C32.02.txt;2;attributes;46
C32.02.txt;3;attributes;6
C32.02.txt;4;attributes;7
C32.02.txt;5;attributes;2
C32.02.txt;6;attributes;10
C32.02.txt;7;attributes;20
C32.02.txt;8;attributes;3
C32.02.txt;9;attributes;27
