F09.txt;credit-impaired instruments;economicoperands;24
F09.txt;off-balance sheet component;economicoperands;1
F09.txt;non-financial corporations;economicoperands;24
F09.txt;national gaap compatible;legalreferences;22
F09.txt;that meet the definition;logicalconnectors;1
F09.txt;this part of this annex;legalreferences;1
F09.txt;accumulated impairment;economicoperands;1
F09.txt;credit risk mitigation;economicoperands;1
F09.txt;financial corporations;economicoperands;24
F09.txt;meet the definition of;regulatoryoperators;3
F09.txt;repurchase agreements;economicoperands;1
F09.txt;appendix a to ifrs 9;legalreferences;1
F09.txt;financial guarantees;economicoperands;60
F09.txt;financial instrument;economicoperands;1
F09.txt;terms and conditions;economicoperands;3
F09.txt;financial guarantee;economicoperands;4
F09.txt;under national gaap;legalreferences;2
F09.txt;within the scope of;logicalconnectors;3
F09.txt;credit derivatives;economicoperands;2
F09.txt;in accordance with;logicalconnectors;5
F09.txt;are considered as;regulatoryoperators;1
F09.txt;as referred to in;logicalconnectors;1
F09.txt;credit facilities;economicoperands;4
F09.txt;impairment stages;economicoperands;2
F09.txt;off-balance sheet;economicoperands;30
F09.txt;credit- impaired;economicoperands;16
F09.txt;financial assets;economicoperands;1
F09.txt;loan commitments;economicoperands;27
F09.txt;on-balance sheet;economicoperands;3
F09.txt;self-liquidating;economicoperands;1
F09.txt;be allocated to;regulatoryoperators;1
F09.txt;carrying amount;economicoperands;1
F09.txt;credit-impaired;economicoperands;9
F09.txt;debt instrument;economicoperands;3
F09.txt;nominal amounts;economicoperands;1
F09.txt;non- performing;economicoperands;4
F09.txt;standby letters;economicoperands;1
F09.txt;be reported as;regulatoryoperators;3
F09.txt;be reported in;regulatoryoperators;4
F09.txt;broken down by;mathematicaloperators;1
F09.txt;loss allowance;economicoperands;1
F09.txt;nominal amount;economicoperands;42
F09.txt;profit or loss;economicoperands;2
F09.txt;referred to in;functionwords;1
F09.txt;required to be;regulatoryoperators;1
F09.txt;at fair value;economicoperands;11
F09.txt;balance sheet;economicoperands;2
F09.txt;central banks;economicoperands;24
F09.txt;classified as;regulatoryoperators;3
F09.txt;credit losses;economicoperands;5
F09.txt;derecognition;economicoperands;2
F09.txt;in particular;logicalconnectors;1
F09.txt;national gaap;legalreferences;4
F09.txt;pre-specified;economicoperands;2
F09.txt;regardless of;logicalconnectors;1
F09.txt;together with;logicalconnectors;1
F09.txt;trade finance;economicoperands;1
F09.txt;underwritings;economicoperands;1
F09.txt;below-market;economicoperands;1
F09.txt;committed to;economicoperands;2
F09.txt;consequently;functionwords;2
F09.txt;consistently;attributes;1
F09.txt;counterparty;economicoperands;2
F09.txt;endorsements;economicoperands;1
F09.txt;enhancements;economicoperands;1
F09.txt;except where;logicalconnectors;1
F09.txt;institutions;economicoperands;27
F09.txt;requirements;regulatoryoperators;3
F09.txt;transactions;economicoperands;1
F09.txt;acceptances;economicoperands;1
F09.txt;accumulated;economicoperands;10
F09.txt;appropriate;attributes;2
F09.txt;broken down;mathematicaloperators;1
F09.txt;commitments;economicoperands;75
F09.txt;credit risk;economicoperands;44
F09.txt;derivatives;economicoperands;4
F09.txt;documentary;economicoperands;2
F09.txt;governments;economicoperands;24
F09.txt;indemnities;economicoperands;1
F09.txt;information;economicoperands;1
F09.txt;institution;economicoperands;4
F09.txt;instruments;economicoperands;39
F09.txt;irrevocable;economicoperands;2
F09.txt;liabilities;economicoperands;1
F09.txt;measurement;mathematicaloperators;1
F09.txt;obligations;economicoperands;1
F09.txt;performance;economicoperands;2
F09.txt;receivables;economicoperands;1
F09.txt;recognition;economicoperands;32
F09.txt;referred to;functionwords;1
F09.txt;significant;attributes;32
F09.txt;substitutes;mathematicaloperators;2
F09.txt;transaction;economicoperands;1
F09.txt;acceptance;economicoperands;2
F09.txt;agreements;economicoperands;4
F09.txt;appendix a;legalreferences;3
F09.txt;as well as;logicalconnectors;2
F09.txt;collateral;economicoperands;2
F09.txt;commitment;economicoperands;3
F09.txt;components;economicoperands;1
F09.txt;conditions;economicoperands;1
F09.txt;considered;logicalconnectors;5
F09.txt;conversion;economicoperands;1
F09.txt;cumulative;mathematicaloperators;1
F09.txt;definition;regulatoryoperators;1
F09.txt;delivering;economicoperands;1
F09.txt;designated;regulatoryoperators;1
F09.txt;determined;regulatoryoperators;1
F09.txt;facilities;economicoperands;4
F09.txt;fair value;economicoperands;10
F09.txt;guaranteed;economicoperands;2
F09.txt;guarantees;economicoperands;7
F09.txt;households;economicoperands;24
F09.txt;impairment;economicoperands;23
F09.txt;instrument;economicoperands;1
F09.txt;mitigation;economicoperands;1
F09.txt;obligation;economicoperands;1
F09.txt;originated;economicoperands;17
F09.txt;paragraphs;legalreferences;2
F09.txt;performing;economicoperands;24
F09.txt;provisions;economicoperands;19
F09.txt;recognised;economicoperands;2
F09.txt;references;functionwords;28
F09.txt;represents;economicoperands;1
F09.txt;securities;economicoperands;2
F09.txt;separately;economicoperands;2
F09.txt;subject to;logicalconnectors;3
F09.txt;substitute;mathematicaloperators;1
F09.txt;techniques;economicoperands;1
F09.txt;transferee;economicoperands;1
F09.txt;under ifrs;legalreferences;37
F09.txt;underlying;economicoperands;1
F09.txt;warranties;economicoperands;1
F09.txt;amount of;mathematicaloperators;6
F09.txt;character;economicoperands;3
F09.txt;committed;economicoperands;1
F09.txt;component;economicoperands;1
F09.txt;confirmed;economicoperands;1
F09.txt;contracts;economicoperands;5
F09.txt;dedicated;economicoperands;2
F09.txt;directive;legalreferences;1
F09.txt;exposures;economicoperands;8
F09.txt;financial;economicoperands;8
F09.txt;following;other;5
F09.txt;guarantee;economicoperands;7
F09.txt;guarantor;economicoperands;2
F09.txt;including;logicalconnectors;3
F09.txt;listed in;functionwords;3
F09.txt;more than;mathematicaloperators;1
F09.txt;paragraph;legalreferences;2
F09.txt;provision;economicoperands;9
F09.txt;purchased;economicoperands;18
F09.txt;reimburse;economicoperands;1
F09.txt;remaining;economicoperands;1
F09.txt;reporting;economicoperands;1
F09.txt;revocable;economicoperands;1
F09.txt;revolving;economicoperands;1
F09.txt;specified;regulatoryoperators;5
F09.txt;templates;legalreferences;1
F09.txt;therefore;logicalconnectors;1
F09.txt;annex v.;legalreferences;263
F09.txt;applying;logicalconnectors;2
F09.txt;based on;other;1
F09.txt;combined;mathematicaloperators;1
F09.txt;comprise;logicalconnectors;3
F09.txt;covering;economicoperands;1
F09.txt;criteria;economicoperands;4
F09.txt;deposits;economicoperands;1
F09.txt;exchange;economicoperands;1
F09.txt;expected;economicoperands;4
F09.txt;exposure;economicoperands;2
F09.txt;identify;economicoperands;1
F09.txt;includes;logicalconnectors;1
F09.txt;increase;mathematicaloperators;32
F09.txt;issuance;economicoperands;1
F09.txt;maturity;economicoperands;1
F09.txt;measured;economicoperands;28
F09.txt;modified;other;1
F09.txt;negative;mathematicaloperators;10
F09.txt;normally;attributes;1
F09.txt;of which;logicalconnectors;19
F09.txt;original;economicoperands;1
F09.txt;outright;attributes;1
F09.txt;payments;economicoperands;1
F09.txt;provided;logicalconnectors;1
F09.txt;purchase;economicoperands;2
F09.txt;received;economicoperands;13
F09.txt;recourse;economicoperands;1
F09.txt;relevant;attributes;1
F09.txt;reported;economicoperands;4
F09.txt;shipment;economicoperands;1
F09.txt;shipping;economicoperands;1
F09.txt;template;legalreferences;8
F09.txt;account;economicoperands;1
F09.txt;actions;economicoperands;1
F09.txt;advance;economicoperands;1
F09.txt;against;functionwords;1
F09.txt;annex i;legalreferences;29
F09.txt;annex v;legalreferences;28
F09.txt;another;functionwords;1
F09.txt;applied;logicalconnectors;1
F09.txt;article;legalreferences;1
F09.txt;balance;economicoperands;2
F09.txt;because;logicalconnectors;2
F09.txt;changes;economicoperands;10
F09.txt;columns;legalreferences;2
F09.txt;credits;economicoperands;2
F09.txt;customs;economicoperands;1
F09.txt;factors;mathematicaloperators;1
F09.txt;forward;economicoperands;2
F09.txt;general;functionwords;24
F09.txt;include;logicalconnectors;4
F09.txt;initial;economicoperands;34
F09.txt;issuing;economicoperands;1
F09.txt;maximum;mathematicaloperators;8
F09.txt;outside;functionwords;1
F09.txt;payment;economicoperands;1
F09.txt;portion;economicoperands;1
F09.txt;provide;economicoperands;5
F09.txt;require;regulatoryoperators;1
F09.txt;settled;economicoperands;1
F09.txt;that is;logicalconnectors;2
F09.txt;through;functionwords;2
F09.txt;undrawn;economicoperands;6
F09.txt;without;logicalconnectors;17
F09.txt;agreed;economicoperands;1
F09.txt;amount;mathematicaloperators;8
F09.txt;assets;economicoperands;2
F09.txt;before;logicalconnectors;1
F09.txt;called;economicoperands;2
F09.txt;column;legalreferences;2
F09.txt;credit;economicoperands;30
F09.txt;debtor;economicoperands;1
F09.txt;deemed;regulatoryoperators;1
F09.txt;due to;logicalconnectors;10
F09.txt;entity;economicoperands;2
F09.txt;exceed;mathematicaloperators;1
F09.txt;except;logicalconnectors;1
F09.txt;graphs;economicoperands;1
F09.txt;having;functionwords;3
F09.txt;holder;economicoperands;1
F09.txt;ias 37;legalreferences;27
F09.txt;ifrs 4;legalreferences;27
F09.txt;ifrs 9;legalreferences;62
F09.txt;income;economicoperands;1
F09.txt;incurs;economicoperands;1
F09.txt;issued;economicoperands;2
F09.txt;issuer;economicoperands;1
F09.txt;option;economicoperands;1
F09.txt;points;economicoperands;1
F09.txt;report;economicoperands;3
F09.txt;return;economicoperands;1
F09.txt;shares;economicoperands;1
F09.txt;taking;other;1
F09.txt;tender;economicoperands;2
F09.txt;unable;economicoperands;1
F09.txt;unpaid;economicoperands;1
F09.txt;values;economicoperands;1
F09.txt;annex;legalreferences;7
F09.txt;asset;economicoperands;1
F09.txt;bills;economicoperands;1
F09.txt;bonds;economicoperands;2
F09.txt;fails;economicoperands;1
F09.txt;given;functionwords;28
F09.txt;goods;economicoperands;1
F09.txt;gross;economicoperands;1
F09.txt;ifrs9;legalreferences;32
F09.txt;items;other;7
F09.txt;other;logicalconnectors;63
F09.txt;party;economicoperands;1
F09.txt;price;economicoperands;1
F09.txt;scope;economicoperands;1
F09.txt;shall;regulatoryoperators;33
F09.txt;since;logicalconnectors;32
F09.txt;stage;economicoperands;48
F09.txt;terms;other;1
F09.txt;these;functionwords;1
F09.txt;those;functionwords;8
F09.txt;total;mathematicaloperators;2
F09.txt;trade;economicoperands;1
F09.txt;under;functionwords;12
F09.txt;value;economicoperands;1
F09.txt;where;logicalconnectors;10
F09.txt;which;functionwords;5
F09.txt;would;functionwords;2
F09.txt;acts;economicoperands;1
F09.txt;been;functionwords;1
F09.txt;best;mathematicaloperators;1
F09.txt;bill;economicoperands;1
F09.txt;both;logicalconnectors;2
F09.txt;cash;economicoperands;1
F09.txt;cost;economicoperands;1
F09.txt;date;economicoperands;2
F09.txt;face;economicoperands;1
F09.txt;firm;economicoperands;1
F09.txt;have;functionwords;2
F09.txt;held;economicoperands;2
F09.txt;ifrs;legalreferences;245
F09.txt;item;other;1
F09.txt;lend;economicoperands;4
F09.txt;less;mathematicaloperators;1
F09.txt;loan;economicoperands;1
F09.txt;loss;economicoperands;1
F09.txt;make;functionwords;2
F09.txt;meet;economicoperands;2
F09.txt;more;mathematicaloperators;1
F09.txt;non-;logicalconnectors;19
F09.txt;note;economicoperands;1
F09.txt;once;attributes;1
F09.txt;only;logicalconnectors;2
F09.txt;paid;economicoperands;1
F09.txt;part;functionwords;320
F09.txt;rate;economicoperands;1
F09.txt;sale;economicoperands;2
F09.txt;that;functionwords;19
F09.txt;they;functionwords;8
F09.txt;this;functionwords;3
F09.txt;with;functionwords;18
F09.txt;102;legalreferences;2
F09.txt;103;legalreferences;11
F09.txt;104;legalreferences;1
F09.txt;105;legalreferences;17
F09.txt;106;legalreferences;1
F09.txt;107;legalreferences;1
F09.txt;108;legalreferences;9
F09.txt;109;legalreferences;13
F09.txt;110;legalreferences;1
F09.txt;113;legalreferences;10
F09.txt;115;legalreferences;10
F09.txt;119;legalreferences;1
F09.txt;all;logicalconnectors;1
F09.txt;and;logicalconnectors;80
F09.txt;any;logicalconnectors;2
F09.txt;are;functionwords;19
F09.txt;bad;economicoperands;1
F09.txt;but;logicalconnectors;17
F09.txt;can;regulatoryoperators;6
F09.txt;crr;legalreferences;29
F09.txt;due;attributes;1
F09.txt;for;functionwords;14
F09.txt;has;functionwords;4
F09.txt;may;regulatoryoperators;1
F09.txt;met;functionwords;1
F09.txt;net;economicoperands;1
F09.txt;non;logicalconnectors;5
F09.txt;not;logicalconnectors;23
F09.txt;off;functionwords;1
F09.txt;one;attributes;1
F09.txt;pay;economicoperands;3
F09.txt;pre;economicoperands;1
F09.txt;tax;economicoperands;1
F09.txt;the;functionwords;86
F09.txt;12;attributes;1
F09.txt;17;legalreferences;2
F09.txt;an;functionwords;3
F09.txt;as;logicalconnectors;2
F09.txt;at;functionwords;4
F09.txt;be;functionwords;25
F09.txt;by;functionwords;4
F09.txt;do;functionwords;3
F09.txt;if;logicalconnectors;2
F09.txt;ii;legalreferences;8
F09.txt;in;functionwords;62
F09.txt;is;functionwords;4
F09.txt;it;functionwords;1
F09.txt;of;functionwords;45
F09.txt;on;functionwords;31
F09.txt;or;logicalconnectors;32
F09.txt;to;functionwords;24
F09.txt;1;attributes;16
F09.txt;2;attributes;21
F09.txt;3;attributes;17
F09.txt;4;attributes;8
F09.txt;5;attributes;75
F09.txt;7;attributes;65
F09.txt;8;attributes;2
F09.txt;9;attributes;37
