F32.txt;asset-backed securities;economicoperands;2
F32.txt;on a consolidated basis;mathematicaloperators;1
F32.txt;contingent liabilities;economicoperands;1
F32.txt;debt securities issued;economicoperands;11
F32.txt;financial corporations;economicoperands;4
F32.txt;non-encumbered assets;economicoperands;2
F32.txt;reporting institution;economicoperands;4
F32.txt;repurchase agreements;economicoperands;2
F32.txt;financial guarantees;economicoperands;1
F32.txt;equity instruments;economicoperands;3
F32.txt;immovable property;economicoperands;2
F32.txt;loan commitments;economicoperands;1
F32.txt;over-the-counter;economicoperands;1
F32.txt;carrying amount;economicoperands;4
F32.txt;debt securities;economicoperands;5
F32.txt;securitisations;economicoperands;7
F32.txt;collateralised;economicoperands;3
F32.txt;securitisation;economicoperands;1
F32.txt;central banks;economicoperands;2
F32.txt;of securities;economicoperands;1
F32.txt;central bank;economicoperands;9
F32.txt;derivatives;economicoperands;1
F32.txt;encumbrance;economicoperands;9
F32.txt;governments;economicoperands;3
F32.txt;in any case;logicalconnectors;1
F32.txt;liabilities;economicoperands;2
F32.txt;collateral;economicoperands;13
F32.txt;encumbered;economicoperands;9
F32.txt;fair value;economicoperands;8
F32.txt;other than;logicalconnectors;6
F32.txt;securities;economicoperands;1
F32.txt;underlying;economicoperands;1
F32.txt;available;economicoperands;6
F32.txt;financial;economicoperands;3
F32.txt;mezzanine;economicoperands;1
F32.txt;advances;economicoperands;3
F32.txt;borrowed;economicoperands;1
F32.txt;deposits;economicoperands;2
F32.txt;eligible;economicoperands;14
F32.txt;entities;economicoperands;7
F32.txt;matching;economicoperands;1
F32.txt;of which;logicalconnectors;49
F32.txt;received;economicoperands;14
F32.txt;retained;economicoperands;2
F32.txt;selected;economicoperands;1
F32.txt;template;legalreferences;1
F32.txt;covered;economicoperands;10
F32.txt;general;functionwords;3
F32.txt;nominal;economicoperands;5
F32.txt;pledged;economicoperands;3
F32.txt;sources;economicoperands;3
F32.txt;assets;economicoperands;9
F32.txt;demand;economicoperands;6
F32.txt;filled;economicoperands;2
F32.txt;issued;economicoperands;22
F32.txt;senior;economicoperands;1
F32.txt;bonds;economicoperands;10
F32.txt;first;attributes;1
F32.txt;group;economicoperands;7
F32.txt;loans;economicoperands;11
F32.txt;other;logicalconnectors;12
F32.txt;total;mathematicaloperators;2
F32.txt;cash;economicoperands;1
F32.txt;from;functionwords;1
F32.txt;hqla;economicoperands;9
F32.txt;lent;economicoperands;1
F32.txt;loss;economicoperands;1
F32.txt;non-;logicalconnectors;6
F32.txt;pool;economicoperands;1
F32.txt;used;economicoperands;1
F32.txt;with;functionwords;3
F32.txt;100;attributes;4
F32.txt;105;legalreferences;1
F32.txt;110;legalreferences;3
F32.txt;120;legalreferences;3
F32.txt;140;legalreferences;2
F32.txt;150;attributes;2
F32.txt;180;attributes;1
F32.txt;210;attributes;1
F32.txt;220;legalreferences;1
F32.txt;250;attributes;1
F32.txt;and;logicalconnectors;21
F32.txt;for;functionwords;6
F32.txt;non;logicalconnectors;4
F32.txt;not;logicalconnectors;5
F32.txt;own;functionwords;15
F32.txt;the;functionwords;12
F32.txt;yet;logicalconnectors;3
F32.txt;be;functionwords;2
F32.txt;by;functionwords;16
F32.txt;of;functionwords;30
F32.txt;on;functionwords;6
F32.txt;or;logicalconnectors;8
F32.txt;to;functionwords;2
