F45.txt;national gaap compatible;legalreferences;4
F45.txt;reporting institution;economicoperands;1
F45.txt;accounting portfolio;economicoperands;3
F45.txt;comprehensive income;economicoperands;1
F45.txt;non-financial assets;economicoperands;6
F45.txt;intangible assets;economicoperands;3
F45.txt;value adjustments;economicoperands;1
F45.txt;financial assets;economicoperands;7
F45.txt;operating income;economicoperands;8
F45.txt;re-measurements;mathematicaloperators;1
F45.txt;tangible assets;economicoperands;4
F45.txt;vertical layout;other;1
F45.txt;administrative;economicoperands;1
F45.txt;broken down by;mathematicaloperators;1
F45.txt;profit or loss;economicoperands;15
F45.txt;at fair value;economicoperands;12
F45.txt;classified as;regulatoryoperators;1
F45.txt;derecognition;economicoperands;6
F45.txt;national gaap;legalreferences;4
F45.txt;according to;regulatoryoperators;1
F45.txt;breakdown of;mathematicaloperators;3
F45.txt;derecognised;economicoperands;1
F45.txt;broken down;mathematicaloperators;1
F45.txt;commodities;economicoperands;1
F45.txt;credit risk;economicoperands;3
F45.txt;institution;economicoperands;2
F45.txt;investments;economicoperands;1
F45.txt;liabilities;economicoperands;9
F45.txt;recognition;economicoperands;1
F45.txt;accounting;economicoperands;1
F45.txt;activities;economicoperands;1
F45.txt;designated;regulatoryoperators;11
F45.txt;fair value;economicoperands;7
F45.txt;investment;economicoperands;10
F45.txt;other than;logicalconnectors;5
F45.txt;references;functionwords;11
F45.txt;cognition;economicoperands;1
F45.txt;elsewhere;logicalconnectors;1
F45.txt;equipment;economicoperands;2
F45.txt;financial;economicoperands;3
F45.txt;following;other;1
F45.txt;operating;economicoperands;7
F45.txt;recognise;economicoperands;1
F45.txt;statement;economicoperands;3
F45.txt;annex v.;legalreferences;20
F45.txt;based on;other;4
F45.txt;expenses;economicoperands;14
F45.txt;holdings;economicoperands;1
F45.txt;included;logicalconnectors;2
F45.txt;incurred;economicoperands;1
F45.txt;measured;economicoperands;4
F45.txt;mismatch;economicoperands;1
F45.txt;obtained;economicoperands;1
F45.txt;precious;economicoperands;1
F45.txt;property;economicoperands;12
F45.txt;reported;economicoperands;2
F45.txt;selected;economicoperands;3
F45.txt;because;logicalconnectors;1
F45.txt;changes;economicoperands;4
F45.txt;current;attributes;5
F45.txt;enlarge;economicoperands;1
F45.txt;include;logicalconnectors;4
F45.txt;issuers;economicoperands;1
F45.txt;leasing;economicoperands;1
F45.txt;returns;economicoperands;1
F45.txt;through;functionwords;11
F45.txt;assets;economicoperands;4
F45.txt;change;economicoperands;1
F45.txt;chosen;economicoperands;1
F45.txt;column;legalreferences;2
F45.txt;create;economicoperands;1
F45.txt;direct;economicoperands;1
F45.txt;due to;logicalconnectors;3
F45.txt;income;economicoperands;5
F45.txt;leases;economicoperands;4
F45.txt;lessee;economicoperands;1
F45.txt;lessor;economicoperands;1
F45.txt;losses;economicoperands;13
F45.txt;metals;economicoperands;1
F45.txt;period;economicoperands;5
F45.txt;rental;economicoperands;1
F45.txt;among;logicalconnectors;1
F45.txt;asset;economicoperands;2
F45.txt;costs;economicoperands;3
F45.txt;gains;economicoperands;13
F45.txt;items;other;5
F45.txt;model;economicoperands;3
F45.txt;other;logicalconnectors;20
F45.txt;plant;economicoperands;2
F45.txt;shall;regulatoryoperators;8
F45.txt;those;functionwords;1
F45.txt;using;economicoperands;3
F45.txt;where;logicalconnectors;1
F45.txt;would;functionwords;1
F45.txt;been;functionwords;1
F45.txt;each;logicalconnectors;1
F45.txt;fair;economicoperands;1
F45.txt;from;functionwords;2
F45.txt;gain;economicoperands;1
F45.txt;gold;economicoperands;1
F45.txt;ifrs;legalreferences;16
F45.txt;item;other;2
F45.txt;less;mathematicaloperators;1
F45.txt;line;economicoperands;1
F45.txt;loss;economicoperands;1
F45.txt;only;logicalconnectors;1
F45.txt;part;functionwords;20
F45.txt;rest;logicalconnectors;1
F45.txt;sell;economicoperands;1
F45.txt;that;functionwords;1
F45.txt;them;functionwords;1
F45.txt;type;economicoperands;1
F45.txt;with;functionwords;1
F45.txt;312;legalreferences;1
F45.txt;313;legalreferences;1
F45.txt;314;legalreferences;1
F45.txt;315;legalreferences;1
F45.txt;and;logicalconnectors;20
F45.txt;bad;economicoperands;5
F45.txt;for;functionwords;3
F45.txt;has;functionwords;2
F45.txt;not;logicalconnectors;1
F45.txt;own;functionwords;1
F45.txt;the;functionwords;21
F45.txt;27;legalreferences;1
F45.txt;29;legalreferences;1
F45.txt;45;attributes;3
F45.txt;an;functionwords;1
F45.txt;as;logicalconnectors;2
F45.txt;be;functionwords;4
F45.txt;by;functionwords;4
F45.txt;in;functionwords;12
F45.txt;of;functionwords;18
F45.txt;on;functionwords;14
F45.txt;or;logicalconnectors;17
F45.txt;to;functionwords;2
F45.txt;6;attributes;1
