F14.txt;non-trading financial assets;economicoperands;2
F14.txt;national gaap compatible;legalreferences;5
F14.txt;trading financial assets;economicoperands;1
F14.txt;debt securities issued;economicoperands;5
F14.txt;financial instruments;economicoperands;4
F14.txt;comprehensive income;economicoperands;2
F14.txt;under national gaap;legalreferences;1
F14.txt;equity instruments;economicoperands;10
F14.txt;in accordance with;logicalconnectors;1
F14.txt;financial assets;economicoperands;8
F14.txt;hedge accounting;economicoperands;4
F14.txt;held for trading;economicoperands;4
F14.txt;where applicable;logicalconnectors;2
F14.txt;debt securities;economicoperands;11
F14.txt;loss accounting;economicoperands;3
F14.txt;re-measurements;mathematicaloperators;1
F14.txt;be reported as;regulatoryoperators;1
F14.txt;profit or loss;economicoperands;5
F14.txt;reference date;economicoperands;1
F14.txt;reporting date;economicoperands;1
F14.txt;at fair value;economicoperands;15
F14.txt;national gaap;legalreferences;7
F14.txt;according to;regulatoryoperators;1
F14.txt;institutions;economicoperands;2
F14.txt;measurements;mathematicaloperators;1
F14.txt;accumulated;economicoperands;10
F14.txt;derivatives;economicoperands;10
F14.txt;instruments;economicoperands;2
F14.txt;liabilities;economicoperands;12
F14.txt;mandatorily;regulatoryoperators;2
F14.txt;recognition;economicoperands;1
F14.txt;accounting;economicoperands;7
F14.txt;allocation;economicoperands;1
F14.txt;appendix a;legalreferences;4
F14.txt;derivative;economicoperands;2
F14.txt;designated;regulatoryoperators;4
F14.txt;fair value;economicoperands;30
F14.txt;references;functionwords;13
F14.txt;amount of;mathematicaloperators;1
F14.txt;different;mathematicaloperators;1
F14.txt;directive;legalreferences;10
F14.txt;financial;economicoperands;10
F14.txt;hierarchy;economicoperands;10
F14.txt;inclusion;logicalconnectors;1
F14.txt;positions;economicoperands;3
F14.txt;statement;economicoperands;2
F14.txt;advances;economicoperands;11
F14.txt;annex v.;legalreferences;70
F14.txt;based on;other;5
F14.txt;continue;economicoperands;1
F14.txt;deposits;economicoperands;5
F14.txt;measured;economicoperands;4
F14.txt;provided;logicalconnectors;1
F14.txt;reported;economicoperands;1
F14.txt;template;legalreferences;1
F14.txt;amounts;mathematicaloperators;1
F14.txt;article;legalreferences;1
F14.txt;between;functionwords;1
F14.txt;include;logicalconnectors;2
F14.txt;initial;economicoperands;1
F14.txt;require;regulatoryoperators;1
F14.txt;through;functionwords;9
F14.txt;trading;economicoperands;3
F14.txt;assets;economicoperands;5
F14.txt;before;logicalconnectors;10
F14.txt;change;economicoperands;18
F14.txt;equity;economicoperands;1
F14.txt;ifrs 9;legalreferences;11
F14.txt;income;economicoperands;1
F14.txt;levels;economicoperands;1
F14.txt;losses;economicoperands;3
F14.txt;period;economicoperands;10
F14.txt;profit;economicoperands;3
F14.txt;report;economicoperands;2
F14.txt;annex;legalreferences;14
F14.txt;exist;economicoperands;1
F14.txt;gains;economicoperands;3
F14.txt;level;economicoperands;64
F14.txt;loans;economicoperands;11
F14.txt;other;logicalconnectors;7
F14.txt;shall;regulatoryoperators;5
F14.txt;short;economicoperands;3
F14.txt;taxes;economicoperands;10
F14.txt;those;functionwords;1
F14.txt;under;functionwords;1
F14.txt;value;economicoperands;1
F14.txt;where;logicalconnectors;1
F14.txt;also;logicalconnectors;1
F14.txt;from;functionwords;3
F14.txt;ifrs;legalreferences;103
F14.txt;made;functionwords;1
F14.txt;non-;logicalconnectors;4
F14.txt;part;functionwords;81
F14.txt;that;functionwords;1
F14.txt;this;functionwords;1
F14.txt;thus;logicalconnectors;1
F14.txt;and;logicalconnectors;12
F14.txt;are;functionwords;1
F14.txt;bad;economicoperands;7
F14.txt;crr;legalreferences;3
F14.txt;ecb;economicoperands;11
F14.txt;for;functionwords;10
F14.txt;the;functionwords;22
F14.txt;13;legalreferences;2
F14.txt;14;legalreferences;4
F14.txt;15;attributes;1
F14.txt;27;legalreferences;1
F14.txt;31;attributes;1
F14.txt;32;legalreferences;1
F14.txt;41;legalreferences;6
F14.txt;at;functionwords;1
F14.txt;be;functionwords;1
F14.txt;by;functionwords;1
F14.txt;ii;legalreferences;9
F14.txt;in;functionwords;21
F14.txt;of;functionwords;7
F14.txt;or;logicalconnectors;7
F14.txt;to;functionwords;4
F14.txt;1;attributes;31
F14.txt;2;attributes;35
F14.txt;3;attributes;25
F14.txt;4;attributes;3
F14.txt;5;attributes;4
F14.txt;6;attributes;9
F14.txt;7;attributes;4
F14.txt;8;attributes;13
