C18-23.txt;under the standardised approach;economicoperands;6
C18-23.txt;regulatory technical standards;economicoperands;1
C18-23.txt;internal assessment approach;economicoperands;4
C18-23.txt;which fulfil the criteria;logicalconnectors;1
C18-23.txt;chapter 5 of title ii;legalreferences;2
C18-23.txt;standardised approach;economicoperands;8
C18-23.txt;capital requirements;economicoperands;5
C18-23.txt;delegated regulation;legalreferences;2
C18-23.txt;delta plus approach;economicoperands;12
C18-23.txt;for the purposes of;logicalconnectors;2
C18-23.txt;in conjunction with;logicalconnectors;2
C18-23.txt;taking into account;regulatoryoperators;7
C18-23.txt;within the scope of;logicalconnectors;1
C18-23.txt;credit derivatives;economicoperands;24
C18-23.txt;credit institution;economicoperands;2
C18-23.txt;for the purpose of;logicalconnectors;1
C18-23.txt;in accordance with;logicalconnectors;36
C18-23.txt;in connection with;logicalconnectors;1
C18-23.txt;interest rate risk;economicoperands;2
C18-23.txt;paragraphs 2 and 3;legalreferences;3
C18-23.txt;paragraphs 5 and 6;legalreferences;1
C18-23.txt;reference entities;economicoperands;1
C18-23.txt;securitised assets;economicoperands;2
C18-23.txt;as referred to in;logicalconnectors;4
C18-23.txt;credit derivative;economicoperands;1
C18-23.txt;off-balance sheet;economicoperands;3
C18-23.txt;trading portfolio;economicoperands;9
C18-23.txt;debt instruments;economicoperands;11
C18-23.txt;foreign exchange;economicoperands;5
C18-23.txt;foreign-exchange;economicoperands;2
C18-23.txt;sub-underwritten;economicoperands;2
C18-23.txt;where applicable;logicalconnectors;2
C18-23.txt;article 270 crr;legalreferences;1
C18-23.txt;associated with;economicoperands;1
C18-23.txt;debt securities;economicoperands;4
C18-23.txt;exchange traded;economicoperands;5
C18-23.txt;exposure amount;economicoperands;17
C18-23.txt;irrespective of;logicalconnectors;4
C18-23.txt;maturity ladder;economicoperands;6
C18-23.txt;non-delta risks;economicoperands;12
C18-23.txt;product netting;economicoperands;1
C18-23.txt;securitisations;economicoperands;49
C18-23.txt;total amount of;mathematicaloperators;3
C18-23.txt;be reported in;regulatoryoperators;9
C18-23.txt;broken down by;mathematicaloperators;2
C18-23.txt;capital charge;economicoperands;25
C18-23.txt;differentiated;mathematicaloperators;14
C18-23.txt;multiplication;mathematicaloperators;4
C18-23.txt;redistribution;economicoperands;5
C18-23.txt;referred to in;functionwords;11
C18-23.txt;securitisation;economicoperands;25
C18-23.txt;with regard to;logicalconnectors;2
C18-23.txt;alternatively;logicalconnectors;2
C18-23.txt;applicable to;logicalconnectors;3
C18-23.txt;appropriately;attributes;1
C18-23.txt;as defined in;logicalconnectors;1
C18-23.txt;balance sheet;economicoperands;2
C18-23.txt;correspondent;economicoperands;9
C18-23.txt;corresponding;logicalconnectors;7
C18-23.txt;deducted from;mathematicaloperators;6
C18-23.txt;interest rate;economicoperands;1
C18-23.txt;last sentence;legalreferences;1
C18-23.txt;percentage of;mathematicaloperators;1
C18-23.txt;risk category;economicoperands;1
C18-23.txt;supplementing;mathematicaloperators;1
C18-23.txt;third parties;economicoperands;2
C18-23.txt;according to;regulatoryoperators;7
C18-23.txt;agricultural;economicoperands;1
C18-23.txt;article 4(1);legalreferences;6
C18-23.txt;banking book;economicoperands;1
C18-23.txt;breakdown by;mathematicaloperators;1
C18-23.txt;breakdown of;mathematicaloperators;12
C18-23.txt;consequently;functionwords;1
C18-23.txt;implementing;regulatoryoperators;3
C18-23.txt;infringement;regulatoryoperators;2
C18-23.txt;institutions;economicoperands;4
C18-23.txt;instructions;regulatoryoperators;6
C18-23.txt;net position;economicoperands;7
C18-23.txt;requirements;regulatoryoperators;61
C18-23.txt;respectively;logicalconnectors;1
C18-23.txt;standardised;economicoperands;4
C18-23.txt;subparagraph;other;4
C18-23.txt;trading book;economicoperands;16
C18-23.txt;transactions;economicoperands;1
C18-23.txt;underwriting;economicoperands;2
C18-23.txt;accordingly;logicalconnectors;1
C18-23.txt;arrangement;economicoperands;1
C18-23.txt;assigned to;regulatoryoperators;4
C18-23.txt;authorities;economicoperands;1
C18-23.txt;broken down;mathematicaloperators;1
C18-23.txt;calculating;economicoperands;1
C18-23.txt;calculation;economicoperands;11
C18-23.txt;commodities;economicoperands;11
C18-23.txt;consequence;functionwords;1
C18-23.txt;contractual;economicoperands;1
C18-23.txt;correlation;mathematicaloperators;9
C18-23.txt;derivatives;economicoperands;15
C18-23.txt;distinction;logicalconnectors;6
C18-23.txt;in the same;logicalconnectors;1
C18-23.txt;information;economicoperands;8
C18-23.txt;institution;economicoperands;5
C18-23.txt;instruments;economicoperands;8
C18-23.txt;liabilities;economicoperands;7
C18-23.txt;outstanding;economicoperands;2
C18-23.txt;requirement;regulatoryoperators;15
C18-23.txt;risk weight;economicoperands;5
C18-23.txt;transaction;economicoperands;2
C18-23.txt;transferred;economicoperands;1
C18-23.txt;additional;mathematicaloperators;20
C18-23.txt;adjustment;mathematicaloperators;2
C18-23.txt;approaches;economicoperands;11
C18-23.txt;as well as;logicalconnectors;5
C18-23.txt;because of;logicalconnectors;1
C18-23.txt;breakdowns;mathematicaloperators;1
C18-23.txt;calculated;economicoperands;9
C18-23.txt;commission;economicoperands;4
C18-23.txt;comprising;logicalconnectors;1
C18-23.txt;concerning;logicalconnectors;6
C18-23.txt;considered;logicalconnectors;7
C18-23.txt;continuous;economicoperands;4
C18-23.txt;contribute;economicoperands;1
C18-23.txt;conversion;economicoperands;1
C18-23.txt;currencies;economicoperands;28
C18-23.txt;definition;regulatoryoperators;1
C18-23.txt;determined;regulatoryoperators;1
C18-23.txt;discretion;economicoperands;4
C18-23.txt;explicitly;economicoperands;1
C18-23.txt;externally;economicoperands;2
C18-23.txt;investment;economicoperands;2
C18-23.txt;memorandum;legalreferences;5
C18-23.txt;originator;economicoperands;17
C18-23.txt;other than;logicalconnectors;4
C18-23.txt;paragraphs;legalreferences;7
C18-23.txt;particular;logicalconnectors;3
C18-23.txt;permission;economicoperands;1
C18-23.txt;qualifying;economicoperands;13
C18-23.txt;regulation;economicoperands;6
C18-23.txt;securities;economicoperands;1
C18-23.txt;separately;economicoperands;7
C18-23.txt;set out in;regulatoryoperators;1
C18-23.txt;settlement;economicoperands;1
C18-23.txt;simplified;economicoperands;7
C18-23.txt;subject to;logicalconnectors;43
C18-23.txt;subscribed;economicoperands;2
C18-23.txt;treated as;regulatoryoperators;4
C18-23.txt;12 months;attributes;1
C18-23.txt;24 months;attributes;2
C18-23.txt;available;economicoperands;3
C18-23.txt;belonging;logicalconnectors;1
C18-23.txt;breakdown;mathematicaloperators;4
C18-23.txt;calculate;economicoperands;1
C18-23.txt;commodity;economicoperands;2
C18-23.txt;competent;economicoperands;1
C18-23.txt;component;economicoperands;1
C18-23.txt;countries;economicoperands;1
C18-23.txt;deducting;mathematicaloperators;1
C18-23.txt;depending;logicalconnectors;4
C18-23.txt;determine;regulatoryoperators;2
C18-23.txt;different;mathematicaloperators;7
C18-23.txt;excluding;logicalconnectors;3
C18-23.txt;exposures;economicoperands;37
C18-23.txt;financing;economicoperands;1
C18-23.txt;following;other;3
C18-23.txt;including;logicalconnectors;9
C18-23.txt;less than;mathematicaloperators;11
C18-23.txt;operation;economicoperands;2
C18-23.txt;positions;economicoperands;248
C18-23.txt;procedure;economicoperands;2
C18-23.txt;regarding;logicalconnectors;8
C18-23.txt;reporting;economicoperands;21
C18-23.txt;section 3;legalreferences;2
C18-23.txt;standards;economicoperands;1
C18-23.txt;technical;economicoperands;1
C18-23.txt;templates;legalreferences;1
C18-23.txt;therefore;logicalconnectors;1
C18-23.txt;treatment;economicoperands;20
C18-23.txt;6 months;attributes;3
C18-23.txt;approach;economicoperands;25
C18-23.txt;articles;legalreferences;18
C18-23.txt;captures;economicoperands;1
C18-23.txt;category;economicoperands;6
C18-23.txt;comprise;logicalconnectors;1
C18-23.txt;criteria;economicoperands;1
C18-23.txt;currency;economicoperands;21
C18-23.txt;deducted;mathematicaloperators;1
C18-23.txt;duration;economicoperands;3
C18-23.txt;eligible;economicoperands;1
C18-23.txt;equities;economicoperands;10
C18-23.txt;european;economicoperands;2
C18-23.txt;exchange;economicoperands;1
C18-23.txt;exposure;economicoperands;2
C18-23.txt;extended;economicoperands;3
C18-23.txt;included;logicalconnectors;17
C18-23.txt;investor;economicoperands;13
C18-23.txt;maturity;economicoperands;6
C18-23.txt;modified;other;1
C18-23.txt;national;economicoperands;2
C18-23.txt;of which;logicalconnectors;20
C18-23.txt;original;economicoperands;2
C18-23.txt;own fund;economicoperands;2
C18-23.txt;position;economicoperands;18
C18-23.txt;possible;regulatoryoperators;1
C18-23.txt;precious;economicoperands;1
C18-23.txt;presents;economicoperands;2
C18-23.txt;products;economicoperands;2
C18-23.txt;provided;logicalconnectors;1
C18-23.txt;purposes;economicoperands;1
C18-23.txt;received;economicoperands;1
C18-23.txt;relevant;attributes;5
C18-23.txt;reported;economicoperands;18
C18-23.txt;requests;regulatoryoperators;3
C18-23.txt;required;regulatoryoperators;1
C18-23.txt;residual;economicoperands;6
C18-23.txt;scenario;economicoperands;4
C18-23.txt;sentence;other;5
C18-23.txt;separate;economicoperands;2
C18-23.txt;specific;functionwords;24
C18-23.txt;template;legalreferences;22
C18-23.txt;title iv;legalreferences;11
C18-23.txt;warrants;economicoperands;4
C18-23.txt;weighted;mathematicaloperators;8
C18-23.txt;actions;economicoperands;1
C18-23.txt;adverse;economicoperands;1
C18-23.txt;against;functionwords;1
C18-23.txt;already;logicalconnectors;1
C18-23.txt;amounts;mathematicaloperators;3
C18-23.txt;annex i;legalreferences;1
C18-23.txt;applied;logicalconnectors;1
C18-23.txt;article;legalreferences;124
C18-23.txt;between;functionwords;6
C18-23.txt;capital;economicoperands;15
C18-23.txt;chapter;legalreferences;13
C18-23.txt;charges;economicoperands;1
C18-23.txt;council;economicoperands;2
C18-23.txt;country;economicoperands;1
C18-23.txt;covered;economicoperands;1
C18-23.txt;default;economicoperands;22
C18-23.txt;defined;regulatoryoperators;2
C18-23.txt;futures;economicoperands;8
C18-23.txt;general;functionwords;19
C18-23.txt;grouped;economicoperands;1
C18-23.txt;hedging;economicoperands;4
C18-23.txt;in that;logicalconnectors;2
C18-23.txt;indices;economicoperands;1
C18-23.txt;markets;economicoperands;2
C18-23.txt;maximum;mathematicaloperators;1
C18-23.txt;methods;economicoperands;1
C18-23.txt;neither;logicalconnectors;3
C18-23.txt;options;economicoperands;16
C18-23.txt;overall;logicalconnectors;3
C18-23.txt;product;economicoperands;1
C18-23.txt;provide;economicoperands;2
C18-23.txt;qualify;economicoperands;2
C18-23.txt;receive;economicoperands;5
C18-23.txt;related;logicalconnectors;9
C18-23.txt;remarks;economicoperands;6
C18-23.txt;request;regulatoryoperators;2
C18-23.txt;require;regulatoryoperators;1
C18-23.txt;role of;economicoperands;1
C18-23.txt;similar;logicalconnectors;1
C18-23.txt;special;economicoperands;6
C18-23.txt;sponsor;economicoperands;17
C18-23.txt;summing;mathematicaloperators;1
C18-23.txt;through;functionwords;1
C18-23.txt;treated;economicoperands;5
C18-23.txt;weights;economicoperands;7
C18-23.txt;whether;logicalconnectors;1
C18-23.txt;without;logicalconnectors;2
C18-23.txt;allows;regulatoryoperators;1
C18-23.txt;always;logicalconnectors;2
C18-23.txt;as for;logicalconnectors;1
C18-23.txt;assets;economicoperands;10
C18-23.txt;before;logicalconnectors;4
C18-23.txt;cannot;regulatoryoperators;1
C18-23.txt;charge;economicoperands;2
C18-23.txt;column;legalreferences;6
C18-23.txt;due to;logicalconnectors;3
C18-23.txt;effect;economicoperands;3
C18-23.txt;either;logicalconnectors;1
C18-23.txt;energy;economicoperands;1
C18-23.txt;equity;economicoperands;2
C18-23.txt;except;logicalconnectors;3
C18-23.txt;filled;economicoperands;4
C18-23.txt;follow;other;1
C18-23.txt;former;economicoperands;1
C18-23.txt;fourth;attributes;1
C18-23.txt;groups;economicoperands;1
C18-23.txt;hedged;economicoperands;5
C18-23.txt;intent;economicoperands;1
C18-23.txt;larger;mathematicaloperators;1
C18-23.txt;lender;economicoperands;2
C18-23.txt;linked;economicoperands;7
C18-23.txt;market;economicoperands;17
C18-23.txt;matrix;mathematicaloperators;4
C18-23.txt;member;economicoperands;2
C18-23.txt;metals;economicoperands;2
C18-23.txt;method;economicoperands;8
C18-23.txt;months;attributes;1
C18-23.txt;netted;economicoperands;2
C18-23.txt;obtain;economicoperands;2
C18-23.txt;others;logicalconnectors;1
C18-23.txt;ratios;mathematicaloperators;1
C18-23.txt;report;economicoperands;1
C18-23.txt;result;economicoperands;4
C18-23.txt;second;attributes;7
C18-23.txt;static;economicoperands;1
C18-23.txt;sum of;mathematicaloperators;2
C18-23.txt;tables;other;4
C18-23.txt;traded;economicoperands;9
C18-23.txt;valued;economicoperands;1
C18-23.txt;weight;economicoperands;1
C18-23.txt;added;mathematicaloperators;5
C18-23.txt;after;logicalconnectors;4
C18-23.txt;apply;logicalconnectors;6
C18-23.txt;aware;economicoperands;1
C18-23.txt;based;other;6
C18-23.txt;basis;economicoperands;1
C18-23.txt;bonds;economicoperands;2
C18-23.txt;cross;economicoperands;1
C18-23.txt;cupon;economicoperands;11
C18-23.txt;final;economicoperands;1
C18-23.txt;first;attributes;4
C18-23.txt;funds;economicoperands;68
C18-23.txt;gamma;economicoperands;4
C18-23.txt;gross;economicoperands;7
C18-23.txt;hedge;economicoperands;1
C18-23.txt;holds;economicoperands;2
C18-23.txt;index;economicoperands;8
C18-23.txt;items;other;13
C18-23.txt;level;economicoperands;2
C18-23.txt;month;attributes;1
C18-23.txt;other;logicalconnectors;45
C18-23.txt;point;economicoperands;23
C18-23.txt;rated;economicoperands;3
C18-23.txt;risks;economicoperands;4
C18-23.txt;shall;regulatoryoperators;44
C18-23.txt;share;economicoperands;2
C18-23.txt;short;economicoperands;76
C18-23.txt;split;mathematicaloperators;3
C18-23.txt;stock;economicoperands;8
C18-23.txt;table;other;6
C18-23.txt;taken;other;1
C18-23.txt;their;functionwords;12
C18-23.txt;there;functionwords;4
C18-23.txt;these;functionwords;4
C18-23.txt;third;attributes;3
C18-23.txt;those;functionwords;21
C18-23.txt;three;attributes;13
C18-23.txt;total;mathematicaloperators;74
C18-23.txt;types;economicoperands;2
C18-23.txt;under;functionwords;5
C18-23.txt;union;economicoperands;2
C18-23.txt;where;logicalconnectors;7
C18-23.txt;which;functionwords;10
C18-23.txt;would;functionwords;2
C18-23.txt;years;economicoperands;11
C18-23.txt;also;logicalconnectors;7
C18-23.txt;area;economicoperands;2
C18-23.txt;base;economicoperands;1
C18-23.txt;both;logicalconnectors;3
C18-23.txt;case;economicoperands;2
C18-23.txt;cell;legalreferences;7
C18-23.txt;cet1;economicoperands;2
C18-23.txt;done;functionwords;1
C18-23.txt;down;functionwords;1
C18-23.txt;each;logicalconnectors;9
C18-23.txt;even;logicalconnectors;1
C18-23.txt;four;attributes;1
C18-23.txt;from;functionwords;3
C18-23.txt;gold;economicoperands;5
C18-23.txt;half;mathematicaloperators;1
C18-23.txt;have;functionwords;3
C18-23.txt;held;economicoperands;4
C18-23.txt;here;functionwords;2
C18-23.txt;into;functionwords;2
C18-23.txt;irba;economicoperands;4
C18-23.txt;just;functionwords;2
C18-23.txt;line;economicoperands;1
C18-23.txt;list;functionwords;2
C18-23.txt;long;economicoperands;77
C18-23.txt;loss;economicoperands;1
C18-23.txt;meet;economicoperands;1
C18-23.txt;must;regulatoryoperators;1
C18-23.txt;non-;logicalconnectors;13
C18-23.txt;only;logicalconnectors;9
C18-23.txt;open;economicoperands;1
C18-23.txt;part;functionwords;13
C18-23.txt;plus;functionwords;3
C18-23.txt;rate;economicoperands;1
C18-23.txt;read;other;1
C18-23.txt;risk;economicoperands;87
C18-23.txt;role;economicoperands;2
C18-23.txt;rows;economicoperands;24
C18-23.txt;same;logicalconnectors;1
C18-23.txt;term;other;5
C18-23.txt;than;functionwords;2
C18-23.txt;that;functionwords;17
C18-23.txt;they;functionwords;2
C18-23.txt;this;functionwords;10
C18-23.txt;time;economicoperands;1
C18-23.txt;used;economicoperands;5
C18-23.txt;vega;economicoperands;4
C18-23.txt;with;functionwords;5
C18-23.txt;zone;economicoperands;6
C18-23.txt;100;attributes;8
C18-23.txt;102;legalreferences;4
C18-23.txt;105;legalreferences;4
C18-23.txt;129;legalreferences;1
C18-23.txt;150;attributes;4
C18-23.txt;165;legalreferences;1
C18-23.txt;167;legalreferences;1
C18-23.txt;250;attributes;22
C18-23.txt;321;legalreferences;2
C18-23.txt;325;legalreferences;2
C18-23.txt;341;legalreferences;1
C18-23.txt;342;legalreferences;1
C18-23.txt;343;legalreferences;2
C18-23.txt;500;attributes;4
C18-23.txt;all;logicalconnectors;39
C18-23.txt;and;logicalconnectors;140
C18-23.txt;any;logicalconnectors;4
C18-23.txt;are;functionwords;22
C18-23.txt;but;logicalconnectors;3
C18-23.txt;can;regulatoryoperators;2
C18-23.txt;cap;regulatoryoperators;9
C18-23.txt;crr;legalreferences;137
C18-23.txt;for;functionwords;122
C18-23.txt;gas;economicoperands;1
C18-23.txt;has;functionwords;4
C18-23.txt;iii;legalreferences;1
C18-23.txt;may;regulatoryoperators;1
C18-23.txt;net;economicoperands;46
C18-23.txt;new;economicoperands;2
C18-23.txt;nor;logicalconnectors;3
C18-23.txt;not;logicalconnectors;11
C18-23.txt;off;functionwords;2
C18-23.txt;oil;economicoperands;1
C18-23.txt;one;attributes;5
C18-23.txt;out;functionwords;3
C18-23.txt;own;functionwords;72
C18-23.txt;pre;economicoperands;2
C18-23.txt;row;economicoperands;7
C18-23.txt;sec;economicoperands;17
C18-23.txt;see;other;11
C18-23.txt;the;functionwords;232
C18-23.txt;two;attributes;3
C18-23.txt;10;attributes;13
C18-23.txt;12;attributes;17
C18-23.txt;13;legalreferences;4
C18-23.txt;14;legalreferences;2
C18-23.txt;15;attributes;3
C18-23.txt;20;attributes;12
C18-23.txt;40;legalreferences;8
C18-23.txt;62;attributes;1
C18-23.txt;an;functionwords;2
C18-23.txt;as;logicalconnectors;5
C18-23.txt;at;functionwords;2
C18-23.txt;be;functionwords;44
C18-23.txt;by;functionwords;29
C18-23.txt;do;functionwords;1
C18-23.txt;eu;economicoperands;8
C18-23.txt;fx;economicoperands;2
C18-23.txt;if;logicalconnectors;1
C18-23.txt;ii;legalreferences;1
C18-23.txt;in;functionwords;85
C18-23.txt;is;functionwords;11
C18-23.txt;it;functionwords;2
C18-23.txt;no;logicalconnectors;6
C18-23.txt;of;functionwords;187
C18-23.txt;on;functionwords;14
C18-23.txt;or;logicalconnectors;15
C18-23.txt;rw;economicoperands;4
C18-23.txt;sa;economicoperands;29
C18-23.txt;to;functionwords;69
C18-23.txt;up;functionwords;1
C18-23.txt;us;economicoperands;1
C18-23.txt;1;attributes;54
C18-23.txt;2;attributes;34
C18-23.txt;3;attributes;46
C18-23.txt;4;attributes;23
C18-23.txt;5;attributes;10
C18-23.txt;6;attributes;6
C18-23.txt;7;attributes;9
C18-23.txt;8;attributes;3
C18-23.txt;9;attributes;5
