F44.txt;national gaap compatible;legalreferences;6
F44.txt;financial instruments;economicoperands;2
F44.txt;have the same meaning;regulatoryoperators;1
F44.txt;supervisory function;economicoperands;4
F44.txt;reporting reference;economicoperands;1
F44.txt;equity instruments;economicoperands;2
F44.txt;early termination;economicoperands;1
F44.txt;employee benefits;economicoperands;3
F44.txt;senior management;economicoperands;5
F44.txt;debt instruments;economicoperands;2
F44.txt;foreign currency;economicoperands;2
F44.txt;reference period;economicoperands;1
F44.txt;be allocated to;regulatoryoperators;1
F44.txt;carrying amount;economicoperands;4
F44.txt;closing balance;economicoperands;3
F44.txt;defined benefit;economicoperands;33
F44.txt;in the event of;logicalconnectors;1
F44.txt;management body;economicoperands;12
F44.txt;opening balance;economicoperands;2
F44.txt;post-employment;economicoperands;5
F44.txt;representatives;economicoperands;2
F44.txt;social security;economicoperands;8
F44.txt;be reported in;regulatoryoperators;1
F44.txt;in the form of;logicalconnectors;1
F44.txt;reconciliation;economicoperands;2
F44.txt;staff expenses;economicoperands;20
F44.txt;as defined in;logicalconnectors;2
F44.txt;balance sheet;economicoperands;2
F44.txt;consolidation;economicoperands;1
F44.txt;contributions;economicoperands;9
F44.txt;national gaap;legalreferences;3
F44.txt;reimbursement;economicoperands;4
F44.txt;combinations;mathematicaloperators;2
F44.txt;contribution;economicoperands;1
F44.txt;remuneration;economicoperands;15
F44.txt;accumulated;economicoperands;3
F44.txt;assumptions;logicalconnectors;4
F44.txt;definitions;regulatoryoperators;2
F44.txt;disclosures;economicoperands;1
F44.txt;equivalents;logicalconnectors;1
F44.txt;in order to;logicalconnectors;1
F44.txt;information;economicoperands;1
F44.txt;institution;economicoperands;5
F44.txt;liabilities;economicoperands;5
F44.txt;obligations;economicoperands;16
F44.txt;real estate;economicoperands;2
F44.txt;relating to;logicalconnectors;1
F44.txt;settlements;economicoperands;2
F44.txt;termination;economicoperands;1
F44.txt;aggregated;mathematicaloperators;1
F44.txt;as well as;logicalconnectors;2
F44.txt;by type of;logicalconnectors;4
F44.txt;categories;economicoperands;1
F44.txt;components;economicoperands;4
F44.txt;fair value;economicoperands;5
F44.txt;government;economicoperands;2
F44.txt;guidelines;economicoperands;1
F44.txt;identified;economicoperands;5
F44.txt;maintained;economicoperands;1
F44.txt;management;economicoperands;5
F44.txt;other than;logicalconnectors;2
F44.txt;provisions;economicoperands;2
F44.txt;prudential;economicoperands;1
F44.txt;recognised;economicoperands;6
F44.txt;recognized;economicoperands;1
F44.txt;references;functionwords;14
F44.txt;regulation;economicoperands;1
F44.txt;separately;economicoperands;2
F44.txt;actuarial;economicoperands;4
F44.txt;amount of;mathematicaloperators;3
F44.txt;decreases;mathematicaloperators;2
F44.txt;different;mathematicaloperators;1
F44.txt;directive;legalreferences;1
F44.txt;disposals;economicoperands;2
F44.txt;employees;economicoperands;1
F44.txt;expressed;economicoperands;2
F44.txt;financial;economicoperands;2
F44.txt;following;other;2
F44.txt;headcount;economicoperands;1
F44.txt;including;logicalconnectors;3
F44.txt;increases;mathematicaloperators;2
F44.txt;listed in;functionwords;1
F44.txt;more than;mathematicaloperators;1
F44.txt;movements;economicoperands;5
F44.txt;presented;economicoperands;1
F44.txt;reporting;economicoperands;2
F44.txt;severance;economicoperands;4
F44.txt;templates;legalreferences;1
F44.txt;affected;economicoperands;1
F44.txt;annex v.;legalreferences;48
F44.txt;articles;legalreferences;1
F44.txt;balances;economicoperands;1
F44.txt;based on;other;3
F44.txt;benefits;economicoperands;7
F44.txt;business;economicoperands;2
F44.txt;category;economicoperands;8
F44.txt;comprise;logicalconnectors;1
F44.txt;contract;economicoperands;1
F44.txt;decrease;mathematicaloperators;4
F44.txt;elements;economicoperands;1
F44.txt;entities;economicoperands;2
F44.txt;equal to;logicalconnectors;1
F44.txt;exchange;economicoperands;2
F44.txt;expenses;economicoperands;3
F44.txt;function;economicoperands;6
F44.txt;included;logicalconnectors;1
F44.txt;increase;mathematicaloperators;4
F44.txt;interest;economicoperands;2
F44.txt;of which;logicalconnectors;11
F44.txt;payments;economicoperands;9
F44.txt;pensions;economicoperands;3
F44.txt;policies;economicoperands;1
F44.txt;reported;economicoperands;2
F44.txt;salaries;economicoperands;3
F44.txt;separate;economicoperands;1
F44.txt;services;economicoperands;1
F44.txt;template;legalreferences;3
F44.txt;variable;economicoperands;3
F44.txt;amounts;mathematicaloperators;2
F44.txt;arising;economicoperands;2
F44.txt;article;legalreferences;2
F44.txt;benefit;economicoperands;2
F44.txt;changes;economicoperands;4
F44.txt;closing;economicoperands;1
F44.txt;current;attributes;7
F44.txt;defined;regulatoryoperators;1
F44.txt;effects;economicoperands;1
F44.txt;exclude;logicalconnectors;2
F44.txt;graphic;economicoperands;1
F44.txt;include;logicalconnectors;9
F44.txt;members;economicoperands;1
F44.txt;opening;economicoperands;1
F44.txt;pension;economicoperands;5
F44.txt;present;economicoperands;10
F44.txt;receive;economicoperands;1
F44.txt;related;logicalconnectors;2
F44.txt;service;economicoperands;4
F44.txt;similar;logicalconnectors;3
F44.txt;surplus;economicoperands;2
F44.txt;through;functionwords;2
F44.txt;amount;mathematicaloperators;5
F44.txt;assets;economicoperands;13
F44.txt;cannot;regulatoryoperators;1
F44.txt;during;logicalconnectors;1
F44.txt;effect;economicoperands;2
F44.txt;future;economicoperands;1
F44.txt;issued;economicoperands;2
F44.txt;labour;economicoperands;1
F44.txt;limits;regulatoryoperators;1
F44.txt;losses;economicoperands;6
F44.txt;number;economicoperands;8
F44.txt;period;economicoperands;7
F44.txt;points;economicoperands;1
F44.txt;rights;economicoperands;1
F44.txt;set up;economicoperands;1
F44.txt;social;economicoperands;1
F44.txt;above;functionwords;1
F44.txt;asset;economicoperands;5
F44.txt;based;other;5
F44.txt;fixed;economicoperands;3
F44.txt;funds;economicoperands;5
F44.txt;gains;economicoperands;6
F44.txt;items;other;2
F44.txt;other;logicalconnectors;10
F44.txt;plans;economicoperands;7
F44.txt;right;economicoperands;3
F44.txt;scope;economicoperands;1
F44.txt;shall;regulatoryoperators;25
F44.txt;share;economicoperands;5
F44.txt;sound;economicoperands;1
F44.txt;staff;economicoperands;17
F44.txt;terms;other;2
F44.txt;their;functionwords;1
F44.txt;there;functionwords;1
F44.txt;these;functionwords;1
F44.txt;those;functionwords;1
F44.txt;total;mathematicaloperators;3
F44.txt;types;economicoperands;3
F44.txt;under;functionwords;2
F44.txt;value;economicoperands;10
F44.txt;wages;economicoperands;3
F44.txt;where;logicalconnectors;1
F44.txt;which;functionwords;1
F44.txt;both;logicalconnectors;1
F44.txt;cost;economicoperands;6
F44.txt;date;economicoperands;1
F44.txt;from;functionwords;6
F44.txt;full;economicoperands;1
F44.txt;ifrs;legalreferences;8
F44.txt;item;other;3
F44.txt;mean;other;1
F44.txt;memo;legalreferences;1
F44.txt;paid;economicoperands;5
F44.txt;part;functionwords;48
F44.txt;past;functionwords;2
F44.txt;plan;economicoperands;9
F44.txt;plus;functionwords;1
F44.txt;show;other;2
F44.txt;that;functionwords;2
F44.txt;they;functionwords;1
F44.txt;this;functionwords;1
F44.txt;time;economicoperands;1
F44.txt;used;economicoperands;2
F44.txt;311;legalreferences;1
F44.txt;all;logicalconnectors;4
F44.txt;and;logicalconnectors;38
F44.txt;any;logicalconnectors;5
F44.txt;are;functionwords;1
F44.txt;bad;economicoperands;3
F44.txt;but;logicalconnectors;2
F44.txt;crd;legalreferences;1
F44.txt;crr;legalreferences;1
F44.txt;eba;economicoperands;2
F44.txt;for;functionwords;9
F44.txt;iii;legalreferences;4
F44.txt;net;economicoperands;8
F44.txt;not;logicalconnectors;1
F44.txt;one;attributes;1
F44.txt;the;functionwords;47
F44.txt;22;legalreferences;1
F44.txt;28;legalreferences;1
F44.txt;36;legalreferences;1
F44.txt;44;legalreferences;3
F44.txt;75;attributes;1
F44.txt;an;functionwords;2
F44.txt;as;logicalconnectors;8
F44.txt;be;functionwords;8
F44.txt;by;functionwords;8
F44.txt;eu;economicoperands;2
F44.txt;ii;legalreferences;8
F44.txt;in;functionwords;34
F44.txt;is;functionwords;1
F44.txt;no;logicalconnectors;1
F44.txt;of;functionwords;55
F44.txt;on;functionwords;3
F44.txt;or;logicalconnectors;13
F44.txt;to;functionwords;9
F44.txt;1;attributes;1
F44.txt;2;attributes;19
F44.txt;3;attributes;2
F44.txt;7;attributes;1
F44.txt;8;attributes;1
F44.txt;9;attributes;1
