F43.txt;national gaap compatible;legalreferences;2
F43.txt;financial guarantees;economicoperands;1
F43.txt;insurance contracts;economicoperands;1
F43.txt;under national gaap;legalreferences;1
F43.txt;employee benefits;economicoperands;2
F43.txt;at the beginning;logicalconnectors;3
F43.txt;guarantees given;economicoperands;7
F43.txt;carrying amount;economicoperands;7
F43.txt;closing balance;economicoperands;2
F43.txt;defined benefit;economicoperands;2
F43.txt;opening balance;economicoperands;2
F43.txt;be reported in;regulatoryoperators;1
F43.txt;reconciliation;economicoperands;1
F43.txt;at the end of;logicalconnectors;2
F43.txt;credit losses;economicoperands;1
F43.txt;national gaap;legalreferences;1
F43.txt;commitments;economicoperands;2
F43.txt;obligations;economicoperands;2
F43.txt;discounted;economicoperands;2
F43.txt;employment;economicoperands;2
F43.txt;litigation;economicoperands;1
F43.txt;provisions;economicoperands;9
F43.txt;references;functionwords;3
F43.txt;treated as;regulatoryoperators;1
F43.txt;under ifrs;legalreferences;5
F43.txt;additions;mathematicaloperators;2
F43.txt;including;logicalconnectors;2
F43.txt;increases;mathematicaloperators;2
F43.txt;long term;economicoperands;2
F43.txt;movements;economicoperands;3
F43.txt;annex v.;legalreferences;10
F43.txt;based on;other;1
F43.txt;discount;economicoperands;2
F43.txt;existing;economicoperands;2
F43.txt;increase;mathematicaloperators;2
F43.txt;measured;economicoperands;8
F43.txt;pensions;economicoperands;2
F43.txt;reversed;economicoperands;2
F43.txt;template;legalreferences;2
F43.txt;amounts;mathematicaloperators;4
F43.txt;between;functionwords;1
F43.txt;include;logicalconnectors;2
F43.txt;instead;logicalconnectors;1
F43.txt;passage;economicoperands;2
F43.txt;pending;functionwords;2
F43.txt;amount;mathematicaloperators;2
F43.txt;change;economicoperands;2
F43.txt;during;logicalconnectors;2
F43.txt;effect;economicoperands;2
F43.txt;except;logicalconnectors;1
F43.txt;ias 37;legalreferences;6
F43.txt;ifrs 4;legalreferences;2
F43.txt;issues;economicoperands;2
F43.txt;nature;economicoperands;1
F43.txt;period;economicoperands;7
F43.txt;unused;economicoperands;2
F43.txt;legal;economicoperands;2
F43.txt;other;logicalconnectors;11
F43.txt;shall;regulatoryoperators;3
F43.txt;under;functionwords;4
F43.txt;ifrs;legalreferences;2
F43.txt;item;other;1
F43.txt;part;functionwords;10
F43.txt;post;economicoperands;2
F43.txt;rate;economicoperands;2
F43.txt;that;functionwords;1
F43.txt;this;functionwords;1
F43.txt;time;economicoperands;2
F43.txt;used;economicoperands;2
F43.txt;304;legalreferences;1
F43.txt;and;logicalconnectors;15
F43.txt;any;logicalconnectors;2
F43.txt;bad;economicoperands;2
F43.txt;end;logicalconnectors;1
F43.txt;tax;economicoperands;2
F43.txt;the;functionwords;16
F43.txt;12;attributes;1
F43.txt;24;legalreferences;1
F43.txt;25;attributes;1
F43.txt;27;legalreferences;1
F43.txt;28;legalreferences;1
F43.txt;43;legalreferences;3
F43.txt;by;functionwords;1
F43.txt;in;functionwords;6
F43.txt;of;functionwords;10
F43.txt;1;attributes;1
F43.txt;4;attributes;4
F43.txt;9;attributes;1
