F04.txt;small and medium-sized enterprises;economicoperands;18
F04.txt;non-trading financial assets;economicoperands;7
F04.txt;non-financial corporations;economicoperands;72
F04.txt;national gaap compatible;legalreferences;16
F04.txt;non-performing exposures;economicoperands;8
F04.txt;trading financial assets;economicoperands;3
F04.txt;accumulated impairments;economicoperands;1
F04.txt;accumulated impairment;economicoperands;26
F04.txt;credit-impaired assets;economicoperands;20
F04.txt;financial corporations;economicoperands;72
F04.txt;statute-of-limitations;legalreferences;1
F04.txt;financial instruments;economicoperands;1
F04.txt;reporting institution;economicoperands;1
F04.txt;accounting portfolio;economicoperands;1
F04.txt;comprehensive income;economicoperands;9
F04.txt;under moderate locom;economicoperands;3
F04.txt;for the purposes of;logicalconnectors;2
F04.txt;under national gaap;legalreferences;4
F04.txt;annexes iii and iv;legalreferences;2
F04.txt;cost-based methods;economicoperands;1
F04.txt;equity instruments;economicoperands;20
F04.txt;in accordance with;logicalconnectors;1
F04.txt;under strict locom;economicoperands;2
F04.txt;within the meaning;logicalconnectors;1
F04.txt;are considered as;regulatoryoperators;1
F04.txt;at amortised cost;economicoperands;9
F04.txt;cost-based method;economicoperands;7
F04.txt;impairment stages;economicoperands;4
F04.txt;value adjustments;economicoperands;20
F04.txt;be considered as;regulatoryoperators;2
F04.txt;credit- impaired;economicoperands;21
F04.txt;creditworthiness;economicoperands;1
F04.txt;debt instruments;economicoperands;7
F04.txt;financial assets;economicoperands;86
F04.txt;held for trading;economicoperands;4
F04.txt;associated with;economicoperands;3
F04.txt;at strict locom;economicoperands;1
F04.txt;carrying amount;economicoperands;71
F04.txt;credit-adjusted;economicoperands;1
F04.txt;credit-impaired;economicoperands;23
F04.txt;debt instrument;economicoperands;5
F04.txt;debt securities;economicoperands;29
F04.txt;financial asset;economicoperands;1
F04.txt;impaired assets;economicoperands;9
F04.txt;loss accounting;economicoperands;1
F04.txt;non- performing;economicoperands;1
F04.txt;be reported as;regulatoryoperators;2
F04.txt;be reported in;regulatoryoperators;2
F04.txt;broken down by;mathematicaloperators;2
F04.txt;extinguishment;economicoperands;1
F04.txt;loss allowance;economicoperands;1
F04.txt;profit or loss;economicoperands;10
F04.txt;reference date;economicoperands;1
F04.txt;reporting date;economicoperands;1
F04.txt;allowance for;economicoperands;4
F04.txt;as defined in;logicalconnectors;3
F04.txt;at fair value;economicoperands;25
F04.txt;central banks;economicoperands;52
F04.txt;corresponding;logicalconnectors;1
F04.txt;credit losses;economicoperands;5
F04.txt;de-recognised;economicoperands;1
F04.txt;derecognition;economicoperands;4
F04.txt;deterioration;economicoperands;1
F04.txt;interest rate;economicoperands;1
F04.txt;national gaap;legalreferences;37
F04.txt;significantly;attributes;1
F04.txt;71 crr art 4;legalreferences;12
F04.txt;banking risk;economicoperands;8
F04.txt;breakdown of;mathematicaloperators;3
F04.txt;counterparty;economicoperands;5
F04.txt;except where;logicalconnectors;1
F04.txt;expectations;economicoperands;1
F04.txt;incorporated;economicoperands;1
F04.txt;institutions;economicoperands;75
F04.txt;modification;economicoperands;1
F04.txt;reclassified;regulatoryoperators;1
F04.txt;requirements;regulatoryoperators;1
F04.txt;respectively;logicalconnectors;1
F04.txt;risk-induced;economicoperands;2
F04.txt;subordinated;economicoperands;5
F04.txt;accumulated;economicoperands;59
F04.txt;application;economicoperands;1
F04.txt;appropriate;attributes;1
F04.txt;calculation;economicoperands;1
F04.txt;contractual;economicoperands;1
F04.txt;credit risk;economicoperands;80
F04.txt;credit-risk;economicoperands;3
F04.txt;derivatives;economicoperands;4
F04.txt;enforcement;economicoperands;1
F04.txt;estimate of;mathematicaloperators;1
F04.txt;forgiveness;economicoperands;1
F04.txt;governments;economicoperands;52
F04.txt;information;economicoperands;2
F04.txt;institution;economicoperands;3
F04.txt;instruments;economicoperands;13
F04.txt;mandatorily;regulatoryoperators;4
F04.txt;market-risk;economicoperands;3
F04.txt;measurement;mathematicaloperators;2
F04.txt;receivables;economicoperands;4
F04.txt;recognition;economicoperands;26
F04.txt;significant;attributes;37
F04.txt;written-off;economicoperands;3
F04.txt;accounting;economicoperands;6
F04.txt;activities;economicoperands;1
F04.txt;allowances;economicoperands;20
F04.txt;appendix a;legalreferences;3
F04.txt;applicable;logicalconnectors;1
F04.txt;as well as;logicalconnectors;5
F04.txt;associated;economicoperands;3
F04.txt;because of;logicalconnectors;1
F04.txt;calculated;economicoperands;1
F04.txt;cash flows;economicoperands;2
F04.txt;collecting;economicoperands;1
F04.txt;conditions;economicoperands;1
F04.txt;constitute;logicalconnectors;3
F04.txt;cumulative;mathematicaloperators;2
F04.txt;definition;regulatoryoperators;1
F04.txt;derivative;economicoperands;11
F04.txt;designated;regulatoryoperators;4
F04.txt;determined;regulatoryoperators;1
F04.txt;estimation;mathematicaloperators;1
F04.txt;eventually;attributes;1
F04.txt;fair value;economicoperands;16
F04.txt;gaap based;legalreferences;1
F04.txt;households;economicoperands;26
F04.txt;identified;economicoperands;1
F04.txt;impairment;economicoperands;20
F04.txt;in case of;logicalconnectors;1
F04.txt;instrument;economicoperands;7
F04.txt;originated;economicoperands;25
F04.txt;previously;logicalconnectors;1
F04.txt;reasonable;attributes;1
F04.txt;recognised;economicoperands;5
F04.txt;recognized;economicoperands;1
F04.txt;recovering;economicoperands;1
F04.txt;reductions;mathematicaloperators;4
F04.txt;references;functionwords;65
F04.txt;reflecting;economicoperands;2
F04.txt;relates to;logicalconnectors;1
F04.txt;separately;economicoperands;5
F04.txt;simplified;economicoperands;2
F04.txt;subject to;logicalconnectors;11
F04.txt;subsequent;logicalconnectors;1
F04.txt;successive;economicoperands;1
F04.txt;this annex;legalreferences;2
F04.txt;under ifrs;legalreferences;3
F04.txt;unimpaired;economicoperands;8
F04.txt;variations;economicoperands;1
F04.txt;affecting;economicoperands;12
F04.txt;allowance;economicoperands;3
F04.txt;amount of;mathematicaloperators;3
F04.txt;depending;logicalconnectors;1
F04.txt;described;other;1
F04.txt;directive;legalreferences;7
F04.txt;effective;other;1
F04.txt;exceeding;mathematicaloperators;1
F04.txt;explained;economicoperands;1
F04.txt;exposures;economicoperands;1
F04.txt;following;other;1
F04.txt;impact of;economicoperands;1
F04.txt;including;logicalconnectors;2
F04.txt;increased;mathematicaloperators;1
F04.txt;paragraph;legalreferences;5
F04.txt;performed;economicoperands;1
F04.txt;principal;economicoperands;1
F04.txt;purchased;economicoperands;25
F04.txt;recovered;economicoperands;1
F04.txt;reduction;mathematicaloperators;2
F04.txt;reversals;economicoperands;2
F04.txt;specified;regulatoryoperators;1
F04.txt;templates;legalreferences;2
F04.txt;therefore;logicalconnectors;1
F04.txt;valuation;economicoperands;1
F04.txt;variation;economicoperands;1
F04.txt;accounts;economicoperands;1
F04.txt;addition;mathematicaloperators;1
F04.txt;advances;economicoperands;30
F04.txt;annex v.;legalreferences;632
F04.txt;approach;economicoperands;2
F04.txt;based on;other;41
F04.txt;contract;economicoperands;2
F04.txt;directly;attributes;1
F04.txt;entirety;logicalconnectors;2
F04.txt;expected;economicoperands;4
F04.txt;impaired;economicoperands;2
F04.txt;increase;mathematicaloperators;37
F04.txt;interest;economicoperands;1
F04.txt;lifetime;economicoperands;2
F04.txt;measured;economicoperands;18
F04.txt;negative;mathematicaloperators;22
F04.txt;occurred;economicoperands;1
F04.txt;of which;logicalconnectors;111
F04.txt;past due;economicoperands;1
F04.txt;positive;economicoperands;3
F04.txt;recovery;economicoperands;1
F04.txt;reported;economicoperands;11
F04.txt;required;regulatoryoperators;1
F04.txt;specific;functionwords;7
F04.txt;template;legalreferences;6
F04.txt;unquoted;economicoperands;10
F04.txt;account;economicoperands;2
F04.txt;accrued;economicoperands;1
F04.txt;affects;economicoperands;1
F04.txt;against;functionwords;1
F04.txt;amounts;mathematicaloperators;4
F04.txt;annex v;legalreferences;11
F04.txt;applied;logicalconnectors;1
F04.txt;article;legalreferences;2
F04.txt;assumes;logicalconnectors;1
F04.txt;because;logicalconnectors;1
F04.txt;changes;economicoperands;15
F04.txt;depends;economicoperands;1
F04.txt;further;logicalconnectors;1
F04.txt;general;functionwords;67
F04.txt;in case;logicalconnectors;2
F04.txt;include;logicalconnectors;7
F04.txt;induced;economicoperands;15
F04.txt;initial;economicoperands;42
F04.txt;meaning;other;1
F04.txt;methods;economicoperands;3
F04.txt;outside;functionwords;1
F04.txt;partial;economicoperands;19
F04.txt;portion;economicoperands;2
F04.txt;qualify;economicoperands;2
F04.txt;reduces;mathematicaloperators;2
F04.txt;results;economicoperands;1
F04.txt;through;functionwords;22
F04.txt;totally;mathematicaloperators;1
F04.txt;trading;economicoperands;11
F04.txt;whether;logicalconnectors;2
F04.txt;without;logicalconnectors;18
F04.txt;adding;mathematicaloperators;1
F04.txt;amount;mathematicaloperators;4
F04.txt;assets;economicoperands;72
F04.txt;caused;economicoperands;1
F04.txt;causes;economicoperands;1
F04.txt;change;economicoperands;2
F04.txt;column;legalreferences;2
F04.txt;credit;economicoperands;74
F04.txt;direct;economicoperands;2
F04.txt;due to;logicalconnectors;14
F04.txt;either;logicalconnectors;3
F04.txt;equity;economicoperands;5
F04.txt;expiry;economicoperands;1
F04.txt;ifrs 9;legalreferences;13
F04.txt;issuer;economicoperands;2
F04.txt;losses;economicoperands;3
F04.txt;market;economicoperands;6
F04.txt;period;economicoperands;1
F04.txt;profit;economicoperands;1
F04.txt;relate;logicalconnectors;1
F04.txt;report;economicoperands;3
F04.txt;rights;economicoperands;1
F04.txt;sector;economicoperands;3
F04.txt;single;attributes;1
F04.txt;sum of;mathematicaloperators;2
F04.txt;within;logicalconnectors;2
F04.txt;annex;legalreferences;13
F04.txt;asset;economicoperands;3
F04.txt;event;economicoperands;3
F04.txt;gains;economicoperands;1
F04.txt;given;functionwords;2
F04.txt;gross;economicoperands;22
F04.txt;leads;economicoperands;1
F04.txt;lease;economicoperands;2
F04.txt;level;economicoperands;1
F04.txt;loans;economicoperands;30
F04.txt;locom;economicoperands;22
F04.txt;means;other;1
F04.txt;other;logicalconnectors;89
F04.txt;right;economicoperands;1
F04.txt;shall;regulatoryoperators;33
F04.txt;since;logicalconnectors;41
F04.txt;stage;economicoperands;56
F04.txt;taken;other;1
F04.txt;their;functionwords;4
F04.txt;these;functionwords;1
F04.txt;those;functionwords;4
F04.txt;total;mathematicaloperators;19
F04.txt;trade;economicoperands;2
F04.txt;under;functionwords;19
F04.txt;until;logicalconnectors;3
F04.txt;using;economicoperands;1
F04.txt;value;economicoperands;1
F04.txt;where;logicalconnectors;11
F04.txt;which;functionwords;2
F04.txt;while;logicalconnectors;1
F04.txt;write;economicoperands;38
F04.txt;also;logicalconnectors;1
F04.txt;been;functionwords;4
F04.txt;both;logicalconnectors;1
F04.txt;cost;economicoperands;1
F04.txt;date;economicoperands;1
F04.txt;debt;economicoperands;1
F04.txt;each;logicalconnectors;3
F04.txt;fall;economicoperands;1
F04.txt;fees;economicoperands;1
F04.txt;from;functionwords;3
F04.txt;give;functionwords;1
F04.txt;have;functionwords;6
F04.txt;ifrs;legalreferences;224
F04.txt;into;functionwords;2
F04.txt;loss;economicoperands;1
F04.txt;made;functionwords;1
F04.txt;non-;logicalconnectors;22
F04.txt;only;logicalconnectors;2
F04.txt;part;functionwords;660
F04.txt;risk;economicoperands;5
F04.txt;that;functionwords;19
F04.txt;them;functionwords;3
F04.txt;they;functionwords;6
F04.txt;this;functionwords;3
F04.txt;with;functionwords;31
F04.txt;100;attributes;4
F04.txt;all;logicalconnectors;2
F04.txt;and;logicalconnectors;83
F04.txt;any;logicalconnectors;2
F04.txt;are;functionwords;11
F04.txt;bad;economicoperands;48
F04.txt;but;logicalconnectors;19
F04.txt;can;regulatoryoperators;2
F04.txt;crr;legalreferences;25
F04.txt;ecb;economicoperands;12
F04.txt;for;functionwords;38
F04.txt;has;functionwords;6
F04.txt;low;economicoperands;11
F04.txt;net;economicoperands;4
F04.txt;not;logicalconnectors;31
F04.txt;sme;economicoperands;18
F04.txt;the;functionwords;78
F04.txt;use;economicoperands;4
F04.txt;via;functionwords;2
F04.txt;19;legalreferences;3
F04.txt;20;attributes;2
F04.txt;24;legalreferences;9
F04.txt;28;legalreferences;12
F04.txt;32;legalreferences;1
F04.txt;36;legalreferences;1
F04.txt;44;legalreferences;54
F04.txt;68;legalreferences;1
F04.txt;75;attributes;1
F04.txt;78;other;1
F04.txt;an;functionwords;3
F04.txt;as;logicalconnectors;8
F04.txt;at;functionwords;11
F04.txt;be;functionwords;20
F04.txt;by;functionwords;11
F04.txt;do;functionwords;2
F04.txt;ii;legalreferences;21
F04.txt;in;functionwords;69
F04.txt;is;functionwords;8
F04.txt;it;functionwords;3
F04.txt;no;logicalconnectors;2
F04.txt;of;functionwords;43
F04.txt;on;functionwords;26
F04.txt;or;logicalconnectors;39
F04.txt;to;functionwords;11
F04.txt;up;functionwords;1
F04.txt;1;attributes;48
F04.txt;2;attributes;60
F04.txt;3;attributes;19
F04.txt;4;attributes;33
F04.txt;5;attributes;14
F04.txt;6;attributes;1
F04.txt;7;attributes;78
F04.txt;8;attributes;12
