C03.txt;combined buffer requirement ratio;economicoperands;3
C03.txt;without application of;logicalconnectors;7
C03.txt;capital requirement;economicoperands;9
C03.txt;competent authority;economicoperands;15
C03.txt;in absolute figures;mathematicaloperators;4
C03.txt;taking into account;regulatoryoperators;3
C03.txt;total capital ratio;economicoperands;6
C03.txt;in accordance with;logicalconnectors;2
C03.txt;to the extent that;logicalconnectors;1
C03.txt;as referred to in;logicalconnectors;2
C03.txt;to be made up of;regulatoryoperators;16
C03.txt;where applicable;logicalconnectors;3
C03.txt;article 128 crd;legalreferences;3
C03.txt;as a percentage;mathematicaloperators;3
C03.txt;as specified in;logicalconnectors;1
C03.txt;exposure amount;economicoperands;3
C03.txt;in the form of;logicalconnectors;6
C03.txt;referred to in;functionwords;13
C03.txt;tier 1 capital;economicoperands;12
C03.txt;as defined in;logicalconnectors;1
C03.txt;capital ratio;economicoperands;11
C03.txt;methodologies;economicoperands;1
C03.txt;to the extent;logicalconnectors;3
C03.txt;cet1 capital;economicoperands;21
C03.txt;communicated;economicoperands;11
C03.txt;instructions;regulatoryoperators;1
C03.txt;requirements;regulatoryoperators;10
C03.txt;transitional;economicoperands;10
C03.txt;considering;logicalconnectors;2
C03.txt;institution;economicoperands;8
C03.txt;relating to;logicalconnectors;4
C03.txt;requirement;regulatoryoperators;8
C03.txt;supervisory;economicoperands;2
C03.txt;additional;mathematicaloperators;5
C03.txt;applicable;logicalconnectors;6
C03.txt;as follows;functionwords;9
C03.txt;concerning;logicalconnectors;1
C03.txt;defined in;regulatoryoperators;1
C03.txt;determined;regulatoryoperators;1
C03.txt;evaluation;economicoperands;1
C03.txt;guidelines;economicoperands;1
C03.txt;memorandum;legalreferences;2
C03.txt;procedures;economicoperands;1
C03.txt;provisions;economicoperands;10
C03.txt;tscr ratio;economicoperands;3
C03.txt;amount of;mathematicaloperators;4
C03.txt;available;economicoperands;1
C03.txt;expressed;economicoperands;3
C03.txt;ocr ratio;economicoperands;3
C03.txt;positions;economicoperands;1
C03.txt;presented;economicoperands;2
C03.txt;specified;regulatoryoperators;1
C03.txt;combined;mathematicaloperators;1
C03.txt;criteria;economicoperands;1
C03.txt;guidance;economicoperands;5
C03.txt;included;logicalconnectors;3
C03.txt;pillar 2;legalreferences;5
C03.txt;reflects;economicoperands;1
C03.txt;reported;economicoperands;10
C03.txt;required;regulatoryoperators;4
C03.txt;specific;functionwords;1
C03.txt;account;economicoperands;1
C03.txt;article;legalreferences;24
C03.txt;buffers;economicoperands;3
C03.txt;capital;economicoperands;14
C03.txt;deficit;economicoperands;12
C03.txt;defined;regulatoryoperators;1
C03.txt;legally;economicoperands;3
C03.txt;only if;logicalconnectors;3
C03.txt;overall;logicalconnectors;5
C03.txt;part of;logicalconnectors;4
C03.txt;process;economicoperands;1
C03.txt;reflect;economicoperands;2
C03.txt;section;legalreferences;3
C03.txt;surplus;economicoperands;13
C03.txt;testing;economicoperands;1
C03.txt;without;logicalconnectors;3
C03.txt;amount;mathematicaloperators;2
C03.txt;and/or;logicalconnectors;2
C03.txt;beyond;functionwords;1
C03.txt;buffer;economicoperands;4
C03.txt;common;functionwords;1
C03.txt;ifrs 9;legalreferences;7
C03.txt;latter;functionwords;1
C03.txt;levels;economicoperands;2
C03.txt;ratios;mathematicaloperators;3
C03.txt;review;economicoperands;1
C03.txt;stress;economicoperands;1
C03.txt;sum of;mathematicaloperators;9
C03.txt;funds;economicoperands;7
C03.txt;items;other;2
C03.txt;other;logicalconnectors;1
C03.txt;point;economicoperands;31
C03.txt;ratio;mathematicaloperators;15
C03.txt;shall;regulatoryoperators;17
C03.txt;shows;other;4
C03.txt;total;mathematicaloperators;9
C03.txt;where;logicalconnectors;10
C03.txt;which;functionwords;5
C03.txt;cet1;economicoperands;7
C03.txt;held;economicoperands;6
C03.txt;into;functionwords;1
C03.txt;item;other;7
C03.txt;meet;economicoperands;2
C03.txt;only;logicalconnectors;9
C03.txt;risk;economicoperands;3
C03.txt;rows;economicoperands;5
C03.txt;srep;economicoperands;8
C03.txt;take;other;1
C03.txt;then;logicalconnectors;1
C03.txt;they;functionwords;2
C03.txt;this;functionwords;8
C03.txt;tscr;economicoperands;9
C03.txt;were;functionwords;3
C03.txt;with;functionwords;2
C03.txt;104;legalreferences;1
C03.txt;and;logicalconnectors;29
C03.txt;crd;legalreferences;7
C03.txt;crr;legalreferences;19
C03.txt;eba;economicoperands;5
C03.txt;for;functionwords;1
C03.txt;has;functionwords;3
C03.txt;i.e;functionwords;3
C03.txt;met;functionwords;2
C03.txt;ocr;economicoperands;14
C03.txt;own;functionwords;7
C03.txt;p2g;economicoperands;16
C03.txt;per;functionwords;2
C03.txt;row;economicoperands;10
C03.txt;set;other;4
C03.txt;the;functionwords;97
C03.txt;use;economicoperands;1
C03.txt;13;legalreferences;6
C03.txt;14;legalreferences;6
C03.txt;15;attributes;6
C03.txt;16;legalreferences;1
C03.txt;20;attributes;1
C03.txt;21;legalreferences;1
C03.txt;22;legalreferences;1
C03.txt;an;functionwords;1
C03.txt;as;logicalconnectors;5
C03.txt;be;functionwords;22
C03.txt;by;functionwords;15
C03.txt;ii;legalreferences;22
C03.txt;in;functionwords;7
C03.txt;is;functionwords;17
C03.txt;it;functionwords;3
C03.txt;no;logicalconnectors;9
C03.txt;of;functionwords;40
C03.txt;on;functionwords;12
C03.txt;or;logicalconnectors;5
C03.txt;t1;economicoperands;9
C03.txt;to;functionwords;16
C03.txt;1;attributes;11
C03.txt;2;attributes;8
C03.txt;3;attributes;3
C03.txt;4;attributes;5
C03.txt;5;attributes;5
C03.txt;6;attributes;7
C03.txt;8;attributes;5
