F31.txt;fee and commission income;economicoperands;2
F31.txt;national gaap compatible;legalreferences;5
F31.txt;non-performing exposures;economicoperands;5
F31.txt;discontinued operations;economicoperands;2
F31.txt;accumulated impairment;economicoperands;3
F31.txt;debt securities issued;economicoperands;2
F31.txt;financial guarantees;economicoperands;6
F31.txt;non-financial assets;economicoperands;3
F31.txt;under national gaap;legalreferences;1
F31.txt;within the scope of;logicalconnectors;1
F31.txt;equity instruments;economicoperands;2
F31.txt;in accordance with;logicalconnectors;4
F31.txt;notional amount of;mathematicaloperators;2
F31.txt;as referred to in;logicalconnectors;1
F31.txt;off-balance sheet;economicoperands;5
F31.txt;financial assets;economicoperands;7
F31.txt;loan commitments;economicoperands;5
F31.txt;be reported for;regulatoryoperators;1
F31.txt;debt securities;economicoperands;2
F31.txt;disposal groups;economicoperands;1
F31.txt;interest income;economicoperands;2
F31.txt;non- performing;economicoperands;9
F31.txt;vertical layout;other;6
F31.txt;joint ventures;economicoperands;8
F31.txt;nominal amount;economicoperands;2
F31.txt;profit or loss;economicoperands;5
F31.txt;as defined in;logicalconnectors;3
F31.txt;at fair value;economicoperands;2
F31.txt;balance sheet;economicoperands;1
F31.txt;classified as;regulatoryoperators;1
F31.txt;consolidation;economicoperands;3
F31.txt;derecognition;economicoperands;5
F31.txt;excluded from;logicalconnectors;1
F31.txt;held for sale;economicoperands;1
F31.txt;national gaap;legalreferences;5
F31.txt;paragraphs 51;legalreferences;1
F31.txt;consolidated;economicoperands;1
F31.txt;counterparty;economicoperands;1
F31.txt;institutions;economicoperands;4
F31.txt;proportional;mathematicaloperators;1
F31.txt;subsidiaries;economicoperands;15
F31.txt;transactions;economicoperands;8
F31.txt;accumulated;economicoperands;3
F31.txt;commitments;economicoperands;6
F31.txt;credit risk;economicoperands;3
F31.txt;derivatives;economicoperands;2
F31.txt;institution;economicoperands;10
F31.txt;intra-group;economicoperands;2
F31.txt;investments;economicoperands;1
F31.txt;liabilities;economicoperands;3
F31.txt;outstanding;economicoperands;6
F31.txt;recognition;economicoperands;4
F31.txt;significant;attributes;9
F31.txt;accounting;economicoperands;15
F31.txt;associates;economicoperands;12
F31.txt;commission;economicoperands;2
F31.txt;considered;logicalconnectors;1
F31.txt;determined;regulatoryoperators;2
F31.txt;eliminated;functionwords;3
F31.txt;fair value;economicoperands;3
F31.txt;immaterial;economicoperands;1
F31.txt;impairment;economicoperands;7
F31.txt;management;economicoperands;9
F31.txt;other than;logicalconnectors;3
F31.txt;paragraphs;legalreferences;5
F31.txt;performing;economicoperands;6
F31.txt;provisions;economicoperands;11
F31.txt;prudential;economicoperands;3
F31.txt;qualifying;economicoperands;1
F31.txt;receivable;economicoperands;3
F31.txt;references;functionwords;14
F31.txt;amount of;mathematicaloperators;1
F31.txt;directive;legalreferences;15
F31.txt;exposures;economicoperands;12
F31.txt;financial;economicoperands;2
F31.txt;following;other;1
F31.txt;generated;economicoperands;5
F31.txt;guarantee;economicoperands;1
F31.txt;influence;economicoperands;9
F31.txt;paragraph;legalreferences;2
F31.txt;reporting;economicoperands;1
F31.txt;statement;economicoperands;1
F31.txt;advances;economicoperands;2
F31.txt;annex v.;legalreferences;81
F31.txt;balances;economicoperands;8
F31.txt;based on;other;6
F31.txt;deposits;economicoperands;2
F31.txt;dividend;economicoperands;2
F31.txt;entities;economicoperands;15
F31.txt;expenses;economicoperands;7
F31.txt;interest;economicoperands;2
F31.txt;measured;economicoperands;2
F31.txt;negative;mathematicaloperators;3
F31.txt;of which;logicalconnectors;4
F31.txt;portions;economicoperands;1
F31.txt;received;economicoperands;5
F31.txt;referred;functionwords;1
F31.txt;reported;economicoperands;1
F31.txt;reversal;economicoperands;6
F31.txt;selected;economicoperands;4
F31.txt;ultimate;attributes;1
F31.txt;actions;economicoperands;1
F31.txt;amounts;mathematicaloperators;8
F31.txt;annex i;legalreferences;3
F31.txt;applied;logicalconnectors;1
F31.txt;article;legalreferences;1
F31.txt;because;logicalconnectors;3
F31.txt;belongs;logicalconnectors;1
F31.txt;changes;economicoperands;3
F31.txt;control;economicoperands;9
F31.txt;current;attributes;5
F31.txt;include;logicalconnectors;7
F31.txt;maximum;mathematicaloperators;1
F31.txt;nominal;economicoperands;1
F31.txt;part of;logicalconnectors;2
F31.txt;parties;economicoperands;20
F31.txt;payable;economicoperands;3
F31.txt;related;logicalconnectors;22
F31.txt;through;functionwords;2
F31.txt;assets;economicoperands;1
F31.txt;due to;logicalconnectors;3
F31.txt;either;logicalconnectors;1
F31.txt;entity;economicoperands;1
F31.txt;income;economicoperands;5
F31.txt;losses;economicoperands;10
F31.txt;parent;economicoperands;19
F31.txt;period;economicoperands;4
F31.txt;report;economicoperands;1
F31.txt;sum of;mathematicaloperators;1
F31.txt;after;logicalconnectors;1
F31.txt;annex;legalreferences;4
F31.txt;being;functionwords;1
F31.txt;fully;economicoperands;1
F31.txt;gains;economicoperands;9
F31.txt;given;functionwords;2
F31.txt;group;economicoperands;13
F31.txt;items;other;1
F31.txt;joint;logicalconnectors;13
F31.txt;loans;economicoperands;2
F31.txt;other;logicalconnectors;25
F31.txt;party;economicoperands;1
F31.txt;scope;economicoperands;1
F31.txt;shall;regulatoryoperators;12
F31.txt;under;functionwords;2
F31.txt;where;logicalconnectors;3
F31.txt;which;functionwords;5
F31.txt;been;functionwords;3
F31.txt;from;functionwords;5
F31.txt;have;functionwords;3
F31.txt;ifrs;legalreferences;9
F31.txt;item;other;1
F31.txt;line;economicoperands;1
F31.txt;loan;economicoperands;1
F31.txt;non-;logicalconnectors;6
F31.txt;only;logicalconnectors;1
F31.txt;part;functionwords;92
F31.txt;same;logicalconnectors;10
F31.txt;that;functionwords;6
F31.txt;this;functionwords;8
F31.txt;with;functionwords;16
F31.txt;103;legalreferences;1
F31.txt;105;legalreferences;2
F31.txt;106;legalreferences;4
F31.txt;113;legalreferences;4
F31.txt;115;legalreferences;4
F31.txt;119;legalreferences;1
F31.txt;all;logicalconnectors;1
F31.txt;and;logicalconnectors;62
F31.txt;any;logicalconnectors;1
F31.txt;are;functionwords;8
F31.txt;bad;economicoperands;12
F31.txt;can;regulatoryoperators;1
F31.txt;crr;legalreferences;4
F31.txt;ecb;economicoperands;4
F31.txt;fee;economicoperands;2
F31.txt;for;functionwords;6
F31.txt;key;economicoperands;9
F31.txt;non;logicalconnectors;1
F31.txt;not;logicalconnectors;7
F31.txt;tax;economicoperands;1
F31.txt;the;functionwords;42
F31.txt;11;legalreferences;1
F31.txt;17;legalreferences;15
F31.txt;19;legalreferences;1
F31.txt;23;attributes;1
F31.txt;24;legalreferences;1
F31.txt;27;legalreferences;6
F31.txt;31;attributes;3
F31.txt;50;attributes;1
F31.txt;53;legalreferences;1
F31.txt;as;logicalconnectors;4
F31.txt;be;functionwords;4
F31.txt;by;functionwords;5
F31.txt;in;functionwords;7
F31.txt;is;functionwords;2
F31.txt;of;functionwords;52
F31.txt;on;functionwords;21
F31.txt;or;logicalconnectors;34
F31.txt;to;functionwords;10
F31.txt;1;attributes;16
F31.txt;2;attributes;6
F31.txt;3;attributes;1
F31.txt;4;attributes;1
F31.txt;5;attributes;2
F31.txt;6;attributes;1
