F01-03.txt;interest income and expenses;economicoperands;3
F01-03.txt;non-trading financial assets;economicoperands;11
F01-03.txt;reporting reference period;economicoperands;2
F01-03.txt;fee and commission income;economicoperands;2
F01-03.txt;national gaap compatible;legalreferences;21
F01-03.txt;non-controlling interest;economicoperands;2
F01-03.txt;trading financial assets;economicoperands;2
F01-03.txt;discontinued operations;economicoperands;9
F01-03.txt;off balance sheet items;economicoperands;2
F01-03.txt;this part of this annex;legalreferences;1
F01-03.txt;debt securities issued;economicoperands;8
F01-03.txt;accounting portfolios;economicoperands;2
F01-03.txt;financial instruments;economicoperands;19
F01-03.txt;have the same meaning;regulatoryoperators;2
F01-03.txt;regardless of whether;logicalconnectors;2
F01-03.txt;accounting framework;economicoperands;1
F01-03.txt;accounting portfolio;economicoperands;3
F01-03.txt;accounting standards;economicoperands;1
F01-03.txt;comprehensive income;economicoperands;68
F01-03.txt;financial guarantees;economicoperands;2
F01-03.txt;financial instrument;economicoperands;4
F01-03.txt;non-financial assets;economicoperands;6
F01-03.txt;part 1 of this annex;legalreferences;1
F01-03.txt;accounting standard;economicoperands;1
F01-03.txt;capital instruments;economicoperands;1
F01-03.txt;hedging derivatives;economicoperands;8
F01-03.txt;hedging instruments;economicoperands;9
F01-03.txt;insurance contracts;economicoperands;2
F01-03.txt;under national gaap;legalreferences;6
F01-03.txt;credit derivatives;economicoperands;2
F01-03.txt;difference between;mathematicaloperators;2
F01-03.txt;equity instruments;economicoperands;50
F01-03.txt;hedge relationship;economicoperands;2
F01-03.txt;hedging derivative;economicoperands;4
F01-03.txt;hedging instrument;economicoperands;9
F01-03.txt;in accordance with;logicalconnectors;14
F01-03.txt;interest rate risk;economicoperands;12
F01-03.txt;under the scope of;logicalconnectors;1
F01-03.txt;at amortised cost;economicoperands;16
F01-03.txt;cost-based method;economicoperands;2
F01-03.txt;employee benefits;economicoperands;4
F01-03.txt;equity instrument;economicoperands;4
F01-03.txt;forward contracts;economicoperands;1
F01-03.txt;intangible assets;economicoperands;12
F01-03.txt;minority interest;economicoperands;4
F01-03.txt;reclassifications;regulatoryoperators;17
F01-03.txt;recognised income;economicoperands;8
F01-03.txt;retained earnings;economicoperands;2
F01-03.txt;be classified in;regulatoryoperators;4
F01-03.txt;carrying amounts;economicoperands;1
F01-03.txt;creditworthiness;economicoperands;1
F01-03.txt;debt instruments;economicoperands;10
F01-03.txt;financial assets;economicoperands;65
F01-03.txt;foreign currency;economicoperands;7
F01-03.txt;foreign exchange;economicoperands;2
F01-03.txt;forward contract;economicoperands;3
F01-03.txt;guarantees given;economicoperands;7
F01-03.txt;hedge accounting;economicoperands;22
F01-03.txt;held for trading;economicoperands;22
F01-03.txt;is designated as;regulatoryoperators;3
F01-03.txt;operating income;economicoperands;4
F01-03.txt;reclassification;regulatoryoperators;5
F01-03.txt;attributable to;functionwords;15
F01-03.txt;carrying amount;economicoperands;28
F01-03.txt;cash flow hedge;economicoperands;3
F01-03.txt;characteristics;logicalconnectors;1
F01-03.txt;debt securities;economicoperands;16
F01-03.txt;defined benefit;economicoperands;10
F01-03.txt;demand deposits;economicoperands;6
F01-03.txt;disposal groups;economicoperands;20
F01-03.txt;financial asset;economicoperands;7
F01-03.txt;ineffectiveness;attributes;7
F01-03.txt;interest income;economicoperands;19
F01-03.txt;irrespective of;logicalconnectors;3
F01-03.txt;loss accounting;economicoperands;3
F01-03.txt;net investments;economicoperands;10
F01-03.txt;portfolio hedge;economicoperands;5
F01-03.txt;post-employment;economicoperands;1
F01-03.txt;tangible assets;economicoperands;7
F01-03.txt;tax liabilities;economicoperands;6
F01-03.txt;treasury shares;economicoperands;3
F01-03.txt;vertical layout;other;32
F01-03.txt;administrative;economicoperands;4
F01-03.txt;aforementioned;logicalconnectors;1
F01-03.txt;amortised cost;economicoperands;3
F01-03.txt;at the date of;logicalconnectors;1
F01-03.txt;be reported as;regulatoryoperators;5
F01-03.txt;be reported in;regulatoryoperators;19
F01-03.txt;broken down by;mathematicaloperators;1
F01-03.txt;equity-settled;economicoperands;1
F01-03.txt;in relation to;logicalconnectors;4
F01-03.txt;in the case of;logicalconnectors;1
F01-03.txt;in the form of;logicalconnectors;2
F01-03.txt;interdependent;economicoperands;1
F01-03.txt;joint ventures;economicoperands;32
F01-03.txt;loss allowance;economicoperands;2
F01-03.txt;net investment;economicoperands;3
F01-03.txt;profit or loss;economicoperands;98
F01-03.txt;proportionally;mathematicaloperators;2
F01-03.txt;reference date;economicoperands;1
F01-03.txt;reporting date;economicoperands;1
F01-03.txt;resulting from;other;1
F01-03.txt;specifications;economicoperands;1
F01-03.txt;staff expenses;economicoperands;2
F01-03.txt;unpaid capital;economicoperands;6
F01-03.txt;as defined in;logicalconnectors;1
F01-03.txt;at fair value;economicoperands;107
F01-03.txt;at the end of;logicalconnectors;1
F01-03.txt;balance sheet;economicoperands;6
F01-03.txt;cash balances;economicoperands;6
F01-03.txt;central banks;economicoperands;7
F01-03.txt;classified as;regulatoryoperators;17
F01-03.txt;consolidation;economicoperands;5
F01-03.txt;contributions;economicoperands;4
F01-03.txt;credit losses;economicoperands;2
F01-03.txt;derecognition;economicoperands;18
F01-03.txt;equity method;economicoperands;15
F01-03.txt;excluded from;logicalconnectors;1
F01-03.txt;extraordinary;attributes;2
F01-03.txt;held for sale;economicoperands;23
F01-03.txt;in particular;logicalconnectors;1
F01-03.txt;interest rate;economicoperands;2
F01-03.txt;modifications;economicoperands;1
F01-03.txt;national gaap;legalreferences;27
F01-03.txt;pension plans;economicoperands;4
F01-03.txt;restructuring;economicoperands;2
F01-03.txt;share premium;economicoperands;2
F01-03.txt;according to;regulatoryoperators;1
F01-03.txt;among others;logicalconnectors;2
F01-03.txt;consistently;attributes;1
F01-03.txt;consolidated;economicoperands;2
F01-03.txt;contribution;economicoperands;2
F01-03.txt;deferred tax;economicoperands;2
F01-03.txt;depreciation;economicoperands;2
F01-03.txt;derecognised;economicoperands;2
F01-03.txt;discontinued;economicoperands;2
F01-03.txt;except where;logicalconnectors;3
F01-03.txt;hedged items;economicoperands;12
F01-03.txt;institutions;economicoperands;3
F01-03.txt;modification;economicoperands;5
F01-03.txt;net position;economicoperands;1
F01-03.txt;paragraph 11;legalreferences;1
F01-03.txt;paragraph 40;legalreferences;1
F01-03.txt;presentation;economicoperands;1
F01-03.txt;provisioning;economicoperands;2
F01-03.txt;reclassified;regulatoryoperators;22
F01-03.txt;respectively;logicalconnectors;2
F01-03.txt;shareholders;economicoperands;1
F01-03.txt;subsequently;logicalconnectors;1
F01-03.txt;subsidiaries;economicoperands;22
F01-03.txt;transactions;economicoperands;1
F01-03.txt;under ifrs 5;legalreferences;4
F01-03.txt;accumulated;economicoperands;20
F01-03.txt;application;economicoperands;1
F01-03.txt;apportioned;economicoperands;1
F01-03.txt;circulation;economicoperands;1
F01-03.txt;commitments;economicoperands;15
F01-03.txt;commodities;economicoperands;1
F01-03.txt;contractual;economicoperands;1
F01-03.txt;controlling;economicoperands;4
F01-03.txt;cooperative;economicoperands;1
F01-03.txt;credit risk;economicoperands;12
F01-03.txt;derivatives;economicoperands;21
F01-03.txt;designation;regulatoryoperators;3
F01-03.txt;differences;mathematicaloperators;4
F01-03.txt;distinction;logicalconnectors;1
F01-03.txt;hedged item;economicoperands;10
F01-03.txt;in the same;logicalconnectors;1
F01-03.txt;ineffective;attributes;3
F01-03.txt;institution;economicoperands;6
F01-03.txt;instruments;economicoperands;6
F01-03.txt;investments;economicoperands;38
F01-03.txt;irrevocable;economicoperands;1
F01-03.txt;liabilities;economicoperands;85
F01-03.txt;mandatorily;regulatoryoperators;9
F01-03.txt;measurement;mathematicaloperators;10
F01-03.txt;obligations;economicoperands;2
F01-03.txt;receivables;economicoperands;2
F01-03.txt;recognition;economicoperands;1
F01-03.txt;relating to;logicalconnectors;6
F01-03.txt;repurchased;economicoperands;1
F01-03.txt;revaluation;economicoperands;3
F01-03.txt;subscribers;economicoperands;1
F01-03.txt;subsidaries;economicoperands;10
F01-03.txt;termination;economicoperands;1
F01-03.txt;time-period;economicoperands;1
F01-03.txt;transaction;economicoperands;1
F01-03.txt;transferred;economicoperands;19
F01-03.txt;translation;economicoperands;7
F01-03.txt;written-off;economicoperands;1
F01-03.txt;accounting;economicoperands;34
F01-03.txt;allowances;economicoperands;3
F01-03.txt;appendix a;legalreferences;11
F01-03.txt;applicable;logicalconnectors;3
F01-03.txt;as well as;logicalconnectors;6
F01-03.txt;associates;economicoperands;32
F01-03.txt;cash flows;economicoperands;2
F01-03.txt;categories;economicoperands;1
F01-03.txt;classified;regulatoryoperators;4
F01-03.txt;commission;economicoperands;2
F01-03.txt;commitment;economicoperands;3
F01-03.txt;components;economicoperands;1
F01-03.txt;considered;logicalconnectors;1
F01-03.txt;contingent;economicoperands;2
F01-03.txt;continuing;economicoperands;6
F01-03.txt;cumulative;mathematicaloperators;2
F01-03.txt;derivative;economicoperands;6
F01-03.txt;designated;regulatoryoperators;25
F01-03.txt;determined;regulatoryoperators;2
F01-03.txt;employment;economicoperands;3
F01-03.txt;fair value;economicoperands;55
F01-03.txt;first-time;economicoperands;1
F01-03.txt;guarantees;economicoperands;4
F01-03.txt;impairment;economicoperands;35
F01-03.txt;income tax;economicoperands;6
F01-03.txt;investment;economicoperands;7
F01-03.txt;litigation;economicoperands;2
F01-03.txt;offsetting;economicoperands;1
F01-03.txt;operations;economicoperands;20
F01-03.txt;other than;logicalconnectors;9
F01-03.txt;previously;logicalconnectors;4
F01-03.txt;properties;economicoperands;4
F01-03.txt;provisions;economicoperands;26
F01-03.txt;qualifying;economicoperands;4
F01-03.txt;reacquired;economicoperands;1
F01-03.txt;receivable;economicoperands;2
F01-03.txt;recognised;economicoperands;10
F01-03.txt;recoveries;economicoperands;1
F01-03.txt;reduced by;mathematicaloperators;1
F01-03.txt;references;functionwords;54
F01-03.txt;reflecting;economicoperands;1
F01-03.txt;regulatory;economicoperands;3
F01-03.txt;resolution;economicoperands;6
F01-03.txt;respective;logicalconnectors;1
F01-03.txt;segregated;economicoperands;1
F01-03.txt;separately;economicoperands;4
F01-03.txt;short-term;economicoperands;1
F01-03.txt;treated as;regulatoryoperators;2
F01-03.txt;under ifrs;legalreferences;12
F01-03.txt;variations;economicoperands;1
F01-03.txt;accounted;economicoperands;15
F01-03.txt;actuarial;economicoperands;4
F01-03.txt;adjusting;mathematicaloperators;2
F01-03.txt;amortised;economicoperands;1
F01-03.txt;amount of;mathematicaloperators;7
F01-03.txt;balancing;economicoperands;1
F01-03.txt;banknotes;economicoperands;1
F01-03.txt;breakdown;mathematicaloperators;30
F01-03.txt;cash flow;economicoperands;11
F01-03.txt;component;economicoperands;7
F01-03.txt;contracts;economicoperands;1
F01-03.txt;decreases;mathematicaloperators;1
F01-03.txt;depending;logicalconnectors;1
F01-03.txt;different;mathematicaloperators;4
F01-03.txt;directive;legalreferences;36
F01-03.txt;disclosed;economicoperands;1
F01-03.txt;dividends;economicoperands;6
F01-03.txt;effective;other;16
F01-03.txt;encompass;logicalconnectors;1
F01-03.txt;equipment;economicoperands;6
F01-03.txt;estimated;mathematicaloperators;1
F01-03.txt;financial;economicoperands;36
F01-03.txt;following;other;5
F01-03.txt;generated;economicoperands;2
F01-03.txt;guarantee;economicoperands;6
F01-03.txt;impact of;economicoperands;1
F01-03.txt;including;logicalconnectors;7
F01-03.txt;increases;mathematicaloperators;2
F01-03.txt;interests;economicoperands;8
F01-03.txt;intrinsic;economicoperands;2
F01-03.txt;liability;economicoperands;2
F01-03.txt;listed in;functionwords;1
F01-03.txt;long term;economicoperands;2
F01-03.txt;long-term;economicoperands;2
F01-03.txt;no longer;attributes;3
F01-03.txt;operating;economicoperands;2
F01-03.txt;operation;economicoperands;1
F01-03.txt;otherwise;logicalconnectors;2
F01-03.txt;paragraph;legalreferences;2
F01-03.txt;portfolio;economicoperands;2
F01-03.txt;positions;economicoperands;5
F01-03.txt;presented;economicoperands;2
F01-03.txt;provision;economicoperands;1
F01-03.txt;qualified;economicoperands;1
F01-03.txt;repayable;economicoperands;5
F01-03.txt;reporting;economicoperands;2
F01-03.txt;separated;economicoperands;2
F01-03.txt;statement;economicoperands;15
F01-03.txt;statutory;economicoperands;1
F01-03.txt;therefore;logicalconnectors;2
F01-03.txt;transfers;economicoperands;1
F01-03.txt;valuation;economicoperands;14
F01-03.txt;variation;economicoperands;5
F01-03.txt;write-off;economicoperands;1
F01-03.txt;adoption;other;1
F01-03.txt;advances;economicoperands;17
F01-03.txt;although;logicalconnectors;1
F01-03.txt;annex v.;legalreferences;268
F01-03.txt;appendix;economicoperands;6
F01-03.txt;approach;economicoperands;1
F01-03.txt;assigned;regulatoryoperators;1
F01-03.txt;balances;economicoperands;2
F01-03.txt;based on;other;28
F01-03.txt;benefits;economicoperands;1
F01-03.txt;business;economicoperands;1
F01-03.txt;category;economicoperands;13
F01-03.txt;commonly;functionwords;1
F01-03.txt;compound;mathematicaloperators;6
F01-03.txt;comprise;logicalconnectors;2
F01-03.txt;contract;economicoperands;1
F01-03.txt;counting;economicoperands;1
F01-03.txt;criteria;economicoperands;2
F01-03.txt;deferred;economicoperands;2
F01-03.txt;deposits;economicoperands;8
F01-03.txt;directly;attributes;2
F01-03.txt;dividend;economicoperands;8
F01-03.txt;economic;economicoperands;1
F01-03.txt;election;economicoperands;1
F01-03.txt;elements;economicoperands;7
F01-03.txt;embedded;logicalconnectors;1
F01-03.txt;entities;economicoperands;3
F01-03.txt;examples;economicoperands;2
F01-03.txt;exchange;economicoperands;3
F01-03.txt;expected;economicoperands;3
F01-03.txt;expenses;economicoperands;21
F01-03.txt;goodwill;economicoperands;8
F01-03.txt;haircuts;economicoperands;2
F01-03.txt;holdings;economicoperands;1
F01-03.txt;included;logicalconnectors;9
F01-03.txt;increase;mathematicaloperators;3
F01-03.txt;interest;economicoperands;17
F01-03.txt;lifetime;economicoperands;1
F01-03.txt;measured;economicoperands;64
F01-03.txt;minority;economicoperands;2
F01-03.txt;mismatch;economicoperands;1
F01-03.txt;modified;other;1
F01-03.txt;multiple;mathematicaloperators;1
F01-03.txt;national;economicoperands;1
F01-03.txt;negative;mathematicaloperators;6
F01-03.txt;occasion;economicoperands;1
F01-03.txt;occurred;economicoperands;1
F01-03.txt;of which;logicalconnectors;1
F01-03.txt;on-going;economicoperands;2
F01-03.txt;ordinary;attributes;1
F01-03.txt;payments;economicoperands;2
F01-03.txt;pensions;economicoperands;3
F01-03.txt;position;economicoperands;4
F01-03.txt;positive;economicoperands;2
F01-03.txt;possible;regulatoryoperators;1
F01-03.txt;property;economicoperands;8
F01-03.txt;provided;logicalconnectors;2
F01-03.txt;recorded;economicoperands;3
F01-03.txt;released;economicoperands;1
F01-03.txt;relevant;attributes;8
F01-03.txt;reported;economicoperands;14
F01-03.txt;reserves;economicoperands;15
F01-03.txt;reversal;economicoperands;18
F01-03.txt;separate;economicoperands;1
F01-03.txt;specific;functionwords;2
F01-03.txt;template;legalreferences;4
F01-03.txt;transfer;economicoperands;1
F01-03.txt;accrued;economicoperands;1
F01-03.txt;allowed;regulatoryoperators;1
F01-03.txt;amounts;mathematicaloperators;14
F01-03.txt;annex v;legalreferences;12
F01-03.txt;applied;logicalconnectors;2
F01-03.txt;arising;economicoperands;9
F01-03.txt;article;legalreferences;12
F01-03.txt;banking;economicoperands;4
F01-03.txt;because;logicalconnectors;1
F01-03.txt;benefit;economicoperands;1
F01-03.txt;between;functionwords;2
F01-03.txt;capital;economicoperands;16
F01-03.txt;changes;economicoperands;44
F01-03.txt;charges;economicoperands;1
F01-03.txt;classes;other;2
F01-03.txt;contain;economicoperands;1
F01-03.txt;correct;economicoperands;2
F01-03.txt;current;attributes;37
F01-03.txt;defined;regulatoryoperators;1
F01-03.txt;deposit;economicoperands;6
F01-03.txt;derived;economicoperands;1
F01-03.txt;element;economicoperands;4
F01-03.txt;example;economicoperands;8
F01-03.txt;expense;economicoperands;25
F01-03.txt;follows;other;2
F01-03.txt;foreign;economicoperands;15
F01-03.txt;forward;economicoperands;3
F01-03.txt;general;functionwords;4
F01-03.txt;hedging;economicoperands;1
F01-03.txt;include;logicalconnectors;60
F01-03.txt;initial;economicoperands;4
F01-03.txt;interim;economicoperands;2
F01-03.txt;measure;economicoperands;1
F01-03.txt;methods;economicoperands;2
F01-03.txt;options;economicoperands;4
F01-03.txt;part of;logicalconnectors;6
F01-03.txt;parties;economicoperands;1
F01-03.txt;passage;economicoperands;1
F01-03.txt;payment;economicoperands;7
F01-03.txt;pending;functionwords;2
F01-03.txt;portion;economicoperands;14
F01-03.txt;present;economicoperands;3
F01-03.txt;receipt;economicoperands;1
F01-03.txt;reflect;economicoperands;1
F01-03.txt;related;logicalconnectors;18
F01-03.txt;reserve;economicoperands;10
F01-03.txt;schemes;economicoperands;6
F01-03.txt;that is;logicalconnectors;3
F01-03.txt;through;functionwords;107
F01-03.txt;trading;economicoperands;10
F01-03.txt;whether;logicalconnectors;2
F01-03.txt;without;logicalconnectors;2
F01-03.txt;written;economicoperands;1
F01-03.txt;affect;economicoperands;1
F01-03.txt;amount;mathematicaloperators;3
F01-03.txt;appear;economicoperands;1
F01-03.txt;arises;economicoperands;2
F01-03.txt;assets;economicoperands;53
F01-03.txt;before;logicalconnectors;6
F01-03.txt;called;economicoperands;6
F01-03.txt;change;economicoperands;8
F01-03.txt;credit;economicoperands;1
F01-03.txt;debtor;economicoperands;1
F01-03.txt;demand;economicoperands;7
F01-03.txt;due to;logicalconnectors;10
F01-03.txt;during;logicalconnectors;1
F01-03.txt;either;logicalconnectors;3
F01-03.txt;entity;economicoperands;2
F01-03.txt;equity;economicoperands;35
F01-03.txt;exceed;mathematicaloperators;1
F01-03.txt;hedged;economicoperands;6
F01-03.txt;hedges;economicoperands;26
F01-03.txt;ias 37;legalreferences;7
F01-03.txt;ifrs 4;legalreferences;11
F01-03.txt;ifrs 5;legalreferences;5
F01-03.txt;ifrs 9;legalreferences;23
F01-03.txt;income;economicoperands;16
F01-03.txt;intent;economicoperands;1
F01-03.txt;issued;economicoperands;8
F01-03.txt;issuer;economicoperands;1
F01-03.txt;issues;economicoperands;2
F01-03.txt;latter;functionwords;1
F01-03.txt;linked;economicoperands;1
F01-03.txt;losses;economicoperands;88
F01-03.txt;manage;economicoperands;3
F01-03.txt;method;economicoperands;1
F01-03.txt;nature;economicoperands;2
F01-03.txt;option;economicoperands;2
F01-03.txt;owners;economicoperands;6
F01-03.txt;parent;economicoperands;6
F01-03.txt;period;economicoperands;18
F01-03.txt;profit;economicoperands;26
F01-03.txt;remain;economicoperands;1
F01-03.txt;report;economicoperands;1
F01-03.txt;shares;economicoperands;2
F01-03.txt;silver;economicoperands;1
F01-03.txt;spread;economicoperands;3
F01-03.txt;values;economicoperands;1
F01-03.txt;within;logicalconnectors;5
F01-03.txt;after;logicalconnectors;5
F01-03.txt;allow;regulatoryoperators;1
F01-03.txt;annex;legalreferences;22
F01-03.txt;apply;logicalconnectors;2
F01-03.txt;asset;economicoperands;2
F01-03.txt;based;other;2
F01-03.txt;basis;economicoperands;3
F01-03.txt;being;functionwords;2
F01-03.txt;clean;economicoperands;8
F01-03.txt;coins;economicoperands;1
F01-03.txt;could;functionwords;2
F01-03.txt;cover;economicoperands;2
F01-03.txt;first;attributes;1
F01-03.txt;flows;economicoperands;1
F01-03.txt;fully;economicoperands;2
F01-03.txt;funds;economicoperands;9
F01-03.txt;gains;economicoperands;83
F01-03.txt;gives;functionwords;1
F01-03.txt;going;functionwords;1
F01-03.txt;gross;economicoperands;2
F01-03.txt;group;economicoperands;1
F01-03.txt;hedge;economicoperands;18
F01-03.txt;ifrs9;legalreferences;2
F01-03.txt;items;other;26
F01-03.txt;leads;economicoperands;1
F01-03.txt;lease;economicoperands;1
F01-03.txt;legal;economicoperands;3
F01-03.txt;loans;economicoperands;17
F01-03.txt;locom;economicoperands;1
F01-03.txt;model;economicoperands;1
F01-03.txt;month;attributes;1
F01-03.txt;occur;economicoperands;1
F01-03.txt;other;logicalconnectors;172
F01-03.txt;place;economicoperands;1
F01-03.txt;plans;economicoperands;2
F01-03.txt;plant;economicoperands;6
F01-03.txt;point;economicoperands;1
F01-03.txt;price;economicoperands;12
F01-03.txt;risks;economicoperands;4
F01-03.txt;rules;economicoperands;1
F01-03.txt;scope;economicoperands;4
F01-03.txt;shall;regulatoryoperators;104
F01-03.txt;share;economicoperands;19
F01-03.txt;short;economicoperands;3
F01-03.txt;split;mathematicaloperators;1
F01-03.txt;table;other;30
F01-03.txt;taken;other;12
F01-03.txt;takes;other;1
F01-03.txt;their;functionwords;11
F01-03.txt;these;functionwords;4
F01-03.txt;those;functionwords;14
F01-03.txt;total;mathematicaloperators;14
F01-03.txt;trade;economicoperands;1
F01-03.txt;under;functionwords;11
F01-03.txt;using;economicoperands;14
F01-03.txt;value;economicoperands;5
F01-03.txt;where;logicalconnectors;38
F01-03.txt;which;functionwords;18
F01-03.txt;while;logicalconnectors;2
F01-03.txt;whose;functionwords;1
F01-03.txt;years;economicoperands;1
F01-03.txt;yield;economicoperands;2
F01-03.txt;also;logicalconnectors;8
F01-03.txt;been;functionwords;9
F01-03.txt;both;logicalconnectors;4
F01-03.txt;case;economicoperands;1
F01-03.txt;cash;economicoperands;10
F01-03.txt;clas;other;3
F01-03.txt;cost;economicoperands;1
F01-03.txt;even;logicalconnectors;2
F01-03.txt;fees;economicoperands;1
F01-03.txt;from;functionwords;53
F01-03.txt;fund;economicoperands;1
F01-03.txt;gain;economicoperands;3
F01-03.txt;give;functionwords;2
F01-03.txt;gold;economicoperands;1
F01-03.txt;hand;economicoperands;3
F01-03.txt;have;functionwords;5
F01-03.txt;held;economicoperands;2
F01-03.txt;ifrs;legalreferences;281
F01-03.txt;into;functionwords;7
F01-03.txt;item;other;5
F01-03.txt;line;economicoperands;2
F01-03.txt;loss;economicoperands;30
F01-03.txt;made;functionwords;2
F01-03.txt;make;functionwords;1
F01-03.txt;meet;economicoperands;2
F01-03.txt;non-;logicalconnectors;28
F01-03.txt;only;logicalconnectors;3
F01-03.txt;over;mathematicaloperators;1
F01-03.txt;paid;economicoperands;6
F01-03.txt;part;functionwords;303
F01-03.txt;past;functionwords;1
F01-03.txt;post;economicoperands;2
F01-03.txt;rise;other;3
F01-03.txt;risk;economicoperands;2
F01-03.txt;rows;economicoperands;2
F01-03.txt;sold;economicoperands;1
F01-03.txt;spot;economicoperands;2
F01-03.txt;that;functionwords;45
F01-03.txt;them;functionwords;1
F01-03.txt;they;functionwords;15
F01-03.txt;this;functionwords;10
F01-03.txt;time;economicoperands;5
F01-03.txt;type;economicoperands;1
F01-03.txt;used;economicoperands;13
F01-03.txt;view;economicoperands;1
F01-03.txt;viii;legalreferences;2
F01-03.txt;will;functionwords;7
F01-03.txt;with;functionwords;7
F01-03.txt;year;economicoperands;6
F01-03.txt;100;attributes;6
F01-03.txt;104;legalreferences;2
F01-03.txt;106;legalreferences;3
F01-03.txt;108;legalreferences;3
F01-03.txt;113;legalreferences;3
F01-03.txt;115;legalreferences;3
F01-03.txt;165;legalreferences;1
F01-03.txt;all;logicalconnectors;15
F01-03.txt;and;logicalconnectors;210
F01-03.txt;any;logicalconnectors;2
F01-03.txt;are;functionwords;33
F01-03.txt;bad;economicoperands;95
F01-03.txt;but;logicalconnectors;3
F01-03.txt;can;regulatoryoperators;1
F01-03.txt;crr;legalreferences;31
F01-03.txt;ecb;economicoperands;17
F01-03.txt;fee;economicoperands;2
F01-03.txt;for;functionwords;58
F01-03.txt;has;functionwords;7
F01-03.txt;how;functionwords;1
F01-03.txt;iii;legalreferences;9
F01-03.txt;may;regulatoryoperators;8
F01-03.txt;net;economicoperands;47
F01-03.txt;non;logicalconnectors;4
F01-03.txt;not;logicalconnectors;52
F01-03.txt;off;functionwords;1
F01-03.txt;out;functionwords;4
F01-03.txt;own;functionwords;5
F01-03.txt;row;economicoperands;5
F01-03.txt;tax;economicoperands;22
F01-03.txt;the;functionwords;260
F01-03.txt;yet;logicalconnectors;1
F01-03.txt;10;attributes;12
F01-03.txt;11;legalreferences;12
F01-03.txt;12;attributes;22
F01-03.txt;13;legalreferences;7
F01-03.txt;14;legalreferences;7
F01-03.txt;15;attributes;2
F01-03.txt;16;legalreferences;22
F01-03.txt;17;legalreferences;3
F01-03.txt;18;legalreferences;2
F01-03.txt;19;legalreferences;6
F01-03.txt;20;attributes;2
F01-03.txt;21;legalreferences;8
F01-03.txt;22;legalreferences;9
F01-03.txt;23;attributes;2
F01-03.txt;24;legalreferences;4
F01-03.txt;25;attributes;1
F01-03.txt;27;legalreferences;37
F01-03.txt;28;legalreferences;10
F01-03.txt;29;legalreferences;3
F01-03.txt;30;attributes;2
F01-03.txt;31;attributes;3
F01-03.txt;32;legalreferences;5
F01-03.txt;35;attributes;3
F01-03.txt;36;legalreferences;4
F01-03.txt;38;legalreferences;7
F01-03.txt;39;legalreferences;10
F01-03.txt;40;legalreferences;5
F01-03.txt;41;legalreferences;12
F01-03.txt;42;legalreferences;10
F01-03.txt;43;legalreferences;17
F01-03.txt;44;legalreferences;3
F01-03.txt;45;attributes;9
F01-03.txt;46;legalreferences;20
F01-03.txt;47;legalreferences;3
F01-03.txt;48;legalreferences;1
F01-03.txt;49;legalreferences;8
F01-03.txt;50;attributes;1
F01-03.txt;51;legalreferences;1
F01-03.txt;53;legalreferences;4
F01-03.txt;54;legalreferences;1
F01-03.txt;60;attributes;1
F01-03.txt;62;attributes;1
F01-03.txt;65;attributes;4
F01-03.txt;an;functionwords;10
F01-03.txt;as;logicalconnectors;25
F01-03.txt;at;functionwords;14
F01-03.txt;be;functionwords;31
F01-03.txt;by;functionwords;8
F01-03.txt;do;functionwords;2
F01-03.txt;if;logicalconnectors;4
F01-03.txt;ii;legalreferences;29
F01-03.txt;in;functionwords;164
F01-03.txt;is;functionwords;24
F01-03.txt;it;functionwords;2
F01-03.txt;iv;legalreferences;12
F01-03.txt;no;logicalconnectors;1
F01-03.txt;of;functionwords;233
F01-03.txt;on;functionwords;83
F01-03.txt;or;logicalconnectors;152
F01-03.txt;to;functionwords;91
F01-03.txt;up;functionwords;8
F01-03.txt;vi;legalreferences;6
F01-03.txt;1;attributes;92
F01-03.txt;2;attributes;52
F01-03.txt;3;attributes;17
F01-03.txt;4;attributes;101
F01-03.txt;5;attributes;18
F01-03.txt;6;attributes;41
F01-03.txt;7;attributes;42
F01-03.txt;8;attributes;74
F01-03.txt;9;attributes;22
