C72.txt;international organisations;economicoperands;1
C72.txt;non-interest bearing assets;economicoperands;3
C72.txt;asset-backed securities;economicoperands;5
C72.txt;credit institution;economicoperands;4
C72.txt;in accordance with;logicalconnectors;5
C72.txt;foreign currency;economicoperands;1
C72.txt;credit facility;economicoperands;1
C72.txt;debt securities;economicoperands;4
C72.txt;network member;economicoperands;3
C72.txt;public sector;economicoperands;3
C72.txt;central bank;economicoperands;7
C72.txt;institutions;economicoperands;7
C72.txt;member state;economicoperands;4
C72.txt;multilateral;economicoperands;1
C72.txt;withdrawable;economicoperands;1
C72.txt;alternative;logicalconnectors;2
C72.txt;authorities;economicoperands;3
C72.txt;development;economicoperands;1
C72.txt;individuals;economicoperands;2
C72.txt;institution;economicoperands;3
C72.txt;operational;economicoperands;1
C72.txt;promotional;economicoperands;1
C72.txt;residential;economicoperands;2
C72.txt;applicable;logicalconnectors;5
C72.txt;approaches;economicoperands;2
C72.txt;commercial;economicoperands;2
C72.txt;considered;logicalconnectors;4
C72.txt;depositing;economicoperands;4
C72.txt;facilities;economicoperands;1
C72.txt;government;economicoperands;6
C72.txt;investment;economicoperands;2
C72.txt;memorandum;legalreferences;1
C72.txt;qualifying;economicoperands;8
C72.txt;recognised;economicoperands;1
C72.txt;restricted;regulatoryoperators;1
C72.txt;unadjusted;economicoperands;7
C72.txt;underlying;economicoperands;8
C72.txt;available;economicoperands;1
C72.txt;banknotes;economicoperands;2
C72.txt;committed;economicoperands;1
C72.txt;corporate;economicoperands;4
C72.txt;excluding;logicalconnectors;2
C72.txt;extremely;attributes;5
C72.txt;liquidity;economicoperands;5
C72.txt;obligated;economicoperands;2
C72.txt;protected;economicoperands;1
C72.txt;religious;economicoperands;3
C72.txt;specified;regulatoryoperators;1
C72.txt;coverage;economicoperands;1
C72.txt;currency;economicoperands;3
C72.txt;deposits;economicoperands;2
C72.txt;domestic;economicoperands;1
C72.txt;excluded;logicalconnectors;2
C72.txt;exposure;economicoperands;1
C72.txt;regional;economicoperands;3
C72.txt;reserves;economicoperands;1
C72.txt;standard;economicoperands;5
C72.txt;article;legalreferences;5
C72.txt;central;economicoperands;10
C72.txt;country;economicoperands;2
C72.txt;covered;economicoperands;10
C72.txt;funding;economicoperands;1
C72.txt;quality;economicoperands;9
C72.txt;reasons;economicoperands;6
C72.txt;amount;mathematicaloperators;5
C72.txt;and/or;logicalconnectors;1
C72.txt;assets;economicoperands;28
C72.txt;credit;economicoperands;4
C72.txt;due to;logicalconnectors;1
C72.txt;entity;economicoperands;3
C72.txt;except;logicalconnectors;1
C72.txt;lender;economicoperands;1
C72.txt;liquid;economicoperands;6
C72.txt;market;economicoperands;5
C72.txt;shares;economicoperands;10
C72.txt;weight;economicoperands;10
C72.txt;bonds;economicoperands;10
C72.txt;coins;economicoperands;2
C72.txt;excl.;logicalconnectors;1
C72.txt;index;economicoperands;2
C72.txt;items;other;1
C72.txt;level;economicoperands;16
C72.txt;local;economicoperands;3
C72.txt;major;functionwords;2
C72.txt;stock;economicoperands;2
C72.txt;third;attributes;2
C72.txt;total;mathematicaloperators;7
C72.txt;units;economicoperands;8
C72.txt;value;economicoperands;10
C72.txt;which;functionwords;4
C72.txt;auto;economicoperands;2
C72.txt;bank;economicoperands;1
C72.txt;from;functionwords;1
C72.txt;held;economicoperands;3
C72.txt;high;economicoperands;9
C72.txt;item;other;5
C72.txt;non-;logicalconnectors;1
C72.txt;with;functionwords;2
C72.txt;and;logicalconnectors;4
C72.txt;are;functionwords;4
C72.txt;for;functionwords;9
C72.txt;row;economicoperands;5
C72.txt;the;functionwords;4
C72.txt;use;economicoperands;1
C72.txt;45;attributes;1
C72.txt;50;attributes;4
C72.txt;60;attributes;1
C72.txt;65;attributes;2
C72.txt;75;attributes;4
C72.txt;as;logicalconnectors;1
C72.txt;by;functionwords;6
C72.txt;is;functionwords;8
C72.txt;no;logicalconnectors;1
C72.txt;or;logicalconnectors;8
C72.txt;to;functionwords;1
C72.txt;1;attributes;22
C72.txt;2;attributes;3
C72.txt;3;attributes;4
C72.txt;4;attributes;1
C72.txt;5;attributes;2
C72.txt;9;attributes;5
