C22.txt;under the standardised approach;economicoperands;1
C22.txt;capital requirements;economicoperands;3
C22.txt;delta plus approach;economicoperands;3
C22.txt;for the purposes of;logicalconnectors;2
C22.txt;taking into account;regulatoryoperators;1
C22.txt;within the scope of;logicalconnectors;1
C22.txt;in accordance with;logicalconnectors;8
C22.txt;paragraphs 5 and 6;legalreferences;1
C22.txt;as referred to in;logicalconnectors;1
C22.txt;off-balance sheet;economicoperands;3
C22.txt;foreign exchange;economicoperands;5
C22.txt;foreign-exchange;economicoperands;2
C22.txt;exposure amount;economicoperands;6
C22.txt;irrespective of;logicalconnectors;2
C22.txt;non-delta risks;economicoperands;3
C22.txt;product netting;economicoperands;1
C22.txt;broken down by;mathematicaloperators;1
C22.txt;capital charge;economicoperands;9
C22.txt;multiplication;mathematicaloperators;1
C22.txt;redistribution;economicoperands;5
C22.txt;referred to in;functionwords;4
C22.txt;balance sheet;economicoperands;2
C22.txt;correspondent;economicoperands;4
C22.txt;corresponding;logicalconnectors;1
C22.txt;breakdown of;mathematicaloperators;2
C22.txt;consequently;functionwords;1
C22.txt;institutions;economicoperands;2
C22.txt;instructions;regulatoryoperators;1
C22.txt;net position;economicoperands;2
C22.txt;requirements;regulatoryoperators;13
C22.txt;standardised;economicoperands;2
C22.txt;transactions;economicoperands;1
C22.txt;arrangement;economicoperands;1
C22.txt;authorities;economicoperands;1
C22.txt;broken down;mathematicaloperators;1
C22.txt;calculating;economicoperands;1
C22.txt;calculation;economicoperands;4
C22.txt;contractual;economicoperands;1
C22.txt;derivatives;economicoperands;5
C22.txt;information;economicoperands;1
C22.txt;institution;economicoperands;1
C22.txt;liabilities;economicoperands;3
C22.txt;additional;mathematicaloperators;5
C22.txt;approaches;economicoperands;2
C22.txt;as well as;logicalconnectors;1
C22.txt;calculated;economicoperands;3
C22.txt;concerning;logicalconnectors;1
C22.txt;considered;logicalconnectors;2
C22.txt;continuous;economicoperands;1
C22.txt;contribute;economicoperands;1
C22.txt;conversion;economicoperands;1
C22.txt;currencies;economicoperands;26
C22.txt;investment;economicoperands;2
C22.txt;memorandum;legalreferences;5
C22.txt;other than;logicalconnectors;2
C22.txt;paragraphs;legalreferences;3
C22.txt;permission;economicoperands;1
C22.txt;securities;economicoperands;1
C22.txt;separately;economicoperands;2
C22.txt;settlement;economicoperands;1
C22.txt;simplified;economicoperands;1
C22.txt;subject to;logicalconnectors;17
C22.txt;treated as;regulatoryoperators;4
C22.txt;available;economicoperands;2
C22.txt;calculate;economicoperands;1
C22.txt;competent;economicoperands;1
C22.txt;deducting;mathematicaloperators;1
C22.txt;depending;logicalconnectors;2
C22.txt;different;mathematicaloperators;3
C22.txt;financing;economicoperands;1
C22.txt;including;logicalconnectors;8
C22.txt;operation;economicoperands;2
C22.txt;positions;economicoperands;62
C22.txt;procedure;economicoperands;2
C22.txt;reporting;economicoperands;18
C22.txt;treatment;economicoperands;5
C22.txt;approach;economicoperands;1
C22.txt;articles;legalreferences;1
C22.txt;currency;economicoperands;20
C22.txt;deducted;mathematicaloperators;1
C22.txt;exchange;economicoperands;1
C22.txt;exposure;economicoperands;2
C22.txt;included;logicalconnectors;8
C22.txt;modified;other;1
C22.txt;of which;logicalconnectors;2
C22.txt;position;economicoperands;4
C22.txt;received;economicoperands;1
C22.txt;relevant;attributes;1
C22.txt;reported;economicoperands;4
C22.txt;required;regulatoryoperators;1
C22.txt;scenario;economicoperands;1
C22.txt;sentence;other;1
C22.txt;separate;economicoperands;2
C22.txt;specific;functionwords;1
C22.txt;template;legalreferences;3
C22.txt;title iv;legalreferences;1
C22.txt;warrants;economicoperands;1
C22.txt;actions;economicoperands;1
C22.txt;adverse;economicoperands;1
C22.txt;against;functionwords;1
C22.txt;already;logicalconnectors;1
C22.txt;amounts;mathematicaloperators;1
C22.txt;annex i;legalreferences;1
C22.txt;article;legalreferences;24
C22.txt;capital;economicoperands;1
C22.txt;chapter;legalreferences;1
C22.txt;charges;economicoperands;1
C22.txt;general;functionwords;3
C22.txt;in that;logicalconnectors;2
C22.txt;options;economicoperands;4
C22.txt;overall;logicalconnectors;1
C22.txt;related;logicalconnectors;2
C22.txt;remarks;economicoperands;1
C22.txt;similar;logicalconnectors;1
C22.txt;special;economicoperands;5
C22.txt;treated;economicoperands;1
C22.txt;whether;logicalconnectors;1
C22.txt;assets;economicoperands;4
C22.txt;column;legalreferences;1
C22.txt;due to;logicalconnectors;1
C22.txt;effect;economicoperands;1
C22.txt;except;logicalconnectors;1
C22.txt;filled;economicoperands;2
C22.txt;follow;other;1
C22.txt;linked;economicoperands;1
C22.txt;market;economicoperands;2
C22.txt;matrix;mathematicaloperators;1
C22.txt;member;economicoperands;2
C22.txt;method;economicoperands;3
C22.txt;obtain;economicoperands;2
C22.txt;ratios;mathematicaloperators;1
C22.txt;report;economicoperands;1
C22.txt;result;economicoperands;1
C22.txt;valued;economicoperands;1
C22.txt;added;mathematicaloperators;5
C22.txt;cross;economicoperands;1
C22.txt;first;attributes;1
C22.txt;funds;economicoperands;14
C22.txt;gamma;economicoperands;1
C22.txt;gross;economicoperands;1
C22.txt;hedge;economicoperands;1
C22.txt;items;other;13
C22.txt;other;logicalconnectors;9
C22.txt;point;economicoperands;2
C22.txt;shall;regulatoryoperators;16
C22.txt;short;economicoperands;25
C22.txt;taken;other;1
C22.txt;their;functionwords;7
C22.txt;there;functionwords;1
C22.txt;third;attributes;1
C22.txt;those;functionwords;6
C22.txt;three;attributes;1
C22.txt;total;mathematicaloperators;14
C22.txt;types;economicoperands;2
C22.txt;union;economicoperands;2
C22.txt;where;logicalconnectors;3
C22.txt;which;functionwords;2
C22.txt;both;logicalconnectors;1
C22.txt;cell;legalreferences;1
C22.txt;each;logicalconnectors;6
C22.txt;even;logicalconnectors;1
C22.txt;from;functionwords;3
C22.txt;gold;economicoperands;4
C22.txt;here;functionwords;1
C22.txt;into;functionwords;2
C22.txt;long;economicoperands;26
C22.txt;non-;logicalconnectors;8
C22.txt;open;economicoperands;1
C22.txt;part;functionwords;1
C22.txt;rate;economicoperands;1
C22.txt;risk;economicoperands;15
C22.txt;rows;economicoperands;5
C22.txt;same;logicalconnectors;1
C22.txt;that;functionwords;2
C22.txt;they;functionwords;1
C22.txt;this;functionwords;1
C22.txt;time;economicoperands;1
C22.txt;used;economicoperands;1
C22.txt;vega;economicoperands;1
C22.txt;all;logicalconnectors;16
C22.txt;and;logicalconnectors;31
C22.txt;any;logicalconnectors;1
C22.txt;are;functionwords;8
C22.txt;crr;legalreferences;21
C22.txt;for;functionwords;30
C22.txt;may;regulatoryoperators;1
C22.txt;net;economicoperands;11
C22.txt;new;economicoperands;2
C22.txt;not;logicalconnectors;4
C22.txt;off;functionwords;2
C22.txt;out;functionwords;1
C22.txt;own;functionwords;14
C22.txt;row;economicoperands;2
C22.txt;the;functionwords;52
C22.txt;two;attributes;2
C22.txt;12;attributes;1
C22.txt;an;functionwords;1
C22.txt;as;logicalconnectors;1
C22.txt;at;functionwords;1
C22.txt;be;functionwords;16
C22.txt;by;functionwords;5
C22.txt;fx;economicoperands;2
C22.txt;in;functionwords;19
C22.txt;is;functionwords;2
C22.txt;of;functionwords;38
C22.txt;on;functionwords;4
C22.txt;or;logicalconnectors;5
C22.txt;sa;economicoperands;2
C22.txt;to;functionwords;16
C22.txt;us;economicoperands;1
C22.txt;1;attributes;4
C22.txt;2;attributes;5
C22.txt;3;attributes;3
C22.txt;4;attributes;6
C22.txt;5;attributes;1
