F12.txt;off-balance sheet component;economicoperands;2
F12.txt;non-financial corporations;economicoperands;40
F12.txt;reporting reference period;economicoperands;5
F12.txt;national gaap compatible;legalreferences;16
F12.txt;lower of cost or market;economicoperands;1
F12.txt;this part of this annex;legalreferences;1
F12.txt;financial corporations;economicoperands;40
F12.txt;off-balance sheet item;economicoperands;1
F12.txt;accounting portfolios;economicoperands;1
F12.txt;regardless of whether;logicalconnectors;1
F12.txt;with the exception of;logicalconnectors;1
F12.txt;accounting portfolio;economicoperands;1
F12.txt;comprehensive income;economicoperands;1
F12.txt;financial guarantees;economicoperands;25
F12.txt;insurance contracts;economicoperands;1
F12.txt;reporting reference;economicoperands;4
F12.txt;under national gaap;legalreferences;2
F12.txt;cost-based methods;economicoperands;1
F12.txt;difference between;mathematicaloperators;1
F12.txt;equity instruments;economicoperands;4
F12.txt;in accordance with;logicalconnectors;8
F12.txt;at amortised cost;economicoperands;1
F12.txt;impairment stages;economicoperands;6
F12.txt;off-balance sheet;economicoperands;3
F12.txt;value adjustments;economicoperands;3
F12.txt;at the beginning;logicalconnectors;1
F12.txt;credit- impaired;economicoperands;2
F12.txt;debt instruments;economicoperands;22
F12.txt;financial assets;economicoperands;27
F12.txt;foreign exchange;economicoperands;2
F12.txt;impairment stage;economicoperands;5
F12.txt;loan commitments;economicoperands;1
F12.txt;on-balance sheet;economicoperands;3
F12.txt;carrying amount;economicoperands;9
F12.txt;closing balance;economicoperands;17
F12.txt;consistent with;logicalconnectors;1
F12.txt;credit-impaired;economicoperands;17
F12.txt;debt instrument;economicoperands;1
F12.txt;debt securities;economicoperands;24
F12.txt;demand deposits;economicoperands;20
F12.txt;financial asset;economicoperands;1
F12.txt;forward-looking;economicoperands;2
F12.txt;interest income;economicoperands;1
F12.txt;irrespective of;logicalconnectors;1
F12.txt;opening balance;economicoperands;17
F12.txt;risk parameters;economicoperands;2
F12.txt;at the date of;logicalconnectors;2
F12.txt;be reported as;regulatoryoperators;2
F12.txt;be reported in;regulatoryoperators;18
F12.txt;broken down by;mathematicaloperators;1
F12.txt;financial year;economicoperands;4
F12.txt;loss allowance;economicoperands;1
F12.txt;methodological;economicoperands;1
F12.txt;nominal amount;economicoperands;7
F12.txt;profit or loss;economicoperands;39
F12.txt;reconciliation;economicoperands;3
F12.txt;reporting date;economicoperands;1
F12.txt;resulting from;other;1
F12.txt;allowance for;economicoperands;6
F12.txt;as defined in;logicalconnectors;2
F12.txt;at fair value;economicoperands;4
F12.txt;at the end of;logicalconnectors;1
F12.txt;cash balances;economicoperands;20
F12.txt;central banks;economicoperands;60
F12.txt;consideration;logicalconnectors;1
F12.txt;credit losses;economicoperands;12
F12.txt;de-recognised;economicoperands;1
F12.txt;derecognition;economicoperands;19
F12.txt;establishment;regulatoryoperators;1
F12.txt;modifications;economicoperands;1
F12.txt;national gaap;legalreferences;5
F12.txt;third parties;economicoperands;1
F12.txt;together with;logicalconnectors;1
F12.txt;collectively;economicoperands;17
F12.txt;counterparty;economicoperands;5
F12.txt;derecognised;economicoperands;2
F12.txt;individually;economicoperands;17
F12.txt;institutions;economicoperands;40
F12.txt;modification;economicoperands;6
F12.txt;presentation;economicoperands;3
F12.txt;requirements;regulatoryoperators;2
F12.txt;respectively;logicalconnectors;1
F12.txt;substitution;mathematicaloperators;1
F12.txt;acquisition;economicoperands;18
F12.txt;adjustments;mathematicaloperators;20
F12.txt;appropriate;attributes;1
F12.txt;commitments;economicoperands;25
F12.txt;consequence;functionwords;1
F12.txt;contractual;economicoperands;1
F12.txt;credit risk;economicoperands;31
F12.txt;differences;mathematicaloperators;1
F12.txt;enforcement;economicoperands;1
F12.txt;established;regulatoryoperators;1
F12.txt;governments;economicoperands;40
F12.txt;instalments;economicoperands;1
F12.txt;institution;economicoperands;19
F12.txt;liabilities;economicoperands;1
F12.txt;measurement;mathematicaloperators;1
F12.txt;methodology;economicoperands;11
F12.txt;origination;economicoperands;10
F12.txt;outstanding;economicoperands;1
F12.txt;recognition;economicoperands;16
F12.txt;significant;attributes;4
F12.txt;substantial;attributes;1
F12.txt;transferred;economicoperands;2
F12.txt;written-off;economicoperands;35
F12.txt;allowances;economicoperands;65
F12.txt;appendix a;legalreferences;5
F12.txt;as well as;logicalconnectors;3
F12.txt;calculated;economicoperands;1
F12.txt;collective;economicoperands;1
F12.txt;considered;logicalconnectors;3
F12.txt;cumulative;mathematicaloperators;1
F12.txt;designated;regulatoryoperators;1
F12.txt;estimation;mathematicaloperators;20
F12.txt;fair value;economicoperands;1
F12.txt;households;economicoperands;20
F12.txt;impairment;economicoperands;15
F12.txt;individual;economicoperands;1
F12.txt;instalment;economicoperands;1
F12.txt;instrument;economicoperands;1
F12.txt;originated;economicoperands;11
F12.txt;other than;logicalconnectors;4
F12.txt;paragraphs;legalreferences;2
F12.txt;performing;economicoperands;8
F12.txt;previously;logicalconnectors;15
F12.txt;provisions;economicoperands;13
F12.txt;reasonable;attributes;1
F12.txt;recognised;economicoperands;2
F12.txt;recoveries;economicoperands;17
F12.txt;references;functionwords;38
F12.txt;respective;logicalconnectors;1
F12.txt;separately;economicoperands;1
F12.txt;subject to;logicalconnectors;5
F12.txt;treated as;regulatoryoperators;1
F12.txt;under ifrs;legalreferences;2
F12.txt;accounted;economicoperands;1
F12.txt;allowance;economicoperands;26
F12.txt;amount of;mathematicaloperators;5
F12.txt;beginning;logicalconnectors;1
F12.txt;cognition;economicoperands;17
F12.txt;customers;economicoperands;1
F12.txt;decisions;economicoperands;1
F12.txt;decreases;mathematicaloperators;24
F12.txt;different;mathematicaloperators;1
F12.txt;disposals;economicoperands;1
F12.txt;encompass;logicalconnectors;1
F12.txt;estimated;mathematicaloperators;6
F12.txt;estimates;mathematicaloperators;2
F12.txt;exposures;economicoperands;10
F12.txt;fluctuate;economicoperands;1
F12.txt;following;other;4
F12.txt;impact of;economicoperands;4
F12.txt;including;logicalconnectors;3
F12.txt;increases;mathematicaloperators;24
F12.txt;movements;economicoperands;10
F12.txt;paragraph;legalreferences;4
F12.txt;partially;economicoperands;1
F12.txt;permitted;regulatoryoperators;1
F12.txt;purchased;economicoperands;11
F12.txt;repayment;economicoperands;4
F12.txt;reporting;economicoperands;3
F12.txt;revolving;economicoperands;2
F12.txt;standards;economicoperands;1
F12.txt;statement;economicoperands;30
F12.txt;transfers;economicoperands;19
F12.txt;write-off;economicoperands;2
F12.txt;acquired;economicoperands;2
F12.txt;activity;economicoperands;1
F12.txt;adoption;other;1
F12.txt;advances;economicoperands;24
F12.txt;annex v.;legalreferences;505
F12.txt;balances;economicoperands;3
F12.txt;based on;other;6
F12.txt;becoming;economicoperands;1
F12.txt;category;economicoperands;4
F12.txt;complete;economicoperands;1
F12.txt;contains;economicoperands;2
F12.txt;decrease;mathematicaloperators;22
F12.txt;directly;attributes;22
F12.txt;disposal;economicoperands;2
F12.txt;drawdown;economicoperands;1
F12.txt;economic;economicoperands;2
F12.txt;entirety;logicalconnectors;1
F12.txt;estimate;mathematicaloperators;1
F12.txt;existing;economicoperands;1
F12.txt;expected;economicoperands;13
F12.txt;expenses;economicoperands;1
F12.txt;included;logicalconnectors;2
F12.txt;includes;logicalconnectors;1
F12.txt;increase;mathematicaloperators;11
F12.txt;measured;economicoperands;42
F12.txt;modified;other;4
F12.txt;multiple;mathematicaloperators;1
F12.txt;not only;logicalconnectors;1
F12.txt;of which;logicalconnectors;42
F12.txt;previous;logicalconnectors;1
F12.txt;received;economicoperands;1
F12.txt;recorded;economicoperands;4
F12.txt;recovery;economicoperands;1
F12.txt;reported;economicoperands;10
F12.txt;reversed;economicoperands;3
F12.txt;separate;economicoperands;1
F12.txt;specific;functionwords;2
F12.txt;template;legalreferences;11
F12.txt;transfer;economicoperands;4
F12.txt;account;economicoperands;15
F12.txt;accrued;economicoperands;1
F12.txt;amounts;mathematicaloperators;43
F12.txt;another;functionwords;2
F12.txt;article;legalreferences;4
F12.txt;balance;economicoperands;4
F12.txt;banking;economicoperands;2
F12.txt;because;logicalconnectors;1
F12.txt;between;functionwords;18
F12.txt;changed;economicoperands;1
F12.txt;changes;economicoperands;69
F12.txt;closing;economicoperands;2
F12.txt;columns;legalreferences;3
F12.txt;feature;economicoperands;1
F12.txt;general;functionwords;44
F12.txt;include;logicalconnectors;13
F12.txt;initial;economicoperands;14
F12.txt;methods;economicoperands;1
F12.txt;nominal;economicoperands;1
F12.txt;of debt;economicoperands;8
F12.txt;opening;economicoperands;3
F12.txt;part of;logicalconnectors;1
F12.txt;partial;economicoperands;2
F12.txt;passing;economicoperands;1
F12.txt;reasons;economicoperands;3
F12.txt;related;logicalconnectors;4
F12.txt;require;regulatoryoperators;1
F12.txt;results;economicoperands;3
F12.txt;that is;logicalconnectors;2
F12.txt;through;functionwords;4
F12.txt;totally;mathematicaloperators;2
F12.txt;trigger;economicoperands;1
F12.txt;updates;economicoperands;5
F12.txt;whether;logicalconnectors;1
F12.txt;without;logicalconnectors;20
F12.txt;written;economicoperands;1
F12.txt;amount;mathematicaloperators;2
F12.txt;assets;economicoperands;9
F12.txt;borrow;economicoperands;1
F12.txt;change;economicoperands;21
F12.txt;column;legalreferences;6
F12.txt;credit;economicoperands;40
F12.txt;depend;economicoperands;1
F12.txt;due to;logicalconnectors;127
F12.txt;during;logicalconnectors;10
F12.txt;equity;economicoperands;1
F12.txt;exceed;mathematicaloperators;3
F12.txt;except;logicalconnectors;1
F12.txt;expiry;economicoperands;1
F12.txt;having;functionwords;1
F12.txt;higher;mathematicaloperators;1
F12.txt;ias 37;legalreferences;1
F12.txt;ifrs 9;legalreferences;35
F12.txt;impact;economicoperands;4
F12.txt;income;economicoperands;1
F12.txt;losses;economicoperands;33
F12.txt;models;economicoperands;2
F12.txt;period;economicoperands;10
F12.txt;result;economicoperands;2
F12.txt;review;economicoperands;2
F12.txt;rights;economicoperands;1
F12.txt;update;economicoperands;16
F12.txt;after;logicalconnectors;1
F12.txt;annex;legalreferences;2
F12.txt;aside;functionwords;3
F12.txt;asset;economicoperands;8
F12.txt;basis;economicoperands;4
F12.txt;count;economicoperands;7
F12.txt;first;attributes;2
F12.txt;gains;economicoperands;17
F12.txt;given;functionwords;25
F12.txt;gross;economicoperands;11
F12.txt;items;other;1
F12.txt;limit;regulatoryoperators;1
F12.txt;loans;economicoperands;24
F12.txt;lower;mathematicaloperators;1
F12.txt;model;economicoperands;1
F12.txt;newly;economicoperands;1
F12.txt;other;logicalconnectors;84
F12.txt;place;economicoperands;1
F12.txt;repay;economicoperands;1
F12.txt;risks;economicoperands;2
F12.txt;shall;regulatoryoperators;46
F12.txt;since;logicalconnectors;10
F12.txt;stage;economicoperands;98
F12.txt;state;economicoperands;7
F12.txt;still;logicalconnectors;1
F12.txt;taken;other;1
F12.txt;terms;other;1
F12.txt;their;functionwords;6
F12.txt;there;functionwords;1
F12.txt;those;functionwords;9
F12.txt;times;economicoperands;1
F12.txt;total;mathematicaloperators;13
F12.txt;under;functionwords;4
F12.txt;value;economicoperands;1
F12.txt;where;logicalconnectors;10
F12.txt;which;functionwords;8
F12.txt;write;economicoperands;24
F12.txt;also;logicalconnectors;4
F12.txt;been;functionwords;4
F12.txt;data;economicoperands;2
F12.txt;date;economicoperands;5
F12.txt;does;functionwords;1
F12.txt;from;functionwords;26
F12.txt;full;economicoperands;1
F12.txt;have;functionwords;5
F12.txt;ifrs;legalreferences;280
F12.txt;item;other;3
F12.txt;last;attributes;1
F12.txt;loan;economicoperands;6
F12.txt;main;economicoperands;2
F12.txt;non-;logicalconnectors;8
F12.txt;only;logicalconnectors;2
F12.txt;paid;economicoperands;1
F12.txt;part;functionwords;513
F12.txt;than;functionwords;1
F12.txt;that;functionwords;9
F12.txt;they;functionwords;4
F12.txt;this;functionwords;12
F12.txt;time;economicoperands;1
F12.txt;used;economicoperands;1
F12.txt;were;functionwords;1
F12.txt;with;functionwords;4
F12.txt;108;legalreferences;1
F12.txt;153;legalreferences;1
F12.txt;154;legalreferences;1
F12.txt;165;legalreferences;16
F12.txt;167;legalreferences;5
F12.txt;all;logicalconnectors;3
F12.txt;and;logicalconnectors;130
F12.txt;any;logicalconnectors;3
F12.txt;are;functionwords;7
F12.txt;bad;economicoperands;14
F12.txt;but;logicalconnectors;6
F12.txt;crr;legalreferences;10
F12.txt;ecb;economicoperands;2
F12.txt;for;functionwords;82
F12.txt;led;economicoperands;1
F12.txt;net;economicoperands;52
F12.txt;new;economicoperands;3
F12.txt;not;logicalconnectors;11
F12.txt;off;functionwords;4
F12.txt;set;other;3
F12.txt;the;functionwords;198
F12.txt;via;functionwords;1
F12.txt;was;functionwords;1
F12.txt;11;legalreferences;1
F12.txt;12;attributes;3
F12.txt;13;legalreferences;6
F12.txt;43;legalreferences;1
F12.txt;44;legalreferences;40
F12.txt;50;attributes;1
F12.txt;an;functionwords;7
F12.txt;as;logicalconnectors;1
F12.txt;at;functionwords;28
F12.txt;be;functionwords;14
F12.txt;by;functionwords;5
F12.txt;ii;legalreferences;2
F12.txt;in;functionwords;113
F12.txt;is;functionwords;3
F12.txt;it;functionwords;1
F12.txt;no;logicalconnectors;1
F12.txt;of;functionwords;114
F12.txt;on;functionwords;34
F12.txt;or;logicalconnectors;58
F12.txt;to;functionwords;78
F12.txt;up;functionwords;1
F12.txt;1;attributes;34
F12.txt;2;attributes;64
F12.txt;3;attributes;50
F12.txt;4;attributes;5
F12.txt;5;attributes;15
F12.txt;7;attributes;189
F12.txt;9;attributes;4
