C70.txt;difference between;mathematicaloperators;8
C70.txt;in accordance with;logicalconnectors;3
C70.txt;paragraphs 2 and 3;legalreferences;1
C70.txt;wholesale funding;economicoperands;124
C70.txt;be considered as;regulatoryoperators;1
C70.txt;reporting period;economicoperands;25
C70.txt;secured funding;economicoperands;102
C70.txt;total amount of;mathematicaloperators;21
C70.txt;be reported in;regulatoryoperators;41
C70.txt;reporting date;economicoperands;1
C70.txt;retail funding;economicoperands;124
C70.txt;as defined in;logicalconnectors;1
C70.txt;contractually;economicoperands;1
C70.txt;institutions;economicoperands;1
C70.txt;instructions;regulatoryoperators;4
C70.txt;withdrawable;economicoperands;1
C70.txt;information;economicoperands;1
C70.txt;institution;economicoperands;1
C70.txt;liabilities;economicoperands;1
C70.txt;paragraph 2;legalreferences;1
C70.txt;significant;attributes;1
C70.txt;as well as;logicalconnectors;7
C70.txt;calculated;economicoperands;1
C70.txt;cash flows;economicoperands;3
C70.txt;concerning;logicalconnectors;1
C70.txt;currencies;economicoperands;1
C70.txt;irrelevant;economicoperands;7
C70.txt;particular;logicalconnectors;1
C70.txt;references;functionwords;3
C70.txt;roll-overs;economicoperands;7
C70.txt;six months;attributes;6
C70.txt;described;other;1
C70.txt;following;other;1
C70.txt;less than;mathematicaloperators;7
C70.txt;more than;mathematicaloperators;1
C70.txt;one month;attributes;6
C70.txt;overnight;economicoperands;16
C70.txt;preceding;functionwords;1
C70.txt;roll-over;economicoperands;62
C70.txt;unsecured;economicoperands;124
C70.txt;6 months;attributes;26
C70.txt;calendar;economicoperands;1
C70.txt;comprise;logicalconnectors;3
C70.txt;equal to;logicalconnectors;1
C70.txt;maturing;economicoperands;111
C70.txt;maturity;economicoperands;25
C70.txt;numbered;economicoperands;2
C70.txt;obtained;economicoperands;16
C70.txt;original;economicoperands;23
C70.txt;positive;economicoperands;3
C70.txt;provider;economicoperands;1
C70.txt;relevant;attributes;25
C70.txt;reported;economicoperands;3
C70.txt;specific;functionwords;1
C70.txt;template;legalreferences;1
C70.txt;weekends;economicoperands;7
C70.txt;weighted;mathematicaloperators;3
C70.txt;14 days;attributes;25
C70.txt;average;mathematicaloperators;18
C70.txt;between;functionwords;20
C70.txt;buckets;economicoperands;1
C70.txt;changed;economicoperands;1
C70.txt;collect;economicoperands;1
C70.txt;columns;legalreferences;10
C70.txt;funding;economicoperands;215
C70.txt;inflows;economicoperands;1
C70.txt;remains;economicoperands;1
C70.txt;secured;economicoperands;22
C70.txt;actual;logicalconnectors;1
C70.txt;adding;mathematicaloperators;1
C70.txt;always;logicalconnectors;3
C70.txt;amount;mathematicaloperators;8
C70.txt;beyond;functionwords;3
C70.txt;bucket;economicoperands;2
C70.txt;change;economicoperands;1
C70.txt;column;legalreferences;44
C70.txt;due to;logicalconnectors;1
C70.txt;months;attributes;38
C70.txt;report;economicoperands;1
C70.txt;sum of;mathematicaloperators;2
C70.txt;volume;economicoperands;1
C70.txt;within;logicalconnectors;1
C70.txt;about;functionwords;1
C70.txt;basis;economicoperands;1
C70.txt;daily;attributes;3
C70.txt;empty;attributes;7
C70.txt;equal;logicalconnectors;1
C70.txt;event;economicoperands;1
C70.txt;funds;economicoperands;126
C70.txt;legal;economicoperands;3
C70.txt;lines;economicoperands;7
C70.txt;minus;mathematicaloperators;2
C70.txt;month;attributes;26
C70.txt;other;logicalconnectors;8
C70.txt;right;economicoperands;1
C70.txt;shall;regulatoryoperators;58
C70.txt;three;attributes;6
C70.txt;total;mathematicaloperators;139
C70.txt;weeks;economicoperands;6
C70.txt;where;logicalconnectors;1
C70.txt;band;economicoperands;1
C70.txt;days;attributes;40
C70.txt;each;logicalconnectors;1
C70.txt;hand;economicoperands;17
C70.txt;have;functionwords;1
C70.txt;item;other;72
C70.txt;left;other;8
C70.txt;line;economicoperands;28
C70.txt;over;mathematicaloperators;90
C70.txt;plus;functionwords;8
C70.txt;sign;economicoperands;3
C70.txt;term;other;53
C70.txt;that;functionwords;2
C70.txt;they;functionwords;1
C70.txt;this;functionwords;1
C70.txt;time;economicoperands;4
C70.txt;week;economicoperands;6
C70.txt;were;functionwords;1
C70.txt;with;functionwords;32
C70.txt;100;attributes;16
C70.txt;110;legalreferences;16
C70.txt;120;legalreferences;20
C70.txt;140;legalreferences;16
C70.txt;150;attributes;16
C70.txt;180;attributes;16
C70.txt;210;attributes;18
C70.txt;220;legalreferences;16
C70.txt;250;attributes;18
C70.txt;500;attributes;4
C70.txt;920;legalreferences;4
C70.txt;all;logicalconnectors;6
C70.txt;and;logicalconnectors;37
C70.txt;day;attributes;84
C70.txt;due;attributes;1
C70.txt;for;functionwords;17
C70.txt;has;functionwords;1
C70.txt;i.e;functionwords;1
C70.txt;net;economicoperands;103
C70.txt;new;economicoperands;111
C70.txt;one;attributes;17
C70.txt;row;economicoperands;44
C70.txt;the;functionwords;133
C70.txt;two;attributes;6
C70.txt;10;attributes;5
C70.txt;11;legalreferences;5
C70.txt;12;attributes;5
C70.txt;13;legalreferences;4
C70.txt;14;legalreferences;5
C70.txt;15;attributes;4
C70.txt;16;legalreferences;4
C70.txt;17;legalreferences;4
C70.txt;18;legalreferences;4
C70.txt;19;legalreferences;4
C70.txt;20;attributes;4
C70.txt;21;legalreferences;4
C70.txt;22;legalreferences;4
C70.txt;23;attributes;4
C70.txt;24;legalreferences;4
C70.txt;25;attributes;4
C70.txt;27;legalreferences;4
C70.txt;28;legalreferences;4
C70.txt;29;legalreferences;4
C70.txt;30;attributes;4
C70.txt;31;attributes;11
C70.txt;an;functionwords;21
C70.txt;be;functionwords;11
C70.txt;by;functionwords;2
C70.txt;in;functionwords;19
C70.txt;it;functionwords;3
C70.txt;of;functionwords;110
C70.txt;on;functionwords;42
C70.txt;or;logicalconnectors;1
C70.txt;to;functionwords;16
C70.txt;1;attributes;44
C70.txt;2;attributes;5
C70.txt;3;attributes;31
C70.txt;4;attributes;5
C70.txt;5;attributes;5
C70.txt;6;attributes;5
C70.txt;7;attributes;20
C70.txt;8;attributes;5
C70.txt;9;attributes;5
