C69.txt;off-balance sheet commitment;economicoperands;1
C69.txt;asset backed securities;economicoperands;4
C69.txt;reporting institution;economicoperands;1
C69.txt;delegated regulation;legalreferences;1
C69.txt;for the purposes of;logicalconnectors;4
C69.txt;taking into account;regulatoryoperators;1
C69.txt;in accordance with;logicalconnectors;2
C69.txt;interest rate swap;economicoperands;1
C69.txt;less than or equal;mathematicaloperators;17
C69.txt;off-balance sheet;economicoperands;1
C69.txt;wholesale funding;economicoperands;4
C69.txt;reporting period;economicoperands;9
C69.txt;retail customers;economicoperands;1
C69.txt;carrying amount;economicoperands;1
C69.txt;on the basis of;logicalconnectors;1
C69.txt;secured funding;economicoperands;4
C69.txt;settlement date;economicoperands;1
C69.txt;be reported in;regulatoryoperators;5
C69.txt;in the case of;logicalconnectors;1
C69.txt;reference date;economicoperands;1
C69.txt;retail funding;economicoperands;4
C69.txt;as defined in;logicalconnectors;1
C69.txt;at the end of;logicalconnectors;5
C69.txt;balance sheet;economicoperands;1
C69.txt;in which case;logicalconnectors;1
C69.txt;greater than;mathematicaloperators;17
C69.txt;institutions;economicoperands;7
C69.txt;instructions;regulatoryoperators;2
C69.txt;representing;economicoperands;1
C69.txt;subsequently;logicalconnectors;1
C69.txt;appropriate;attributes;3
C69.txt;calculating;economicoperands;1
C69.txt;calculation;economicoperands;1
C69.txt;commitments;economicoperands;1
C69.txt;compared to;logicalconnectors;1
C69.txt;determining;regulatoryoperators;1
C69.txt;information;economicoperands;1
C69.txt;institution;economicoperands;6
C69.txt;liabilities;economicoperands;2
C69.txt;optionality;economicoperands;1
C69.txt;outstanding;economicoperands;1
C69.txt;relating to;logicalconnectors;1
C69.txt;revaluation;economicoperands;1
C69.txt;significant;attributes;1
C69.txt;three month;attributes;1
C69.txt;transaction;economicoperands;3
C69.txt;additional;mathematicaloperators;1
C69.txt;applicable;logicalconnectors;3
C69.txt;as follows;functionwords;1
C69.txt;calculated;economicoperands;1
C69.txt;categories;economicoperands;1
C69.txt;commercial;economicoperands;1
C69.txt;concerning;logicalconnectors;1
C69.txt;considered;logicalconnectors;1
C69.txt;consist of;logicalconnectors;1
C69.txt;currencies;economicoperands;2
C69.txt;discretion;economicoperands;1
C69.txt;experience;economicoperands;1
C69.txt;historical;economicoperands;1
C69.txt;in case of;logicalconnectors;1
C69.txt;later than;mathematicaloperators;2
C69.txt;maturities;economicoperands;1
C69.txt;on the day;logicalconnectors;2
C69.txt;receivable;economicoperands;1
C69.txt;references;functionwords;1
C69.txt;securities;economicoperands;2
C69.txt;trade date;economicoperands;1
C69.txt;treated as;regulatoryoperators;1
C69.txt;amount of;mathematicaloperators;1
C69.txt;benchmark;economicoperands;3
C69.txt;calculate;economicoperands;1
C69.txt;depositor;economicoperands;1
C69.txt;determine;regulatoryoperators;1
C69.txt;deviation;economicoperands;1
C69.txt;following;other;3
C69.txt;including;logicalconnectors;4
C69.txt;increases;mathematicaloperators;1
C69.txt;increment;mathematicaloperators;2
C69.txt;issuances;economicoperands;1
C69.txt;liability;economicoperands;3
C69.txt;listed in;functionwords;1
C69.txt;overnight;economicoperands;6
C69.txt;preceding;functionwords;1
C69.txt;reflected;economicoperands;1
C69.txt;represent;economicoperands;1
C69.txt;unsecured;economicoperands;8
C69.txt;10 years;attributes;3
C69.txt;6 months;attributes;5
C69.txt;anything;logicalconnectors;1
C69.txt;applying;logicalconnectors;1
C69.txt;business;economicoperands;2
C69.txt;currency;economicoperands;6
C69.txt;deposits;economicoperands;4
C69.txt;discount;economicoperands;1
C69.txt;drawdown;economicoperands;4
C69.txt;facility;economicoperands;2
C69.txt;ignoring;economicoperands;1
C69.txt;increase;mathematicaloperators;1
C69.txt;issuance;economicoperands;2
C69.txt;matching;economicoperands;1
C69.txt;maturity;economicoperands;6
C69.txt;multiple;mathematicaloperators;1
C69.txt;negative;mathematicaloperators;1
C69.txt;obtained;economicoperands;10
C69.txt;of which;logicalconnectors;18
C69.txt;one year;attributes;2
C69.txt;original;economicoperands;6
C69.txt;positive;economicoperands;1
C69.txt;previous;logicalconnectors;2
C69.txt;provided;logicalconnectors;1
C69.txt;relevant;attributes;2
C69.txt;reported;economicoperands;11
C69.txt;settling;economicoperands;1
C69.txt;specific;functionwords;1
C69.txt;template;legalreferences;2
C69.txt;weighted;mathematicaloperators;8
C69.txt;2 years;attributes;5
C69.txt;5 years;attributes;5
C69.txt;already;logicalconnectors;1
C69.txt;amounts;mathematicaloperators;2
C69.txt;article;legalreferences;1
C69.txt;average;mathematicaloperators;10
C69.txt;between;functionwords;1
C69.txt;cheaper;mathematicaloperators;1
C69.txt;columns;legalreferences;19
C69.txt;covered;economicoperands;4
C69.txt;deposit;economicoperands;3
C69.txt;euribor;economicoperands;1
C69.txt;funding;economicoperands;25
C69.txt;in case;logicalconnectors;1
C69.txt;include;logicalconnectors;1
C69.txt;initial;economicoperands;1
C69.txt;lengths;economicoperands;5
C69.txt;nothing;logicalconnectors;1
C69.txt;payable;economicoperands;4
C69.txt;premium;economicoperands;1
C69.txt;present;economicoperands;1
C69.txt;provide;economicoperands;1
C69.txt;related;logicalconnectors;1
C69.txt;section;legalreferences;1
C69.txt;similar;logicalconnectors;1
C69.txt;spreads;economicoperands;3
C69.txt;swapped;economicoperands;2
C69.txt;that is;logicalconnectors;1
C69.txt;various;functionwords;4
C69.txt;without;logicalconnectors;1
C69.txt;across;functionwords;1
C69.txt;actual;logicalconnectors;2
C69.txt;amount;mathematicaloperators;3
C69.txt;as for;logicalconnectors;1
C69.txt;assets;economicoperands;1
C69.txt;backed;economicoperands;1
C69.txt;beyond;functionwords;1
C69.txt;bucket;economicoperands;3
C69.txt;cannot;regulatoryoperators;1
C69.txt;caused;economicoperands;1
C69.txt;column;legalreferences;4
C69.txt;during;logicalconnectors;2
C69.txt;issued;economicoperands;1
C69.txt;months;attributes;6
C69.txt;period;economicoperands;2
C69.txt;placed;economicoperands;1
C69.txt;points;economicoperands;2
C69.txt;prices;economicoperands;5
C69.txt;report;economicoperands;3
C69.txt;senior;economicoperands;4
C69.txt;solely;logicalconnectors;1
C69.txt;spread;economicoperands;26
C69.txt;taking;other;1
C69.txt;volume;economicoperands;21
C69.txt;about;functionwords;1
C69.txt;above;functionwords;1
C69.txt;after;logicalconnectors;1
C69.txt;asset;economicoperands;1
C69.txt;basis;economicoperands;3
C69.txt;bonds;economicoperands;3
C69.txt;cells;legalreferences;1
C69.txt;close;economicoperands;2
C69.txt;drawn;economicoperands;3
C69.txt;empty;attributes;1
C69.txt;funds;economicoperands;1
C69.txt;index;economicoperands;3
C69.txt;issue;economicoperands;1
C69.txt;items;other;1
C69.txt;legal;economicoperands;1
C69.txt;loans;economicoperands;1
C69.txt;minus;mathematicaloperators;1
C69.txt;month;attributes;6
C69.txt;other;logicalconnectors;1
C69.txt;price;economicoperands;1
C69.txt;shall;regulatoryoperators;25
C69.txt;sight;economicoperands;2
C69.txt;still;logicalconnectors;3
C69.txt;there;functionwords;3
C69.txt;three;attributes;1
C69.txt;total;mathematicaloperators;18
C69.txt;under;functionwords;2
C69.txt;usage;economicoperands;1
C69.txt;weeks;economicoperands;1
C69.txt;where;logicalconnectors;6
C69.txt;which;functionwords;1
C69.txt;abcp;economicoperands;2
C69.txt;also;logicalconnectors;1
C69.txt;been;functionwords;1
C69.txt;bond;economicoperands;1
C69.txt;cost;economicoperands;1
C69.txt;each;logicalconnectors;1
C69.txt;fees;economicoperands;1
C69.txt;firm;economicoperands;1
C69.txt;from;functionwords;1
C69.txt;hand;economicoperands;1
C69.txt;have;functionwords;2
C69.txt;item;other;9
C69.txt;left;other;2
C69.txt;only;logicalconnectors;4
C69.txt;over;mathematicaloperators;3
C69.txt;paid;economicoperands;2
C69.txt;rate;economicoperands;3
C69.txt;rest;logicalconnectors;1
C69.txt;rows;economicoperands;1
C69.txt;sign;economicoperands;1
C69.txt;swap;economicoperands;2
C69.txt;term;other;2
C69.txt;than;functionwords;1
C69.txt;that;functionwords;4
C69.txt;they;functionwords;4
C69.txt;this;functionwords;1
C69.txt;thus;logicalconnectors;1
C69.txt;time;economicoperands;6
C69.txt;week;economicoperands;5
C69.txt;were;functionwords;2
C69.txt;with;functionwords;3
C69.txt;year;economicoperands;5
C69.txt;100;attributes;3
C69.txt;110;legalreferences;3
C69.txt;120;legalreferences;3
C69.txt;140;legalreferences;3
C69.txt;150;attributes;3
C69.txt;180;attributes;3
C69.txt;all;logicalconnectors;4
C69.txt;and;logicalconnectors;55
C69.txt;any;logicalconnectors;3
C69.txt;but;logicalconnectors;1
C69.txt;did;functionwords;1
C69.txt;end;logicalconnectors;2
C69.txt;for;functionwords;15
C69.txt;has;functionwords;3
C69.txt;i.e;functionwords;1
C69.txt;may;regulatoryoperators;1
C69.txt;new;economicoperands;5
C69.txt;not;logicalconnectors;3
C69.txt;one;attributes;1
C69.txt;own;functionwords;1
C69.txt;row;economicoperands;3
C69.txt;the;functionwords;97
C69.txt;two;attributes;1
C69.txt;way;economicoperands;1
C69.txt;10;attributes;1
C69.txt;11;legalreferences;1
C69.txt;12;attributes;1
C69.txt;13;legalreferences;1
C69.txt;an;functionwords;3
C69.txt;as;logicalconnectors;2
C69.txt;at;functionwords;4
C69.txt;be;functionwords;16
C69.txt;by;functionwords;6
C69.txt;eu;economicoperands;1
C69.txt;fx;economicoperands;1
C69.txt;if;logicalconnectors;1
C69.txt;in;functionwords;33
C69.txt;is;functionwords;6
C69.txt;no;logicalconnectors;3
C69.txt;of;functionwords;43
C69.txt;on;functionwords;2
C69.txt;or;logicalconnectors;6
C69.txt;to;functionwords;25
C69.txt;1;attributes;25
C69.txt;2;attributes;1
C69.txt;3;attributes;8
C69.txt;4;attributes;1
C69.txt;5;attributes;1
C69.txt;6;attributes;1
C69.txt;7;attributes;1
C69.txt;8;attributes;2
C69.txt;9;attributes;1
