C40.txt;last paragraph of article 429a;legalreferences;18
C40.txt;non-financial corporations;economicoperands;3
C40.txt;accounting balance sheet;economicoperands;59
C40.txt;off balance-sheet items;economicoperands;7
C40.txt;credit risk mitigation;economicoperands;1
C40.txt;financial corporations;economicoperands;1
C40.txt;paragraph 9 of part i;legalreferences;1
C40.txt;reporting institution;economicoperands;1
C40.txt;accounting framework;economicoperands;30
C40.txt;financial statements;economicoperands;1
C40.txt;competent authority;economicoperands;18
C40.txt;taking into account;regulatoryoperators;1
C40.txt;credit derivatives;economicoperands;34
C40.txt;credit institution;economicoperands;36
C40.txt;for the purpose of;logicalconnectors;3
C40.txt;in accordance with;logicalconnectors;24
C40.txt;reference entities;economicoperands;2
C40.txt;security financing;economicoperands;3
C40.txt;to the extent that;logicalconnectors;2
C40.txt;credit derivative;economicoperands;2
C40.txt;credit protection;economicoperands;14
C40.txt;off-balance sheet;economicoperands;4
C40.txt;close-out clause;legalreferences;6
C40.txt;exposure amount;economicoperands;7
C40.txt;in the event of;logicalconnectors;2
C40.txt;nominal amounts;economicoperands;7
C40.txt;notional amount;mathematicaloperators;32
C40.txt;passing-through;economicoperands;5
C40.txt;total amount of;mathematicaloperators;4
C40.txt;with respect to;logicalconnectors;2
C40.txt;aforementioned;logicalconnectors;2
C40.txt;in relation to;logicalconnectors;17
C40.txt;irrespectively;logicalconnectors;1
C40.txt;nominal amount;economicoperands;7
C40.txt;referred to in;functionwords;6
C40.txt;tier 1 capital;economicoperands;2
C40.txt;as defined in;logicalconnectors;1
C40.txt;balance sheet;economicoperands;9
C40.txt;business days;economicoperands;1
C40.txt;central banks;economicoperands;2
C40.txt;derecognition;economicoperands;2
C40.txt;exempted from;regulatoryoperators;1
C40.txt;international;economicoperands;1
C40.txt;of securities;economicoperands;1
C40.txt;public sector;economicoperands;21
C40.txt;significantly;attributes;1
C40.txt;subordination;economicoperands;1
C40.txt;article 4(1);legalreferences;11
C40.txt;central bank;economicoperands;10
C40.txt;concurrently;economicoperands;1
C40.txt;constituting;logicalconnectors;1
C40.txt;counterparty;economicoperands;11
C40.txt;economically;economicoperands;1
C40.txt;incorporated;economicoperands;2
C40.txt;institutions;economicoperands;35
C40.txt;instructions;regulatoryoperators;9
C40.txt;jurisdiction;economicoperands;1
C40.txt;legal entity;economicoperands;1
C40.txt;representing;economicoperands;1
C40.txt;trading book;economicoperands;5
C40.txt;transactions;economicoperands;21
C40.txt;adjustments;mathematicaloperators;1
C40.txt;alternative;logicalconnectors;3
C40.txt;assigned to;regulatoryoperators;5
C40.txt;authorities;economicoperands;8
C40.txt;calculation;economicoperands;2
C40.txt;combination;mathematicaloperators;1
C40.txt;comply with;regulatoryoperators;1
C40.txt;credit risk;economicoperands;1
C40.txt;denominated;economicoperands;1
C40.txt;derivatives;economicoperands;15
C40.txt;development;economicoperands;36
C40.txt;for example;logicalconnectors;1
C40.txt;governments;economicoperands;14
C40.txt;in the same;logicalconnectors;1
C40.txt;incremental;mathematicaloperators;1
C40.txt;institution;economicoperands;57
C40.txt;investments;economicoperands;13
C40.txt;maintenance;economicoperands;1
C40.txt;non-complex;economicoperands;1
C40.txt;on the date;logicalconnectors;1
C40.txt;promotional;economicoperands;38
C40.txt;receivables;economicoperands;5
C40.txt;requirement;regulatoryoperators;4
C40.txt;semi-annual;attributes;1
C40.txt;accounting;economicoperands;45
C40.txt;applicable;logicalconnectors;30
C40.txt;bankruptcy;economicoperands;2
C40.txt;calculated;economicoperands;1
C40.txt;collateral;economicoperands;8
C40.txt;comprising;logicalconnectors;4
C40.txt;conditions;economicoperands;2
C40.txt;considered;logicalconnectors;21
C40.txt;constitute;logicalconnectors;10
C40.txt;convention;economicoperands;1
C40.txt;deductions;mathematicaloperators;1
C40.txt;defaulting;economicoperands;2
C40.txt;defined as;regulatoryoperators;5
C40.txt;derivative;economicoperands;1
C40.txt;equivalent;logicalconnectors;1
C40.txt;exemptions;regulatoryoperators;1
C40.txt;fair value;economicoperands;3
C40.txt;households;economicoperands;5
C40.txt;individual;economicoperands;2
C40.txt;insolvency;economicoperands;2
C40.txt;mismatches;economicoperands;1
C40.txt;offsetting;economicoperands;1
C40.txt;other than;logicalconnectors;3
C40.txt;protection;economicoperands;19
C40.txt;prudential;economicoperands;4
C40.txt;qualifying;economicoperands;3
C40.txt;receivable;economicoperands;3
C40.txt;recognised;economicoperands;12
C40.txt;reduced by;mathematicaloperators;1
C40.txt;referenced;functionwords;7
C40.txt;references;functionwords;9
C40.txt;securities;economicoperands;11
C40.txt;separately;economicoperands;1
C40.txt;subject to;logicalconnectors;6
C40.txt;this annex;legalreferences;1
C40.txt;trade date;economicoperands;1
C40.txt;treated as;regulatoryoperators;18
C40.txt;underlying;economicoperands;2
C40.txt;agreement;economicoperands;2
C40.txt;banknotes;economicoperands;3
C40.txt;close out;economicoperands;4
C40.txt;contracts;economicoperands;10
C40.txt;determine;regulatoryoperators;1
C40.txt;exposures;economicoperands;11
C40.txt;financial;economicoperands;5
C40.txt;following;other;5
C40.txt;frequency;economicoperands;3
C40.txt;identical;mathematicaloperators;1
C40.txt;including;logicalconnectors;6
C40.txt;liability;economicoperands;1
C40.txt;listed in;functionwords;6
C40.txt;permitted;regulatoryoperators;1
C40.txt;preceding;functionwords;1
C40.txt;published;economicoperands;1
C40.txt;reduction;mathematicaloperators;2
C40.txt;reference;functionwords;8
C40.txt;refers to;functionwords;1
C40.txt;regulated;regulatoryoperators;2
C40.txt;reporting;economicoperands;3
C40.txt;terminate;economicoperands;2
C40.txt;treatment;economicoperands;3
C40.txt;withdrawn;economicoperands;2
C40.txt;achieved;economicoperands;1
C40.txt;adjacent;mathematicaloperators;1
C40.txt;adjusted;mathematicaloperators;4
C40.txt;admitted;economicoperands;2
C40.txt;affected;economicoperands;9
C40.txt;assuming;logicalconnectors;23
C40.txt;based on;other;1
C40.txt;borrower;economicoperands;2
C40.txt;collects;economicoperands;1
C40.txt;comprise;logicalconnectors;1
C40.txt;consider;logicalconnectors;6
C40.txt;contract;economicoperands;4
C40.txt;criteria;economicoperands;2
C40.txt;currency;economicoperands;4
C40.txt;deposits;economicoperands;6
C40.txt;effected;economicoperands;1
C40.txt;eligible;economicoperands;1
C40.txt;entirety;logicalconnectors;1
C40.txt;entities;economicoperands;8
C40.txt;excluded;logicalconnectors;2
C40.txt;exempted;regulatoryoperators;2
C40.txt;exposure;economicoperands;6
C40.txt;included;logicalconnectors;2
C40.txt;leverage;economicoperands;13
C40.txt;maturity;economicoperands;5
C40.txt;negative;mathematicaloperators;3
C40.txt;notional;mathematicaloperators;1
C40.txt;positive;economicoperands;1
C40.txt;provided;logicalconnectors;2
C40.txt;provides;economicoperands;2
C40.txt;received;economicoperands;9
C40.txt;receives;economicoperands;1
C40.txt;regional;economicoperands;8
C40.txt;reported;economicoperands;2
C40.txt;reserves;economicoperands;1
C40.txt;retained;economicoperands;2
C40.txt;reversed;economicoperands;9
C40.txt;security;economicoperands;2
C40.txt;specific;functionwords;1
C40.txt;template;legalreferences;2
C40.txt;against;functionwords;2
C40.txt;amounts;mathematicaloperators;2
C40.txt;article;legalreferences;11
C40.txt;average;mathematicaloperators;3
C40.txt;balance;economicoperands;1
C40.txt;borrows;economicoperands;1
C40.txt;central;economicoperands;8
C40.txt;changes;economicoperands;2
C40.txt;conduit;economicoperands;3
C40.txt;default;economicoperands;2
C40.txt;deposit;economicoperands;2
C40.txt;effects;economicoperands;19
C40.txt;entries;economicoperands;1
C40.txt;granted;economicoperands;8
C40.txt;include;logicalconnectors;6
C40.txt;instead;logicalconnectors;2
C40.txt;lending;economicoperands;3
C40.txt;measure;economicoperands;6
C40.txt;netting;economicoperands;34
C40.txt;nominal;economicoperands;11
C40.txt;part of;logicalconnectors;8
C40.txt;purpose;economicoperands;1
C40.txt;related;logicalconnectors;2
C40.txt;reserve;economicoperands;1
C40.txt;reverse;economicoperands;2
C40.txt;selling;economicoperands;4
C40.txt;specify;economicoperands;2
C40.txt;that is;logicalconnectors;22
C40.txt;trading;economicoperands;2
C40.txt;undrawn;economicoperands;7
C40.txt;used in;economicoperands;1
C40.txt;whether;logicalconnectors;1
C40.txt;without;logicalconnectors;2
C40.txt;written;economicoperands;2
C40.txt;action;economicoperands;1
C40.txt;annual;economicoperands;2
C40.txt;assets;economicoperands;22
C40.txt;bought;economicoperands;10
C40.txt;buying;economicoperands;6
C40.txt;capped;regulatoryoperators;9
C40.txt;claims;economicoperands;37
C40.txt;clause;legalreferences;4
C40.txt;column;legalreferences;9
C40.txt;covers;economicoperands;1
C40.txt;either;logicalconnectors;3
C40.txt;exceed;mathematicaloperators;2
C40.txt;except;logicalconnectors;1
C40.txt;g-siis;economicoperands;2
C40.txt;govern;economicoperands;1
C40.txt;issued;economicoperands;2
C40.txt;itself;functionwords;2
C40.txt;listed;functionwords;1
C40.txt;manner;other;2
C40.txt;market;economicoperands;1
C40.txt;notice;economicoperands;2
C40.txt;period;economicoperands;1
C40.txt;posted;economicoperands;4
C40.txt;public;economicoperands;36
C40.txt;report;economicoperands;15
C40.txt;stress;economicoperands;2
C40.txt;sum of;mathematicaloperators;4
C40.txt;timely;attributes;2
C40.txt;values;economicoperands;12
C40.txt;after;logicalconnectors;2
C40.txt;annex;legalreferences;6
C40.txt;apply;logicalconnectors;1
C40.txt;asset;economicoperands;8
C40.txt;cells;legalreferences;1
C40.txt;close;economicoperands;2
C40.txt;coins;economicoperands;3
C40.txt;daily;attributes;1
C40.txt;elect;economicoperands;1
C40.txt;event;economicoperands;2
C40.txt;items;other;6
C40.txt;large;economicoperands;3
C40.txt;legal;economicoperands;12
C40.txt;lends;economicoperands;2
C40.txt;level;economicoperands;2
C40.txt;loans;economicoperands;38
C40.txt;local;economicoperands;8
C40.txt;names;economicoperands;3
C40.txt;other;logicalconnectors;30
C40.txt;owner;economicoperands;3
C40.txt;party;economicoperands;2
C40.txt;point;economicoperands;15
C40.txt;prior;economicoperands;2
C40.txt;ratio;mathematicaloperators;13
C40.txt;refer;functionwords;1
C40.txt;right;economicoperands;4
C40.txt;sales;economicoperands;1
C40.txt;scope;economicoperands;1
C40.txt;shall;regulatoryoperators;76
C40.txt;small;economicoperands;1
C40.txt;taken;other;3
C40.txt;their;functionwords;1
C40.txt;these;functionwords;3
C40.txt;those;functionwords;6
C40.txt;times;economicoperands;2
C40.txt;total;mathematicaloperators;6
C40.txt;under;functionwords;30
C40.txt;value;economicoperands;87
C40.txt;where;logicalconnectors;34
C40.txt;which;functionwords;8
C40.txt;words;economicoperands;1
C40.txt;also;logicalconnectors;18
C40.txt;been;functionwords;5
C40.txt;both;logicalconnectors;5
C40.txt;cash;economicoperands;25
C40.txt;cell;legalreferences;10
C40.txt;data;economicoperands;1
C40.txt;date;economicoperands;1
C40.txt;does;functionwords;2
C40.txt;each;logicalconnectors;2
C40.txt;from;functionwords;5
C40.txt;full;economicoperands;1
C40.txt;give;functionwords;2
C40.txt;have;functionwords;17
C40.txt;held;economicoperands;3
C40.txt;into;functionwords;1
C40.txt;item;other;1
C40.txt;just;functionwords;6
C40.txt;lent;economicoperands;1
C40.txt;meet;economicoperands;1
C40.txt;name;economicoperands;6
C40.txt;non-;logicalconnectors;4
C40.txt;only;logicalconnectors;4
C40.txt;over;mathematicaloperators;1
C40.txt;pool;economicoperands;5
C40.txt;rise;other;2
C40.txt;rows;economicoperands;1
C40.txt;sale;economicoperands;1
C40.txt;same;logicalconnectors;10
C40.txt;sfts;economicoperands;8
C40.txt;side;economicoperands;2
C40.txt;sign;economicoperands;2
C40.txt;sold;economicoperands;11
C40.txt;than;functionwords;1
C40.txt;that;functionwords;33
C40.txt;then;logicalconnectors;1
C40.txt;they;functionwords;3
C40.txt;this;functionwords;21
C40.txt;time;economicoperands;2
C40.txt;unit;economicoperands;15
C40.txt;upon;other;2
C40.txt;used;economicoperands;4
C40.txt;when;logicalconnectors;3
C40.txt;with;functionwords;8
C40.txt;add;mathematicaloperators;3
C40.txt;all;logicalconnectors;11
C40.txt;and;logicalconnectors;49
C40.txt;any;logicalconnectors;18
C40.txt;are;functionwords;23
C40.txt;can;regulatoryoperators;2
C40.txt;crm;economicoperands;32
C40.txt;crr;legalreferences;28
C40.txt;did;functionwords;1
C40.txt;for;functionwords;19
C40.txt;has;functionwords;1
C40.txt;i.e;functionwords;11
C40.txt;may;regulatoryoperators;1
C40.txt;met;functionwords;2
C40.txt;net;economicoperands;2
C40.txt;not;logicalconnectors;26
C40.txt;out;functionwords;3
C40.txt;row;economicoperands;12
C40.txt;sft;economicoperands;6
C40.txt;the;functionwords;294
C40.txt;two;attributes;1
C40.txt;via;functionwords;2
C40.txt;20;attributes;1
C40.txt;21;legalreferences;1
C40.txt;22;legalreferences;1
C40.txt;23;attributes;1
C40.txt;an;functionwords;37
C40.txt;as;logicalconnectors;16
C40.txt;at;functionwords;3
C40.txt;be;functionwords;46
C40.txt;by;functionwords;33
C40.txt;do;functionwords;2
C40.txt;if;logicalconnectors;5
C40.txt;ii;legalreferences;7
C40.txt;in;functionwords;35
C40.txt;is;functionwords;36
C40.txt;it;functionwords;1
C40.txt;no;logicalconnectors;23
C40.txt;of;functionwords;125
C40.txt;on;functionwords;64
C40.txt;or;logicalconnectors;43
C40.txt;so;logicalconnectors;1
C40.txt;to;functionwords;31
C40.txt;1;attributes;3
C40.txt;2;attributes;18
C40.txt;4;attributes;2
C40.txt;5;attributes;3
C40.txt;6;attributes;1
C40.txt;7;attributes;4
