title_4.txt;committee on financial services of the house of representatives;economicoperands;4
title_4.txt;the investment company act of 1940 15 usc;legalreferences;3
title_4.txt;comptroller general of the united states;economicoperands;3
title_4.txt;financial industry regulatory authority;economicoperands;1
title_4.txt;financial stability oversight council;economicoperands;1
title_4.txt;commodity futures trading commission;economicoperands;4
title_4.txt;the investment advisers act of 1940;legalreferences;18
title_4.txt;securities and exchange commission;economicoperands;1
title_4.txt;the investment adviser act of 1940;legalreferences;1
title_4.txt;the investment company act of 1940;legalreferences;3
title_4.txt;the commodity exchange act 7 usc;legalreferences;2
title_4.txt;self-regulatory organization;economicoperands;5
title_4.txt;the commodities exchange act;legalreferences;2
title_4.txt;code of federal regulations;legalreferences;2
title_4.txt;commodity trading advisor;economicoperands;1
title_4.txt;foreign private adviser;economicoperands;2
title_4.txt;request for information;economicoperands;1
title_4.txt;voluntary pilot program;economicoperands;1
title_4.txt;in the public interest;attributes;11
title_4.txt;section 3 c 1 or 3 c 7;legalreferences;1
title_4.txt;successors-in-interest;economicoperands;1
title_4.txt;employment structures;economicoperands;1
title_4.txt;subparagraphs a and b;legalreferences;1
title_4.txt;under this subsection;legalreferences;7
title_4.txt;financial innovation;economicoperands;1
title_4.txt;in consultation with;economicoperands;1
title_4.txt;less frequently than;mathematicaloperators;1
title_4.txt;rule of construction;other;2
title_4.txt;under subparagraph a;legalreferences;3
title_4.txt;under this paragraph;legalreferences;1
title_4.txt;venture capital fund;economicoperands;4
title_4.txt;accredited investor;economicoperands;7
title_4.txt;comptroller general;economicoperands;1
title_4.txt;investment strategy;economicoperands;1
title_4.txt;comment rulemaking;economicoperands;2
title_4.txt;for the purpose of;functionwords;1
title_4.txt;in accordance with;logicalconnectors;4
title_4.txt;in connection with;logicalconnectors;1
title_4.txt;in the alternative;logicalconnectors;1
title_4.txt;investment adviser;economicoperands;44
title_4.txt;investment company;economicoperands;4
title_4.txt;market maker short;economicoperands;1
title_4.txt;securities-related;economicoperands;1
title_4.txt;the securities act;legalreferences;2
title_4.txt;under subsection a;legalreferences;2
title_4.txt;under this section;legalreferences;1
title_4.txt;united states code;legalreferences;2
title_4.txt;computer hardware;economicoperands;1
title_4.txt;consolidated tape;economicoperands;1
title_4.txt;off-balance-sheet;economicoperands;1
title_4.txt;primary residence;economicoperands;2
title_4.txt;public disclosure;economicoperands;1
title_4.txt;trading practices;economicoperands;1
title_4.txt;become effective;economicoperands;1
title_4.txt;over-the-counter;economicoperands;1
title_4.txt;responsibilities;economicoperands;1
title_4.txt;section 202 a 11;legalreferences;2
title_4.txt;under this title;legalreferences;7
title_4.txt;associated with;logicalconnectors;1
title_4.txt;attributable to;functionwords;1
title_4.txt;confidentiality;economicoperands;8
title_4.txt;notwithstanding;logicalconnectors;1
title_4.txt;recommendations;economicoperands;1
title_4.txt;representatives;economicoperands;1
title_4.txt;this subsection;legalreferences;7
title_4.txt;venture capital;economicoperands;1
title_4.txt;with respect to;logicalconnectors;6
title_4.txt;administration;economicoperands;1
title_4.txt;at the time of;logicalconnectors;2
title_4.txt;commodity pool;economicoperands;1
title_4.txt;complying with;regulatoryoperators;1
title_4.txt;grandfathering;economicoperands;1
title_4.txt;not later than;logicalconnectors;8
title_4.txt;organizational;economicoperands;1
title_4.txt;small business;economicoperands;7
title_4.txt;subparagraph a;legalreferences;1
title_4.txt;subparagraph b;legalreferences;1
title_4.txt;subsection b 3;legalreferences;1
title_4.txt;subsection b 6;legalreferences;1
title_4.txt;the end of the;mathematicaloperators;1
title_4.txt;this paragraph;legalreferences;2
title_4.txt;clarification;economicoperands;1
title_4.txt;determination;regulatoryoperators;1
title_4.txt;establishment;regulatoryoperators;1
title_4.txt;family office;economicoperands;14
title_4.txt;methodologies;economicoperands;1
title_4.txt;opportunities;economicoperands;1
title_4.txt;predominately;attributes;1
title_4.txt;provided that;logicalconnectors;1
title_4.txt;redesignating;other;3
title_4.txt;regulation of;regulatoryoperators;1
title_4.txt;section 202 a;legalreferences;1
title_4.txt;section 203 b;legalreferences;1
title_4.txt;section 205 e;legalreferences;1
title_4.txt;section 210 b;legalreferences;1
title_4.txt;section 210 c;legalreferences;1
title_4.txt;short selling;economicoperands;2
title_4.txt;substantially;attributes;1
title_4.txt;systemic risk;economicoperands;10
title_4.txt;united states;economicoperands;8
title_4.txt;urban affairs;economicoperands;4
title_4.txt;arrangements;economicoperands;2
title_4.txt;availability;economicoperands;2
title_4.txt;buy-to-cover;economicoperands;1
title_4.txt;by reason of;functionwords;1
title_4.txt;commissioner;economicoperands;2
title_4.txt;consultation;economicoperands;1
title_4.txt;counterparty;economicoperands;1
title_4.txt;earlier than;mathematicaloperators;1
title_4.txt;entitlements;economicoperands;1
title_4.txt;examinations;economicoperands;3
title_4.txt;improvements;economicoperands;1
title_4.txt;independence;economicoperands;1
title_4.txt;intellectual;economicoperands;1
title_4.txt;jurisdiction;economicoperands;1
title_4.txt;modification;economicoperands;2
title_4.txt;periodically;attributes;1
title_4.txt;private fund;economicoperands;18
title_4.txt;redesignated;other;1
title_4.txt;registration;economicoperands;9
title_4.txt;regulation d;legalreferences;1
title_4.txt;requirements;economicoperands;6
title_4.txt;respectively;logicalconnectors;2
title_4.txt;side letters;economicoperands;1
title_4.txt;subparagraph;other;2
title_4.txt;subsection a;legalreferences;4
title_4.txt;this section;legalreferences;2
title_4.txt;transactions;economicoperands;1
title_4.txt;verification;economicoperands;1
title_4.txt;adjustments;economicoperands;2
title_4.txt;application;economicoperands;1
title_4.txt;appropriate;attributes;12
title_4.txt;ascertained;economicoperands;2
title_4.txt;credit risk;economicoperands;1
title_4.txt;definitions;economicoperands;3
title_4.txt;description;economicoperands;1
title_4.txt;determining;regulatoryoperators;1
title_4.txt;development;economicoperands;3
title_4.txt;disclosures;economicoperands;1
title_4.txt;eligibility;economicoperands;1
title_4.txt;elimination;economicoperands;1
title_4.txt;established;regulatoryoperators;3
title_4.txt;examination;economicoperands;5
title_4.txt;exclusively;logicalconnectors;1
title_4.txt;feasibility;economicoperands;3
title_4.txt;in a manner;logicalconnectors;2
title_4.txt;in light of;functionwords;4
title_4.txt;independent;economicoperands;1
title_4.txt;information;economicoperands;24
title_4.txt;inspections;economicoperands;1
title_4.txt;limitations;regulatoryoperators;1
title_4.txt;maintenance;economicoperands;1
title_4.txt;on the date;logicalconnectors;2
title_4.txt;operational;economicoperands;1
title_4.txt;paragraph 1;legalreferences;3
title_4.txt;paragraph 2;legalreferences;1
title_4.txt;paragraph 3;legalreferences;3
title_4.txt;paragraph 5;legalreferences;1
title_4.txt;paragraph 6;legalreferences;1
title_4.txt;paragraph 8;legalreferences;2
title_4.txt;prescribing;regulatoryoperators;1
title_4.txt;proprietary;economicoperands;4
title_4.txt;pursuant to;logicalconnectors;8
title_4.txt;referred to;functionwords;1
title_4.txt;regulations;regulatoryoperators;3
title_4.txt;relating to;logicalconnectors;6
title_4.txt;requirement;economicoperands;2
title_4.txt;scholarship;economicoperands;1
title_4.txt;section 202;legalreferences;1
title_4.txt;section 203;legalreferences;4
title_4.txt;section 204;legalreferences;1
title_4.txt;section 206;legalreferences;2
title_4.txt;section 211;legalreferences;1
title_4.txt;section 552;legalreferences;2
title_4.txt;short title;other;1
title_4.txt;subsections;other;2
title_4.txt;transaction;economicoperands;1
title_4.txt;accountant;economicoperands;1
title_4.txt;accredited;economicoperands;2
title_4.txt;additional;mathematicaloperators;3
title_4.txt;adjustment;economicoperands;6
title_4.txt;affiliated;economicoperands;1
title_4.txt;amendments;other;1
title_4.txt;analytical;economicoperands;1
title_4.txt;applicable;functionwords;1
title_4.txt;applicants;economicoperands;1
title_4.txt;assessment;economicoperands;6
title_4.txt;at the end;logicalconnectors;12
title_4.txt;authorizes;regulatoryoperators;1
title_4.txt;collection;economicoperands;1
title_4.txt;commission;economicoperands;71
title_4.txt;completion;economicoperands;2
title_4.txt;compliance;regulatoryoperators;1
title_4.txt;conducting;economicoperands;1
title_4.txt;consistent;attributes;3
title_4.txt;containing;economicoperands;2
title_4.txt;controlled;economicoperands;1
title_4.txt;definition;economicoperands;8
title_4.txt;department;economicoperands;3
title_4.txt;determines;regulatoryoperators;4
title_4.txt;disclosure;economicoperands;2
title_4.txt;discretion;economicoperands;1
title_4.txt;eliminated;economicoperands;1
title_4.txt;fewer than;mathematicaloperators;1
title_4.txt;fourth day;attributes;1
title_4.txt;governance;economicoperands;1
title_4.txt;identifies;economicoperands;1
title_4.txt;in general;logicalconnectors;7
title_4.txt;indirectly;attributes;1
title_4.txt;individual;economicoperands;1
title_4.txt;inspection;economicoperands;1
title_4.txt;intrastate;economicoperands;1
title_4.txt;investment;economicoperands;29
title_4.txt;limitation;regulatoryoperators;1
title_4.txt;maintained;economicoperands;2
title_4.txt;management;economicoperands;5
title_4.txt;obligation;economicoperands;1
title_4.txt;paragraphs;functionwords;2
title_4.txt;particular;functionwords;1
title_4.txt;performing;economicoperands;1
title_4.txt;procedures;economicoperands;1
title_4.txt;promulgate;regulatoryoperators;1
title_4.txt;protection;economicoperands;12
title_4.txt;provisions;economicoperands;2
title_4.txt;reasonably;attributes;1
title_4.txt;recipients;economicoperands;1
title_4.txt;recognizes;economicoperands;1
title_4.txt;registered;economicoperands;15
title_4.txt;regulation;regulatoryoperators;2
title_4.txt;requesting;economicoperands;1
title_4.txt;rounded to;mathematicaloperators;1
title_4.txt;rulemaking;other;2
title_4.txt;section 54;legalreferences;3
title_4.txt;securities;economicoperands;4
title_4.txt;short sale;economicoperands;2
title_4.txt;sold short;economicoperands;1
title_4.txt;strategies;economicoperands;1
title_4.txt;subject to;logicalconnectors;5
title_4.txt;subsection;legalreferences;1
title_4.txt;subsequent;functionwords;2
title_4.txt;thereafter;logicalconnectors;2
title_4.txt;this title;legalreferences;13
title_4.txt;thresholds;economicoperands;1
title_4.txt;transition;economicoperands;1
title_4.txt;12 months;attributes;1
title_4.txt;5 percent;attributes;1
title_4.txt;adjusting;economicoperands;2
title_4.txt;aggregate;mathematicaloperators;2
title_4.txt;agreement;economicoperands;1
title_4.txt;amendment;other;1
title_4.txt;amount of;mathematicaloperators;1
title_4.txt;antifraud;economicoperands;1
title_4.txt;assessing;economicoperands;1
title_4.txt;attention;economicoperands;1
title_4.txt;authority;economicoperands;2
title_4.txt;available;economicoperands;5
title_4.txt;carry out;economicoperands;1
title_4.txt;clause ii;legalreferences;1
title_4.txt;collected;economicoperands;1
title_4.txt;committee;economicoperands;4
title_4.txt;commodity;economicoperands;2
title_4.txt;companies;economicoperands;3
title_4.txt;compelled;economicoperands;1
title_4.txt;contained;economicoperands;2
title_4.txt;described;other;5
title_4.txt;determine;regulatoryoperators;3
title_4.txt;different;logicalconnectors;2
title_4.txt;directors;economicoperands;1
title_4.txt;documents;economicoperands;4
title_4.txt;employees;economicoperands;1
title_4.txt;enactment;other;13
title_4.txt;establish;regulatoryoperators;1
title_4.txt;except as;logicalconnectors;1
title_4.txt;exception;logicalconnectors;1
title_4.txt;exchanges;economicoperands;1
title_4.txt;excluding;logicalconnectors;4
title_4.txt;exemption;regulatoryoperators;9
title_4.txt;exemptive;economicoperands;2
title_4.txt;favorable;economicoperands;1
title_4.txt;financial;economicoperands;1
title_4.txt;following;functionwords;16
title_4.txt;functions;economicoperands;1
title_4.txt;generally;functionwords;1
title_4.txt;governing;economicoperands;1
title_4.txt;incidence;economicoperands;1
title_4.txt;including;logicalconnectors;4
title_4.txt;inflation;economicoperands;1
title_4.txt;inserting;other;9
title_4.txt;integrity;economicoperands;1
title_4.txt;investors;economicoperands;18
title_4.txt;less than;mathematicaloperators;2
title_4.txt;licensees;economicoperands;1
title_4.txt;maintains;economicoperands;1
title_4.txt;mid-sized;economicoperands;3
title_4.txt;modifying;economicoperands;1
title_4.txt;more than;mathematicaloperators;2
title_4.txt;necessary;attributes;8
title_4.txt;net worth;economicoperands;6
title_4.txt;operators;economicoperands;1
title_4.txt;otherwise;logicalconnectors;1
title_4.txt;positions;economicoperands;3
title_4.txt;potential;economicoperands;1
title_4.txt;practices;economicoperands;1
title_4.txt;prescribe;regulatoryoperators;5
title_4.txt;principal;economicoperands;1
title_4.txt;providing;economicoperands;1
title_4.txt;provision;economicoperands;4
title_4.txt;qualified;economicoperands;1
title_4.txt;real time;economicoperands;3
title_4.txt;reflected;economicoperands;1
title_4.txt;regarding;logicalconnectors;4
title_4.txt;regulated;regulatoryoperators;2
title_4.txt;reporting;economicoperands;7
title_4.txt;represent;economicoperands;1
title_4.txt;requiring;regulatoryoperators;2
title_4.txt;safeguard;economicoperands;1
title_4.txt;section 3;legalreferences;1
title_4.txt;sensitive;economicoperands;1
title_4.txt;set forth;regulatoryoperators;1
title_4.txt;specified;regulatoryoperators;1
title_4.txt;successor;economicoperands;3
title_4.txt;technical;economicoperands;1
title_4.txt;threshold;economicoperands;2
title_4.txt;treatment;economicoperands;2
title_4.txt;undertake;economicoperands;2
title_4.txt;valuation;economicoperands;1
title_4.txt;withdrawn;economicoperands;2
title_4.txt;accounts;economicoperands;1
title_4.txt;adjusted;economicoperands;4
title_4.txt;advisers;economicoperands;22
title_4.txt;advisors;economicoperands;1
title_4.txt;advisory;economicoperands;1
title_4.txt;annually;attributes;1
title_4.txt;based on;other;1
title_4.txt;benefits;economicoperands;2
title_4.txt;business;economicoperands;6
title_4.txt;congress;economicoperands;3
title_4.txt;consider;economicoperands;1
title_4.txt;contract;economicoperands;1
title_4.txt;criteria;economicoperands;2
title_4.txt;defining;economicoperands;1
title_4.txt;delivery;economicoperands;1
title_4.txt;directly;attributes;1
title_4.txt;disclose;economicoperands;1
title_4.txt;division;mathematicaloperators;1
title_4.txt;document;economicoperands;2
title_4.txt;does not;logicalconnectors;2
title_4.txt;election;economicoperands;2
title_4.txt;employed;economicoperands;1
title_4.txt;entirety;logicalconnectors;1
title_4.txt;entities;economicoperands;1
title_4.txt;exempted;regulatoryoperators;1
title_4.txt;exposure;economicoperands;1
title_4.txt;extracts;economicoperands;1
title_4.txt;includes;logicalconnectors;1
title_4.txt;invested;economicoperands;1
title_4.txt;investor;economicoperands;1
title_4.txt;leverage;economicoperands;2
title_4.txt;licensed;economicoperands;1
title_4.txt;maintain;economicoperands;6
title_4.txt;meanings;other;1
title_4.txt;modified;economicoperands;2
title_4.txt;multiple;logicalconnectors;2
title_4.txt;national;economicoperands;1
title_4.txt;officers;economicoperands;1
title_4.txt;periodic;attributes;2
title_4.txt;policies;economicoperands;1
title_4.txt;prepared;economicoperands;1
title_4.txt;previous;logicalconnectors;1
title_4.txt;property;economicoperands;1
title_4.txt;provided;logicalconnectors;3
title_4.txt;provides;economicoperands;5
title_4.txt;publicly;economicoperands;2
title_4.txt;purchase;economicoperands;1
title_4.txt;purposes;economicoperands;9
title_4.txt;received;economicoperands;2
title_4.txt;receives;economicoperands;2
title_4.txt;register;economicoperands;5
title_4.txt;reported;economicoperands;1
title_4.txt;required;regulatoryoperators;10
title_4.txt;research;economicoperands;1
title_4.txt;schedule;economicoperands;1
title_4.txt;sentence;other;1
title_4.txt;software;economicoperands;1
title_4.txt;standard;economicoperands;6
title_4.txt;strategy;economicoperands;1
title_4.txt;striking;other;5
title_4.txt;this act;legalreferences;9
title_4.txt;title 17;legalreferences;2
title_4.txt;title iv;legalreferences;1
title_4.txt;withhold;economicoperands;1
title_4.txt;2 years;attributes;1
title_4.txt;4 years;attributes;2
title_4.txt;5 years;attributes;1
title_4.txt;account;economicoperands;2
title_4.txt;advised;economicoperands;7
title_4.txt;adviser;economicoperands;7
title_4.txt;advises;economicoperands;2
title_4.txt;advisor;economicoperands;1
title_4.txt;amended;regulatoryoperators;13
title_4.txt;another;functionwords;1
title_4.txt;applied;other;1
title_4.txt;applies;other;4
title_4.txt;arising;economicoperands;1
title_4.txt;banking;economicoperands;4
title_4.txt;because;logicalconnectors;1
title_4.txt;between;functionwords;1
title_4.txt;brought;economicoperands;1
title_4.txt;certain;functionwords;3
title_4.txt;changes;economicoperands;1
title_4.txt;classes;economicoperands;1
title_4.txt;clauses;other;1
title_4.txt;clients;economicoperands;3
title_4.txt;company;economicoperands;6
title_4.txt;conduct;economicoperands;6
title_4.txt;content;other;1
title_4.txt;council;economicoperands;10
title_4.txt;covered;economicoperands;1
title_4.txt;current;functionwords;2
title_4.txt;custody;economicoperands;5
title_4.txt;defined;economicoperands;5
title_4.txt;deliver;economicoperands;1
title_4.txt;economy;economicoperands;4
title_4.txt;effects;economicoperands;1
title_4.txt;elected;economicoperands;3
title_4.txt;engaged;economicoperands;1
title_4.txt;entered;economicoperands;1
title_4.txt;exclude;logicalconnectors;1
title_4.txt;expense;economicoperands;1
title_4.txt;failure;economicoperands;1
title_4.txt;federal;economicoperands;3
title_4.txt;foreign;economicoperands;1
title_4.txt;forming;other;1
title_4.txt;further;logicalconnectors;1
title_4.txt;housing;economicoperands;4
title_4.txt;include;logicalconnectors;3
title_4.txt;initial;economicoperands;2
title_4.txt;invests;economicoperands;2
title_4.txt;january;attributes;3
title_4.txt;jointly;logicalconnectors;1
title_4.txt;license;economicoperands;3
title_4.txt;limited;logicalconnectors;2
title_4.txt;managed;economicoperands;1
title_4.txt;markets;economicoperands;3
title_4.txt;members;economicoperands;1
title_4.txt;monitor;economicoperands;1
title_4.txt;natural;economicoperands;8
title_4.txt;nearest;mathematicaloperators;1
title_4.txt;neither;logicalconnectors;1
title_4.txt;nothing;logicalconnectors;2
title_4.txt;offices;economicoperands;3
title_4.txt;oversee;economicoperands;1
title_4.txt;pending;functionwords;1
title_4.txt;periods;economicoperands;1
title_4.txt;persons;economicoperands;6
title_4.txt;prevent;regulatoryoperators;1
title_4.txt;private;economicoperands;16
title_4.txt;proceed;economicoperands;1
title_4.txt;provide;economicoperands;6
title_4.txt;qualify;economicoperands;2
title_4.txt;records;economicoperands;20
title_4.txt;reflect;economicoperands;1
title_4.txt;relieve;economicoperands;1
title_4.txt;remains;economicoperands;1
title_4.txt;reports;economicoperands;18
title_4.txt;request;economicoperands;1
title_4.txt;require;regulatoryoperators;3
title_4.txt;results;economicoperands;5
title_4.txt;reviews;economicoperands;2
title_4.txt;revoked;economicoperands;1
title_4.txt;rule of;economicoperands;1
title_4.txt;sec 223;legalreferences;1
title_4.txt;section;legalreferences;5
title_4.txt;sharing;economicoperands;1
title_4.txt;so that;logicalconnectors;1
title_4.txt;special;economicoperands;2
title_4.txt;studies;economicoperands;1
title_4.txt;that is;logicalconnectors;3
title_4.txt;therein;logicalconnectors;2
title_4.txt;thereto;logicalconnectors;4
title_4.txt;through;functionwords;1
title_4.txt;title 5;legalreferences;2
title_4.txt;trading;economicoperands;4
title_4.txt;whereby;functionwords;1
title_4.txt;whether;logicalconnectors;3
title_4.txt;without;logicalconnectors;2
title_4.txt;1-year;attributes;1
title_4.txt;4-year;attributes;1
title_4.txt;acting;economicoperands;1
title_4.txt;action;economicoperands;1
title_4.txt;adding;mathematicaloperators;9
title_4.txt;adjust;economicoperands;2
title_4.txt;advice;economicoperands;8
title_4.txt;affect;economicoperands;1
title_4.txt;agency;economicoperands;5
title_4.txt;amount;economicoperands;6
title_4.txt;annual;attributes;3
title_4.txt;assets;economicoperands;10
title_4.txt;become;economicoperands;1
title_4.txt;before;logicalconnectors;5
title_4.txt;begins;economicoperands;1
title_4.txt;client;economicoperands;5
title_4.txt;copies;economicoperands;2
title_4.txt;deemed;regulatoryoperators;2
title_4.txt;define;economicoperands;2
title_4.txt;dollar;economicoperands;1
title_4.txt;during;functionwords;3
title_4.txt;effect;economicoperands;2
title_4.txt;effort;economicoperands;1
title_4.txt;entity;economicoperands;1
title_4.txt;except;logicalconnectors;5
title_4.txt;exempt;regulatoryoperators;2
title_4.txt;factor;economicoperands;2
title_4.txt;family;economicoperands;4
title_4.txt;filing;economicoperands;1
title_4.txt;higher;mathematicaloperators;2
title_4.txt;impact;economicoperands;1
title_4.txt;in all;logicalconnectors;1
title_4.txt;invest;economicoperands;2
title_4.txt;issued;economicoperands;1
title_4.txt;issuer;economicoperands;1
title_4.txt;itself;functionwords;1
title_4.txt;listed;other;1
title_4.txt;making;functionwords;1
title_4.txt;marked;economicoperands;1
title_4.txt;market;economicoperands;1
title_4.txt;needed;economicoperands;1
title_4.txt;notice;economicoperands;4
title_4.txt;obtain;economicoperands;1
title_4.txt;office;economicoperands;3
title_4.txt;orders;economicoperands;2
title_4.txt;others;logicalconnectors;1
title_4.txt;period;economicoperands;7
title_4.txt;person;economicoperands;7
title_4.txt;policy;economicoperands;1
title_4.txt;public;economicoperands;5
title_4.txt;recent;economicoperands;1
title_4.txt;record;economicoperands;2
title_4.txt;remedy;economicoperands;1
title_4.txt;report;economicoperands;13
title_4.txt;review;economicoperands;7
title_4.txt;rights;economicoperands;1
title_4.txt;senate;economicoperands;4
title_4.txt;shares;economicoperands;3
title_4.txt;should;regulatoryoperators;3
title_4.txt;solely;logicalconnectors;4
title_4.txt;spouse;economicoperands;1
title_4.txt;states;economicoperands;1
title_4.txt;status;economicoperands;1
title_4.txt;submit;economicoperands;4
title_4.txt;taking;functionwords;1
title_4.txt;trades;economicoperands;1
title_4.txt;unless;logicalconnectors;1
title_4.txt;within;logicalconnectors;1
title_4.txt;added;mathematicaloperators;1
title_4.txt;after;logicalconnectors;14
title_4.txt;agree;economicoperands;1
title_4.txt;asset;economicoperands;2
title_4.txt;being;functionwords;1
title_4.txt;cited;other;1
title_4.txt;costs;economicoperands;5
title_4.txt;court;economicoperands;1
title_4.txt;deems;regulatoryoperators;1
title_4.txt;delay;economicoperands;1
title_4.txt;every;logicalconnectors;2
title_4.txt;filed;economicoperands;4
title_4.txt;final;economicoperands;1
title_4.txt;first;attributes;1
title_4.txt;funds;economicoperands;20
title_4.txt;hedge;economicoperands;1
title_4.txt;holds;economicoperands;1
title_4.txt;issue;economicoperands;2
title_4.txt;joint;logicalconnectors;1
title_4.txt;level;economicoperands;3
title_4.txt;means;other;2
title_4.txt;order;economicoperands;3
title_4.txt;other;logicalconnectors;15
title_4.txt;owned;economicoperands;1
title_4.txt;parts;economicoperands;1
title_4.txt;party;economicoperands;1
title_4.txt;place;economicoperands;2
title_4.txt;pools;economicoperands;1
title_4.txt;posed;economicoperands;2
title_4.txt;range;economicoperands;1
title_4.txt;right;economicoperands;1
title_4.txt;rules;economicoperands;9
title_4.txt;scope;economicoperands;1
title_4.txt;shall;regulatoryoperators;39
title_4.txt;short;economicoperands;2
title_4.txt;state;economicoperands;3
title_4.txt;steps;functionwords;1
title_4.txt;study;economicoperands;14
title_4.txt;terms;other;3
title_4.txt;their;functionwords;2
title_4.txt;those;functionwords;1
title_4.txt;total;mathematicaloperators;2
title_4.txt;trade;economicoperands;1
title_4.txt;types;economicoperands;1
title_4.txt;under;functionwords;20
title_4.txt;undue;attributes;1
title_4.txt;value;economicoperands;3
title_4.txt;which;functionwords;11
title_4.txt;whose;functionwords;2
title_4.txt;would;functionwords;4
title_4.txt;years;attributes;2
title_4.txt;1933;legalreferences;2
title_4.txt;2010;attributes;7
title_4.txt;acts;other;4
title_4.txt;been;functionwords;2
title_4.txt;both;logicalconnectors;1
title_4.txt;data;economicoperands;3
title_4.txt;date;economicoperands;11
title_4.txt;deem;regulatoryoperators;4
title_4.txt;duty;economicoperands;1
title_4.txt;each;logicalconnectors;3
title_4.txt;file;economicoperands;2
title_4.txt;form;other;1
title_4.txt;from;functionwords;13
title_4.txt;fund;economicoperands;3
title_4.txt;have;functionwords;6
title_4.txt;held;economicoperands;1
title_4.txt;into;functionwords;3
title_4.txt;like;logicalconnectors;1
title_4.txt;long;economicoperands;1
title_4.txt;made;functionwords;2
title_4.txt;make;functionwords;5
title_4.txt;more;mathematicaloperators;4
title_4.txt;once;functionwords;1
title_4.txt;only;logicalconnectors;1
title_4.txt;over;mathematicaloperators;1
title_4.txt;pose;economicoperands;1
title_4.txt;risk;economicoperands;1
title_4.txt;rule;economicoperands;12
title_4.txt;same;logicalconnectors;3
title_4.txt;side;economicoperands;1
title_4.txt;size;economicoperands;2
title_4.txt;such;logicalconnectors;49
title_4.txt;take;functionwords;2
title_4.txt;term;other;14
title_4.txt;test;economicoperands;2
title_4.txt;than;functionwords;3
title_4.txt;that;functionwords;26
title_4.txt;then;logicalconnectors;2
title_4.txt;they;functionwords;1
title_4.txt;this;functionwords;1
title_4.txt;time;economicoperands;3
title_4.txt;type;economicoperands;1
title_4.txt;upon;functionwords;3
title_4.txt;used;economicoperands;4
title_4.txt;uses;economicoperands;1
title_4.txt;were;functionwords;1
title_4.txt;will;functionwords;1
title_4.txt;with;functionwords;20
title_4.txt;year;attributes;5
title_4.txt;100;attributes;3
title_4.txt;150;attributes;1
title_4.txt;2 b;other;1
title_4.txt;204;legalreferences;1
title_4.txt;206;legalreferences;2
title_4.txt;402;legalreferences;1
title_4.txt;403;legalreferences;1
title_4.txt;404;legalreferences;1
title_4.txt;406;legalreferences;1
title_4.txt;414;legalreferences;1
title_4.txt;act;legalreferences;9
title_4.txt;all;logicalconnectors;3
title_4.txt;and;logicalconnectors;124
title_4.txt;any;logicalconnectors;47
title_4.txt;are;functionwords;5
title_4.txt;but;logicalconnectors;4
title_4.txt;buy;economicoperands;1
title_4.txt;for;functionwords;43
title_4.txt;gao;economicoperands;2
title_4.txt;has;functionwords;14
title_4.txt;how;functionwords;1
title_4.txt;iii;legalreferences;1
title_4.txt;its;functionwords;5
title_4.txt;law;economicoperands;1
title_4.txt;may;functionwords;24
title_4.txt;net;economicoperands;1
title_4.txt;new;economicoperands;2
title_4.txt;non;logicalconnectors;1
title_4.txt;nor;logicalconnectors;1
title_4.txt;not;logicalconnectors;11
title_4.txt;out;functionwords;1
title_4.txt;sec;economicoperands;20
title_4.txt;seq;legalreferences;4
title_4.txt;the;functionwords;305
title_4.txt;usc;legalreferences;12
title_4.txt;use;economicoperands;1
title_4.txt;was;functionwords;2
title_4.txt;who;functionwords;7
title_4.txt;10;attributes;1
title_4.txt;11;legalreferences;2
title_4.txt;15;attributes;14
title_4.txt;17;legalreferences;3
title_4.txt;25;attributes;1
title_4.txt;29;legalreferences;1
title_4.txt;30;attributes;1
title_4.txt;an;functionwords;35
title_4.txt;as;logicalconnectors;59
title_4.txt;at;functionwords;3
title_4.txt;be;functionwords;29
title_4.txt;by;functionwords;67
title_4.txt;et;functionwords;4
title_4.txt;if;logicalconnectors;7
title_4.txt;ii;legalreferences;9
title_4.txt;in;functionwords;53
title_4.txt;is;functionwords;20
title_4.txt;it;functionwords;1
title_4.txt;iv;legalreferences;1
title_4.txt;no;logicalconnectors;3
title_4.txt;of;functionwords;215
title_4.txt;on;functionwords;23
title_4.txt;or;logicalconnectors;83
title_4.txt;so;logicalconnectors;1
title_4.txt;to;functionwords;76
title_4.txt;1;attributes;28
title_4.txt;2;attributes;19
title_4.txt;3;attributes;6
title_4.txt;4;attributes;7
title_4.txt;5;attributes;2
title_4.txt;6;attributes;2
title_4.txt;7;attributes;2
title_4.txt;8;attributes;1
title_4.txt;9;attributes;1
title_4.txt;a;functionwords;65
title_4.txt;b;legalreferences;25
title_4.txt;c;legalreferences;9
title_4.txt;d;legalreferences;4
title_4.txt;e;legalreferences;3
title_4.txt;f;legalreferences;1
title_4.txt;h;legalreferences;2
title_4.txt;i;functionwords;9
title_4.txt;l;legalreferences;1
title_4.txt;m;legalreferences;1
title_4.txt;n;legalreferences;1
title_4.txt;v;legalreferences;1
