title_6.txt;the enhancing financial institution safety and soundness act of 2010;legalreferences;1
title_6.txt;the international lending supervision act of 1983 12 usc 3907 a 1;legalreferences;1
title_6.txt;committee on financial services of the house of representatives;economicoperands;2
title_6.txt;the dodd-frank wall street reform and consumer protection act;legalreferences;3
title_6.txt;the bank holding company act of 1956 12 usc 1841 et seq;legalreferences;6
title_6.txt;grandfathered unitary savings and loan holding company;economicoperands;14
title_6.txt;the bank holding company act of 1956 12 usc 1841 a 5 e;legalreferences;1
title_6.txt;the bank holding company act of 1956 12 usc 1841 a 5 f;legalreferences;1
title_6.txt;the bank holding company act of 1956 12 usc 1841 c 2 b;legalreferences;1
title_6.txt;the bank holding company act of 1956 12 usc 1841 c 2 f;legalreferences;3
title_6.txt;the bank holding company act of 1956 12 usc 1841 c 2 h;legalreferences;2
title_6.txt;the bank holding company act of 1956 12 usc 1842 d 1 a;legalreferences;1
title_6.txt;the bank holding company act of 1956 12 usc 1843 j 2 a;legalreferences;1
title_6.txt;the bank holding company act of 1956 12 usc 1843 k 6 b;legalreferences;1
title_6.txt;the bank holding company act of 1956 12 usc 1841 c 2;legalreferences;8
title_6.txt;the bank holding company act of 1956 12 usc 1841 o 4;legalreferences;1
title_6.txt;the bank holding company act of 1956 12 usc 1843 l 1;legalreferences;1
title_6.txt;the bank holding company act of 1956 12 usc 1844 c 1;legalreferences;1
title_6.txt;the community reinvestment act of 1977 12 usc 2903 c;legalreferences;1
title_6.txt;the federal deposit insurance act 12 usc 1811 et seq;legalreferences;2
title_6.txt;the international banking act of 1978 12 usc 3106 a;legalreferences;1
title_6.txt;the bank holding company act of 1956 12 usc 1841 p;legalreferences;1
title_6.txt;the bank holding company act of 1956 12 usc 1842 c;legalreferences;1
title_6.txt;the bank holding company act of 1956 12 usc 1843 k;legalreferences;1
title_6.txt;the bank holding company act of 1956 12 usc 1844 b;legalreferences;1
title_6.txt;nonbank financial company supervised by the board;economicoperands;18
title_6.txt;the international banking act of 1978 12 usc 3101;legalreferences;1
title_6.txt;the farm credit act of 1971 12 usc 2001 et seq;legalreferences;1
title_6.txt;the consumer financial protection act of 2010;legalreferences;4
title_6.txt;the federal deposit insurance act 12 usc 1813;legalreferences;4
title_6.txt;the federal deposit insurance act 12 usc 1815;legalreferences;1
title_6.txt;the federal deposit insurance act 12 usc 1828;legalreferences;6
title_6.txt;the bank holding company act of 1956 12 usc;legalreferences;6
title_6.txt;federal agricultural mortgage corporation;economicoperands;1
title_6.txt;office of the comptroller of the currency;economicoperands;2
title_6.txt;the federal reserve act 12 usc 611 et seq;legalreferences;1
title_6.txt;the investment company act of 1940 15 usc;legalreferences;1
title_6.txt;comptroller general of the united states;economicoperands;1
title_6.txt;government national mortgage association;economicoperands;1
title_6.txt;the federal deposit insurance act 12 usc;legalreferences;7
title_6.txt;federal home loan mortgage corporation;economicoperands;1
title_6.txt;the federal reserve act 12 usc 461 b 7;legalreferences;1
title_6.txt;federal deposit insurance corporation;economicoperands;20
title_6.txt;federal national mortgage association;economicoperands;1
title_6.txt;financial stability oversight council;economicoperands;4
title_6.txt;revised statutes of the united states;legalreferences;7
title_6.txt;supervised securities holding company;economicoperands;36
title_6.txt;the international banking act of 1978;legalreferences;1
title_6.txt;commodity futures trading commission;economicoperands;21
title_6.txt;the bank holding company act of 1956;legalreferences;7
title_6.txt;lead insured depository institution;economicoperands;9
title_6.txt;primary financial regulatory agency;economicoperands;3
title_6.txt;securities and exchange act of 1934;legalreferences;1
title_6.txt;the financial stability act of 2010;legalreferences;1
title_6.txt;the investment advisers act of 1940;legalreferences;1
title_6.txt;the securities exchange act of 1934;legalreferences;2
title_6.txt;appropriate federal banking agency;economicoperands;53
title_6.txt;securities and exchange commission;economicoperands;20
title_6.txt;the federal reserve act 12 usc 375;legalreferences;1
title_6.txt;functionally regulated subsidiary;economicoperands;12
title_6.txt;registered public accounting firm;economicoperands;1
title_6.txt;section 5 c 5 b 12 usc 1844 c 5 b;legalreferences;1
title_6.txt;the federal deposit insurance act;legalreferences;3
title_6.txt;the internal revenue code of 1986;legalreferences;1
title_6.txt;savings and loan holding company;economicoperands;31
title_6.txt;insured depository institution;economicoperands;47
title_6.txt;the federal reserve act 12 usc;legalreferences;10
title_6.txt;to the fullest extent possible;attributes;9
title_6.txt;annual gross revenues derived;economicoperands;1
title_6.txt;federal deposit insurance act;legalreferences;2
title_6.txt;interstate merger transaction;economicoperands;3
title_6.txt;the international banking act;legalreferences;1
title_6.txt;audited financial statements;economicoperands;2
title_6.txt;certified historic structure;economicoperands;1
title_6.txt;interest-bearing transaction;economicoperands;1
title_6.txt;intermediate holding company;economicoperands;16
title_6.txt;office of thrift supervision;economicoperands;4
title_6.txt;reverse repurchase agreement;economicoperands;2
title_6.txt;self-regulatory organization;economicoperands;1
title_6.txt;source of financial strength;economicoperands;3
title_6.txt;the bank holding company act;legalreferences;3
title_6.txt;code of federal regulations;legalreferences;1
title_6.txt;comptroller of the currency;economicoperands;14
title_6.txt;federal savings association;economicoperands;11
title_6.txt;futures commission merchant;economicoperands;1
title_6.txt;holding company act of 1956;legalreferences;1
title_6.txt;internal financial activity;economicoperands;1
title_6.txt;memorandum of understanding;economicoperands;6
title_6.txt;rehabilitation expenditures;economicoperands;1
title_6.txt;securities holding company;economicoperands;9
title_6.txt;commodity trading adviser;economicoperands;1
title_6.txt;financial holding company;economicoperands;6
title_6.txt;industrial loan companies;economicoperands;1
title_6.txt;investigative proceedings;economicoperands;1
title_6.txt;state savings association;economicoperands;10
title_6.txt;consolidated supervision;economicoperands;3
title_6.txt;the home owners loan act;legalreferences;16
title_6.txt;agreement to repurchase;economicoperands;2
title_6.txt;bona fide market-making;economicoperands;1
title_6.txt;calendar year preceding;economicoperands;1
title_6.txt;chief executive officer;economicoperands;1
title_6.txt;commodity pool operator;economicoperands;1
title_6.txt;contractually committed;economicoperands;1
title_6.txt;interstate acquisitions;economicoperands;2
title_6.txt;qualified thrift lender;economicoperands;2
title_6.txt;real estate investments;economicoperands;1
title_6.txt;swap execution facility;economicoperands;1
title_6.txt;take into consideration;economicoperands;2
title_6.txt;the federal reserve act;legalreferences;1
title_6.txt;affiliate transactions;economicoperands;3
title_6.txt;cease and desist order;economicoperands;6
title_6.txt;depository institution;economicoperands;23
title_6.txt;derivative transaction;economicoperands;9
title_6.txt;federal banking agency;economicoperands;6
title_6.txt;in the public interest;attributes;7
title_6.txt;major swap participant;economicoperands;1
title_6.txt;mutual holding company;economicoperands;17
title_6.txt;potential consequences;economicoperands;2
title_6.txt;section 3 c 1 or 3 c 7;legalreferences;1
title_6.txt;small business concern;economicoperands;1
title_6.txt;small business lending;economicoperands;1
title_6.txt;to the extent feasible;attributes;1
title_6.txt;asset backed security;economicoperands;1
title_6.txt;asset-backed security;economicoperands;5
title_6.txt;business of insurance;economicoperands;2
title_6.txt;investment activities;economicoperands;1
title_6.txt;market-making-related;economicoperands;1
title_6.txt;political subdivision;economicoperands;1
title_6.txt;subparagraphs a and b;legalreferences;3
title_6.txt;to the same extent as;logicalconnectors;1
title_6.txt;under this subsection;legalreferences;4
title_6.txt;activities conducted;economicoperands;2
title_6.txt;allocation of credit;economicoperands;2
title_6.txt;bank holding company;economicoperands;35
title_6.txt;conflict of interest;economicoperands;2
title_6.txt;federal reserve bank;economicoperands;1
title_6.txt;financial instrument;economicoperands;1
title_6.txt;home owners loan act;legalreferences;3
title_6.txt;in danger of default;economicoperands;6
title_6.txt;proposed acquisition;economicoperands;1
title_6.txt;repurchase agreement;economicoperands;2
title_6.txt;risk-weighted assets;economicoperands;2
title_6.txt;rule of construction;other;2
title_6.txt;state nonmember bank;economicoperands;1
title_6.txt;swap data repository;economicoperands;1
title_6.txt;under subparagraph a;legalreferences;4
title_6.txt;under subparagraph b;legalreferences;4
title_6.txt;under this paragraph;legalreferences;6
title_6.txt;business activities;economicoperands;1
title_6.txt;capital regulations;economicoperands;2
title_6.txt;capital requirement;economicoperands;2
title_6.txt;comptroller general;economicoperands;2
title_6.txt;covered transaction;economicoperands;4
title_6.txt;federal reserve act;legalreferences;2
title_6.txt;financial condition;economicoperands;2
title_6.txt;financial stability;economicoperands;8
title_6.txt;investment strategy;economicoperands;1
title_6.txt;private equity fund;economicoperands;33
title_6.txt;proposed conversion;economicoperands;6
title_6.txt;proprietary trading;economicoperands;8
title_6.txt;provides assistance;economicoperands;3
title_6.txt;savings association;economicoperands;29
title_6.txt;the extent to which;logicalconnectors;5
title_6.txt;the manner in which;logicalconnectors;1
title_6.txt;undesignated matter;other;1
title_6.txt;written explanation;economicoperands;2
title_6.txt;board of directors;economicoperands;7
title_6.txt;board of governors;economicoperands;25
title_6.txt;farm credit system;economicoperands;1
title_6.txt;for the purpose of;functionwords;2
title_6.txt;in accordance with;logicalconnectors;5
title_6.txt;in connection with;logicalconnectors;8
title_6.txt;in the same manner;logicalconnectors;6
title_6.txt;investment adviser;economicoperands;3
title_6.txt;investment company;economicoperands;1
title_6.txt;revenues generated;economicoperands;1
title_6.txt;section 5155 g 1 a;legalreferences;1
title_6.txt;source of strength;economicoperands;5
title_6.txt;the securities act;legalreferences;2
title_6.txt;to the extent that;logicalconnectors;3
title_6.txt;total consolidated;economicoperands;2
title_6.txt;under subsection a;legalreferences;3
title_6.txt;under subsection b;legalreferences;12
title_6.txt;under this section;legalreferences;11
title_6.txt;acting in concert;economicoperands;1
title_6.txt;at the request of;economicoperands;1
title_6.txt;avoid duplication;economicoperands;3
title_6.txt;capital standards;economicoperands;2
title_6.txt;deposit insurance;economicoperands;9
title_6.txt;executive officer;economicoperands;1
title_6.txt;financial company;economicoperands;11
title_6.txt;hart-scott-rodino;legalreferences;1
title_6.txt;high-risk trading;economicoperands;1
title_6.txt;in the event that;logicalconnectors;1
title_6.txt;insurance company;economicoperands;9
title_6.txt;internal treasury;economicoperands;1
title_6.txt;netting agreement;economicoperands;1
title_6.txt;off-balance sheet;economicoperands;1
title_6.txt;paragraph 9 or 13;legalreferences;2
title_6.txt;reasonable notice;legalreferences;3
title_6.txt;reported publicly;economicoperands;2
title_6.txt;retained earnings;economicoperands;1
title_6.txt;state member bank;economicoperands;1
title_6.txt;subsection d or e;legalreferences;1
title_6.txt;attorney general;economicoperands;2
title_6.txt;become effective;economicoperands;1
title_6.txt;credit card bank;economicoperands;8
title_6.txt;existing reports;economicoperands;3
title_6.txt;financial system;economicoperands;12
title_6.txt;letter of credit;economicoperands;4
title_6.txt;period beginning;economicoperands;6
title_6.txt;responsibilities;economicoperands;1
title_6.txt;savings and loan;economicoperands;5
title_6.txt;section 10 c 9 a;legalreferences;1
title_6.txt;section 10 c 9 c;legalreferences;1
title_6.txt;section 10 c 9 d;legalreferences;1
title_6.txt;section 18 d 4 a;legalreferences;1
title_6.txt;section 44 b 4 b;legalreferences;1
title_6.txt;section 5200 b 3;legalreferences;1
title_6.txt;subsection c 9 c;legalreferences;1
title_6.txt;the same meaning;logicalconnectors;6
title_6.txt;appropriateness;attributes;1
title_6.txt;associated with;logicalconnectors;2
title_6.txt;attributable to;functionwords;1
title_6.txt;commercial firm;economicoperands;5
title_6.txt;competitiveness;economicoperands;1
title_6.txt;countercyclical;economicoperands;3
title_6.txt;credit exposure;economicoperands;11
title_6.txt;cross-marketing;economicoperands;2
title_6.txt;differentiation;logicalconnectors;1
title_6.txt;diversification;economicoperands;1
title_6.txt;federal reserve;economicoperands;3
title_6.txt;financial firms;economicoperands;3
title_6.txt;holding company;economicoperands;19
title_6.txt;in the event of;logicalconnectors;3
title_6.txt;industrial bank;economicoperands;7
title_6.txt;interpretations;economicoperands;3
title_6.txt;managing member;economicoperands;2
title_6.txt;nonwithdrawable;economicoperands;1
title_6.txt;notwithstanding;logicalconnectors;8
title_6.txt;placement agent;economicoperands;3
title_6.txt;price movements;economicoperands;1
title_6.txt;prime brokerage;economicoperands;3
title_6.txt;publicly traded;economicoperands;1
title_6.txt;recommendations;economicoperands;8
title_6.txt;responsible for;economicoperands;2
title_6.txt;risk management;economicoperands;3
title_6.txt;risk-mitigating;economicoperands;2
title_6.txt;section 2 a 5 e;legalreferences;1
title_6.txt;section 2 a 5 f;legalreferences;1
title_6.txt;section 2 c 2 b;legalreferences;1
title_6.txt;section 2 c 2 d;legalreferences;3
title_6.txt;section 2 c 2 f;legalreferences;3
title_6.txt;section 2 c 2 h;legalreferences;2
title_6.txt;section 3 d 1 a;legalreferences;1
title_6.txt;section 4 j 2 a;legalreferences;1
title_6.txt;section 4 k 6 b;legalreferences;1
title_6.txt;section 5 b 1 b;legalreferences;1
title_6.txt;section 908 a 1;legalreferences;1
title_6.txt;securitizations;economicoperands;1
title_6.txt;the clayton act;legalreferences;1
title_6.txt;this subsection;legalreferences;13
title_6.txt;trading account;economicoperands;3
title_6.txt;venture capital;economicoperands;1
title_6.txt;with respect to;logicalconnectors;38
title_6.txt;written request;economicoperands;1
title_6.txt;accountability;economicoperands;1
title_6.txt;administration;economicoperands;1
title_6.txt;as a result of;logicalconnectors;1
title_6.txt;as a source of;logicalconnectors;2
title_6.txt;banking entity;economicoperands;67
title_6.txt;capital levels;economicoperands;4
title_6.txt;commodity pool;economicoperands;1
title_6.txt;conditioned on;logicalconnectors;1
title_6.txt;counterparties;economicoperands;2
title_6.txt;effective date;economicoperands;18
title_6.txt;exchange ratio;economicoperands;2
title_6.txt;federal agency;economicoperands;3
title_6.txt;gross revenues;economicoperands;1
title_6.txt;implementation;regulatoryoperators;2
title_6.txt;in addition to;logicalconnectors;2
title_6.txt;in the case of;logicalconnectors;6
title_6.txt;interpretation;economicoperands;2
title_6.txt;not later than;logicalconnectors;15
title_6.txt;participations;economicoperands;1
title_6.txt;prior approval;regulatoryoperators;2
title_6.txt;private equity;economicoperands;4
title_6.txt;recommendation;economicoperands;8
title_6.txt;reorganization;economicoperands;2
title_6.txt;section 10 a 1;legalreferences;1
title_6.txt;section 10 b 2;legalreferences;1
title_6.txt;section 10 c 2;legalreferences;1
title_6.txt;section 10 e 2;legalreferences;1
title_6.txt;section 10 g 1;legalreferences;1
title_6.txt;section 10 m 3;legalreferences;1
title_6.txt;section 18 c 5;legalreferences;1
title_6.txt;section 19 b 7;legalreferences;1
title_6.txt;section 22 h 9;legalreferences;1
title_6.txt;section 5200 b;legalreferences;3
title_6.txt;securitization;economicoperands;1
title_6.txt;small business;economicoperands;3
title_6.txt;specifications;economicoperands;1
title_6.txt;subparagraph a;legalreferences;14
title_6.txt;subparagraph b;legalreferences;13
title_6.txt;subparagraph c;legalreferences;4
title_6.txt;subparagraph d;legalreferences;8
title_6.txt;subparagraph f;legalreferences;1
title_6.txt;subsection b 2;legalreferences;13
title_6.txt;subsection c 8;legalreferences;1
title_6.txt;subsection d 1;legalreferences;3
title_6.txt;subsection d 4;legalreferences;2
title_6.txt;subsection h 2;legalreferences;1
title_6.txt;subsection h 4;legalreferences;3
title_6.txt;subsection k 6;legalreferences;1
title_6.txt;the end of the;mathematicaloperators;7
title_6.txt;this paragraph;legalreferences;9
title_6.txt;under clause i;legalreferences;3
title_6.txt;with regard to;logicalconnectors;3
title_6.txt;actively seek;economicoperands;1
title_6.txt;applicable to;functionwords;9
title_6.txt;appropriately;attributes;3
title_6.txt;balance sheet;economicoperands;1
title_6.txt;certification;economicoperands;3
title_6.txt;commissioners;economicoperands;1
title_6.txt;comparability;economicoperands;1
title_6.txt;complies with;regulatoryoperators;3
title_6.txt;comprehensive;economicoperands;3
title_6.txt;concentration;economicoperands;7
title_6.txt;consideration;economicoperands;2
title_6.txt;consolidation;economicoperands;2
title_6.txt;determination;regulatoryoperators;5
title_6.txt;differentiate;logicalconnectors;1
title_6.txt;disadvantages;economicoperands;1
title_6.txt;establishment;regulatoryoperators;4
title_6.txt;foreign-based;economicoperands;1
title_6.txt;grandfathered;economicoperands;2
title_6.txt;illiquid fund;economicoperands;4
title_6.txt;in every case;logicalconnectors;1
title_6.txt;inappropriate;attributes;1
title_6.txt;investigative;economicoperands;1
title_6.txt;modifications;economicoperands;1
title_6.txt;national bank;economicoperands;5
title_6.txt;nondepository;economicoperands;13
title_6.txt;paragraph 1 a;legalreferences;3
title_6.txt;paragraph 1 b;legalreferences;3
title_6.txt;provided that;logicalconnectors;4
title_6.txt;recordkeeping;economicoperands;3
title_6.txt;redesignating;other;6
title_6.txt;regulation of;regulatoryoperators;2
title_6.txt;rehabilitated;economicoperands;1
title_6.txt;relationships;economicoperands;4
title_6.txt;section 1 b 7;legalreferences;1
title_6.txt;section 2 c 2;legalreferences;5
title_6.txt;section 2 o 4;legalreferences;1
title_6.txt;section 2 o 8;legalreferences;1
title_6.txt;section 203 m;legalreferences;1
title_6.txt;section 4 l 1;legalreferences;1
title_6.txt;section 5 c 2;legalreferences;1
title_6.txt;section 5 c 5;legalreferences;2
title_6.txt;section 5 u 3;legalreferences;1
title_6.txt;section 804 c;legalreferences;1
title_6.txt;subclause iii;legalreferences;1
title_6.txt;subparagraphs;other;7
title_6.txt;substantially;attributes;2
title_6.txt;tax-qualified;economicoperands;2
title_6.txt;to the extent;logicalconnectors;4
title_6.txt;together with;logicalconnectors;2
title_6.txt;transfer date;economicoperands;19
title_6.txt;united states;economicoperands;26
title_6.txt;urban affairs;economicoperands;2
title_6.txt;voting shares;economicoperands;2
title_6.txt;2 moratorium;legalreferences;1
title_6.txt;a moratorium;legalreferences;1
title_6.txt;acquisitions;economicoperands;4
title_6.txt;anti-evasion;economicoperands;1
title_6.txt;asset-backed;economicoperands;1
title_6.txt;associations;economicoperands;5
title_6.txt;availability;economicoperands;6
title_6.txt;by reason of;functionwords;1
title_6.txt;by virtue of;functionwords;1
title_6.txt;commensurate;economicoperands;1
title_6.txt;concentrated;economicoperands;1
title_6.txt;consolidated;economicoperands;3
title_6.txt;construction;economicoperands;2
title_6.txt;consultation;economicoperands;2
title_6.txt;consummation;economicoperands;4
title_6.txt;coordination;economicoperands;8
title_6.txt;counterparty;economicoperands;1
title_6.txt;earlier than;mathematicaloperators;1
title_6.txt;establishing;regulatoryoperators;3
title_6.txt;examinations;economicoperands;15
title_6.txt;foreign bank;economicoperands;4
title_6.txt;functionally;economicoperands;2
title_6.txt;implementing;regulatoryoperators;4
title_6.txt;improvements;economicoperands;2
title_6.txt;institutions;economicoperands;33
title_6.txt;insufficient;attributes;1
title_6.txt;insured bank;economicoperands;3
title_6.txt;intermediate;economicoperands;2
title_6.txt;jurisdiction;economicoperands;5
title_6.txt;moral hazard;economicoperands;1
title_6.txt;notification;economicoperands;2
title_6.txt;on behalf of;functionwords;5
title_6.txt;order issued;economicoperands;4
title_6.txt;paragraph 11;legalreferences;1
title_6.txt;prohibitions;regulatoryoperators;5
title_6.txt;quantitative;economicoperands;6
title_6.txt;redesignated;other;4
title_6.txt;registration;economicoperands;5
title_6.txt;requirements;economicoperands;28
title_6.txt;respectively;logicalconnectors;4
title_6.txt;restrictions;regulatoryoperators;15
title_6.txt;section 10 b;legalreferences;1
title_6.txt;section 10 o;legalreferences;1
title_6.txt;section 13 c;legalreferences;1
title_6.txt;section 18 c;legalreferences;1
title_6.txt;section 18 g;legalreferences;1
title_6.txt;section 19 i;legalreferences;1
title_6.txt;section 22 d;legalreferences;1
title_6.txt;section 22 h;legalreferences;1
title_6.txt;section 5136;legalreferences;1
title_6.txt;section 5154;legalreferences;1
title_6.txt;shareholders;economicoperands;1
title_6.txt;specifically;logicalconnectors;1
title_6.txt;subparagraph;other;6
title_6.txt;subsection a;legalreferences;8
title_6.txt;subsection c;legalreferences;1
title_6.txt;subsection d;legalreferences;4
title_6.txt;subsection e;legalreferences;2
title_6.txt;subsection f;legalreferences;1
title_6.txt;subsection i;legalreferences;2
title_6.txt;subsection j;legalreferences;1
title_6.txt;subsection o;legalreferences;1
title_6.txt;subsidiaries;economicoperands;12
title_6.txt;this section;legalreferences;66
title_6.txt;transactions;economicoperands;21
title_6.txt;unacceptable;attributes;6
title_6.txt;unaffiliated;economicoperands;3
title_6.txt;underwriting;economicoperands;3
title_6.txt;12 usc 84 b;legalreferences;4
title_6.txt;accommodate;economicoperands;1
title_6.txt;accordingly;logicalconnectors;2
title_6.txt;acquisition;economicoperands;16
title_6.txt;alternating;economicoperands;2
title_6.txt;application;economicoperands;17
title_6.txt;appropriate;attributes;44
title_6.txt;association;economicoperands;6
title_6.txt;authorities;economicoperands;2
title_6.txt;b exception;other;1
title_6.txt;capitalized;economicoperands;6
title_6.txt;carried out;economicoperands;1
title_6.txt;chairperson;economicoperands;1
title_6.txt;commitments;economicoperands;1
title_6.txt;commodities;economicoperands;2
title_6.txt;conflicting;economicoperands;2
title_6.txt;conformance;legalreferences;1
title_6.txt;consistency;economicoperands;1
title_6.txt;consolidate;economicoperands;1
title_6.txt;contraction;economicoperands;3
title_6.txt;contractual;economicoperands;4
title_6.txt;controlling;economicoperands;5
title_6.txt;convenience;economicoperands;2
title_6.txt;conversions;economicoperands;3
title_6.txt;coordinated;economicoperands;1
title_6.txt;corporation;economicoperands;5
title_6.txt;credit card;economicoperands;2
title_6.txt;declaration;economicoperands;3
title_6.txt;definitions;economicoperands;9
title_6.txt;derivatives;economicoperands;1
title_6.txt;determining;regulatoryoperators;6
title_6.txt;detrimental;economicoperands;2
title_6.txt;differences;logicalconnectors;1
title_6.txt;disposition;economicoperands;5
title_6.txt;divestiture;economicoperands;3
title_6.txt;duplication;economicoperands;1
title_6.txt;effectively;other;1
title_6.txt;eliminating;economicoperands;1
title_6.txt;elimination;economicoperands;1
title_6.txt;enforcement;economicoperands;18
title_6.txt;established;regulatoryoperators;4
title_6.txt;examination;economicoperands;25
title_6.txt;explanation;economicoperands;1
title_6.txt;fulfillment;economicoperands;1
title_6.txt;furtherance;economicoperands;1
title_6.txt;governments;economicoperands;1
title_6.txt;immediately;attributes;2
title_6.txt;in a manner;logicalconnectors;4
title_6.txt;in order to;logicalconnectors;6
title_6.txt;independent;economicoperands;1
title_6.txt;information;economicoperands;24
title_6.txt;inspections;economicoperands;1
title_6.txt;institution;economicoperands;41
title_6.txt;instruments;economicoperands;5
title_6.txt;investments;economicoperands;13
title_6.txt;liabilities;economicoperands;5
title_6.txt;limitations;regulatoryoperators;14
title_6.txt;obligations;economicoperands;8
title_6.txt;on the date;logicalconnectors;11
title_6.txt;operational;economicoperands;3
title_6.txt;opportunity;economicoperands;1
title_6.txt;outstanding;economicoperands;1
title_6.txt;paragraph 1;legalreferences;22
title_6.txt;paragraph 2;legalreferences;12
title_6.txt;paragraph 3;legalreferences;8
title_6.txt;paragraph 4;legalreferences;5
title_6.txt;paragraph 5;legalreferences;1
title_6.txt;paragraph 7;legalreferences;1
title_6.txt;partnership;economicoperands;9
title_6.txt;performance;economicoperands;1
title_6.txt;permissible;attributes;8
title_6.txt;principally;economicoperands;4
title_6.txt;proceedings;economicoperands;1
title_6.txt;prohibition;regulatoryoperators;5
title_6.txt;promotional;economicoperands;2
title_6.txt;prospective;other;2
title_6.txt;pursuant to;logicalconnectors;21
title_6.txt;recommended;economicoperands;1
title_6.txt;referred to;functionwords;2
title_6.txt;regulations;regulatoryoperators;26
title_6.txt;relating to;logicalconnectors;7
title_6.txt;relevant to;logicalconnectors;1
title_6.txt;relied upon;other;1
title_6.txt;reorganized;economicoperands;2
title_6.txt;requirement;economicoperands;6
title_6.txt;responsible;economicoperands;1
title_6.txt;restriction;regulatoryoperators;1
title_6.txt;section 102;legalreferences;2
title_6.txt;section 2 p;legalreferences;1
title_6.txt;section 3 c;legalreferences;1
title_6.txt;section 3 q;legalreferences;1
title_6.txt;section 311;legalreferences;1
title_6.txt;section 4 c;legalreferences;2
title_6.txt;section 4 k;legalreferences;2
title_6.txt;section 5 b;legalreferences;1
title_6.txt;section 5 d;legalreferences;1
title_6.txt;section 5 i;legalreferences;1
title_6.txt;section 7 j;legalreferences;2
title_6.txt;section 8 a;legalreferences;1
title_6.txt;shareholder;economicoperands;2
title_6.txt;short title;other;1
title_6.txt;significant;attributes;6
title_6.txt;sponsorship;economicoperands;5
title_6.txt;subclause i;legalreferences;2
title_6.txt;subsections;other;8
title_6.txt;supervision;economicoperands;5
title_6.txt;supervisory;economicoperands;15
title_6.txt;swap dealer;economicoperands;1
title_6.txt;take effect;regulatoryoperators;18
title_6.txt;termination;economicoperands;1
title_6.txt;territories;economicoperands;1
title_6.txt;transaction;economicoperands;39
title_6.txt;underwriter;economicoperands;3
title_6.txt;unregulated;economicoperands;1
title_6.txt;10 percent;attributes;5
title_6.txt;15 percent;attributes;1
title_6.txt;25 percent;attributes;1
title_6.txt;acceptable;attributes;1
title_6.txt;acceptance;economicoperands;3
title_6.txt;activities;economicoperands;67
title_6.txt;additional;mathematicaloperators;14
title_6.txt;adequately;attributes;4
title_6.txt;advantages;economicoperands;1
title_6.txt;affiliated;economicoperands;1
title_6.txt;affiliates;economicoperands;11
title_6.txt;aggregated;mathematicaloperators;1
title_6.txt;agreements;economicoperands;3
title_6.txt;amendments;other;14
title_6.txt;applicable;functionwords;15
title_6.txt;as follows;functionwords;8
title_6.txt;assessment;economicoperands;2
title_6.txt;assistance;economicoperands;2
title_6.txt;associated;logicalconnectors;2
title_6.txt;at the end;logicalconnectors;39
title_6.txt;authorized;regulatoryoperators;4
title_6.txt;based upon;other;1
title_6.txt;businesses;economicoperands;3
title_6.txt;commencing;economicoperands;3
title_6.txt;commercial;economicoperands;3
title_6.txt;commission;economicoperands;3
title_6.txt;commitment;economicoperands;1
title_6.txt;comparable;economicoperands;1
title_6.txt;completion;economicoperands;3
title_6.txt;compliance;regulatoryoperators;17
title_6.txt;concerning;logicalconnectors;1
title_6.txt;concluding;economicoperands;1
title_6.txt;conditions;logicalconnectors;2
title_6.txt;conduct of;economicoperands;2
title_6.txt;conducting;economicoperands;1
title_6.txt;consistent;attributes;22
title_6.txt;constitute;economicoperands;2
title_6.txt;controlled;economicoperands;6
title_6.txt;conversion;economicoperands;16
title_6.txt;coordinate;economicoperands;3
title_6.txt;currencies;economicoperands;1
title_6.txt;de minimis;functionwords;4
title_6.txt;definition;economicoperands;5
title_6.txt;depository;economicoperands;15
title_6.txt;derivative;economicoperands;5
title_6.txt;determined;regulatoryoperators;9
title_6.txt;determines;regulatoryoperators;8
title_6.txt;developing;economicoperands;1
title_6.txt;disapprove;regulatoryoperators;1
title_6.txt;earlier of;mathematicaloperators;2
title_6.txt;efficiency;economicoperands;1
title_6.txt;equivalent;logicalconnectors;1
title_6.txt;exceptions;logicalconnectors;4
title_6.txt;exemptions;regulatoryoperators;2
title_6.txt;exercising;economicoperands;1
title_6.txt;extensions;economicoperands;3
title_6.txt;externally;economicoperands;2
title_6.txt;facilities;economicoperands;1
title_6.txt;geographic;economicoperands;1
title_6.txt;government;economicoperands;2
title_6.txt;hedge fund;economicoperands;35
title_6.txt;home state;economicoperands;6
title_6.txt;households;economicoperands;2
title_6.txt;identified;economicoperands;1
title_6.txt;immaterial;economicoperands;1
title_6.txt;implements;regulatoryoperators;1
title_6.txt;importance;economicoperands;1
title_6.txt;in general;logicalconnectors;35
title_6.txt;in no case;logicalconnectors;1
title_6.txt;incidental;economicoperands;1
title_6.txt;indirectly;attributes;15
title_6.txt;individual;economicoperands;3
title_6.txt;interstate;economicoperands;3
title_6.txt;investment;economicoperands;25
title_6.txt;later than;mathematicaloperators;1
title_6.txt;limitation;regulatoryoperators;3
title_6.txt;maintained;economicoperands;3
title_6.txt;management;economicoperands;2
title_6.txt;managerial;economicoperands;1
title_6.txt;materially;economicoperands;1
title_6.txt;minimizing;mathematicaloperators;1
title_6.txt;mitigation;regulatoryoperators;1
title_6.txt;monitoring;economicoperands;3
title_6.txt;moratorium;other;1
title_6.txt;objectives;economicoperands;2
title_6.txt;obligation;economicoperands;3
title_6.txt;occurrence;economicoperands;1
title_6.txt;operations;economicoperands;4
title_6.txt;organizing;economicoperands;1
title_6.txt;paragraphs;functionwords;7
title_6.txt;particular;functionwords;1
title_6.txt;prescribed;regulatoryoperators;3
title_6.txt;privileges;economicoperands;1
title_6.txt;procedures;economicoperands;1
title_6.txt;prohibited;regulatoryoperators;1
title_6.txt;promulgate;regulatoryoperators;2
title_6.txt;protecting;economicoperands;1
title_6.txt;provisions;economicoperands;16
title_6.txt;reasonable;attributes;1
title_6.txt;reasonably;attributes;2
title_6.txt;redemption;economicoperands;1
title_6.txt;referenced;economicoperands;1
title_6.txt;registered;economicoperands;2
title_6.txt;regulation;regulatoryoperators;7
title_6.txt;regulators;economicoperands;2
title_6.txt;regulatory;economicoperands;26
title_6.txt;represents;economicoperands;1
title_6.txt;repurchase;economicoperands;2
title_6.txt;reputation;economicoperands;1
title_6.txt;resolution;economicoperands;2
title_6.txt;respective;logicalconnectors;1
title_6.txt;responding;economicoperands;1
title_6.txt;risk-based;economicoperands;4
title_6.txt;rulemaking;other;12
title_6.txt;section 10;legalreferences;1
title_6.txt;section 11;legalreferences;1
title_6.txt;section 13;legalreferences;3
title_6.txt;section 17;legalreferences;1
title_6.txt;section 18;legalreferences;2
title_6.txt;section 25;legalreferences;1
title_6.txt;section 38;legalreferences;1
title_6.txt;section 47;legalreferences;1
title_6.txt;securities;economicoperands;26
title_6.txt;securitize;economicoperands;1
title_6.txt;short-term;economicoperands;2
title_6.txt;state bank;economicoperands;18
title_6.txt;strategies;economicoperands;1
title_6.txt;strengthen;economicoperands;1
title_6.txt;subject to;logicalconnectors;37
title_6.txt;subjecting;regulatoryoperators;2
title_6.txt;subsection;legalreferences;6
title_6.txt;subsidiary;economicoperands;75
title_6.txt;subtitle b;legalreferences;3
title_6.txt;sufficient;attributes;1
title_6.txt;supervised;regulatoryoperators;16
title_6.txt;supervisor;economicoperands;6
title_6.txt;supporting;economicoperands;1
title_6.txt;terminates;economicoperands;1
title_6.txt;this title;legalreferences;2
title_6.txt;transition;economicoperands;2
title_6.txt;trust bank;economicoperands;7
title_6.txt;undertaken;economicoperands;1
title_6.txt;12 months;attributes;1
title_6.txt;12 usc 24;legalreferences;1
title_6.txt;18 months;attributes;3
title_6.txt;2 content;legalreferences;2
title_6.txt;according;logicalconnectors;1
title_6.txt;acquiring;economicoperands;3
title_6.txt;adjusting;economicoperands;2
title_6.txt;affiliate;economicoperands;37
title_6.txt;aggregate;mathematicaloperators;4
title_6.txt;agreement;economicoperands;1
title_6.txt;amendment;other;10
title_6.txt;amount of;mathematicaloperators;10
title_6.txt;applicant;economicoperands;4
title_6.txt;approvals;regulatoryoperators;1
title_6.txt;assessing;economicoperands;2
title_6.txt;associate;economicoperands;1
title_6.txt;attesting;economicoperands;1
title_6.txt;authority;economicoperands;19
title_6.txt;available;economicoperands;2
title_6.txt;be served;functionwords;2
title_6.txt;bona fide;economicoperands;5
title_6.txt;borrowing;economicoperands;9
title_6.txt;branching;economicoperands;1
title_6.txt;carry out;economicoperands;7
title_6.txt;certifies;economicoperands;1
title_6.txt;chartered;economicoperands;8
title_6.txt;clause ii;legalreferences;3
title_6.txt;committee;economicoperands;2
title_6.txt;commodity;economicoperands;1
title_6.txt;community;economicoperands;2
title_6.txt;companies;economicoperands;50
title_6.txt;condition;logicalconnectors;1
title_6.txt;conducted;economicoperands;10
title_6.txt;conflicts;economicoperands;4
title_6.txt;construed;other;6
title_6.txt;consumers;economicoperands;1
title_6.txt;contracts;economicoperands;2
title_6.txt;corporate;economicoperands;4
title_6.txt;customers;economicoperands;5
title_6.txt;decreases;mathematicaloperators;3
title_6.txt;deduction;mathematicaloperators;1
title_6.txt;deference;other;1
title_6.txt;depositor;economicoperands;1
title_6.txt;described;other;50
title_6.txt;determine;regulatoryoperators;15
title_6.txt;different;logicalconnectors;1
title_6.txt;directors;economicoperands;5
title_6.txt;discloses;economicoperands;1
title_6.txt;dividends;economicoperands;14
title_6.txt;documents;economicoperands;2
title_6.txt;domiciled;economicoperands;1
title_6.txt;effective;other;1
title_6.txt;eliminate;economicoperands;1
title_6.txt;employees;economicoperands;2
title_6.txt;enactment;other;12
title_6.txt;enforcing;regulatoryoperators;2
title_6.txt;enhancing;economicoperands;1
title_6.txt;equitable;attributes;1
title_6.txt;establish;regulatoryoperators;5
title_6.txt;except as;logicalconnectors;8
title_6.txt;exception;logicalconnectors;6
title_6.txt;exclusion;logicalconnectors;4
title_6.txt;exemption;regulatoryoperators;14
title_6.txt;expansion;economicoperands;3
title_6.txt;exposures;economicoperands;3
title_6.txt;expressly;economicoperands;1
title_6.txt;extension;economicoperands;4
title_6.txt;fiduciary;economicoperands;7
title_6.txt;financial;economicoperands;37
title_6.txt;following;functionwords;55
title_6.txt;foregoing;economicoperands;2
title_6.txt;formation;economicoperands;1
title_6.txt;framework;economicoperands;3
title_6.txt;frequency;mathematicaloperators;2
title_6.txt;functions;economicoperands;4
title_6.txt;furnished;economicoperands;2
title_6.txt;generally;functionwords;1
title_6.txt;governors;economicoperands;1
title_6.txt;guarantee;economicoperands;4
title_6.txt;high-risk;economicoperands;1
title_6.txt;implement;regulatoryoperators;3
title_6.txt;including;logicalconnectors;28
title_6.txt;increases;mathematicaloperators;3
title_6.txt;inserting;other;45
title_6.txt;insurance;economicoperands;1
title_6.txt;interests;economicoperands;3
title_6.txt;investors;economicoperands;6
title_6.txt;involving;economicoperands;1
title_6.txt;less than;mathematicaloperators;2
title_6.txt;liability;economicoperands;1
title_6.txt;liquidity;economicoperands;4
title_6.txt;locations;economicoperands;1
title_6.txt;marketing;economicoperands;2
title_6.txt;materials;economicoperands;1
title_6.txt;more than;mathematicaloperators;6
title_6.txt;necessary;attributes;13
title_6.txt;operating;economicoperands;1
title_6.txt;operation;economicoperands;5
title_6.txt;organized;economicoperands;4
title_6.txt;organizes;economicoperands;3
title_6.txt;otherwise;logicalconnectors;20
title_6.txt;oversight;economicoperands;2
title_6.txt;ownership;economicoperands;12
title_6.txt;paragraph;legalreferences;4
title_6.txt;permanent;attributes;1
title_6.txt;permitted;regulatoryoperators;17
title_6.txt;placement;economicoperands;2
title_6.txt;portfolio;economicoperands;1
title_6.txt;positions;economicoperands;5
title_6.txt;practices;economicoperands;3
title_6.txt;preceding;functionwords;5
title_6.txt;prescribe;regulatoryoperators;2
title_6.txt;presented;economicoperands;1
title_6.txt;primarily;attributes;1
title_6.txt;principal;economicoperands;2
title_6.txt;proposing;economicoperands;3
title_6.txt;providing;economicoperands;3
title_6.txt;provision;economicoperands;13
title_6.txt;purchaser;economicoperands;3
title_6.txt;purchases;economicoperands;2
title_6.txt;qualified;economicoperands;3
title_6.txt;recommend;economicoperands;1
title_6.txt;referrals;economicoperands;1
title_6.txt;regarding;logicalconnectors;7
title_6.txt;registers;economicoperands;1
title_6.txt;regulated;regulatoryoperators;5
title_6.txt;regulator;economicoperands;5
title_6.txt;repayable;economicoperands;1
title_6.txt;reporting;economicoperands;5
title_6.txt;represent;economicoperands;1
title_6.txt;resulting;economicoperands;5
title_6.txt;retaining;economicoperands;1
title_6.txt;retention;economicoperands;1
title_6.txt;satisfied;regulatoryoperators;1
title_6.txt;section 2;legalreferences;6
title_6.txt;section 3;legalreferences;4
title_6.txt;section 4;legalreferences;2
title_6.txt;section 5;legalreferences;2
title_6.txt;section 8;legalreferences;4
title_6.txt;selecting;economicoperands;1
title_6.txt;semicolon;other;2
title_6.txt;set forth;regulatoryoperators;1
title_6.txt;soundness;economicoperands;20
title_6.txt;specified;regulatoryoperators;2
title_6.txt;sponsored;economicoperands;1
title_6.txt;stability;economicoperands;8
title_6.txt;standards;economicoperands;7
title_6.txt;statement;economicoperands;1
title_6.txt;subclause;legalreferences;3
title_6.txt;submitted;economicoperands;1
title_6.txt;subsidies;economicoperands;1
title_6.txt;substance;economicoperands;1
title_6.txt;supervise;regulatoryoperators;1
title_6.txt;synthetic;economicoperands;1
title_6.txt;taxpayers;economicoperands;1
title_6.txt;terminate;economicoperands;1
title_6.txt;treatment;economicoperands;8
title_6.txt;valuation;economicoperands;1
title_6.txt;variation;economicoperands;2
title_6.txt;violation;economicoperands;2
title_6.txt;1 notice;legalreferences;1
title_6.txt;180 days;attributes;1
title_6.txt;2 months;attributes;1
title_6.txt;270 days;attributes;1
title_6.txt;3 report;legalreferences;1
title_6.txt;6 months;attributes;3
title_6.txt;9 months;attributes;2
title_6.txt;accounts;economicoperands;2
title_6.txt;achieves;economicoperands;1
title_6.txt;acquired;economicoperands;1
title_6.txt;activity;economicoperands;19
title_6.txt;adequacy;economicoperands;3
title_6.txt;adjusted;economicoperands;2
title_6.txt;adopting;economicoperands;1
title_6.txt;advances;economicoperands;1
title_6.txt;advisory;economicoperands;3
title_6.txt;affected;economicoperands;2
title_6.txt;agencies;economicoperands;29
title_6.txt;annually;attributes;1
title_6.txt;applying;other;1
title_6.txt;approval;regulatoryoperators;5
title_6.txt;approved;regulatoryoperators;2
title_6.txt;assuring;economicoperands;3
title_6.txt;at least;logicalconnectors;1
title_6.txt;based on;other;5
title_6.txt;believes;economicoperands;1
title_6.txt;benefits;economicoperands;1
title_6.txt;building;economicoperands;1
title_6.txt;business;economicoperands;1
title_6.txt;capacity;economicoperands;3
title_6.txt;carrying;economicoperands;1
title_6.txt;category;economicoperands;3
title_6.txt;clause i;legalreferences;10
title_6.txt;clause v;legalreferences;1
title_6.txt;commence;economicoperands;1
title_6.txt;companys;economicoperands;1
title_6.txt;complete;economicoperands;1
title_6.txt;complied;regulatoryoperators;1
title_6.txt;concerns;economicoperands;3
title_6.txt;conducts;economicoperands;4
title_6.txt;congress;economicoperands;1
title_6.txt;consider;economicoperands;4
title_6.txt;contents;other;2
title_6.txt;continue;economicoperands;2
title_6.txt;contract;economicoperands;3
title_6.txt;contrary;other;1
title_6.txt;controls;economicoperands;19
title_6.txt;criteria;economicoperands;3
title_6.txt;december;attributes;2
title_6.txt;declared;regulatoryoperators;3
title_6.txt;deducted;mathematicaloperators;3
title_6.txt;delivery;economicoperands;1
title_6.txt;deposits;economicoperands;9
title_6.txt;describe;other;1
title_6.txt;designed;economicoperands;5
title_6.txt;dilution;economicoperands;1
title_6.txt;directly;attributes;17
title_6.txt;director;economicoperands;7
title_6.txt;discount;economicoperands;1
title_6.txt;distress;economicoperands;1
title_6.txt;dividend;economicoperands;7
title_6.txt;does not;logicalconnectors;22
title_6.txt;economic;economicoperands;6
title_6.txt;elective;economicoperands;1
title_6.txt;eligible;economicoperands;1
title_6.txt;employee;economicoperands;4
title_6.txt;engaging;economicoperands;2
title_6.txt;ensuring;regulatoryoperators;1
title_6.txt;entities;economicoperands;10
title_6.txt;entitled;economicoperands;1
title_6.txt;evaluate;economicoperands;2
title_6.txt;evasions;economicoperands;2
title_6.txt;excepted;logicalconnectors;1
title_6.txt;exercise;economicoperands;1
title_6.txt;existing;economicoperands;1
title_6.txt;expected;economicoperands;2
title_6.txt;expenses;economicoperands;1
title_6.txt;exposure;economicoperands;1
title_6.txt;extended;economicoperands;1
title_6.txt;findings;economicoperands;1
title_6.txt;greatest;mathematicaloperators;1
title_6.txt;guaranty;economicoperands;1
title_6.txt;guidance;economicoperands;5
title_6.txt;historic;economicoperands;1
title_6.txt;holdings;economicoperands;4
title_6.txt;identify;economicoperands;2
title_6.txt;illiquid;economicoperands;4
title_6.txt;imposing;regulatoryoperators;4
title_6.txt;included;logicalconnectors;1
title_6.txt;includes;logicalconnectors;2
title_6.txt;increase;mathematicaloperators;2
title_6.txt;indirect;attributes;2
title_6.txt;inherent;economicoperands;2
title_6.txt;insiders;economicoperands;2
title_6.txt;interest;economicoperands;25
title_6.txt;internal;economicoperands;9
title_6.txt;invested;economicoperands;2
title_6.txt;investor;economicoperands;1
title_6.txt;involves;economicoperands;3
title_6.txt;issuance;economicoperands;1
title_6.txt;judgment;economicoperands;1
title_6.txt;leverage;economicoperands;1
title_6.txt;limiting;regulatoryoperators;2
title_6.txt;majority;economicoperands;3
title_6.txt;marketed;economicoperands;1
title_6.txt;material;economicoperands;7
title_6.txt;meanings;other;2
title_6.txt;mid-tier;economicoperands;2
title_6.txt;minority;economicoperands;2
title_6.txt;national;economicoperands;10
title_6.txt;negative;mathematicaloperators;1
title_6.txt;nonbanks;economicoperands;1
title_6.txt;notifies;economicoperands;2
title_6.txt;november;attributes;1
title_6.txt;obtained;economicoperands;1
title_6.txt;offering;economicoperands;1
title_6.txt;officers;economicoperands;3
title_6.txt;one year;attributes;2
title_6.txt;possible;attributes;1
title_6.txt;prepared;economicoperands;1
title_6.txt;presents;economicoperands;5
title_6.txt;presumed;economicoperands;1
title_6.txt;promptly;attributes;4
title_6.txt;property;economicoperands;1
title_6.txt;proposed;economicoperands;5
title_6.txt;provided;logicalconnectors;27
title_6.txt;provides;economicoperands;1
title_6.txt;purchase;economicoperands;10
title_6.txt;purposes;economicoperands;39
title_6.txt;received;economicoperands;2
title_6.txt;receives;economicoperands;5
title_6.txt;register;economicoperands;2
title_6.txt;regulate;regulatoryoperators;1
title_6.txt;relevant;attributes;4
title_6.txt;reliance;economicoperands;1
title_6.txt;repealed;regulatoryoperators;2
title_6.txt;requests;economicoperands;3
title_6.txt;required;regulatoryoperators;35
title_6.txt;reserved;economicoperands;1
title_6.txt;resident;economicoperands;1
title_6.txt;restrict;regulatoryoperators;3
title_6.txt;sections;legalreferences;2
title_6.txt;security;economicoperands;3
title_6.txt;sentence;other;2
title_6.txt;services;economicoperands;8
title_6.txt;so as to;logicalconnectors;1
title_6.txt;specific;logicalconnectors;7
title_6.txt;sponsors;economicoperands;1
title_6.txt;striking;other;42
title_6.txt;tangible;economicoperands;1
title_6.txt;this act;legalreferences;11
title_6.txt;title vi;legalreferences;1
title_6.txt;transfer;economicoperands;1
title_6.txt;transmit;economicoperands;1
title_6.txt;troubled;economicoperands;1
title_6.txt;trustees;economicoperands;2
title_6.txt;two-year;attributes;1
title_6.txt;usc 1468;legalreferences;1
title_6.txt;violated;economicoperands;1
title_6.txt;violates;economicoperands;1
title_6.txt;whenever;logicalconnectors;1
title_6.txt;withdraw;economicoperands;1
title_6.txt;2 years;attributes;3
title_6.txt;30 days;attributes;4
title_6.txt;45 days;attributes;1
title_6.txt;5 years;attributes;1
title_6.txt;ability;economicoperands;5
title_6.txt;account;economicoperands;6
title_6.txt;acquire;economicoperands;9
title_6.txt;actions;economicoperands;2
title_6.txt;address;economicoperands;5
title_6.txt;advance;economicoperands;3
title_6.txt;advised;economicoperands;1
title_6.txt;against;functionwords;6
title_6.txt;agencys;economicoperands;1
title_6.txt;amended;regulatoryoperators;50
title_6.txt;amounts;economicoperands;1
title_6.txt;another;functionwords;3
title_6.txt;appears;economicoperands;1
title_6.txt;approve;regulatoryoperators;4
title_6.txt;arising;economicoperands;6
title_6.txt;attract;economicoperands;1
title_6.txt;auditor;economicoperands;1
title_6.txt;back-up;economicoperands;1
title_6.txt;banking;economicoperands;44
title_6.txt;becomes;economicoperands;1
title_6.txt;believe;economicoperands;1
title_6.txt;benefit;economicoperands;3
title_6.txt;between;functionwords;11
title_6.txt;brokers;economicoperands;1
title_6.txt;capital;economicoperands;28
title_6.txt;carries;economicoperands;1
title_6.txt;certain;functionwords;7
title_6.txt;changes;economicoperands;1
title_6.txt;charges;economicoperands;1
title_6.txt;clauses;other;4
title_6.txt;clients;economicoperands;2
title_6.txt;closing;economicoperands;1
title_6.txt;collect;economicoperands;1
title_6.txt;comment;economicoperands;1
title_6.txt;company;economicoperands;50
title_6.txt;conduct;economicoperands;3
title_6.txt;conform;regulatoryoperators;1
title_6.txt;consent;economicoperands;1
title_6.txt;consult;economicoperands;6
title_6.txt;content;other;1
title_6.txt;control;economicoperands;16
title_6.txt;convert;economicoperands;3
title_6.txt;council;economicoperands;10
title_6.txt;covered;economicoperands;1
title_6.txt;de novo;economicoperands;1
title_6.txt;dealers;economicoperands;1
title_6.txt;default;economicoperands;5
title_6.txt;defined;economicoperands;24
title_6.txt;demands;economicoperands;3
title_6.txt;dispose;economicoperands;2
title_6.txt;economy;economicoperands;2
title_6.txt;enforce;regulatoryoperators;4
title_6.txt;engaged;economicoperands;6
title_6.txt;engages;economicoperands;1
title_6.txt;enhance;economicoperands;2
title_6.txt;ensures;regulatoryoperators;1
title_6.txt;entered;economicoperands;4
title_6.txt;evasion;economicoperands;1
title_6.txt;even if;logicalconnectors;1
title_6.txt;examine;economicoperands;3
title_6.txt;extends;economicoperands;2
title_6.txt;factors;economicoperands;1
title_6.txt;federal;economicoperands;49
title_6.txt;finding;economicoperands;11
title_6.txt;follows;functionwords;6
title_6.txt;foreign;economicoperands;4
title_6.txt;fulfill;economicoperands;1
title_6.txt;funding;economicoperands;1
title_6.txt;furnish;economicoperands;1
title_6.txt;further;logicalconnectors;1
title_6.txt;general;functionwords;5
title_6.txt;granted;regulatoryoperators;1
title_6.txt;greater;mathematicaloperators;1
title_6.txt;hearing;economicoperands;1
title_6.txt;hedging;economicoperands;2
title_6.txt;holding;economicoperands;33
title_6.txt;housing;economicoperands;2
title_6.txt;imposed;regulatoryoperators;2
title_6.txt;include;logicalconnectors;11
title_6.txt;indices;economicoperands;1
title_6.txt;initial;economicoperands;6
title_6.txt;insider;economicoperands;2
title_6.txt;insured;economicoperands;18
title_6.txt;invalid;attributes;2
title_6.txt;invests;economicoperands;1
title_6.txt;involve;economicoperands;3
title_6.txt;issuing;economicoperands;4
title_6.txt;jointly;logicalconnectors;9
title_6.txt;lenders;economicoperands;1
title_6.txt;lending;economicoperands;13
title_6.txt;limited;logicalconnectors;1
title_6.txt;located;economicoperands;9
title_6.txt;managed;economicoperands;7
title_6.txt;manager;economicoperands;2
title_6.txt;margins;economicoperands;2
title_6.txt;markets;economicoperands;1
title_6.txt;measure;economicoperands;1
title_6.txt;members;economicoperands;4
title_6.txt;mergers;economicoperands;1
title_6.txt;monitor;economicoperands;4
title_6.txt;natural;economicoperands;1
title_6.txt;netting;economicoperands;1
title_6.txt;nonbank;economicoperands;7
title_6.txt;nothing;logicalconnectors;4
title_6.txt;offered;economicoperands;4
title_6.txt;officer;economicoperands;1
title_6.txt;ongoing;economicoperands;1
title_6.txt;only if;logicalconnectors;3
title_6.txt;outside;functionwords;2
title_6.txt;parties;economicoperands;1
title_6.txt;partner;economicoperands;2
title_6.txt;payment;economicoperands;6
title_6.txt;pending;functionwords;1
title_6.txt;percent;attributes;2
title_6.txt;perform;economicoperands;1
title_6.txt;periods;economicoperands;1
title_6.txt;persons;economicoperands;2
title_6.txt;pledged;economicoperands;1
title_6.txt;portion;economicoperands;1
title_6.txt;prepare;economicoperands;1
title_6.txt;present;economicoperands;2
title_6.txt;prevent;regulatoryoperators;3
title_6.txt;program;economicoperands;1
title_6.txt;promote;economicoperands;3
title_6.txt;protect;economicoperands;6
title_6.txt;provide;economicoperands;19
title_6.txt;qualify;economicoperands;1
title_6.txt;receipt;economicoperands;4
title_6.txt;receive;economicoperands;4
title_6.txt;records;economicoperands;3
title_6.txt;reduced;economicoperands;1
title_6.txt;reflect;economicoperands;3
title_6.txt;regards;economicoperands;1
title_6.txt;related;logicalconnectors;4
title_6.txt;reports;economicoperands;19
title_6.txt;request;economicoperands;3
title_6.txt;require;regulatoryoperators;9
title_6.txt;results;economicoperands;2
title_6.txt;retains;economicoperands;2
title_6.txt;reverse;economicoperands;1
title_6.txt;savings;economicoperands;6
title_6.txt;section;legalreferences;20
title_6.txt;secured;economicoperands;2
title_6.txt;selling;economicoperands;1
title_6.txt;service;economicoperands;1
title_6.txt;serving;economicoperands;1
title_6.txt;shorter;mathematicaloperators;1
title_6.txt;similar;logicalconnectors;3
title_6.txt;so that;logicalconnectors;3
title_6.txt;special;economicoperands;1
title_6.txt;specify;regulatoryoperators;1
title_6.txt;sponsor;economicoperands;8
title_6.txt;statute;other;1
title_6.txt;subject;economicoperands;1
title_6.txt;surplus;economicoperands;1
title_6.txt;systems;economicoperands;3
title_6.txt;that is;logicalconnectors;33
title_6.txt;thereof;logicalconnectors;11
title_6.txt;through;functionwords;18
title_6.txt;title i;legalreferences;2
title_6.txt;trading;economicoperands;1
title_6.txt;treated;economicoperands;5
title_6.txt;trustee;economicoperands;2
title_6.txt;unsound;economicoperands;4
title_6.txt;usc 662;legalreferences;1
title_6.txt;warrant;economicoperands;1
title_6.txt;welfare;economicoperands;1
title_6.txt;whether;logicalconnectors;7
title_6.txt;without;logicalconnectors;3
title_6.txt;writing;economicoperands;9
title_6.txt;written;economicoperands;6
title_6.txt;30-day;attributes;1
title_6.txt;60-day;attributes;6
title_6.txt;absent;economicoperands;1
title_6.txt;accept;economicoperands;2
title_6.txt;access;economicoperands;2
title_6.txt;action;economicoperands;9
title_6.txt;actual;logicalconnectors;1
title_6.txt;adding;mathematicaloperators;27
title_6.txt;affect;economicoperands;1
title_6.txt;agency;economicoperands;12
title_6.txt;agents;economicoperands;2
title_6.txt;amount;economicoperands;4
title_6.txt;annual;attributes;1
title_6.txt;assets;economicoperands;17
title_6.txt;assume;economicoperands;1
title_6.txt;avoids;economicoperands;1
title_6.txt;backup;economicoperands;1
title_6.txt;became;economicoperands;1
title_6.txt;become;economicoperands;3
title_6.txt;before;logicalconnectors;17
title_6.txt;behalf;functionwords;2
title_6.txt;branch;economicoperands;4
title_6.txt;caused;economicoperands;1
title_6.txt;causes;economicoperands;2
title_6.txt;change;economicoperands;5
title_6.txt;charge;economicoperands;1
title_6.txt;clause;legalreferences;1
title_6.txt;common;functionwords;1
title_6.txt;comply;regulatoryoperators;2
title_6.txt;confer;regulatoryoperators;1
title_6.txt;copies;economicoperands;1
title_6.txt;create;economicoperands;1
title_6.txt;credit;economicoperands;6
title_6.txt;deemed;regulatoryoperators;5
title_6.txt;define;economicoperands;1
title_6.txt;degree;economicoperands;1
title_6.txt;demand;economicoperands;2
title_6.txt;dilute;economicoperands;1
title_6.txt;direct;economicoperands;2
title_6.txt;divest;economicoperands;1
title_6.txt;during;functionwords;8
title_6.txt;duties;economicoperands;2
title_6.txt;effect;economicoperands;4
title_6.txt;either;logicalconnectors;1
title_6.txt;elects;economicoperands;1
title_6.txt;ending;economicoperands;1
title_6.txt;engage;economicoperands;9
title_6.txt;ensure;regulatoryoperators;3
title_6.txt;entity;economicoperands;8
title_6.txt;equity;economicoperands;11
title_6.txt;exceed;mathematicaloperators;6
title_6.txt;except;logicalconnectors;7
title_6.txt;exempt;regulatoryoperators;5
title_6.txt;expire;economicoperands;1
title_6.txt;extend;economicoperands;4
title_6.txt;extent;economicoperands;3
title_6.txt;filing;economicoperands;3
title_6.txt;formal;economicoperands;6
title_6.txt;future;economicoperands;1
title_6.txt;giving;functionwords;3
title_6.txt;having;functionwords;4
title_6.txt;holder;economicoperands;1
title_6.txt;impact;economicoperands;2
title_6.txt;impose;regulatoryoperators;1
title_6.txt;in all;logicalconnectors;1
title_6.txt;income;economicoperands;1
title_6.txt;inform;economicoperands;2
title_6.txt;insure;economicoperands;2
title_6.txt;intent;economicoperands;2
title_6.txt;invest;economicoperands;3
title_6.txt;issued;economicoperands;14
title_6.txt;issuer;economicoperands;1
title_6.txt;issues;economicoperands;1
title_6.txt;likely;attributes;1
title_6.txt;limits;regulatoryoperators;8
title_6.txt;longer;mathematicaloperators;1
title_6.txt;losses;economicoperands;2
title_6.txt;making;functionwords;5
title_6.txt;manner;other;3
title_6.txt;market;economicoperands;1
title_6.txt;matter;other;10
title_6.txt;member;economicoperands;12
title_6.txt;merger;economicoperands;8
title_6.txt;mutual;economicoperands;3
title_6.txt;nature;economicoperands;9
title_6.txt;notice;economicoperands;17
title_6.txt;notify;economicoperands;3
title_6.txt;number;economicoperands;1
title_6.txt;object;economicoperands;7
title_6.txt;obtain;economicoperands;1
title_6.txt;occurs;economicoperands;1
title_6.txt;offers;economicoperands;3
title_6.txt;office;economicoperands;6
title_6.txt;option;economicoperands;2
title_6.txt;orders;economicoperands;6
title_6.txt;others;logicalconnectors;1
title_6.txt;parent;economicoperands;4
title_6.txt;period;economicoperands;19
title_6.txt;permit;regulatoryoperators;6
title_6.txt;person;economicoperands;19
title_6.txt;placed;economicoperands;1
title_6.txt;profit;economicoperands;1
title_6.txt;public;economicoperands;2
title_6.txt;raised;economicoperands;1
title_6.txt;record;economicoperands;1
title_6.txt;reduce;economicoperands;6
title_6.txt;remain;economicoperands;3
title_6.txt;repeal;regulatoryoperators;1
title_6.txt;report;economicoperands;9
title_6.txt;resell;economicoperands;1
title_6.txt;result;economicoperands;7
title_6.txt;retain;economicoperands;4
title_6.txt;review;economicoperands;3
title_6.txt;rights;economicoperands;1
title_6.txt;safety;economicoperands;20
title_6.txt;sec 26;legalreferences;1
title_6.txt;select;economicoperands;1
title_6.txt;senate;economicoperands;2
title_6.txt;serves;economicoperands;2
title_6.txt;shares;economicoperands;1
title_6.txt;solely;logicalconnectors;11
title_6.txt;states;economicoperands;5
title_6.txt;submit;economicoperands;4
title_6.txt;such a;logicalconnectors;1
title_6.txt;sunset;other;1
title_6.txt;system;economicoperands;6
title_6.txt;taking;functionwords;3
title_6.txt;threat;economicoperands;7
title_6.txt;thrift;economicoperands;1
title_6.txt;tier 1;economicoperands;1
title_6.txt;unless;logicalconnectors;3
title_6.txt;unsafe;economicoperands;2
title_6.txt;update;economicoperands;1
title_6.txt;waived;regulatoryoperators;4
title_6.txt;waiver;regulatoryoperators;10
title_6.txt;within;logicalconnectors;6
title_6.txt;abuse;economicoperands;1
title_6.txt;added;mathematicaloperators;1
title_6.txt;adopt;economicoperands;3
title_6.txt;after;logicalconnectors;53
title_6.txt;among;functionwords;3
title_6.txt;apply;other;15
title_6.txt;asset;economicoperands;2
title_6.txt;avoid;economicoperands;1
title_6.txt;banks;economicoperands;10
title_6.txt;based;other;1
title_6.txt;basis;economicoperands;2
title_6.txt;begin;economicoperands;1
title_6.txt;board;economicoperands;103
title_6.txt;borne;functionwords;2
title_6.txt;bring;economicoperands;1
title_6.txt;cause;economicoperands;1
title_6.txt;cease;economicoperands;1
title_6.txt;check;economicoperands;1
title_6.txt;cited;other;1
title_6.txt;class;economicoperands;4
title_6.txt;comma;other;1
title_6.txt;costs;economicoperands;1
title_6.txt;could;functionwords;1
title_6.txt;enter;economicoperands;2
title_6.txt;event;economicoperands;1
title_6.txt;fails;economicoperands;2
title_6.txt;files;economicoperands;1
title_6.txt;final;economicoperands;7
title_6.txt;finds;economicoperands;5
title_6.txt;firms;economicoperands;2
title_6.txt;first;attributes;2
title_6.txt;focus;economicoperands;1
title_6.txt;fully;economicoperands;1
title_6.txt;funds;economicoperands;14
title_6.txt;given;functionwords;1
title_6.txt;gives;functionwords;2
title_6.txt;goods;economicoperands;1
title_6.txt;grant;economicoperands;2
title_6.txt;group;other;1
title_6.txt;hedge;economicoperands;3
title_6.txt;holds;economicoperands;2
title_6.txt;issue;economicoperands;10
title_6.txt;joint;logicalconnectors;1
title_6.txt;large;economicoperands;2
title_6.txt;lease;economicoperands;1
title_6.txt;limit;regulatoryoperators;14
title_6.txt;loans;economicoperands;5
title_6.txt;local;economicoperands;1
title_6.txt;makes;functionwords;2
title_6.txt;means;other;24
title_6.txt;meets;economicoperands;1
title_6.txt;merge;economicoperands;1
title_6.txt;might;functionwords;1
title_6.txt;needs;economicoperands;2
title_6.txt;order;economicoperands;15
title_6.txt;other;logicalconnectors;102
title_6.txt;owned;economicoperands;1
title_6.txt;place;economicoperands;1
title_6.txt;posed;economicoperands;1
title_6.txt;prior;economicoperands;3
title_6.txt;rates;economicoperands;1
title_6.txt;repay;economicoperands;1
title_6.txt;right;economicoperands;4
title_6.txt;risks;economicoperands;13
title_6.txt;rules;economicoperands;21
title_6.txt;sales;economicoperands;1
title_6.txt;scope;economicoperands;1
title_6.txt;serve;economicoperands;5
title_6.txt;shall;regulatoryoperators;135
title_6.txt;share;economicoperands;3
title_6.txt;sound;economicoperands;5
title_6.txt;state;economicoperands;49
title_6.txt;stock;economicoperands;15
title_6.txt;study;economicoperands;21
title_6.txt;swaps;economicoperands;1
title_6.txt;taken;functionwords;3
title_6.txt;takes;functionwords;3
title_6.txt;terms;other;14
title_6.txt;their;functionwords;1
title_6.txt;third;attributes;1
title_6.txt;those;functionwords;1
title_6.txt;times;economicoperands;7
title_6.txt;title;legalreferences;1
title_6.txt;total;mathematicaloperators;9
title_6.txt;trust;economicoperands;5
title_6.txt;types;economicoperands;5
title_6.txt;under;functionwords;72
title_6.txt;undue;attributes;3
title_6.txt;value;economicoperands;1
title_6.txt;waive;regulatoryoperators;2
title_6.txt;which;functionwords;57
title_6.txt;while;logicalconnectors;1
title_6.txt;whole;functionwords;2
title_6.txt;would;functionwords;30
title_6.txt;years;attributes;3
title_6.txt;1461;legalreferences;1
title_6.txt;1462;legalreferences;1
title_6.txt;1464;legalreferences;5
title_6.txt;1823;legalreferences;3
title_6.txt;1841;attributes;2
title_6.txt;1933;legalreferences;2
title_6.txt;2009;attributes;3
title_6.txt;2010;attributes;3
title_6.txt;also;logicalconnectors;1
title_6.txt;bank;economicoperands;40
title_6.txt;been;functionwords;4
title_6.txt;copy;economicoperands;4
title_6.txt;cost;economicoperands;1
title_6.txt;date;economicoperands;26
title_6.txt;days;economicoperands;1
title_6.txt;debt;economicoperands;2
title_6.txt;deem;regulatoryoperators;1
title_6.txt;duty;economicoperands;1
title_6.txt;each;logicalconnectors;20
title_6.txt;find;economicoperands;4
title_6.txt;form;other;5
title_6.txt;from;functionwords;40
title_6.txt;full;economicoperands;2
title_6.txt;fund;economicoperands;27
title_6.txt;give;functionwords;1
title_6.txt;have;functionwords;13
title_6.txt;held;economicoperands;2
title_6.txt;home;economicoperands;5
title_6.txt;into;functionwords;16
title_6.txt;keep;economicoperands;1
title_6.txt;kept;economicoperands;2
title_6.txt;laws;economicoperands;7
title_6.txt;less;mathematicaloperators;2
title_6.txt;loan;economicoperands;1
title_6.txt;loss;economicoperands;2
title_6.txt;made;functionwords;27
title_6.txt;main;economicoperands;2
title_6.txt;make;functionwords;12
title_6.txt;mean;other;1
title_6.txt;meet;economicoperands;3
title_6.txt;more;mathematicaloperators;10
title_6.txt;name;economicoperands;4
title_6.txt;near;functionwords;3
title_6.txt;note;economicoperands;1
title_6.txt;oath;economicoperands;2
title_6.txt;only;logicalconnectors;3
title_6.txt;owns;economicoperands;2
title_6.txt;part;functionwords;4
title_6.txt;plan;economicoperands;6
title_6.txt;pose;economicoperands;7
title_6.txt;read;other;8
title_6.txt;rely;economicoperands;3
title_6.txt;rise;other;2
title_6.txt;risk;economicoperands;13
title_6.txt;role;economicoperands;1
title_6.txt;rule;economicoperands;13
title_6.txt;safe;economicoperands;5
title_6.txt;sale;economicoperands;11
title_6.txt;same;logicalconnectors;12
title_6.txt;seek;other;4
title_6.txt;self;functionwords;1
title_6.txt;sell;economicoperands;3
title_6.txt;size;economicoperands;2
title_6.txt;sold;economicoperands;1
title_6.txt;such;logicalconnectors;123
title_6.txt;swap;economicoperands;1
title_6.txt;take;functionwords;5
title_6.txt;term;other;43
title_6.txt;than;functionwords;17
title_6.txt;that;functionwords;139
title_6.txt;this;functionwords;5
title_6.txt;time;economicoperands;12
title_6.txt;type;economicoperands;3
title_6.txt;upon;functionwords;11
title_6.txt;used;economicoperands;3
title_6.txt;viii;legalreferences;1
title_6.txt;vote;economicoperands;1
title_6.txt;well;attributes;8
title_6.txt;were;functionwords;13
title_6.txt;when;logicalconnectors;2
title_6.txt;will;functionwords;3
title_6.txt;with;functionwords;85
title_6.txt;year;attributes;8
title_6.txt;1 b;other;2
title_6.txt;214;legalreferences;1
title_6.txt;4 b;other;1
title_6.txt;601;legalreferences;1
title_6.txt;602;legalreferences;1
title_6.txt;603;legalreferences;1
title_6.txt;604;legalreferences;1
title_6.txt;605;legalreferences;1
title_6.txt;607;legalreferences;1
title_6.txt;609;legalreferences;1
title_6.txt;611;legalreferences;1
title_6.txt;619;legalreferences;1
title_6.txt;621;legalreferences;1
title_6.txt;623;legalreferences;1
title_6.txt;624;legalreferences;1
title_6.txt;626;legalreferences;1
title_6.txt;a 1;other;1
title_6.txt;act;legalreferences;8
title_6.txt;all;logicalconnectors;25
title_6.txt;and;logicalconnectors;485
title_6.txt;any;logicalconnectors;145
title_6.txt;are;functionwords;51
title_6.txt;b 2;other;1
title_6.txt;but;logicalconnectors;2
title_6.txt;c 2;other;2
title_6.txt;due;attributes;1
title_6.txt;e 2;other;1
title_6.txt;fee;economicoperands;2
title_6.txt;for;functionwords;115
title_6.txt;had;functionwords;2
title_6.txt;has;functionwords;24
title_6.txt;iii;legalreferences;30
title_6.txt;its;functionwords;14
title_6.txt;law;economicoperands;25
title_6.txt;may;functionwords;83
title_6.txt;mix;economicoperands;1
title_6.txt;new;economicoperands;3
title_6.txt;non;logicalconnectors;1
title_6.txt;not;logicalconnectors;51
title_6.txt;one;functionwords;5
title_6.txt;out;functionwords;5
title_6.txt;pay;economicoperands;1
title_6.txt;sec;economicoperands;34
title_6.txt;seq;legalreferences;4
title_6.txt;tax;economicoperands;1
title_6.txt;the;functionwords;1290
title_6.txt;usc;legalreferences;26
title_6.txt;use;economicoperands;8
title_6.txt;vii;legalreferences;2
title_6.txt;was;functionwords;7
title_6.txt;who;functionwords;4
title_6.txt;10;attributes;3
title_6.txt;11;legalreferences;2
title_6.txt;12;attributes;22
title_6.txt;13;legalreferences;3
title_6.txt;14;legalreferences;1
title_6.txt;15;attributes;6
title_6.txt;23;attributes;1
title_6.txt;35;attributes;1
title_6.txt;36;legalreferences;1
title_6.txt;90;attributes;1
title_6.txt;aa;legalreferences;3
title_6.txt;an;functionwords;133
title_6.txt;as;logicalconnectors;135
title_6.txt;at;functionwords;6
title_6.txt;bb;legalreferences;3
title_6.txt;be;functionwords;80
title_6.txt;by;functionwords;259
title_6.txt;cc;legalreferences;1
title_6.txt;do;functionwords;1
title_6.txt;et;functionwords;4
title_6.txt;if;logicalconnectors;51
title_6.txt;ii;legalreferences;73
title_6.txt;in;functionwords;291
title_6.txt;is;functionwords;111
title_6.txt;it;functionwords;4
title_6.txt;iv;legalreferences;13
title_6.txt;no;logicalconnectors;12
title_6.txt;of;functionwords;787
title_6.txt;on;functionwords;74
title_6.txt;or;logicalconnectors;479
title_6.txt;so;logicalconnectors;4
title_6.txt;to;functionwords;290
title_6.txt;vi;other;3
title_6.txt;1;attributes;77
title_6.txt;2;attributes;64
title_6.txt;3;attributes;40
title_6.txt;4;attributes;20
title_6.txt;5;attributes;9
title_6.txt;6;attributes;5
title_6.txt;7;attributes;4
title_6.txt;8;attributes;3
title_6.txt;9;attributes;1
title_6.txt;a;functionwords;484
title_6.txt;b;legalreferences;99
title_6.txt;c;legalreferences;53
title_6.txt;d;legalreferences;40
title_6.txt;e;legalreferences;24
title_6.txt;f;legalreferences;16
title_6.txt;h;legalreferences;9
title_6.txt;i;functionwords;76
title_6.txt;j;legalreferences;6
title_6.txt;k;legalreferences;1
title_6.txt;l;legalreferences;1
title_6.txt;m;legalreferences;3
title_6.txt;o;legalreferences;1
title_6.txt;q;legalreferences;1
title_6.txt;u;legalreferences;2
title_6.txt;v;legalreferences;7
title_6.txt;y;legalreferences;1
title_6.txt;z;legalreferences;1
