title_16.txt;subsection b of section 1256 of the internal revenue code of 1986;legalreferences;1
title_16.txt;section 1256 contract;economicoperands;1
title_16.txt;credit default swap;economicoperands;1
title_16.txt;interest rate floor;economicoperands;1
title_16.txt;equity index swap;economicoperands;1
title_16.txt;interest rate cap;economicoperands;1
title_16.txt;commodity swap;economicoperands;1
title_16.txt;effective date;economicoperands;1
title_16.txt;currency swap;economicoperands;1
title_16.txt;interest rate;economicoperands;1
title_16.txt;last sentence;functionwords;1
title_16.txt;redesignating;other;1
title_16.txt;subparagraphs;other;2
title_16.txt;taxable years;economicoperands;1
title_16.txt;redesignated;other;1
title_16.txt;respectively;logicalconnectors;1
title_16.txt;this section;legalreferences;1
title_16.txt;accordingly;logicalconnectors;1
title_16.txt;amendments;other;1
title_16.txt;basis swap;economicoperands;1
title_16.txt;exceptions;logicalconnectors;1
title_16.txt;in general;logicalconnectors;2
title_16.txt;paragraphs;functionwords;1
title_16.txt;securities;economicoperands;2
title_16.txt;agreement;economicoperands;1
title_16.txt;beginning;logicalconnectors;1
title_16.txt;contracts;economicoperands;2
title_16.txt;enactment;other;1
title_16.txt;following;functionwords;2
title_16.txt;indenting;other;1
title_16.txt;inserting;other;2
title_16.txt;paragraph;legalreferences;1
title_16.txt;title xvi;legalreferences;1
title_16.txt;contract;economicoperands;4
title_16.txt;purposes;economicoperands;2
title_16.txt;striking;other;2
title_16.txt;this act;legalreferences;1
title_16.txt;amended;regulatoryoperators;1
title_16.txt;certain;functionwords;1
title_16.txt;futures;economicoperands;2
title_16.txt;include;logicalconnectors;1
title_16.txt;section;legalreferences;2
title_16.txt;similar;logicalconnectors;1
title_16.txt;through;functionwords;2
title_16.txt;treated;economicoperands;1
title_16.txt;dealer;economicoperands;1
title_16.txt;equity;economicoperands;1
title_16.txt;option;economicoperands;2
title_16.txt;such a;logicalconnectors;1
title_16.txt;unless;logicalconnectors;1
title_16.txt;after;logicalconnectors;1
title_16.txt;apply;other;1
title_16.txt;shall;regulatoryoperators;2
title_16.txt;swaps;economicoperands;1
title_16.txt;date;economicoperands;1
title_16.txt;made;functionwords;1
title_16.txt;such;logicalconnectors;2
title_16.txt;swap;economicoperands;2
title_16.txt;term;other;1
title_16.txt;and;logicalconnectors;4
title_16.txt;any;logicalconnectors;2
title_16.txt;etc;functionwords;1
title_16.txt;for;functionwords;2
title_16.txt;new;economicoperands;1
title_16.txt;not;logicalconnectors;2
title_16.txt;sec;economicoperands;1
title_16.txt;the;functionwords;7
title_16.txt;as;logicalconnectors;3
title_16.txt;by;functionwords;5
title_16.txt;is;functionwords;2
title_16.txt;of;functionwords;4
title_16.txt;on;functionwords;1
title_16.txt;or;logicalconnectors;4
title_16.txt;so;logicalconnectors;1
title_16.txt;to;functionwords;1
title_16.txt;1;attributes;3
title_16.txt;2;attributes;2
title_16.txt;3;attributes;1
title_16.txt;5;attributes;1
title_16.txt;a;functionwords;4
title_16.txt;b;legalreferences;2
title_16.txt;e;legalreferences;1
