title_8.txt;the wall street transparency and accountability act of 2010;legalreferences;6
title_8.txt;the bank holding company act of 1956 12 usc 1843 k;legalreferences;1
title_8.txt;the international banking act of 1978 12 usc 3101;legalreferences;1
title_8.txt;the federal credit union act 12 usc 1751 et seq;legalreferences;1
title_8.txt;the federal deposit insurance act 12 usc 1813;legalreferences;1
title_8.txt;the investment company act of 1940 15 usc;legalreferences;2
title_8.txt;the federal deposit insurance act 12 usc;legalreferences;5
title_8.txt;the federal reserve act 12 usc 248 r 2;legalreferences;1
title_8.txt;financial stability oversight council;economicoperands;1
title_8.txt;commodity futures trading commission;economicoperands;14
title_8.txt;national credit union administration;economicoperands;1
title_8.txt;designated financial market utility;economicoperands;57
title_8.txt;primary financial regulatory agency;economicoperands;1
title_8.txt;the investment advisers act of 1940;legalreferences;1
title_8.txt;the securities exchange act of 1934;legalreferences;10
title_8.txt;appropriate federal banking agency;economicoperands;6
title_8.txt;securities and exchange commission;economicoperands;5
title_8.txt;the federal reserve act 12 usc 342;legalreferences;1
title_8.txt;the federal reserve act 12 usc 461;legalreferences;1
title_8.txt;the federal reserve act 12 usc 611;legalreferences;1
title_8.txt;the federal deposit insurance act;legalreferences;1
title_8.txt;the commodity exchange act 7 usc;legalreferences;5
title_8.txt;appropriate financial regulator;economicoperands;25
title_8.txt;committee on financial services;economicoperands;1
title_8.txt;insured depository institution;economicoperands;10
title_8.txt;the federal reserve act 12 usc;legalreferences;3
title_8.txt;the federal credit union act;legalreferences;1
title_8.txt;futures commission merchant;economicoperands;2
title_8.txt;designated clearing entity;economicoperands;6
title_8.txt;the commodity exchange act;legalreferences;4
title_8.txt;commodity trading advisor;economicoperands;2
title_8.txt;committee on agriculture;economicoperands;2
title_8.txt;financial market utility;economicoperands;31
title_8.txt;house of representatives;economicoperands;1
title_8.txt;collateral requirements;economicoperands;1
title_8.txt;commodity pool operator;economicoperands;2
title_8.txt;take into consideration;economicoperands;1
title_8.txt;the federal reserve act;legalreferences;3
title_8.txt;under this subparagraph;legalreferences;1
title_8.txt;as soon as practicable;attributes;2
title_8.txt;depository institution;economicoperands;3
title_8.txt;proposed determination;economicoperands;2
title_8.txt;settlement supervision;economicoperands;2
title_8.txt;systemically important;economicoperands;16
title_8.txt;clearing organization;economicoperands;3
title_8.txt;financial institution;economicoperands;40
title_8.txt;financial transaction;economicoperands;4
title_8.txt;reporting requirement;economicoperands;1
title_8.txt;subparagraphs e and g;legalreferences;1
title_8.txt;to the same extent as;logicalconnectors;7
title_8.txt;under this subsection;legalreferences;3
title_8.txt;activities conducted;economicoperands;1
title_8.txt;bank holding company;economicoperands;1
title_8.txt;clearing requirement;economicoperands;3
title_8.txt;federal reserve bank;economicoperands;5
title_8.txt;in consultation with;economicoperands;3
title_8.txt;insured credit union;economicoperands;1
title_8.txt;reserve requirements;economicoperands;2
title_8.txt;securities contracts;economicoperands;1
title_8.txt;under subparagraph a;legalreferences;1
title_8.txt;under subparagraph b;legalreferences;1
title_8.txt;balances maintained;economicoperands;1
title_8.txt;designated activity;economicoperands;18
title_8.txt;financial stability;economicoperands;5
title_8.txt;security-based swap;economicoperands;3
title_8.txt;board of governors;economicoperands;93
title_8.txt;financial activity;economicoperands;1
title_8.txt;for the purpose of;functionwords;1
title_8.txt;in accordance with;logicalconnectors;1
title_8.txt;in connection with;logicalconnectors;2
title_8.txt;in the same manner;logicalconnectors;6
title_8.txt;introducing broker;economicoperands;1
title_8.txt;investment adviser;economicoperands;1
title_8.txt;investment company;economicoperands;3
title_8.txt;proper functioning;economicoperands;1
title_8.txt;supervisory agency;economicoperands;47
title_8.txt;the securities act;legalreferences;1
title_8.txt;under subsection a;legalreferences;6
title_8.txt;under this section;legalreferences;4
title_8.txt;united states code;legalreferences;1
title_8.txt;at the request of;economicoperands;1
title_8.txt;insurance company;economicoperands;1
title_8.txt;interdependencies;economicoperands;1
title_8.txt;affirmative vote;economicoperands;11
title_8.txt;financial market;economicoperands;18
title_8.txt;financial system;economicoperands;16
title_8.txt;foreign exchange;economicoperands;1
title_8.txt;under this title;legalreferences;13
title_8.txt;associated with;logicalconnectors;2
title_8.txt;confidentiality;economicoperands;1
title_8.txt;federal reserve;economicoperands;3
title_8.txt;in favor of the;functionwords;1
title_8.txt;notwithstanding;logicalconnectors;5
title_8.txt;recommendations;economicoperands;2
title_8.txt;risk management;economicoperands;17
title_8.txt;section 745 b 3;legalreferences;1
title_8.txt;section 805 a 2;legalreferences;1
title_8.txt;this subsection;legalreferences;1
title_8.txt;with respect to;logicalconnectors;20
title_8.txt;written request;economicoperands;2
title_8.txt;complying with;regulatoryoperators;1
title_8.txt;considerations;economicoperands;1
title_8.txt;counterparties;economicoperands;2
title_8.txt;effective date;economicoperands;1
title_8.txt;federal agency;economicoperands;1
title_8.txt;implementation;regulatoryoperators;2
title_8.txt;in addition to;logicalconnectors;1
title_8.txt;in the case of;logicalconnectors;5
title_8.txt;jurisdictional;economicoperands;1
title_8.txt;mutually agree;economicoperands;1
title_8.txt;not later than;logicalconnectors;2
title_8.txt;recommendation;economicoperands;8
title_8.txt;section 11 r 2;legalreferences;1
title_8.txt;section 19 b 2;legalreferences;1
title_8.txt;security-based;economicoperands;1
title_8.txt;subparagraph a;legalreferences;3
title_8.txt;subparagraph b;legalreferences;1
title_8.txt;subparagraph d;legalreferences;1
title_8.txt;subsection b 3;legalreferences;1
title_8.txt;subsection c 1;legalreferences;1
title_8.txt;subsection c 2;legalreferences;2
title_8.txt;this paragraph;legalreferences;1
title_8.txt;under clause i;legalreferences;2
title_8.txt;applicable to;functionwords;2
title_8.txt;appropriately;attributes;1
title_8.txt;authorization;regulatoryoperators;1
title_8.txt;certification;economicoperands;1
title_8.txt;circumstances;economicoperands;1
title_8.txt;communication;economicoperands;1
title_8.txt;consideration;economicoperands;5
title_8.txt;determination;regulatoryoperators;14
title_8.txt;documentation;economicoperands;2
title_8.txt;international;economicoperands;2
title_8.txt;noncompliance;economicoperands;2
title_8.txt;oral argument;economicoperands;1
title_8.txt;organizations;economicoperands;1
title_8.txt;paragraph 1 a;legalreferences;1
title_8.txt;paragraph 1 b;legalreferences;1
title_8.txt;participating;economicoperands;1
title_8.txt;participation;economicoperands;1
title_8.txt;provided that;logicalconnectors;3
title_8.txt;recordkeeping;economicoperands;3
title_8.txt;section 2 h 1;legalreferences;2
title_8.txt;section 763 i;legalreferences;1
title_8.txt;section 805 a;legalreferences;11
title_8.txt;section 806 e;legalreferences;1
title_8.txt;strengthening;economicoperands;1
title_8.txt;systemic risk;economicoperands;2
title_8.txt;to the extent;logicalconnectors;1
title_8.txt;united states;economicoperands;7
title_8.txt;urban affairs;economicoperands;1
title_8.txt;arrangements;economicoperands;1
title_8.txt;associations;economicoperands;4
title_8.txt;by reason of;functionwords;3
title_8.txt;capabilities;economicoperands;2
title_8.txt;commencement;economicoperands;1
title_8.txt;concurrently;economicoperands;1
title_8.txt;confidential;economicoperands;2
title_8.txt;consultation;economicoperands;6
title_8.txt;contemplated;economicoperands;1
title_8.txt;coordination;economicoperands;2
title_8.txt;counterparty;economicoperands;1
title_8.txt;credit union;economicoperands;1
title_8.txt;enhancements;economicoperands;1
title_8.txt;examinations;economicoperands;3
title_8.txt;foreign bank;economicoperands;1
title_8.txt;institutions;economicoperands;43
title_8.txt;instructions;economicoperands;1
title_8.txt;insufficient;attributes;4
title_8.txt;interactions;economicoperands;1
title_8.txt;jurisdiction;economicoperands;4
title_8.txt;modification;economicoperands;7
title_8.txt;multilateral;economicoperands;2
title_8.txt;nondelegable;economicoperands;2
title_8.txt;notification;economicoperands;3
title_8.txt;on behalf of;functionwords;2
title_8.txt;organization;economicoperands;1
title_8.txt;participants;economicoperands;4
title_8.txt;relationship;economicoperands;1
title_8.txt;repositories;economicoperands;4
title_8.txt;requirements;economicoperands;13
title_8.txt;restrictions;regulatoryoperators;1
title_8.txt;section 13 n;legalreferences;1
title_8.txt;significance;economicoperands;1
title_8.txt;subparagraph;other;1
title_8.txt;subsection a;legalreferences;1
title_8.txt;subsection c;legalreferences;1
title_8.txt;subsection d;legalreferences;1
title_8.txt;subsection e;legalreferences;1
title_8.txt;this section;legalreferences;2
title_8.txt;transactions;economicoperands;10
title_8.txt;transferring;economicoperands;1
title_8.txt;undesignated;other;1
title_8.txt;alternative;economicoperands;2
title_8.txt;appropriate;attributes;11
title_8.txt;arbitration;economicoperands;1
title_8.txt;authorities;economicoperands;5
title_8.txt;authorizing;regulatoryoperators;1
title_8.txt;calculation;economicoperands;1
title_8.txt;carried out;economicoperands;2
title_8.txt;chairperson;economicoperands;3
title_8.txt;concentrate;economicoperands;1
title_8.txt;consistency;economicoperands;2
title_8.txt;definitions;economicoperands;2
title_8.txt;demonstrate;economicoperands;1
title_8.txt;derivatives;economicoperands;4
title_8.txt;designation;regulatoryoperators;7
title_8.txt;determining;regulatoryoperators;2
title_8.txt;disapproval;regulatoryoperators;1
title_8.txt;disseminate;economicoperands;1
title_8.txt;enforcement;economicoperands;25
title_8.txt;established;regulatoryoperators;2
title_8.txt;examination;economicoperands;19
title_8.txt;explanation;economicoperands;1
title_8.txt;functioning;economicoperands;1
title_8.txt;in order to;logicalconnectors;5
title_8.txt;information;economicoperands;27
title_8.txt;institution;economicoperands;3
title_8.txt;interpreted;economicoperands;1
title_8.txt;involvement;economicoperands;1
title_8.txt;limitations;regulatoryoperators;2
title_8.txt;maintenance;economicoperands;1
title_8.txt;methodology;economicoperands;1
title_8.txt;negotiation;economicoperands;1
title_8.txt;operational;economicoperands;7
title_8.txt;opportunity;economicoperands;5
title_8.txt;paragraph 1;legalreferences;2
title_8.txt;paragraph 2;legalreferences;2
title_8.txt;paragraph 3;legalreferences;1
title_8.txt;participant;economicoperands;2
title_8.txt;participate;economicoperands;4
title_8.txt;practicable;economicoperands;1
title_8.txt;pursuant to;logicalconnectors;2
title_8.txt;recommended;economicoperands;1
title_8.txt;regulations;regulatoryoperators;4
title_8.txt;relating to;logicalconnectors;1
title_8.txt;section 1 b;legalreferences;1
title_8.txt;section 101;legalreferences;1
title_8.txt;section 2 h;legalreferences;1
title_8.txt;section 202;legalreferences;1
title_8.txt;section 3 q;legalreferences;1
title_8.txt;section 552;legalreferences;3
title_8.txt;section 727;legalreferences;1
title_8.txt;section 728;legalreferences;1
title_8.txt;section 804;legalreferences;4
title_8.txt;section 805;legalreferences;1
title_8.txt;section 807;legalreferences;1
title_8.txt;short title;other;1
title_8.txt;significant;attributes;5
title_8.txt;submissions;economicoperands;1
title_8.txt;subsections;other;11
title_8.txt;substantial;attributes;6
title_8.txt;sufficiency;economicoperands;1
title_8.txt;supervision;economicoperands;6
title_8.txt;supervisors;economicoperands;1
title_8.txt;supervisory;economicoperands;9
title_8.txt;to conclude;logicalconnectors;1
title_8.txt;transaction;economicoperands;3
title_8.txt;transmittal;economicoperands;1
title_8.txt;activities;economicoperands;39
title_8.txt;additional;mathematicaloperators;2
title_8.txt;administer;economicoperands;1
title_8.txt;agreements;economicoperands;3
title_8.txt;applicable;functionwords;10
title_8.txt;as follows;functionwords;1
title_8.txt;assessment;economicoperands;1
title_8.txt;assistance;economicoperands;2
title_8.txt;assurances;economicoperands;1
title_8.txt;authorized;regulatoryoperators;8
title_8.txt;authorizes;regulatoryoperators;1
title_8.txt;commission;economicoperands;12
title_8.txt;comparison;economicoperands;1
title_8.txt;completing;economicoperands;1
title_8.txt;completion;economicoperands;1
title_8.txt;compliance;regulatoryoperators;10
title_8.txt;conditions;logicalconnectors;3
title_8.txt;conduct of;economicoperands;7
title_8.txt;conducting;economicoperands;1
title_8.txt;considered;logicalconnectors;2
title_8.txt;consistent;attributes;2
title_8.txt;constitute;economicoperands;1
title_8.txt;consulting;economicoperands;2
title_8.txt;containing;economicoperands;1
title_8.txt;continuing;economicoperands;1
title_8.txt;controlled;economicoperands;1
title_8.txt;coordinate;economicoperands;2
title_8.txt;delegation;economicoperands;1
title_8.txt;describing;other;1
title_8.txt;designated;regulatoryoperators;37
title_8.txt;determined;regulatoryoperators;1
title_8.txt;determines;regulatoryoperators;7
title_8.txt;disclosure;economicoperands;2
title_8.txt;discretion;economicoperands;2
title_8.txt;disruption;economicoperands;2
title_8.txt;electronic;economicoperands;1
title_8.txt;engagement;economicoperands;1
title_8.txt;exclusions;logicalconnectors;4
title_8.txt;exercising;economicoperands;4
title_8.txt;expiration;economicoperands;1
title_8.txt;facilitate;economicoperands;1
title_8.txt;facilities;economicoperands;5
title_8.txt;fewer than;mathematicaloperators;4
title_8.txt;furnishing;economicoperands;1
title_8.txt;guidelines;economicoperands;2
title_8.txt;identified;economicoperands;1
title_8.txt;importance;economicoperands;9
title_8.txt;in general;logicalconnectors;6
title_8.txt;incidental;economicoperands;1
title_8.txt;instrument;economicoperands;1
title_8.txt;later than;mathematicaloperators;2
title_8.txt;limitation;regulatoryoperators;2
title_8.txt;maintained;economicoperands;1
title_8.txt;management;economicoperands;2
title_8.txt;materially;economicoperands;1
title_8.txt;ministries;economicoperands;1
title_8.txt;objectives;economicoperands;3
title_8.txt;operations;economicoperands;10
title_8.txt;paragraphs;functionwords;1
title_8.txt;performing;economicoperands;1
title_8.txt;permitting;regulatoryoperators;1
title_8.txt;personally;economicoperands;1
title_8.txt;prescribed;regulatoryoperators;33
title_8.txt;principles;economicoperands;3
title_8.txt;privileges;economicoperands;3
title_8.txt;procedures;economicoperands;7
title_8.txt;processing;economicoperands;1
title_8.txt;processors;economicoperands;1
title_8.txt;provisions;economicoperands;11
title_8.txt;prudential;economicoperands;7
title_8.txt;publishing;economicoperands;2
title_8.txt;reasonable;attributes;10
title_8.txt;referenced;economicoperands;1
title_8.txt;registered;economicoperands;12
title_8.txt;regulation;regulatoryoperators;1
title_8.txt;regulators;economicoperands;3
title_8.txt;repurchase;economicoperands;1
title_8.txt;requesting;economicoperands;1
title_8.txt;rescission;economicoperands;6
title_8.txt;respecting;functionwords;1
title_8.txt;respective;logicalconnectors;1
title_8.txt;rulemaking;other;3
title_8.txt;section 13;legalreferences;1
title_8.txt;section 19;legalreferences;1
title_8.txt;section 25;legalreferences;1
title_8.txt;securities;economicoperands;10
title_8.txt;settlement;economicoperands;35
title_8.txt;subject to;logicalconnectors;31
title_8.txt;subsection;legalreferences;1
title_8.txt;sufficient;attributes;2
title_8.txt;supporting;economicoperands;4
title_8.txt;techniques;economicoperands;1
title_8.txt;this title;legalreferences;22
title_8.txt;title viii;legalreferences;1
title_8.txt;affiliate;economicoperands;2
title_8.txt;affording;economicoperands;1
title_8.txt;aggregate;mathematicaloperators;2
title_8.txt;amendment;other;1
title_8.txt;assessing;economicoperands;2
title_8.txt;authority;economicoperands;16
title_8.txt;authorize;regulatoryoperators;2
title_8.txt;available;economicoperands;2
title_8.txt;borrowing;economicoperands;3
title_8.txt;brokerage;economicoperands;1
title_8.txt;carry out;economicoperands;1
title_8.txt;clause ii;legalreferences;2
title_8.txt;committee;economicoperands;1
title_8.txt;commodity;economicoperands;2
title_8.txt;concerned;economicoperands;1
title_8.txt;condition;logicalconnectors;1
title_8.txt;conducted;economicoperands;4
title_8.txt;construed;other;1
title_8.txt;contracts;economicoperands;4
title_8.txt;dependent;economicoperands;1
title_8.txt;described;other;8
title_8.txt;designate;regulatoryoperators;1
title_8.txt;determine;regulatoryoperators;6
title_8.txt;discounts;economicoperands;1
title_8.txt;effective;other;1
title_8.txt;efficient;economicoperands;1
title_8.txt;emergency;economicoperands;8
title_8.txt;enactment;other;2
title_8.txt;enforcing;regulatoryoperators;2
title_8.txt;establish;regulatoryoperators;2
title_8.txt;except as;logicalconnectors;2
title_8.txt;exception;logicalconnectors;1
title_8.txt;exchanges;economicoperands;2
title_8.txt;exclusion;logicalconnectors;1
title_8.txt;execution;economicoperands;6
title_8.txt;exemption;regulatoryoperators;1
title_8.txt;extension;economicoperands;5
title_8.txt;financial;economicoperands;62
title_8.txt;following;functionwords;5
title_8.txt;framework;economicoperands;1
title_8.txt;frequency;mathematicaloperators;2
title_8.txt;functions;economicoperands;3
title_8.txt;governing;economicoperands;3
title_8.txt;immediate;attributes;2
title_8.txt;implement;regulatoryoperators;5
title_8.txt;important;economicoperands;1
title_8.txt;improving;economicoperands;2
title_8.txt;including;logicalconnectors;7
title_8.txt;inclusion;logicalconnectors;1
title_8.txt;less than;mathematicaloperators;2
title_8.txt;liquidity;economicoperands;6
title_8.txt;listed in;other;4
title_8.txt;mandatory;regulatoryoperators;2
title_8.txt;materials;economicoperands;2
title_8.txt;more than;mathematicaloperators;2
title_8.txt;necessary;attributes;11
title_8.txt;no longer;attributes;2
title_8.txt;notifying;economicoperands;1
title_8.txt;nutrition;economicoperands;1
title_8.txt;objection;economicoperands;7
title_8.txt;operating;economicoperands;2
title_8.txt;operation;economicoperands;1
title_8.txt;otherwise;logicalconnectors;4
title_8.txt;oversight;economicoperands;2
title_8.txt;paragraph;legalreferences;1
title_8.txt;performed;economicoperands;3
title_8.txt;potential;economicoperands;1
title_8.txt;pre-trade;economicoperands;1
title_8.txt;precludes;regulatoryoperators;1
title_8.txt;prescribe;regulatoryoperators;8
title_8.txt;presented;economicoperands;3
title_8.txt;privilege;economicoperands;2
title_8.txt;processed;economicoperands;1
title_8.txt;processor;economicoperands;1
title_8.txt;promoting;economicoperands;2
title_8.txt;providers;economicoperands;1
title_8.txt;providing;economicoperands;6
title_8.txt;provision;economicoperands;7
title_8.txt;published;economicoperands;1
title_8.txt;quotation;economicoperands;1
title_8.txt;receiving;economicoperands;1
title_8.txt;recommend;economicoperands;1
title_8.txt;regarding;logicalconnectors;4
title_8.txt;reporting;economicoperands;5
title_8.txt;requested;regulatoryoperators;7
title_8.txt;requiring;regulatoryoperators;1
title_8.txt;resources;economicoperands;2
title_8.txt;secretary;economicoperands;2
title_8.txt;section 2;legalreferences;2
title_8.txt;section 3;legalreferences;3
title_8.txt;section 4;legalreferences;1
title_8.txt;section 8;legalreferences;6
title_8.txt;set forth;regulatoryoperators;2
title_8.txt;situation;economicoperands;1
title_8.txt;soundness;economicoperands;5
title_8.txt;spreading;economicoperands;1
title_8.txt;stability;economicoperands;4
title_8.txt;standards;economicoperands;37
title_8.txt;stringent;attributes;1
title_8.txt;submitted;economicoperands;1
title_8.txt;supersede;regulatoryoperators;1
title_8.txt;supported;economicoperands;2
title_8.txt;technical;economicoperands;2
title_8.txt;testimony;economicoperands;1
title_8.txt;threshold;economicoperands;2
title_8.txt;transfers;economicoperands;1
title_8.txt;unsettled;economicoperands;1
title_8.txt;utilities;economicoperands;18
title_8.txt;warranted;economicoperands;2
title_8.txt;24 hours;attributes;3
title_8.txt;accounts;economicoperands;1
title_8.txt;activity;economicoperands;23
title_8.txt;adequate;attributes;1
title_8.txt;advances;economicoperands;1
title_8.txt;afforded;economicoperands;1
title_8.txt;agencies;economicoperands;8
title_8.txt;analysis;economicoperands;3
title_8.txt;annually;attributes;2
title_8.txt;approval;regulatoryoperators;3
title_8.txt;at least;logicalconnectors;1
title_8.txt;balances;economicoperands;1
title_8.txt;business;economicoperands;1
title_8.txt;category;economicoperands;2
title_8.txt;clearing;economicoperands;50
title_8.txt;complete;economicoperands;2
title_8.txt;concerns;economicoperands;3
title_8.txt;conflict;economicoperands;1
title_8.txt;congress;economicoperands;1
title_8.txt;consider;economicoperands;1
title_8.txt;contents;other;2
title_8.txt;continue;economicoperands;2
title_8.txt;contract;economicoperands;3
title_8.txt;critical;economicoperands;7
title_8.txt;decision;economicoperands;1
title_8.txt;delivery;economicoperands;1
title_8.txt;describe;other;3
title_8.txt;designed;economicoperands;1
title_8.txt;detailed;other;3
title_8.txt;directly;attributes;1
title_8.txt;disclose;economicoperands;1
title_8.txt;discount;economicoperands;2
title_8.txt;does not;logicalconnectors;6
title_8.txt;earnings;economicoperands;3
title_8.txt;effected;economicoperands;1
title_8.txt;enhanced;economicoperands;2
title_8.txt;entities;economicoperands;12
title_8.txt;evasions;economicoperands;1
title_8.txt;evidence;economicoperands;1
title_8.txt;exchange;economicoperands;1
title_8.txt;exercise;economicoperands;4
title_8.txt;existing;economicoperands;5
title_8.txt;expected;economicoperands;1
title_8.txt;exposure;economicoperands;1
title_8.txt;extended;economicoperands;1
title_8.txt;findings;economicoperands;4
title_8.txt;forestry;economicoperands;1
title_8.txt;identify;economicoperands;1
title_8.txt;imminent;attributes;4
title_8.txt;imposing;regulatoryoperators;1
title_8.txt;included;logicalconnectors;3
title_8.txt;includes;logicalconnectors;1
title_8.txt;increase;mathematicaloperators;1
title_8.txt;integral;economicoperands;1
title_8.txt;maintain;economicoperands;1
title_8.txt;majority;economicoperands;6
title_8.txt;material;economicoperands;4
title_8.txt;mitigate;regulatoryoperators;4
title_8.txt;monetary;economicoperands;1
title_8.txt;movement;economicoperands;1
title_8.txt;multiple;logicalconnectors;1
title_8.txt;national;economicoperands;4
title_8.txt;notified;economicoperands;4
title_8.txt;notifies;economicoperands;1
title_8.txt;obtained;economicoperands;5
title_8.txt;operated;economicoperands;2
title_8.txt;operates;economicoperands;1
title_8.txt;payments;economicoperands;1
title_8.txt;planning;economicoperands;1
title_8.txt;policies;economicoperands;2
title_8.txt;premises;economicoperands;2
title_8.txt;prepared;economicoperands;1
title_8.txt;problems;economicoperands;1
title_8.txt;programs;economicoperands;2
title_8.txt;promptly;attributes;1
title_8.txt;proposed;economicoperands;16
title_8.txt;provided;logicalconnectors;8
title_8.txt;purposes;economicoperands;10
title_8.txt;received;economicoperands;3
title_8.txt;receives;economicoperands;4
title_8.txt;register;economicoperands;4
title_8.txt;relevant;attributes;3
title_8.txt;requests;economicoperands;3
title_8.txt;required;regulatoryoperators;8
title_8.txt;resource;economicoperands;1
title_8.txt;response;economicoperands;5
title_8.txt;sections;legalreferences;2
title_8.txt;security;economicoperands;1
title_8.txt;services;economicoperands;7
title_8.txt;settling;economicoperands;1
title_8.txt;specific;logicalconnectors;3
title_8.txt;systemic;economicoperands;11
title_8.txt;this act;legalreferences;4
title_8.txt;threaten;economicoperands;1
title_8.txt;transfer;economicoperands;2
title_8.txt;usc 1752;legalreferences;1
title_8.txt;utilitys;economicoperands;2
title_8.txt;whenever;logicalconnectors;1
title_8.txt;30 days;attributes;4
title_8.txt;60 days;attributes;10
title_8.txt;ability;economicoperands;2
title_8.txt;account;economicoperands;2
title_8.txt;achieve;economicoperands;1
title_8.txt;actions;economicoperands;5
title_8.txt;address;economicoperands;3
title_8.txt;advance;economicoperands;9
title_8.txt;against;functionwords;9
title_8.txt;allowed;regulatoryoperators;3
title_8.txt;amended;regulatoryoperators;2
title_8.txt;another;functionwords;1
title_8.txt;applied;other;1
title_8.txt;back-up;economicoperands;1
title_8.txt;banking;economicoperands;3
title_8.txt;believe;economicoperands;6
title_8.txt;between;functionwords;2
title_8.txt;binding;economicoperands;2
title_8.txt;broader;mathematicaloperators;9
title_8.txt;capital;economicoperands;1
title_8.txt;central;economicoperands;1
title_8.txt;certain;functionwords;1
title_8.txt;changes;economicoperands;5
title_8.txt;clauses;other;1
title_8.txt;company;economicoperands;1
title_8.txt;complex;economicoperands;2
title_8.txt;conduct;economicoperands;7
title_8.txt;consult;economicoperands;6
title_8.txt;contain;economicoperands;1
title_8.txt;control;economicoperands;2
title_8.txt;copying;economicoperands;1
title_8.txt;council;economicoperands;79
title_8.txt;counsel;economicoperands;1
title_8.txt;dealing;economicoperands;1
title_8.txt;default;economicoperands;1
title_8.txt;defined;economicoperands;10
title_8.txt;deposit;economicoperands;1
title_8.txt;derived;economicoperands;1
title_8.txt;develop;economicoperands;1
title_8.txt;earlier;mathematicaloperators;2
title_8.txt;effects;economicoperands;2
title_8.txt;enforce;regulatoryoperators;3
title_8.txt;engaged;economicoperands;17
title_8.txt;examine;economicoperands;2
title_8.txt;exigent;attributes;1
title_8.txt;explain;economicoperands;1
title_8.txt;factors;economicoperands;1
title_8.txt;failure;economicoperands;2
title_8.txt;federal;economicoperands;8
title_8.txt;finance;economicoperands;1
title_8.txt;foreign;economicoperands;3
title_8.txt;forward;economicoperands;1
title_8.txt;further;logicalconnectors;3
title_8.txt;futures;economicoperands;4
title_8.txt;granted;regulatoryoperators;3
title_8.txt;hearing;economicoperands;9
title_8.txt;housing;economicoperands;1
title_8.txt;however;logicalconnectors;1
title_8.txt;imposed;regulatoryoperators;1
title_8.txt;include;logicalconnectors;6
title_8.txt;jointly;logicalconnectors;1
title_8.txt;manages;economicoperands;1
title_8.txt;markets;economicoperands;14
title_8.txt;members;economicoperands;4
title_8.txt;monitor;economicoperands;3
title_8.txt;netting;economicoperands;1
title_8.txt;nothing;logicalconnectors;1
title_8.txt;notices;economicoperands;1
title_8.txt;only if;logicalconnectors;4
title_8.txt;payment;economicoperands;35
title_8.txt;periods;economicoperands;3
title_8.txt;persons;economicoperands;2
title_8.txt;portion;economicoperands;1
title_8.txt;posting;economicoperands;1
title_8.txt;present;economicoperands;1
title_8.txt;prevent;regulatoryoperators;4
title_8.txt;primary;economicoperands;2
title_8.txt;promote;economicoperands;5
title_8.txt;provide;economicoperands;17
title_8.txt;purpose;economicoperands;4
title_8.txt;receipt;economicoperands;5
title_8.txt;receive;economicoperands;1
title_8.txt;records;economicoperands;2
title_8.txt;rejects;economicoperands;1
title_8.txt;related;logicalconnectors;2
title_8.txt;reports;economicoperands;11
title_8.txt;request;economicoperands;10
title_8.txt;require;regulatoryoperators;14
title_8.txt;rescind;economicoperands;1
title_8.txt;section;legalreferences;10
title_8.txt;service;economicoperands;4
title_8.txt;serving;economicoperands;5
title_8.txt;sharing;economicoperands;1
title_8.txt;showing;economicoperands;1
title_8.txt;similar;logicalconnectors;3
title_8.txt;special;economicoperands;1
title_8.txt;statute;other;1
title_8.txt;storage;economicoperands;1
title_8.txt;submits;economicoperands;1
title_8.txt;support;economicoperands;3
title_8.txt;systems;economicoperands;2
title_8.txt;that is;logicalconnectors;8
title_8.txt;thereby;logicalconnectors;1
title_8.txt;therein;logicalconnectors;1
title_8.txt;thereof;logicalconnectors;3
title_8.txt;through;functionwords;8
title_8.txt;title 5;legalreferences;1
title_8.txt;trading;economicoperands;2
title_8.txt;uniform;economicoperands;2
title_8.txt;unusual;attributes;1
title_8.txt;utility;economicoperands;2
title_8.txt;website;economicoperands;1
title_8.txt;whether;logicalconnectors;9
title_8.txt;without;logicalconnectors;1
title_8.txt;writing;economicoperands;8
title_8.txt;written;economicoperands;5
title_8.txt;60-day;attributes;1
title_8.txt;accept;economicoperands;1
title_8.txt;access;economicoperands;1
title_8.txt;acting;economicoperands;1
title_8.txt;action;economicoperands;14
title_8.txt;affect;economicoperands;1
title_8.txt;agency;economicoperands;15
title_8.txt;appear;economicoperands;1
title_8.txt;assess;economicoperands;5
title_8.txt;become;economicoperands;4
title_8.txt;before;logicalconnectors;5
title_8.txt;belief;economicoperands;2
title_8.txt;boards;economicoperands;2
title_8.txt;branch;economicoperands;1
title_8.txt;broker;economicoperands;2
title_8.txt;cannot;regulatoryoperators;1
title_8.txt;change;economicoperands;29
title_8.txt;clause;legalreferences;1
title_8.txt;common;functionwords;1
title_8.txt;copies;economicoperands;2
title_8.txt;create;economicoperands;2
title_8.txt;credit;economicoperands;6
title_8.txt;dealer;economicoperands;2
title_8.txt;decide;economicoperands;1
title_8.txt;deemed;regulatoryoperators;3
title_8.txt;define;economicoperands;1
title_8.txt;detail;other;1
title_8.txt;divest;economicoperands;1
title_8.txt;during;functionwords;1
title_8.txt;duties;economicoperands;1
title_8.txt;effect;economicoperands;3
title_8.txt;either;logicalconnectors;5
title_8.txt;ensure;regulatoryoperators;2
title_8.txt;entity;economicoperands;5
title_8.txt;except;logicalconnectors;1
title_8.txt;exempt;regulatoryoperators;3
title_8.txt;exists;economicoperands;1
title_8.txt;extend;economicoperands;3
title_8.txt;format;economicoperands;1
title_8.txt;future;economicoperands;1
title_8.txt;impose;regulatoryoperators;2
title_8.txt;issued;economicoperands;1
title_8.txt;issues;economicoperands;3
title_8.txt;likely;attributes;2
title_8.txt;making;functionwords;2
title_8.txt;manage;economicoperands;1
title_8.txt;manner;other;4
title_8.txt;margin;economicoperands;1
title_8.txt;market;economicoperands;1
title_8.txt;modify;economicoperands;2
title_8.txt;nature;economicoperands;7
title_8.txt;notice;economicoperands;34
title_8.txt;notify;economicoperands;4
title_8.txt;number;economicoperands;1
title_8.txt;object;economicoperands;2
title_8.txt;orders;economicoperands;20
title_8.txt;period;economicoperands;2
title_8.txt;permit;regulatoryoperators;1
title_8.txt;person;economicoperands;4
title_8.txt;prompt;attributes;2
title_8.txt;public;economicoperands;1
title_8.txt;reason;economicoperands;1
title_8.txt;reduce;economicoperands;3
title_8.txt;report;economicoperands;2
title_8.txt;review;economicoperands;6
title_8.txt;robust;attributes;4
title_8.txt;safety;economicoperands;5
title_8.txt;secure;economicoperands;1
title_8.txt;senate;economicoperands;1
title_8.txt;should;regulatoryoperators;1
title_8.txt;solely;logicalconnectors;6
title_8.txt;submit;economicoperands;8
title_8.txt;system;economicoperands;2
title_8.txt;taking;functionwords;5
title_8.txt;threat;economicoperands;1
title_8.txt;timely;attributes;3
title_8.txt;timing;economicoperands;1
title_8.txt;unable;economicoperands;1
title_8.txt;unless;logicalconnectors;2
title_8.txt;waived;regulatoryoperators;1
title_8.txt;waiver;regulatoryoperators;5
title_8.txt;within;logicalconnectors;10
title_8.txt;about;functionwords;1
title_8.txt;added;mathematicaloperators;1
title_8.txt;after;logicalconnectors;12
title_8.txt;agent;economicoperands;1
title_8.txt;agree;economicoperands;2
title_8.txt;among;functionwords;2
title_8.txt;apply;other;3
title_8.txt;areas;economicoperands;2
title_8.txt;banks;economicoperands;2
title_8.txt;based;other;1
title_8.txt;basis;economicoperands;2
title_8.txt;borne;functionwords;1
title_8.txt;cause;economicoperands;7
title_8.txt;cited;other;1
title_8.txt;class;economicoperands;2
title_8.txt;could;functionwords;3
title_8.txt;deems;regulatoryoperators;2
title_8.txt;entry;economicoperands;1
title_8.txt;final;economicoperands;4
title_8.txt;finds;economicoperands;2
title_8.txt;first;attributes;1
title_8.txt;funds;economicoperands;2
title_8.txt;group;other;2
title_8.txt;if so;logicalconnectors;2
title_8.txt;issue;economicoperands;1
title_8.txt;joint;logicalconnectors;1
title_8.txt;later;mathematicaloperators;2
title_8.txt;level;economicoperands;4
title_8.txt;means;other;9
title_8.txt;meets;economicoperands;3
title_8.txt;novel;economicoperands;2
title_8.txt;offer;economicoperands;1
title_8.txt;order;economicoperands;2
title_8.txt;other;logicalconnectors;36
title_8.txt;party;economicoperands;2
title_8.txt;place;economicoperands;1
title_8.txt;plans;economicoperands;1
title_8.txt;posed;economicoperands;1
title_8.txt;poses;economicoperands;4
title_8.txt;prior;economicoperands;4
title_8.txt;refer;economicoperands;1
title_8.txt;risks;economicoperands;22
title_8.txt;rules;economicoperands;24
title_8.txt;scope;economicoperands;4
title_8.txt;shall;regulatoryoperators;67
title_8.txt;share;economicoperands;1
title_8.txt;sound;economicoperands;3
title_8.txt;state;economicoperands;2
title_8.txt;swaps;economicoperands;4
title_8.txt;taken;functionwords;1
title_8.txt;terms;other;6
title_8.txt;their;functionwords;6
title_8.txt;those;functionwords;4
title_8.txt;trade;economicoperands;2
title_8.txt;under;functionwords;63
title_8.txt;value;economicoperands;1
title_8.txt;waive;regulatoryoperators;1
title_8.txt;where;logicalconnectors;2
title_8.txt;which;functionwords;16
title_8.txt;whole;functionwords;2
title_8.txt;would;functionwords;4
title_8.txt;1933;legalreferences;1
title_8.txt;2010;attributes;1
title_8.txt;also;logicalconnectors;2
title_8.txt;bank;economicoperands;1
title_8.txt;been;functionwords;5
title_8.txt;both;logicalconnectors;1
title_8.txt;cftc;economicoperands;3
title_8.txt;copy;economicoperands;1
title_8.txt;data;economicoperands;14
title_8.txt;date;economicoperands;14
title_8.txt;days;economicoperands;2
title_8.txt;each;logicalconnectors;9
title_8.txt;fact;economicoperands;1
title_8.txt;find;economicoperands;1
title_8.txt;form;other;3
title_8.txt;from;functionwords;12
title_8.txt;full;economicoperands;1
title_8.txt;harm;economicoperands;4
title_8.txt;have;functionwords;10
title_8.txt;into;functionwords;2
title_8.txt;laws;economicoperands;1
title_8.txt;lead;economicoperands;1
title_8.txt;less;mathematicaloperators;1
title_8.txt;mean;other;1
title_8.txt;more;mathematicaloperators;3
title_8.txt;must;regulatoryoperators;1
title_8.txt;once;functionwords;1
title_8.txt;only;logicalconnectors;3
title_8.txt;oral;economicoperands;2
title_8.txt;over;mathematicaloperators;1
title_8.txt;part;functionwords;2
title_8.txt;pose;economicoperands;4
title_8.txt;risk;economicoperands;6
title_8.txt;role;economicoperands;2
title_8.txt;rule;economicoperands;4
title_8.txt;safe;economicoperands;4
title_8.txt;sale;economicoperands;2
title_8.txt;sole;logicalconnectors;3
title_8.txt;stay;economicoperands;2
title_8.txt;such;logicalconnectors;40
title_8.txt;swap;economicoperands;8
title_8.txt;take;functionwords;5
title_8.txt;term;other;11
title_8.txt;than;functionwords;1
title_8.txt;that;functionwords;56
title_8.txt;then;logicalconnectors;6
title_8.txt;this;functionwords;2
title_8.txt;thus;logicalconnectors;1
title_8.txt;time;economicoperands;6
title_8.txt;type;economicoperands;3
title_8.txt;upon;functionwords;14
title_8.txt;used;economicoperands;1
title_8.txt;viii;legalreferences;3
title_8.txt;vote;economicoperands;3
title_8.txt;well;attributes;1
title_8.txt;were;functionwords;1
title_8.txt;when;logicalconnectors;3
title_8.txt;will;functionwords;5
title_8.txt;with;functionwords;37
title_8.txt;year;attributes;1
title_8.txt;2 c;other;2
title_8.txt;3 c;other;2
title_8.txt;4 b;other;2
title_8.txt;611;legalreferences;1
title_8.txt;802;legalreferences;1
title_8.txt;804;legalreferences;1
title_8.txt;805;legalreferences;1
title_8.txt;807;legalreferences;1
title_8.txt;814;legalreferences;1
title_8.txt;a 1;other;2
title_8.txt;a 3;other;1
title_8.txt;a 4;other;1
title_8.txt;act;legalreferences;2
title_8.txt;all;logicalconnectors;3
title_8.txt;and;logicalconnectors;219
title_8.txt;any;logicalconnectors;81
title_8.txt;are;functionwords;17
title_8.txt;but;logicalconnectors;4
title_8.txt;fix;economicoperands;1
title_8.txt;for;functionwords;72
title_8.txt;has;functionwords;13
title_8.txt;how;functionwords;1
title_8.txt;iii;legalreferences;7
title_8.txt;its;functionwords;22
title_8.txt;law;economicoperands;8
title_8.txt;led;economicoperands;1
title_8.txt;may;functionwords;50
title_8.txt;new;economicoperands;1
title_8.txt;non;logicalconnectors;1
title_8.txt;not;logicalconnectors;21
title_8.txt;off;functionwords;1
title_8.txt;own;functionwords;1
title_8.txt;pay;economicoperands;2
title_8.txt;sec;economicoperands;15
title_8.txt;seq;legalreferences;5
title_8.txt;the;functionwords;636
title_8.txt;usc;legalreferences;6
title_8.txt;use;economicoperands;2
title_8.txt;vii;legalreferences;3
title_8.txt;was;functionwords;11
title_8.txt;why;logicalconnectors;2
title_8.txt;xii;legalreferences;1
title_8.txt;12;attributes;2
title_8.txt;15;attributes;7
title_8.txt;an;functionwords;46
title_8.txt;as;logicalconnectors;42
title_8.txt;at;functionwords;4
title_8.txt;be;functionwords;33
title_8.txt;by;functionwords;84
title_8.txt;do;functionwords;1
title_8.txt;et;functionwords;5
title_8.txt;if;logicalconnectors;22
title_8.txt;ii;legalreferences;18
title_8.txt;in;functionwords;95
title_8.txt;is;functionwords;35
title_8.txt;it;functionwords;10
title_8.txt;iv;legalreferences;6
title_8.txt;ix;legalreferences;2
title_8.txt;no;logicalconnectors;6
title_8.txt;of;functionwords;288
title_8.txt;on;functionwords;25
title_8.txt;or;logicalconnectors;235
title_8.txt;so;logicalconnectors;2
title_8.txt;to;functionwords;151
title_8.txt;vi;other;3
title_8.txt;xi;legalreferences;1
title_8.txt;1;attributes;36
title_8.txt;2;attributes;36
title_8.txt;3;attributes;23
title_8.txt;4;attributes;12
title_8.txt;5;attributes;4
title_8.txt;6;attributes;2
title_8.txt;7;attributes;1
title_8.txt;8;attributes;1
title_8.txt;9;attributes;1
title_8.txt;a;functionwords;190
title_8.txt;b;legalreferences;45
title_8.txt;c;legalreferences;15
title_8.txt;d;legalreferences;14
title_8.txt;e;legalreferences;10
title_8.txt;f;legalreferences;5
title_8.txt;h;legalreferences;6
title_8.txt;i;functionwords;20
title_8.txt;n;legalreferences;5
title_8.txt;v;legalreferences;4
title_8.txt;x;legalreferences;2
