title_1.txt;committee on financial services of the house of representatives;economicoperands;8
title_1.txt;the bank holding company act of 1956 12 usc 1841 et seq;legalreferences;1
title_1.txt;the bank holding company act of 1956 12 usc 1843 k 6 b;legalreferences;1
title_1.txt;the international banking act of 1978 12 usc 3105 d 3;legalreferences;1
title_1.txt;the international banking act of 1978 12 usc 3105 e 1;legalreferences;1
title_1.txt;the bank holding company act of 1956 12 usc 1843 j 1;legalreferences;1
title_1.txt;the bank holding company act of 1956 12 usc 1843 j 2;legalreferences;1
title_1.txt;the international banking act of 1978 12 usc 3106 a;legalreferences;1
title_1.txt;the bank holding company act of 1956 12 usc 1841 a;legalreferences;1
title_1.txt;nonbank financial company supervised by the board;economicoperands;63
title_1.txt;the federal deposit insurance act 12 usc 1818 b 3;legalreferences;1
title_1.txt;the federal deposit insurance act 12 usc 1820 b 3;legalreferences;1
title_1.txt;the bank holding company act of 1956 12 usc 1842;legalreferences;1
title_1.txt;the emergency economic stabilization act of 2008;legalreferences;2
title_1.txt;the farm credit act of 1971 12 usc 2001 et seq;legalreferences;1
title_1.txt;the federal advisory committee act 5 usc app;legalreferences;1
title_1.txt;the bank holding company act of 1956 12 usc;legalreferences;2
title_1.txt;national credit union administration board;economicoperands;1
title_1.txt;comptroller general of the united states;economicoperands;6
title_1.txt;the federal deposit insurance act 12 usc;legalreferences;2
title_1.txt;bureau of consumer financial protection;economicoperands;2
title_1.txt;security-based swap execution facility;economicoperands;1
title_1.txt;smaller insured depository institution;economicoperands;1
title_1.txt;financial stability oversight council;economicoperands;4
title_1.txt;revised statutes of the united states;legalreferences;1
title_1.txt;significant nonbank financial company;economicoperands;2
title_1.txt;commodity futures trading commission;economicoperands;2
title_1.txt;national credit union administration;economicoperands;2
title_1.txt;the bank holding company act of 1956;legalreferences;7
title_1.txt;federal financial regulatory agency;economicoperands;1
title_1.txt;primary financial regulatory agency;economicoperands;28
title_1.txt;security-based swap data repository;economicoperands;1
title_1.txt;the financial stability act of 2010;legalreferences;4
title_1.txt;the securities exchange act of 1934;legalreferences;1
title_1.txt;appropriate federal banking agency;economicoperands;2
title_1.txt;significant bank holding companies;economicoperands;6
title_1.txt;foreign nonbank financial company;economicoperands;13
title_1.txt;functionally regulated subsidiary;economicoperands;4
title_1.txt;the federal deposit insurance act;legalreferences;6
title_1.txt;savings and loan holding company;economicoperands;2
title_1.txt;significant bank holding company;economicoperands;1
title_1.txt;collective bargaining agreement;economicoperands;1
title_1.txt;risk-based capital requirements;economicoperands;11
title_1.txt;federal housing finance agency;economicoperands;1
title_1.txt;insured depository institution;economicoperands;9
title_1.txt;to the fullest extent possible;attributes;4
title_1.txt;annual gross revenues derived;economicoperands;1
title_1.txt;leverage capital requirements;economicoperands;7
title_1.txt;troubled asset relief program;economicoperands;1
title_1.txt;audited financial statements;economicoperands;2
title_1.txt;intermediate holding company;economicoperands;21
title_1.txt;off-balance-sheet activities;economicoperands;4
title_1.txt;office of financial research;economicoperands;22
title_1.txt;office of thrift supervision;economicoperands;1
title_1.txt;research and analysis center;economicoperands;6
title_1.txt;comptroller of the currency;economicoperands;3
title_1.txt;internal financial activity;economicoperands;1
title_1.txt;department of the treasury;economicoperands;1
title_1.txt;financial transaction data;economicoperands;2
title_1.txt;freedom of information act;legalreferences;1
title_1.txt;legally binding agreement;economicoperands;1
title_1.txt;nonbank financial company;economicoperands;44
title_1.txt;secretary of the treasury;economicoperands;1
title_1.txt;capital purchase program;economicoperands;1
title_1.txt;consolidated supervision;economicoperands;1
title_1.txt;federal insurance office;economicoperands;6
title_1.txt;prompt corrective action;economicoperands;2
title_1.txt;jurisdictional disputes;economicoperands;2
title_1.txt;swap execution facility;economicoperands;1
title_1.txt;take into consideration;economicoperands;1
title_1.txt;under this subparagraph;legalreferences;1
title_1.txt;as soon as practicable;attributes;1
title_1.txt;depository institution;economicoperands;23
title_1.txt;derivative transaction;economicoperands;1
title_1.txt;in the public interest;attributes;1
title_1.txt;institution-affiliated;economicoperands;2
title_1.txt;liquidity requirements;economicoperands;3
title_1.txt;permanent self-funding;economicoperands;1
title_1.txt;proposed determination;economicoperands;4
title_1.txt;section 113 a or 113 b;legalreferences;1
title_1.txt;systemically important;economicoperands;1
title_1.txt;adverse circumstances;economicoperands;1
title_1.txt;clearing organization;economicoperands;1
title_1.txt;demonstrable progress;economicoperands;4
title_1.txt;financial transaction;economicoperands;3
title_1.txt;predominantly engaged;economicoperands;5
title_1.txt;reemployed annuitants;economicoperands;1
title_1.txt;reporting requirement;economicoperands;2
title_1.txt;subparagraphs a and b;legalreferences;1
title_1.txt;to the maximum extent;attributes;1
title_1.txt;to the same extent as;logicalconnectors;2
title_1.txt;under this subsection;legalreferences;13
title_1.txt;workforce flexibility;economicoperands;1
title_1.txt;workplace flexibility;economicoperands;1
title_1.txt;activities conducted;economicoperands;2
title_1.txt;bank holding company;economicoperands;66
title_1.txt;childcare assistance;economicoperands;1
title_1.txt;district of columbia;economicoperands;1
title_1.txt;financial instrument;economicoperands;2
title_1.txt;generally applicable;attributes;8
title_1.txt;in consultation with;economicoperands;23
title_1.txt;less frequently than;mathematicaloperators;4
title_1.txt;liquid 2-way markets;economicoperands;1
title_1.txt;original appointment;economicoperands;1
title_1.txt;proposed acquisition;economicoperands;1
title_1.txt;prudential standards;economicoperands;30
title_1.txt;risk-related factors;economicoperands;6
title_1.txt;risk-weighted assets;economicoperands;1
title_1.txt;rule of construction;other;5
title_1.txt;securities contracts;economicoperands;1
title_1.txt;swap data repository;economicoperands;1
title_1.txt;under subparagraph a;legalreferences;8
title_1.txt;under subparagraph b;legalreferences;2
title_1.txt;under this paragraph;legalreferences;5
title_1.txt;capital requirement;economicoperands;5
title_1.txt;compromise position;economicoperands;1
title_1.txt;comptroller general;economicoperands;5
title_1.txt;computing resources;economicoperands;1
title_1.txt;corporate structure;economicoperands;1
title_1.txt;diverse backgrounds;economicoperands;1
title_1.txt;english translation;economicoperands;1
title_1.txt;financial condition;economicoperands;5
title_1.txt;financial stability;economicoperands;41
title_1.txt;irrevocable letters;economicoperands;1
title_1.txt;market transparency;economicoperands;1
title_1.txt;ownership structure;economicoperands;1
title_1.txt;proposed accounting;economicoperands;1
title_1.txt;succession planning;economicoperands;1
title_1.txt;the extent to which;logicalconnectors;14
title_1.txt;the manner in which;logicalconnectors;3
title_1.txt;undercapitalization;economicoperands;1
title_1.txt;written explanation;economicoperands;1
title_1.txt;board of directors;economicoperands;2
title_1.txt;board of governors;economicoperands;200
title_1.txt;case-by-case basis;economicoperands;1
title_1.txt;contingent capital;economicoperands;10
title_1.txt;dispute resolution;economicoperands;2
title_1.txt;empirical evidence;economicoperands;1
title_1.txt;executive schedule;economicoperands;3
title_1.txt;farm credit system;economicoperands;1
title_1.txt;fellowship program;economicoperands;2
title_1.txt;financial activity;economicoperands;8
title_1.txt;financial contract;economicoperands;3
title_1.txt;for the purpose of;functionwords;3
title_1.txt;in accordance with;logicalconnectors;18
title_1.txt;in connection with;logicalconnectors;3
title_1.txt;in the same manner;logicalconnectors;3
title_1.txt;interconnectedness;economicoperands;7
title_1.txt;investment company;economicoperands;1
title_1.txt;policy development;economicoperands;1
title_1.txt;revenues generated;economicoperands;1
title_1.txt;source of strength;economicoperands;3
title_1.txt;to the extent that;logicalconnectors;6
title_1.txt;total consolidated;economicoperands;18
title_1.txt;under subsection a;legalreferences;18
title_1.txt;under subsection b;legalreferences;2
title_1.txt;under this section;legalreferences;18
title_1.txt;united states code;legalreferences;13
title_1.txt;advanced training;economicoperands;1
title_1.txt;at the request of;economicoperands;3
title_1.txt;avoid duplication;economicoperands;1
title_1.txt;capital standards;economicoperands;2
title_1.txt;deposit insurance;economicoperands;2
title_1.txt;easily accessible;attributes;1
title_1.txt;financial company;economicoperands;11
title_1.txt;financial product;economicoperands;1
title_1.txt;hart-scott-rodino;legalreferences;1
title_1.txt;in the event that;logicalconnectors;1
title_1.txt;insurance company;economicoperands;1
title_1.txt;internal treasury;economicoperands;2
title_1.txt;judicial district;economicoperands;1
title_1.txt;market discipline;economicoperands;2
title_1.txt;market efficiency;economicoperands;1
title_1.txt;off-balance sheet;economicoperands;1
title_1.txt;off-balance-sheet;economicoperands;3
title_1.txt;optimal structure;economicoperands;1
title_1.txt;over-accumulation;economicoperands;2
title_1.txt;phased retirement;economicoperands;1
title_1.txt;proposed decision;economicoperands;3
title_1.txt;reasonable notice;legalreferences;1
title_1.txt;reported publicly;economicoperands;2
title_1.txt;section 154 b 1 b;legalreferences;1
title_1.txt;stability-related;economicoperands;1
title_1.txt;subsection a or b;legalreferences;1
title_1.txt;without regard to;logicalconnectors;2
title_1.txt;affirmative vote;economicoperands;9
title_1.txt;attribution rule;legalreferences;1
title_1.txt;become effective;economicoperands;1
title_1.txt;commercial paper;economicoperands;1
title_1.txt;existing reports;economicoperands;2
title_1.txt;financial market;economicoperands;6
title_1.txt;financial system;economicoperands;21
title_1.txt;nonapplicability;other;1
title_1.txt;nonvoting member;economicoperands;3
title_1.txt;period beginning;economicoperands;3
title_1.txt;predominant line;economicoperands;2
title_1.txt;responsibilities;economicoperands;8
title_1.txt;risk measurement;economicoperands;1
title_1.txt;savings and loan;economicoperands;1
title_1.txt;section 3132 a 1;legalreferences;1
title_1.txt;section 7103 a 8;legalreferences;1
title_1.txt;signed statement;economicoperands;2
title_1.txt;standard-setting;economicoperands;1
title_1.txt;subsection b 3 a;legalreferences;1
title_1.txt;the same meaning;logicalconnectors;2
title_1.txt;under this title;legalreferences;6
title_1.txt;assessment base;economicoperands;1
title_1.txt;attributable to;functionwords;1
title_1.txt;capital-raising;economicoperands;1
title_1.txt;characteristics;economicoperands;1
title_1.txt;competitiveness;economicoperands;3
title_1.txt;confidentiality;economicoperands;5
title_1.txt;credit exposure;economicoperands;19
title_1.txt;diversification;economicoperands;1
title_1.txt;economic growth;economicoperands;3
title_1.txt;emerging market;economicoperands;1
title_1.txt;executive level;economicoperands;1
title_1.txt;forward-looking;economicoperands;1
title_1.txt;holding company;economicoperands;11
title_1.txt;in the event of;logicalconnectors;7
title_1.txt;instrumentality;economicoperands;1
title_1.txt;judicial review;economicoperands;2
title_1.txt;notwithstanding;logicalconnectors;6
title_1.txt;post-employment;economicoperands;2
title_1.txt;publicly traded;economicoperands;4
title_1.txt;recommendations;economicoperands;35
title_1.txt;representatives;economicoperands;1
title_1.txt;responsible for;economicoperands;1
title_1.txt;risk management;economicoperands;10
title_1.txt;section 113 e 3;legalreferences;1
title_1.txt;section 154 b 1;legalreferences;1
title_1.txt;section 167 b 2;legalreferences;1
title_1.txt;section 4 k 4 e;legalreferences;1
title_1.txt;section 4 k 6 b;legalreferences;1
title_1.txt;short-term debt;economicoperands;10
title_1.txt;standardization;economicoperands;1
title_1.txt;standby letters;economicoperands;2
title_1.txt;the clayton act;legalreferences;1
title_1.txt;this subsection;legalreferences;28
title_1.txt;with respect to;logicalconnectors;22
title_1.txt;written finding;economicoperands;1
title_1.txt;administrative;economicoperands;1
title_1.txt;as a result of;logicalconnectors;2
title_1.txt;as a source of;logicalconnectors;6
title_1.txt;board of trade;economicoperands;1
title_1.txt;classification;economicoperands;1
title_1.txt;complying with;regulatoryoperators;1
title_1.txt;concentrations;economicoperands;2
title_1.txt;considerations;economicoperands;10
title_1.txt;counterparties;economicoperands;8
title_1.txt;determinations;regulatoryoperators;5
title_1.txt;effective date;economicoperands;1
title_1.txt;federal agency;economicoperands;1
title_1.txt;gross revenues;economicoperands;1
title_1.txt;identification;economicoperands;4
title_1.txt;implementation;regulatoryoperators;6
title_1.txt;in addition to;logicalconnectors;6
title_1.txt;in no instance;logicalconnectors;1
title_1.txt;in the case of;logicalconnectors;3
title_1.txt;interconnected;economicoperands;6
title_1.txt;letter sr-01-1;legalreferences;1
title_1.txt;not later than;logicalconnectors;33
title_1.txt;organizational;economicoperands;2
title_1.txt;parental leave;economicoperands;1
title_1.txt;part-time work;economicoperands;1
title_1.txt;participations;economicoperands;1
title_1.txt;quantitatively;economicoperands;2
title_1.txt;recommendation;economicoperands;17
title_1.txt;regulation for;regulatoryoperators;2
title_1.txt;representative;economicoperands;1
title_1.txt;section 10 b 3;legalreferences;1
title_1.txt;section 1206 a;legalreferences;1
title_1.txt;section 3109 b;legalreferences;1
title_1.txt;section 46 a 2;legalreferences;1
title_1.txt;subchapter iii;legalreferences;1
title_1.txt;subparagraph a;legalreferences;10
title_1.txt;subparagraph b;legalreferences;4
title_1.txt;subparagraph c;legalreferences;4
title_1.txt;subparagraph d;legalreferences;1
title_1.txt;subsection a 2;legalreferences;3
title_1.txt;subsection a 6;legalreferences;1
title_1.txt;subsection b 2;legalreferences;1
title_1.txt;subsection b 3;legalreferences;3
title_1.txt;subsection d 1;legalreferences;1
title_1.txt;subsection d 2;legalreferences;1
title_1.txt;the end of the;mathematicaloperators;3
title_1.txt;this paragraph;legalreferences;9
title_1.txt;under this act;legalreferences;1
title_1.txt;with regard to;logicalconnectors;1
title_1.txt;applicability;functionwords;1
title_1.txt;applicable to;functionwords;11
title_1.txt;apportionment;economicoperands;2
title_1.txt;appropriately;attributes;1
title_1.txt;at the end of;logicalconnectors;4
title_1.txt;balance sheet;economicoperands;2
title_1.txt;civil service;economicoperands;2
title_1.txt;commissioners;economicoperands;2
title_1.txt;comparability;economicoperands;1
title_1.txt;comprehensive;economicoperands;2
title_1.txt;concentration;economicoperands;12
title_1.txt;congressional;economicoperands;1
title_1.txt;consideration;economicoperands;6
title_1.txt;consisting of;economicoperands;1
title_1.txt;consolidation;economicoperands;1
title_1.txt;deliberations;economicoperands;2
title_1.txt;demonstrating;economicoperands;1
title_1.txt;determination;regulatoryoperators;38
title_1.txt;differentiate;logicalconnectors;2
title_1.txt;discontinuous;economicoperands;2
title_1.txt;disqualifying;economicoperands;1
title_1.txt;distributions;economicoperands;1
title_1.txt;effectiveness;economicoperands;2
title_1.txt;establishment;regulatoryoperators;8
title_1.txt;flexibilities;economicoperands;1
title_1.txt;foreign-based;economicoperands;7
title_1.txt;in which case;logicalconnectors;1
title_1.txt;incrementally;economicoperands;1
title_1.txt;interest rate;economicoperands;1
title_1.txt;international;economicoperands;10
title_1.txt;jurisdictions;economicoperands;1
title_1.txt;majority vote;economicoperands;1
title_1.txt;member agency;economicoperands;14
title_1.txt;methodologies;economicoperands;1
title_1.txt;nonaffiliated;economicoperands;1
title_1.txt;oral argument;economicoperands;4
title_1.txt;organizations;economicoperands;8
title_1.txt;paragraph 1 a;legalreferences;1
title_1.txt;paragraph 4 b;legalreferences;2
title_1.txt;participation;economicoperands;1
title_1.txt;position data;economicoperands;6
title_1.txt;professionals;economicoperands;1
title_1.txt;provided that;logicalconnectors;3
title_1.txt;regardless of;logicalconnectors;3
title_1.txt;regulation of;regulatoryoperators;4
title_1.txt;reimbursement;economicoperands;2
title_1.txt;relationships;economicoperands;2
title_1.txt;section 113 b;legalreferences;1
title_1.txt;section 115 c;legalreferences;2
title_1.txt;section 165 a;legalreferences;5
title_1.txt;section 165 d;legalreferences;1
title_1.txt;section 4 j 1;legalreferences;1
title_1.txt;section 4 j 2;legalreferences;1
title_1.txt;section 4 j 3;legalreferences;1
title_1.txt;section 7 d 3;legalreferences;1
title_1.txt;section 7 e 1;legalreferences;1
title_1.txt;section 8 b 3;legalreferences;1
title_1.txt;standardizing;economicoperands;1
title_1.txt;subparagraphs;other;2
title_1.txt;substantially;attributes;1
title_1.txt;systemic risk;economicoperands;5
title_1.txt;the number of;mathematicaloperators;1
title_1.txt;this subtitle;legalreferences;7
title_1.txt;to the extent;logicalconnectors;8
title_1.txt;together with;logicalconnectors;1
title_1.txt;transfer date;economicoperands;2
title_1.txt;united states;economicoperands;102
title_1.txt;urban affairs;economicoperands;8
title_1.txt;voting member;economicoperands;2
title_1.txt;voting shares;economicoperands;1
title_1.txt;acquisitions;economicoperands;4
title_1.txt;administered;economicoperands;1
title_1.txt;advisability;economicoperands;1
title_1.txt;affiliations;economicoperands;4
title_1.txt;applications;economicoperands;1
title_1.txt;appropriated;economicoperands;1
title_1.txt;availability;economicoperands;8
title_1.txt;capabilities;economicoperands;3
title_1.txt;commissioner;economicoperands;2
title_1.txt;compensation;economicoperands;5
title_1.txt;concentrated;economicoperands;1
title_1.txt;confidential;economicoperands;7
title_1.txt;consequences;economicoperands;2
title_1.txt;consolidated;economicoperands;10
title_1.txt;consultation;economicoperands;4
title_1.txt;coordination;economicoperands;8
title_1.txt;corporations;economicoperands;1
title_1.txt;counterparts;economicoperands;1
title_1.txt;counterparty;economicoperands;1
title_1.txt;cross-border;economicoperands;1
title_1.txt;deficiencies;economicoperands;4
title_1.txt;definitional;other;1
title_1.txt;demonstrated;economicoperands;1
title_1.txt;descriptions;economicoperands;1
title_1.txt;developments;economicoperands;5
title_1.txt;earlier than;mathematicaloperators;1
title_1.txt;establishing;regulatoryoperators;3
title_1.txt;examinations;economicoperands;5
title_1.txt;expectations;economicoperands;1
title_1.txt;experiencing;economicoperands;1
title_1.txt;foreign bank;economicoperands;8
title_1.txt;functionally;economicoperands;1
title_1.txt;greater than;mathematicaloperators;6
title_1.txt;implementing;regulatoryoperators;5
title_1.txt;implications;logicalconnectors;1
title_1.txt;in the place;logicalconnectors;1
title_1.txt;incorporated;economicoperands;4
title_1.txt;institutions;economicoperands;34
title_1.txt;intellectual;economicoperands;1
title_1.txt;intermediate;economicoperands;4
title_1.txt;intermittent;economicoperands;2
title_1.txt;interruption;economicoperands;2
title_1.txt;intervention;economicoperands;1
title_1.txt;jurisdiction;economicoperands;4
title_1.txt;market share;economicoperands;1
title_1.txt;modification;economicoperands;5
title_1.txt;multilateral;economicoperands;1
title_1.txt;nondelegable;economicoperands;3
title_1.txt;nonfinancial;economicoperands;3
title_1.txt;notification;economicoperands;1
title_1.txt;on behalf of;functionwords;10
title_1.txt;organization;economicoperands;3
title_1.txt;participants;economicoperands;1
title_1.txt;participated;economicoperands;1
title_1.txt;participates;economicoperands;2
title_1.txt;periodically;attributes;4
title_1.txt;professional;economicoperands;9
title_1.txt;programmatic;economicoperands;2
title_1.txt;prohibitions;regulatoryoperators;1
title_1.txt;reevaluation;economicoperands;1
title_1.txt;registration;economicoperands;6
title_1.txt;reimbursable;economicoperands;1
title_1.txt;requirements;economicoperands;56
title_1.txt;respectively;logicalconnectors;1
title_1.txt;restrictions;regulatoryoperators;2
title_1.txt;section 5314;legalreferences;2
title_1.txt;section 5316;legalreferences;1
title_1.txt;shareholders;economicoperands;1
title_1.txt;specifically;logicalconnectors;1
title_1.txt;stakeholders;economicoperands;1
title_1.txt;subparagraph;other;4
title_1.txt;subsection a;legalreferences;43
title_1.txt;subsection c;legalreferences;2
title_1.txt;subsection d;legalreferences;2
title_1.txt;subsection e;legalreferences;1
title_1.txt;subsidiaries;economicoperands;16
title_1.txt;this section;legalreferences;20
title_1.txt;transactions;economicoperands;14
title_1.txt;unaffiliated;economicoperands;3
title_1.txt;unauthorized;economicoperands;1
title_1.txt;unexpectedly;economicoperands;1
title_1.txt;12 usc 3207;legalreferences;1
title_1.txt;acceptances;economicoperands;2
title_1.txt;accompanied;economicoperands;1
title_1.txt;accumulated;economicoperands;1
title_1.txt;acquisition;economicoperands;5
title_1.txt;adjustments;economicoperands;1
title_1.txt;antievasion;economicoperands;1
title_1.txt;application;economicoperands;11
title_1.txt;appointment;economicoperands;1
title_1.txt;appropriate;attributes;49
title_1.txt;assessments;economicoperands;3
title_1.txt;authorities;economicoperands;2
title_1.txt;being taken;other;1
title_1.txt;chairperson;economicoperands;27
title_1.txt;combination;economicoperands;1
title_1.txt;commingling;economicoperands;1
title_1.txt;commodities;economicoperands;1
title_1.txt;communities;economicoperands;5
title_1.txt;compensated;economicoperands;2
title_1.txt;competitive;economicoperands;5
title_1.txt;computation;economicoperands;1
title_1.txt;concurrence;economicoperands;1
title_1.txt;conflicting;economicoperands;1
title_1.txt;consolidate;economicoperands;1
title_1.txt;contractual;economicoperands;1
title_1.txt;controlling;economicoperands;3
title_1.txt;convertible;economicoperands;2
title_1.txt;coordinated;economicoperands;1
title_1.txt;corporation;economicoperands;21
title_1.txt;data center;economicoperands;15
title_1.txt;definitions;economicoperands;8
title_1.txt;denominator;mathematicaloperators;4
title_1.txt;derivatives;economicoperands;2
title_1.txt;description;economicoperands;2
title_1.txt;determining;regulatoryoperators;8
title_1.txt;development;economicoperands;5
title_1.txt;differences;logicalconnectors;4
title_1.txt;disclosures;economicoperands;7
title_1.txt;discussions;economicoperands;4
title_1.txt;disruptions;economicoperands;1
title_1.txt;divestiture;economicoperands;2
title_1.txt;duplication;economicoperands;1
title_1.txt;duplicative;economicoperands;2
title_1.txt;eliminating;economicoperands;1
title_1.txt;endorsement;economicoperands;1
title_1.txt;enforceable;economicoperands;2
title_1.txt;enforcement;economicoperands;12
title_1.txt;established;regulatoryoperators;22
title_1.txt;establishes;regulatoryoperators;1
title_1.txt;evaluations;economicoperands;1
title_1.txt;examination;economicoperands;10
title_1.txt;explanation;economicoperands;3
title_1.txt;feasibility;economicoperands;1
title_1.txt;foreseeable;economicoperands;1
title_1.txt;governments;economicoperands;3
title_1.txt;identifying;economicoperands;1
title_1.txt;immediately;attributes;1
title_1.txt;implemented;regulatoryoperators;1
title_1.txt;in a manner;logicalconnectors;3
title_1.txt;in addition;logicalconnectors;2
title_1.txt;in any case;logicalconnectors;2
title_1.txt;in light of;functionwords;2
title_1.txt;in order to;logicalconnectors;15
title_1.txt;independent;economicoperands;8
title_1.txt;individuals;economicoperands;1
title_1.txt;information;economicoperands;47
title_1.txt;institution;economicoperands;5
title_1.txt;instruments;economicoperands;17
title_1.txt;investigate;economicoperands;2
title_1.txt;investments;economicoperands;5
title_1.txt;legislation;economicoperands;1
title_1.txt;legislative;economicoperands;2
title_1.txt;liabilities;economicoperands;5
title_1.txt;limitations;regulatoryoperators;3
title_1.txt;liquidation;economicoperands;2
title_1.txt;longer than;mathematicaloperators;2
title_1.txt;marketplace;economicoperands;3
title_1.txt;necessarily;attributes;1
title_1.txt;non-federal;economicoperands;1
title_1.txt;nonpublicly;economicoperands;1
title_1.txt;obligations;economicoperands;7
title_1.txt;on the date;logicalconnectors;5
title_1.txt;operational;economicoperands;2
title_1.txt;opportunity;economicoperands;13
title_1.txt;paragraph 1;legalreferences;48
title_1.txt;paragraph 2;legalreferences;9
title_1.txt;paragraph 3;legalreferences;7
title_1.txt;paragraph 4;legalreferences;2
title_1.txt;paragraph 6;legalreferences;2
title_1.txt;performance;economicoperands;1
title_1.txt;practicable;economicoperands;4
title_1.txt;prescribing;regulatoryoperators;4
title_1.txt;probability;economicoperands;1
title_1.txt;proceedings;economicoperands;2
title_1.txt;procurement;economicoperands;1
title_1.txt;prohibiting;regulatoryoperators;4
title_1.txt;prohibition;regulatoryoperators;6
title_1.txt;promulgated;regulatoryoperators;2
title_1.txt;publication;economicoperands;3
title_1.txt;pursuant to;logicalconnectors;16
title_1.txt;recommended;economicoperands;5
title_1.txt;recruitment;economicoperands;2
title_1.txt;referred to;functionwords;2
title_1.txt;regulations;regulatoryoperators;48
title_1.txt;relating to;logicalconnectors;7
title_1.txt;relevant to;logicalconnectors;1
title_1.txt;remediation;economicoperands;5
title_1.txt;represented;economicoperands;1
title_1.txt;requirement;economicoperands;14
title_1.txt;restoration;economicoperands;1
title_1.txt;section 102;legalreferences;1
title_1.txt;section 113;legalreferences;12
title_1.txt;section 115;legalreferences;7
title_1.txt;section 119;legalreferences;1
title_1.txt;section 120;legalreferences;1
title_1.txt;section 152;legalreferences;1
title_1.txt;section 153;legalreferences;1
title_1.txt;section 154;legalreferences;2
title_1.txt;section 165;legalreferences;2
title_1.txt;section 167;legalreferences;1
title_1.txt;section 4 c;legalreferences;1
title_1.txt;section 4 k;legalreferences;7
title_1.txt;section 552;legalreferences;1
title_1.txt;section 553;legalreferences;1
title_1.txt;section 8 a;legalreferences;1
title_1.txt;section 8 t;legalreferences;1
title_1.txt;securitized;economicoperands;1
title_1.txt;segregation;economicoperands;1
title_1.txt;short title;other;1
title_1.txt;short-dated;attributes;1
title_1.txt;significant;attributes;14
title_1.txt;standardize;economicoperands;1
title_1.txt;streamlined;economicoperands;1
title_1.txt;stress test;economicoperands;1
title_1.txt;submissions;economicoperands;1
title_1.txt;subsections;other;14
title_1.txt;substitutes;other;2
title_1.txt;summarizing;economicoperands;2
title_1.txt;supervision;economicoperands;17
title_1.txt;supervisors;economicoperands;1
title_1.txt;supervisory;economicoperands;10
title_1.txt;take effect;regulatoryoperators;2
title_1.txt;termination;economicoperands;3
title_1.txt;third party;economicoperands;1
title_1.txt;threatening;economicoperands;1
title_1.txt;traditional;economicoperands;1
title_1.txt;transaction;economicoperands;8
title_1.txt;transferred;economicoperands;3
title_1.txt;underserved;economicoperands;3
title_1.txt;25 percent;attributes;1
title_1.txt;85 percent;attributes;2
title_1.txt;acceptable;attributes;3
title_1.txt;accounting;economicoperands;2
title_1.txt;activities;economicoperands;76
title_1.txt;additional;mathematicaloperators;8
title_1.txt;adequately;attributes;1
title_1.txt;adjustment;economicoperands;2
title_1.txt;administer;economicoperands;2
title_1.txt;affiliated;economicoperands;3
title_1.txt;affiliates;economicoperands;7
title_1.txt;agreements;economicoperands;5
title_1.txt;amendments;other;2
title_1.txt;analytical;economicoperands;1
title_1.txt;applicable;functionwords;13
title_1.txt;applicants;economicoperands;1
title_1.txt;as follows;functionwords;1
title_1.txt;as long as;logicalconnectors;1
title_1.txt;assessment;economicoperands;3
title_1.txt;assignable;economicoperands;1
title_1.txt;assignment;economicoperands;1
title_1.txt;assistance;economicoperands;5
title_1.txt;at the end;logicalconnectors;8
title_1.txt;authorized;regulatoryoperators;9
title_1.txt;authorizes;regulatoryoperators;1
title_1.txt;bankruptcy;economicoperands;1
title_1.txt;based upon;other;1
title_1.txt;because of;logicalconnectors;2
title_1.txt;businesses;economicoperands;2
title_1.txt;capricious;economicoperands;1
title_1.txt;chapter 51;legalreferences;1
title_1.txt;chapter 53;legalreferences;1
title_1.txt;collateral;economicoperands;1
title_1.txt;collecting;economicoperands;1
title_1.txt;collection;economicoperands;4
title_1.txt;commencing;economicoperands;1
title_1.txt;commercial;economicoperands;3
title_1.txt;commission;economicoperands;6
title_1.txt;committees;economicoperands;8
title_1.txt;comparable;economicoperands;6
title_1.txt;complexity;economicoperands;4
title_1.txt;compliance;regulatoryoperators;9
title_1.txt;components;economicoperands;3
title_1.txt;compromise;economicoperands;1
title_1.txt;concerning;logicalconnectors;8
title_1.txt;conditions;logicalconnectors;5
title_1.txt;conduct of;economicoperands;4
title_1.txt;conducting;economicoperands;3
title_1.txt;confidence;economicoperands;1
title_1.txt;considered;logicalconnectors;4
title_1.txt;consist of;economicoperands;1
title_1.txt;consistent;attributes;7
title_1.txt;constitute;economicoperands;1
title_1.txt;consulting;economicoperands;1
title_1.txt;containing;economicoperands;2
title_1.txt;contingent;economicoperands;3
title_1.txt;controlled;economicoperands;1
title_1.txt;conversion;economicoperands;1
title_1.txt;coordinate;economicoperands;5
title_1.txt;creativity;economicoperands;1
title_1.txt;deductions;mathematicaloperators;2
title_1.txt;definition;economicoperands;3
title_1.txt;department;economicoperands;7
title_1.txt;depository;economicoperands;16
title_1.txt;describing;other;1
title_1.txt;designated;regulatoryoperators;5
title_1.txt;determined;regulatoryoperators;14
title_1.txt;determines;regulatoryoperators;20
title_1.txt;developing;economicoperands;2
title_1.txt;disability;economicoperands;1
title_1.txt;disclosure;economicoperands;2
title_1.txt;discretion;economicoperands;5
title_1.txt;discussion;economicoperands;1
title_1.txt;disputants;economicoperands;2
title_1.txt;disruption;economicoperands;1
title_1.txt;due regard;economicoperands;3
title_1.txt;efficiency;economicoperands;3
title_1.txt;employment;economicoperands;2
title_1.txt;enterprise;economicoperands;1
title_1.txt;enumerated;economicoperands;1
title_1.txt;equivalent;logicalconnectors;1
title_1.txt;evaluation;economicoperands;8
title_1.txt;exceptions;logicalconnectors;2
title_1.txt;executives;economicoperands;1
title_1.txt;exemptions;regulatoryoperators;5
title_1.txt;exercising;economicoperands;2
title_1.txt;experience;economicoperands;1
title_1.txt;expiration;economicoperands;2
title_1.txt;extensions;economicoperands;1
title_1.txt;externally;economicoperands;2
title_1.txt;facilitate;economicoperands;6
title_1.txt;facilities;economicoperands;2
title_1.txt;fewer than;mathematicaloperators;7
title_1.txt;fulfilling;economicoperands;1
title_1.txt;good faith;economicoperands;1
title_1.txt;government;economicoperands;12
title_1.txt;guaranteed;economicoperands;1
title_1.txt;guarantees;economicoperands;3
title_1.txt;heightened;economicoperands;7
title_1.txt;historical;economicoperands;1
title_1.txt;households;economicoperands;2
title_1.txt;identified;economicoperands;3
title_1.txt;identifies;economicoperands;2
title_1.txt;importance;economicoperands;4
title_1.txt;imposition;economicoperands;3
title_1.txt;in general;logicalconnectors;43
title_1.txt;inadequate;attributes;1
title_1.txt;incidental;economicoperands;4
title_1.txt;increasing;mathematicaloperators;1
title_1.txt;indicators;economicoperands;2
title_1.txt;indirectly;attributes;2
title_1.txt;individual;economicoperands;6
title_1.txt;initiative;economicoperands;1
title_1.txt;innovation;economicoperands;1
title_1.txt;insolvency;economicoperands;1
title_1.txt;interlocks;economicoperands;3
title_1.txt;investment;economicoperands;3
title_1.txt;leadership;economicoperands;1
title_1.txt;limitation;regulatoryoperators;3
title_1.txt;limited to;logicalconnectors;1
title_1.txt;low-income;economicoperands;3
title_1.txt;maintained;economicoperands;4
title_1.txt;management;economicoperands;11
title_1.txt;maturities;economicoperands;1
title_1.txt;mechanisms;economicoperands;1
title_1.txt;membership;economicoperands;1
title_1.txt;mitigation;regulatoryoperators;4
title_1.txt;mitigatory;regulatoryoperators;4
title_1.txt;monitoring;economicoperands;4
title_1.txt;negatively;attributes;1
title_1.txt;nonbinding;economicoperands;2
title_1.txt;objectives;economicoperands;1
title_1.txt;obtainable;economicoperands;1
title_1.txt;operations;economicoperands;10
title_1.txt;paragraphs;functionwords;4
title_1.txt;parameters;economicoperands;1
title_1.txt;particular;functionwords;4
title_1.txt;percentage;attributes;1
title_1.txt;performing;economicoperands;3
title_1.txt;permission;economicoperands;1
title_1.txt;permissive;economicoperands;1
title_1.txt;personally;economicoperands;4
title_1.txt;prescribed;regulatoryoperators;9
title_1.txt;previously;logicalconnectors;1
title_1.txt;principles;economicoperands;1
title_1.txt;priorities;economicoperands;1
title_1.txt;procedures;economicoperands;3
title_1.txt;proceeding;economicoperands;1
title_1.txt;production;economicoperands;1
title_1.txt;promulgate;regulatoryoperators;6
title_1.txt;provisions;economicoperands;7
title_1.txt;prudential;economicoperands;3
title_1.txt;reasonable;attributes;7
title_1.txt;redemption;economicoperands;1
title_1.txt;reevaluate;economicoperands;2
title_1.txt;references;economicoperands;1
title_1.txt;refinement;economicoperands;1
title_1.txt;reflecting;economicoperands;1
title_1.txt;registered;economicoperands;2
title_1.txt;regulation;regulatoryoperators;15
title_1.txt;regulators;economicoperands;3
title_1.txt;regulatory;economicoperands;27
title_1.txt;represents;economicoperands;2
title_1.txt;repurchase;economicoperands;5
title_1.txt;rescission;economicoperands;2
title_1.txt;resolution;economicoperands;26
title_1.txt;respective;logicalconnectors;3
title_1.txt;risk-based;economicoperands;1
title_1.txt;rulemaking;other;6
title_1.txt;safeguards;economicoperands;5
title_1.txt;section 15;legalreferences;1
title_1.txt;section 38;legalreferences;2
title_1.txt;securities;economicoperands;8
title_1.txt;semiannual;attributes;1
title_1.txt;separation;economicoperands;1
title_1.txt;settlement;economicoperands;1
title_1.txt;short-term;economicoperands;2
title_1.txt;statements;economicoperands;1
title_1.txt;stringency;economicoperands;4
title_1.txt;subject to;logicalconnectors;32
title_1.txt;submission;economicoperands;11
title_1.txt;submitting;economicoperands;1
title_1.txt;subsection;legalreferences;2
title_1.txt;subsequent;functionwords;3
title_1.txt;subsidiary;economicoperands;36
title_1.txt;subtitle a;legalreferences;3
title_1.txt;subtitle b;legalreferences;3
title_1.txt;succession;economicoperands;2
title_1.txt;sufficient;attributes;2
title_1.txt;supervised;regulatoryoperators;39
title_1.txt;supervises;regulatoryoperators;1
title_1.txt;supervisor;economicoperands;2
title_1.txt;systemwide;economicoperands;1
title_1.txt;tax-exempt;economicoperands;1
title_1.txt;techniques;economicoperands;1
title_1.txt;technology;economicoperands;1
title_1.txt;thereafter;logicalconnectors;2
title_1.txt;thereunder;logicalconnectors;3
title_1.txt;this title;legalreferences;19
title_1.txt;threatened;economicoperands;1
title_1.txt;title viii;legalreferences;2
title_1.txt;transition;economicoperands;5
title_1.txt;undertaken;economicoperands;2
title_1.txt;15 months;attributes;1
title_1.txt;18 months;attributes;4
title_1.txt;2 content;legalreferences;1
title_1.txt;academics;economicoperands;1
title_1.txt;advisable;attributes;2
title_1.txt;affiliate;economicoperands;10
title_1.txt;amount of;mathematicaloperators;3
title_1.txt;applicant;economicoperands;1
title_1.txt;appointed;economicoperands;7
title_1.txt;arbitrary;economicoperands;1
title_1.txt;assembled;economicoperands;1
title_1.txt;assessing;economicoperands;4
title_1.txt;assisting;economicoperands;1
title_1.txt;authority;economicoperands;41
title_1.txt;available;economicoperands;13
title_1.txt;be served;functionwords;1
title_1.txt;beginning;logicalconnectors;1
title_1.txt;bona fide;economicoperands;1
title_1.txt;borrowing;economicoperands;2
title_1.txt;carry out;economicoperands;10
title_1.txt;certified;economicoperands;1
title_1.txt;chartered;economicoperands;1
title_1.txt;clause ii;legalreferences;1
title_1.txt;collected;economicoperands;7
title_1.txt;committee;economicoperands;19
title_1.txt;companies;economicoperands;131
title_1.txt;component;economicoperands;2
title_1.txt;computing;economicoperands;1
title_1.txt;concerned;economicoperands;1
title_1.txt;condition;logicalconnectors;4
title_1.txt;conducted;economicoperands;5
title_1.txt;confirmed;economicoperands;2
title_1.txt;considers;economicoperands;2
title_1.txt;construed;other;7
title_1.txt;contracts;economicoperands;3
title_1.txt;contumacy;economicoperands;1
title_1.txt;converted;economicoperands;1
title_1.txt;creditors;economicoperands;1
title_1.txt;currently;functionwords;1
title_1.txt;decisions;economicoperands;1
title_1.txt;deduction;mathematicaloperators;1
title_1.txt;deposited;economicoperands;1
title_1.txt;described;other;76
title_1.txt;detailing;other;1
title_1.txt;determine;regulatoryoperators;14
title_1.txt;developed;economicoperands;1
title_1.txt;different;logicalconnectors;3
title_1.txt;direction;economicoperands;1
title_1.txt;directors;economicoperands;3
title_1.txt;disputing;economicoperands;1
title_1.txt;effective;other;6
title_1.txt;emergency;economicoperands;1
title_1.txt;employees;economicoperands;10
title_1.txt;enactment;other;17
title_1.txt;encourage;economicoperands;1
title_1.txt;enforcing;regulatoryoperators;1
title_1.txt;essential;economicoperands;1
title_1.txt;establish;regulatoryoperators;26
title_1.txt;except as;logicalconnectors;6
title_1.txt;exception;logicalconnectors;1
title_1.txt;excluding;logicalconnectors;1
title_1.txt;execution;economicoperands;1
title_1.txt;exempting;regulatoryoperators;1
title_1.txt;exemption;regulatoryoperators;7
title_1.txt;exercises;economicoperands;1
title_1.txt;expertise;economicoperands;3
title_1.txt;exposures;economicoperands;4
title_1.txt;expressed;economicoperands;1
title_1.txt;extension;economicoperands;1
title_1.txt;extrinsic;economicoperands;1
title_1.txt;financial;economicoperands;195
title_1.txt;following;functionwords;15
title_1.txt;foregoing;economicoperands;1
title_1.txt;functions;economicoperands;6
title_1.txt;gao audit;economicoperands;1
title_1.txt;generally;functionwords;2
title_1.txt;governing;economicoperands;1
title_1.txt;governors;economicoperands;63
title_1.txt;guarantee;economicoperands;1
title_1.txt;happening;economicoperands;1
title_1.txt;high-risk;economicoperands;1
title_1.txt;implement;regulatoryoperators;7
title_1.txt;including;logicalconnectors;51
title_1.txt;inclusion;logicalconnectors;1
title_1.txt;inserting;other;10
title_1.txt;insolvent;economicoperands;1
title_1.txt;insurance;economicoperands;8
title_1.txt;integrity;economicoperands;2
title_1.txt;interfere;economicoperands;1
title_1.txt;intrinsic;economicoperands;1
title_1.txt;less than;mathematicaloperators;7
title_1.txt;leveraged;economicoperands;1
title_1.txt;liability;economicoperands;3
title_1.txt;liquidity;economicoperands;6
title_1.txt;listed in;other;2
title_1.txt;long-term;economicoperands;2
title_1.txt;mandatory;regulatoryoperators;1
title_1.txt;materials;economicoperands;4
title_1.txt;mechanism;economicoperands;1
title_1.txt;more than;mathematicaloperators;2
title_1.txt;necessary;attributes;24
title_1.txt;no longer;attributes;2
title_1.txt;nominated;economicoperands;1
title_1.txt;nonvoting;economicoperands;4
title_1.txt;numerator;mathematicaloperators;4
title_1.txt;officials;economicoperands;1
title_1.txt;omissions;economicoperands;1
title_1.txt;operating;economicoperands;4
title_1.txt;operation;economicoperands;1
title_1.txt;organized;economicoperands;7
title_1.txt;otherwise;logicalconnectors;14
title_1.txt;oversight;economicoperands;3
title_1.txt;ownership;economicoperands;6
title_1.txt;permitted;regulatoryoperators;2
title_1.txt;personnel;economicoperands;2
title_1.txt;phased in;economicoperands;1
title_1.txt;positions;economicoperands;2
title_1.txt;potential;economicoperands;10
title_1.txt;practices;economicoperands;8
title_1.txt;preferred;economicoperands;3
title_1.txt;prescribe;regulatoryoperators;7
title_1.txt;presented;economicoperands;1
title_1.txt;president;economicoperands;6
title_1.txt;primarily;attributes;1
title_1.txt;principal;economicoperands;1
title_1.txt;principle;economicoperands;5
title_1.txt;privilege;economicoperands;4
title_1.txt;procedure;economicoperands;4
title_1.txt;processes;economicoperands;1
title_1.txt;proposals;economicoperands;1
title_1.txt;prospects;economicoperands;1
title_1.txt;protected;economicoperands;3
title_1.txt;providers;economicoperands;1
title_1.txt;providing;economicoperands;4
title_1.txt;provision;economicoperands;8
title_1.txt;purchased;economicoperands;2
title_1.txt;purchases;economicoperands;1
title_1.txt;qualified;economicoperands;3
title_1.txt;quarterly;attributes;1
title_1.txt;questions;economicoperands;1
title_1.txt;rationale;economicoperands;1
title_1.txt;receiving;economicoperands;1
title_1.txt;recommend;economicoperands;4
title_1.txt;reference;economicoperands;2
title_1.txt;regarding;logicalconnectors;16
title_1.txt;regularly;attributes;1
title_1.txt;regulated;regulatoryoperators;5
title_1.txt;regulator;economicoperands;2
title_1.txt;repayment;economicoperands;1
title_1.txt;reporting;economicoperands;6
title_1.txt;represent;economicoperands;1
title_1.txt;requested;regulatoryoperators;2
title_1.txt;requiring;regulatoryoperators;8
title_1.txt;rescinded;economicoperands;2
title_1.txt;resubmits;economicoperands;1
title_1.txt;resulting;economicoperands;2
title_1.txt;retention;economicoperands;3
title_1.txt;revisions;economicoperands;6
title_1.txt;riskiness;economicoperands;2
title_1.txt;safeguard;economicoperands;1
title_1.txt;schedules;economicoperands;1
title_1.txt;secretary;economicoperands;7
title_1.txt;section 2;legalreferences;1
title_1.txt;section 3;legalreferences;2
title_1.txt;section 4;legalreferences;1
title_1.txt;section 7;legalreferences;1
title_1.txt;section 8;legalreferences;2
title_1.txt;selection;economicoperands;3
title_1.txt;set forth;regulatoryoperators;13
title_1.txt;signature;economicoperands;1
title_1.txt;similarly;logicalconnectors;1
title_1.txt;soundness;economicoperands;4
title_1.txt;specified;regulatoryoperators;3
title_1.txt;spreading;economicoperands;2
title_1.txt;stability;economicoperands;10
title_1.txt;standards;economicoperands;43
title_1.txt;statement;economicoperands;6
title_1.txt;stringent;attributes;9
title_1.txt;structure;economicoperands;8
title_1.txt;submitted;economicoperands;7
title_1.txt;subpoenas;economicoperands;1
title_1.txt;subtitles;other;3
title_1.txt;successor;economicoperands;3
title_1.txt;supersede;regulatoryoperators;1
title_1.txt;supervise;regulatoryoperators;1
title_1.txt;taxpayers;economicoperands;1
title_1.txt;technical;economicoperands;9
title_1.txt;temporary;attributes;3
title_1.txt;terminate;economicoperands;3
title_1.txt;testimony;economicoperands;10
title_1.txt;threshold;economicoperands;3
title_1.txt;timeframe;economicoperands;1
title_1.txt;timelines;economicoperands;1
title_1.txt;treatment;economicoperands;10
title_1.txt;utilities;economicoperands;1
title_1.txt;valuation;economicoperands;3
title_1.txt;violation;economicoperands;2
title_1.txt;workforce;economicoperands;3
title_1.txt;workplace;economicoperands;1
title_1.txt;1 notice;legalreferences;2
title_1.txt;180 days;attributes;1
title_1.txt;24 hours;attributes;1
title_1.txt;academic;economicoperands;1
title_1.txt;accounts;economicoperands;1
title_1.txt;activity;economicoperands;13
title_1.txt;adequacy;economicoperands;2
title_1.txt;adopting;economicoperands;4
title_1.txt;advisors;economicoperands;1
title_1.txt;advisory;economicoperands;10
title_1.txt;agencies;economicoperands;50
title_1.txt;agreeing;economicoperands;1
title_1.txt;allowing;regulatoryoperators;1
title_1.txt;analyses;economicoperands;4
title_1.txt;analysis;economicoperands;5
title_1.txt;analytic;economicoperands;1
title_1.txt;annually;attributes;4
title_1.txt;applying;other;2
title_1.txt;approval;regulatoryoperators;3
title_1.txt;approved;regulatoryoperators;1
title_1.txt;at least;logicalconnectors;4
title_1.txt;attracts;economicoperands;1
title_1.txt;avoiding;economicoperands;1
title_1.txt;based on;other;14
title_1.txt;baseline;economicoperands;2
title_1.txt;believes;economicoperands;2
title_1.txt;benefits;economicoperands;6
title_1.txt;business;economicoperands;12
title_1.txt;capacity;economicoperands;1
title_1.txt;carrying;economicoperands;5
title_1.txt;category;economicoperands;2
title_1.txt;chairman;economicoperands;4
title_1.txt;channels;economicoperands;1
title_1.txt;clearing;economicoperands;2
title_1.txt;comments;economicoperands;1
title_1.txt;concerns;economicoperands;1
title_1.txt;conducts;economicoperands;2
title_1.txt;congress;economicoperands;18
title_1.txt;consider;economicoperands;12
title_1.txt;contempt;economicoperands;1
title_1.txt;continue;economicoperands;3
title_1.txt;contract;economicoperands;1
title_1.txt;controls;economicoperands;6
title_1.txt;credible;attributes;3
title_1.txt;credited;economicoperands;4
title_1.txt;criteria;economicoperands;9
title_1.txt;database;economicoperands;2
title_1.txt;december;attributes;1
title_1.txt;decision;economicoperands;12
title_1.txt;declines;economicoperands;1
title_1.txt;deducted;mathematicaloperators;1
title_1.txt;delivery;economicoperands;1
title_1.txt;deposits;economicoperands;2
title_1.txt;deriving;economicoperands;1
title_1.txt;describe;other;1
title_1.txt;designee;economicoperands;1
title_1.txt;detailed;other;4
title_1.txt;directly;attributes;2
title_1.txt;director;economicoperands;38
title_1.txt;distress;economicoperands;11
title_1.txt;district;economicoperands;3
title_1.txt;does not;logicalconnectors;13
title_1.txt;domestic;economicoperands;3
title_1.txt;economic;economicoperands;8
title_1.txt;eligible;economicoperands;1
title_1.txt;emerging;economicoperands;3
title_1.txt;employed;economicoperands;1
title_1.txt;employee;economicoperands;9
title_1.txt;enforced;regulatoryoperators;1
title_1.txt;engaging;economicoperands;2
title_1.txt;enhanced;economicoperands;7
title_1.txt;ensuring;regulatoryoperators;1
title_1.txt;entirety;logicalconnectors;1
title_1.txt;entities;economicoperands;12
title_1.txt;equal to;logicalconnectors;7
title_1.txt;equality;economicoperands;4
title_1.txt;estimate;economicoperands;1
title_1.txt;evaluate;economicoperands;1
title_1.txt;exchange;economicoperands;3
title_1.txt;excluded;logicalconnectors;2
title_1.txt;exercise;economicoperands;1
title_1.txt;existing;economicoperands;3
title_1.txt;expedite;economicoperands;1
title_1.txt;expended;economicoperands;1
title_1.txt;expenses;economicoperands;5
title_1.txt;explicit;economicoperands;1
title_1.txt;exposure;economicoperands;2
title_1.txt;failures;economicoperands;1
title_1.txt;findings;economicoperands;4
title_1.txt;flexible;economicoperands;1
title_1.txt;fulfills;economicoperands;1
title_1.txt;guidance;economicoperands;1
title_1.txt;hearings;economicoperands;1
title_1.txt;identify;economicoperands;6
title_1.txt;implicit;attributes;1
title_1.txt;imposing;regulatoryoperators;2
title_1.txt;includes;logicalconnectors;9
title_1.txt;increase;mathematicaloperators;6
title_1.txt;indirect;attributes;1
title_1.txt;industry;economicoperands;1
title_1.txt;informed;economicoperands;2
title_1.txt;initiate;economicoperands;1
title_1.txt;intended;economicoperands;1
title_1.txt;interest;economicoperands;3
title_1.txt;internal;economicoperands;3
title_1.txt;invested;economicoperands;1
title_1.txt;investor;economicoperands;1
title_1.txt;involved;economicoperands;1
title_1.txt;issuance;economicoperands;1
title_1.txt;judgment;economicoperands;1
title_1.txt;leverage;economicoperands;8
title_1.txt;limiting;regulatoryoperators;4
title_1.txt;maintain;economicoperands;12
title_1.txt;majority;economicoperands;1
title_1.txt;managing;economicoperands;1
title_1.txt;material;economicoperands;10
title_1.txt;maturity;economicoperands;1
title_1.txt;maximize;mathematicaloperators;1
title_1.txt;meanings;other;1
title_1.txt;measures;economicoperands;2
title_1.txt;meetings;economicoperands;3
title_1.txt;minimize;mathematicaloperators;3
title_1.txt;minority;economicoperands;3
title_1.txt;mitigate;regulatoryoperators;14
title_1.txt;national;economicoperands;6
title_1.txt;not only;logicalconnectors;1
title_1.txt;notified;economicoperands;1
title_1.txt;obtained;economicoperands;5
title_1.txt;officers;economicoperands;4
title_1.txt;official;economicoperands;3
title_1.txt;operates;economicoperands;1
title_1.txt;overseen;economicoperands;1
title_1.txt;patterns;economicoperands;1
title_1.txt;periodic;attributes;4
title_1.txt;phase-in;economicoperands;2
title_1.txt;policies;economicoperands;2
title_1.txt;position;economicoperands;3
title_1.txt;possible;attributes;8
title_1.txt;practice;economicoperands;9
title_1.txt;presents;economicoperands;5
title_1.txt;problems;economicoperands;2
title_1.txt;proceeds;economicoperands;3
title_1.txt;products;economicoperands;2
title_1.txt;programs;economicoperands;1
title_1.txt;prohibit;regulatoryoperators;2
title_1.txt;projects;economicoperands;1
title_1.txt;promptly;attributes;1
title_1.txt;properly;attributes;1
title_1.txt;property;economicoperands;1
title_1.txt;proposed;economicoperands;4
title_1.txt;provided;logicalconnectors;13
title_1.txt;provides;economicoperands;1
title_1.txt;publicly;economicoperands;3
title_1.txt;punished;economicoperands;1
title_1.txt;purposes;economicoperands;39
title_1.txt;receipts;economicoperands;1
title_1.txt;received;economicoperands;2
title_1.txt;receiver;economicoperands;1
title_1.txt;receives;economicoperands;2
title_1.txt;recourse;economicoperands;1
title_1.txt;recovery;economicoperands;1
title_1.txt;referral;economicoperands;1
title_1.txt;register;economicoperands;2
title_1.txt;relevant;attributes;6
title_1.txt;reliance;economicoperands;2
title_1.txt;remedial;economicoperands;1
title_1.txt;remedies;economicoperands;1
title_1.txt;reported;economicoperands;3
title_1.txt;requests;economicoperands;3
title_1.txt;required;regulatoryoperators;50
title_1.txt;requires;regulatoryoperators;3
title_1.txt;research;economicoperands;17
title_1.txt;restrict;regulatoryoperators;2
title_1.txt;resubmit;economicoperands;4
title_1.txt;revision;economicoperands;1
title_1.txt;schedule;economicoperands;3
title_1.txt;security;economicoperands;2
title_1.txt;separate;economicoperands;1
title_1.txt;services;economicoperands;15
title_1.txt;severely;economicoperands;2
title_1.txt;software;economicoperands;2
title_1.txt;specific;logicalconnectors;4
title_1.txt;standard;economicoperands;5
title_1.txt;statutes;other;2
title_1.txt;striking;other;11
title_1.txt;subpoena;economicoperands;4
title_1.txt;subtitle;legalreferences;1
title_1.txt;suitable;regulatoryoperators;1
title_1.txt;tailored;other;1
title_1.txt;telework;economicoperands;1
title_1.txt;therefor;logicalconnectors;1
title_1.txt;this act;legalreferences;20
title_1.txt;title 11;legalreferences;3
title_1.txt;title 31;legalreferences;1
title_1.txt;title ii;legalreferences;3
title_1.txt;training;economicoperands;3
title_1.txt;transfer;economicoperands;2
title_1.txt;treasury;economicoperands;1
title_1.txt;validate;economicoperands;1
title_1.txt;violated;economicoperands;1
title_1.txt;whenever;logicalconnectors;5
title_1.txt;10 days;attributes;2
title_1.txt;14 days;attributes;1
title_1.txt;180-day;attributes;1
title_1.txt;2 years;attributes;6
title_1.txt;30 days;attributes;8
title_1.txt;5 years;attributes;5
title_1.txt;6 years;attributes;2
title_1.txt;60 days;attributes;5
title_1.txt;ability;economicoperands;3
title_1.txt;absence;economicoperands;1
title_1.txt;account;economicoperands;10
title_1.txt;acquire;economicoperands;2
title_1.txt;actions;economicoperands;10
title_1.txt;address;economicoperands;3
title_1.txt;adopted;economicoperands;4
title_1.txt;advance;economicoperands;1
title_1.txt;adverse;economicoperands;6
title_1.txt;against;functionwords;4
title_1.txt;already;attributes;2
title_1.txt;amended;regulatoryoperators;9
title_1.txt;amounts;economicoperands;5
title_1.txt;another;functionwords;3
title_1.txt;applied;other;4
title_1.txt;appoint;economicoperands;3
title_1.txt;arising;economicoperands;3
title_1.txt;average;mathematicaloperators;2
title_1.txt;back-up;economicoperands;2
title_1.txt;banking;economicoperands;22
title_1.txt;believe;economicoperands;1
title_1.txt;benefit;economicoperands;3
title_1.txt;between;functionwords;10
title_1.txt;binding;economicoperands;2
title_1.txt;capital;economicoperands;52
title_1.txt;catalog;economicoperands;2
title_1.txt;certain;functionwords;12
title_1.txt;changed;economicoperands;1
title_1.txt;changes;economicoperands;8
title_1.txt;chapter;other;2
title_1.txt;classes;economicoperands;1
title_1.txt;clauses;other;1
title_1.txt;collect;economicoperands;6
title_1.txt;comment;economicoperands;3
title_1.txt;company;economicoperands;164
title_1.txt;complex;economicoperands;1
title_1.txt;conduct;economicoperands;17
title_1.txt;conform;regulatoryoperators;1
title_1.txt;consent;economicoperands;3
title_1.txt;consult;economicoperands;9
title_1.txt;contain;economicoperands;3
title_1.txt;content;other;2
title_1.txt;contest;economicoperands;3
title_1.txt;context;other;1
title_1.txt;control;economicoperands;8
title_1.txt;council;economicoperands;213
title_1.txt;counsel;economicoperands;4
title_1.txt;country;economicoperands;13
title_1.txt;covered;economicoperands;1
title_1.txt;created;economicoperands;1
title_1.txt;current;functionwords;3
title_1.txt;curtail;economicoperands;1
title_1.txt;decline;economicoperands;2
title_1.txt;defined;economicoperands;12
title_1.txt;derived;economicoperands;1
title_1.txt;develop;economicoperands;4
title_1.txt;diffuse;economicoperands;2
title_1.txt;discuss;economicoperands;2
title_1.txt;dismiss;economicoperands;1
title_1.txt;dispute;economicoperands;9
title_1.txt;disrupt;economicoperands;2
title_1.txt;economy;economicoperands;3
title_1.txt;effects;economicoperands;5
title_1.txt;efforts;economicoperands;2
title_1.txt;enforce;regulatoryoperators;2
title_1.txt;engaged;economicoperands;4
title_1.txt;enhance;economicoperands;4
title_1.txt;evasion;economicoperands;1
title_1.txt;examine;economicoperands;3
title_1.txt;exceeds;mathematicaloperators;1
title_1.txt;exclude;logicalconnectors;1
title_1.txt;explain;economicoperands;2
title_1.txt;factors;economicoperands;16
title_1.txt;failure;economicoperands;19
title_1.txt;federal;economicoperands;27
title_1.txt;finance;economicoperands;2
title_1.txt;follows;functionwords;1
title_1.txt;foreign;economicoperands;41
title_1.txt;formats;economicoperands;4
title_1.txt;forward;economicoperands;1
title_1.txt;funding;economicoperands;5
title_1.txt;futures;economicoperands;1
title_1.txt;general;functionwords;5
title_1.txt;granted;regulatoryoperators;2
title_1.txt;greater;mathematicaloperators;3
title_1.txt;hearing;economicoperands;21
title_1.txt;holding;economicoperands;52
title_1.txt;housing;economicoperands;8
title_1.txt;imposed;regulatoryoperators;5
title_1.txt;improve;economicoperands;1
title_1.txt;in case;logicalconnectors;2
title_1.txt;include;logicalconnectors;21
title_1.txt;initial;economicoperands;1
title_1.txt;insured;economicoperands;16
title_1.txt;interim;economicoperands;1
title_1.txt;invited;economicoperands;1
title_1.txt;issuing;economicoperands;2
title_1.txt;january;attributes;3
title_1.txt;jointly;logicalconnectors;6
title_1.txt;lending;economicoperands;2
title_1.txt;letters;economicoperands;1
title_1.txt;limited;logicalconnectors;2
title_1.txt;located;economicoperands;1
title_1.txt;managed;economicoperands;2
title_1.txt;markets;economicoperands;11
title_1.txt;matters;functionwords;2
title_1.txt;maximum;mathematicaloperators;1
title_1.txt;measure;economicoperands;3
title_1.txt;meeting;economicoperands;2
title_1.txt;members;economicoperands;29
title_1.txt;metrics;economicoperands;1
title_1.txt;minimum;mathematicaloperators;12
title_1.txt;mission;economicoperands;1
title_1.txt;monitor;economicoperands;5
title_1.txt;nonbank;economicoperands;55
title_1.txt;nothing;logicalconnectors;7
title_1.txt;notices;economicoperands;2
title_1.txt;october;attributes;1
title_1.txt;officer;economicoperands;3
title_1.txt;offices;economicoperands;2
title_1.txt;ongoing;economicoperands;3
title_1.txt;options;economicoperands;1
title_1.txt;orderly;economicoperands;8
title_1.txt;outcome;economicoperands;1
title_1.txt;outside;functionwords;1
title_1.txt;overall;logicalconnectors;4
title_1.txt;parties;economicoperands;1
title_1.txt;partner;economicoperands;1
title_1.txt;payment;economicoperands;1
title_1.txt;pending;functionwords;1
title_1.txt;perform;economicoperands;1
title_1.txt;periods;economicoperands;1
title_1.txt;persons;economicoperands;3
title_1.txt;pledged;economicoperands;1
title_1.txt;portion;economicoperands;2
title_1.txt;prepare;economicoperands;2
title_1.txt;present;economicoperands;2
title_1.txt;prevent;regulatoryoperators;5
title_1.txt;primary;economicoperands;8
title_1.txt;private;economicoperands;4
title_1.txt;process;economicoperands;5
title_1.txt;procure;economicoperands;1
title_1.txt;product;economicoperands;1
title_1.txt;profile;economicoperands;2
title_1.txt;promote;economicoperands;6
title_1.txt;protect;economicoperands;1
title_1.txt;provide;economicoperands;25
title_1.txt;publish;economicoperands;5
title_1.txt;purpose;economicoperands;13
title_1.txt;qualify;economicoperands;1
title_1.txt;reasons;economicoperands;2
title_1.txt;receipt;economicoperands;14
title_1.txt;receive;economicoperands;1
title_1.txt;records;economicoperands;4
title_1.txt;related;logicalconnectors;8
title_1.txt;reports;economicoperands;32
title_1.txt;request;economicoperands;26
title_1.txt;require;regulatoryoperators;34
title_1.txt;rescind;economicoperands;1
title_1.txt;resolve;economicoperands;5
title_1.txt;respond;economicoperands;1
title_1.txt;results;economicoperands;9
title_1.txt;retains;economicoperands;1
title_1.txt;reverse;economicoperands;2
title_1.txt;role of;economicoperands;1
title_1.txt;rule of;economicoperands;1
title_1.txt;sec 122;legalreferences;1
title_1.txt;section;legalreferences;3
title_1.txt;service;economicoperands;5
title_1.txt;serving;economicoperands;11
title_1.txt;setting;economicoperands;1
title_1.txt;sharing;economicoperands;3
title_1.txt;shorter;mathematicaloperators;2
title_1.txt;similar;logicalconnectors;6
title_1.txt;smaller;mathematicaloperators;3
title_1.txt;sources;economicoperands;1
title_1.txt;special;economicoperands;7
title_1.txt;sponsor;economicoperands;2
title_1.txt;startup;economicoperands;1
title_1.txt;stating;economicoperands;2
title_1.txt;studies;economicoperands;3
title_1.txt;subject;economicoperands;9
title_1.txt;succeed;economicoperands;1
title_1.txt;summary;economicoperands;2
title_1.txt;support;economicoperands;11
title_1.txt;surplus;economicoperands;2
title_1.txt;systems;economicoperands;4
title_1.txt;testify;economicoperands;3
title_1.txt;that is;logicalconnectors;34
title_1.txt;therein;logicalconnectors;1
title_1.txt;thereof;logicalconnectors;20
title_1.txt;thereto;logicalconnectors;4
title_1.txt;threats;economicoperands;7
title_1.txt;through;functionwords;21
title_1.txt;title 5;legalreferences;9
title_1.txt;title i;legalreferences;1
title_1.txt;title x;legalreferences;1
title_1.txt;trading;economicoperands;1
title_1.txt;treated;economicoperands;9
title_1.txt;unsound;economicoperands;1
title_1.txt;vacancy;economicoperands;4
title_1.txt;volumes;economicoperands;1
title_1.txt;whether;logicalconnectors;17
title_1.txt;without;logicalconnectors;9
title_1.txt;working;economicoperands;1
title_1.txt;writing;economicoperands;9
title_1.txt;written;economicoperands;11
title_1.txt;2-year;attributes;3
title_1.txt;3-year;attributes;1
title_1.txt;60-day;attributes;1
title_1.txt;abroad;economicoperands;1
title_1.txt;absorb;economicoperands;1
title_1.txt;access;economicoperands;10
title_1.txt;acting;economicoperands;9
title_1.txt;action;economicoperands;17
title_1.txt;adding;mathematicaloperators;5
title_1.txt;adjust;economicoperands;1
title_1.txt;advice;economicoperands;5
title_1.txt;advise;economicoperands;1
title_1.txt;affect;economicoperands;4
title_1.txt;agency;economicoperands;20
title_1.txt;agents;economicoperands;1
title_1.txt;amount;economicoperands;6
title_1.txt;annual;attributes;10
title_1.txt;answer;economicoperands;1
title_1.txt;appeal;economicoperands;9
title_1.txt;appear;economicoperands;5
title_1.txt;assess;economicoperands;2
title_1.txt;assets;economicoperands;37
title_1.txt;assist;economicoperands;1
title_1.txt;backup;economicoperands;1
title_1.txt;become;economicoperands;3
title_1.txt;before;logicalconnectors;20
title_1.txt;belief;economicoperands;1
title_1.txt;branch;economicoperands;1
title_1.txt;broker;economicoperands;6
title_1.txt;budget;economicoperands;2
title_1.txt;burden;economicoperands;2
title_1.txt;bureau;economicoperands;2
title_1.txt;cannot;regulatoryoperators;1
title_1.txt;ceases;economicoperands;1
title_1.txt;change;economicoperands;1
title_1.txt;common;functionwords;1
title_1.txt;comply;regulatoryoperators;2
title_1.txt;copies;economicoperands;3
title_1.txt;course;economicoperands;1
title_1.txt;create;economicoperands;4
title_1.txt;credit;economicoperands;20
title_1.txt;dealer;economicoperands;6
title_1.txt;deduct;mathematicaloperators;1
title_1.txt;deemed;regulatoryoperators;2
title_1.txt;define;economicoperands;3
title_1.txt;degree;economicoperands;4
title_1.txt;denies;economicoperands;1
title_1.txt;detail;other;4
title_1.txt;direct;economicoperands;6
title_1.txt;divest;economicoperands;2
title_1.txt;during;functionwords;6
title_1.txt;duties;economicoperands;16
title_1.txt;effect;economicoperands;12
title_1.txt;effort;economicoperands;1
title_1.txt;engage;economicoperands;1
title_1.txt;ensure;regulatoryoperators;8
title_1.txt;entity;economicoperands;16
title_1.txt;equity;economicoperands;11
title_1.txt;ethics;economicoperands;1
title_1.txt;exceed;mathematicaloperators;1
title_1.txt;except;logicalconnectors;7
title_1.txt;exempt;regulatoryoperators;2
title_1.txt;exists;economicoperands;1
title_1.txt;expert;economicoperands;1
title_1.txt;extend;economicoperands;2
title_1.txt;extent;economicoperands;11
title_1.txt;factor;economicoperands;2
title_1.txt;failed;economicoperands;1
title_1.txt;filing;economicoperands;1
title_1.txt;filled;economicoperands;1
title_1.txt;fiscal;economicoperands;1
title_1.txt;follow;functionwords;1
title_1.txt;forced;economicoperands;1
title_1.txt;format;economicoperands;2
title_1.txt;foster;economicoperands;1
title_1.txt;future;economicoperands;2
title_1.txt;giving;functionwords;2
title_1.txt;global;economicoperands;2
title_1.txt;groups;other;1
title_1.txt;growth;economicoperands;2
title_1.txt;harbor;economicoperands;1
title_1.txt;having;functionwords;6
title_1.txt;headed;economicoperands;1
title_1.txt;higher;mathematicaloperators;1
title_1.txt;highly;attributes;2
title_1.txt;hiring;economicoperands;1
title_1.txt;hybrid;economicoperands;5
title_1.txt;impact;economicoperands;11
title_1.txt;impose;regulatoryoperators;4
title_1.txt;inform;economicoperands;1
title_1.txt;intent;economicoperands;1
title_1.txt;invest;economicoperands;1
title_1.txt;issued;economicoperands;9
title_1.txt;issues;economicoperands;3
title_1.txt;itself;functionwords;2
title_1.txt;lessen;mathematicaloperators;1
title_1.txt;levels;economicoperands;1
title_1.txt;likely;attributes;1
title_1.txt;limits;regulatoryoperators;19
title_1.txt;longer;mathematicaloperators;1
title_1.txt;losses;economicoperands;2
title_1.txt;making;functionwords;14
title_1.txt;manner;other;3
title_1.txt;market;economicoperands;3
title_1.txt;matter;other;1
title_1.txt;member;economicoperands;32
title_1.txt;merger;economicoperands;1
title_1.txt;models;economicoperands;1
title_1.txt;modify;economicoperands;1
title_1.txt;moneys;economicoperands;1
title_1.txt;mutual;economicoperands;1
title_1.txt;nature;economicoperands;27
title_1.txt;notice;economicoperands;25
title_1.txt;notify;economicoperands;7
title_1.txt;number;economicoperands;1
title_1.txt;obtain;economicoperands;1
title_1.txt;office;economicoperands;66
title_1.txt;orders;economicoperands;7
title_1.txt;parent;economicoperands;9
title_1.txt;period;economicoperands;18
title_1.txt;permit;regulatoryoperators;2
title_1.txt;person;economicoperands;16
title_1.txt;policy;economicoperands;6
title_1.txt;powers;economicoperands;2
title_1.txt;prices;economicoperands;1
title_1.txt;public;economicoperands;11
title_1.txt;rather;logicalconnectors;3
title_1.txt;reduce;economicoperands;2
title_1.txt;reform;economicoperands;1
title_1.txt;relate;economicoperands;1
title_1.txt;relied;economicoperands;1
title_1.txt;remain;economicoperands;3
title_1.txt;report;economicoperands;53
title_1.txt;result;economicoperands;6
title_1.txt;retain;economicoperands;1
title_1.txt;review;economicoperands;17
title_1.txt;revise;economicoperands;1
title_1.txt;rights;economicoperands;4
title_1.txt;robust;attributes;1
title_1.txt;safety;economicoperands;4
title_1.txt;sector;economicoperands;2
title_1.txt;secure;economicoperands;1
title_1.txt;seller;economicoperands;1
title_1.txt;senate;economicoperands;10
title_1.txt;senior;economicoperands;1
title_1.txt;series;economicoperands;1
title_1.txt;shared;economicoperands;2
title_1.txt;shares;economicoperands;3
title_1.txt;shield;economicoperands;1
title_1.txt;should;regulatoryoperators;5
title_1.txt;solely;logicalconnectors;3
title_1.txt;stages;economicoperands;2
title_1.txt;status;economicoperands;4
title_1.txt;stress;economicoperands;10
title_1.txt;submit;economicoperands;24
title_1.txt;such a;logicalconnectors;6
title_1.txt;system;economicoperands;4
title_1.txt;taking;functionwords;4
title_1.txt;target;economicoperands;1
title_1.txt;threat;economicoperands;12
title_1.txt;tier 1;economicoperands;6
title_1.txt;timely;attributes;6
title_1.txt;timing;economicoperands;1
title_1.txt;toward;functionwords;4
title_1.txt;traded;economicoperands;1
title_1.txt;unable;economicoperands;1
title_1.txt;unless;logicalconnectors;6
title_1.txt;unsafe;economicoperands;1
title_1.txt;update;economicoperands;2
title_1.txt;useful;economicoperands;3
title_1.txt;values;economicoperands;1
title_1.txt;voting;economicoperands;13
title_1.txt;waiver;regulatoryoperators;6
title_1.txt;within;logicalconnectors;5
title_1.txt;about;functionwords;2
title_1.txt;above;functionwords;1
title_1.txt;adapt;economicoperands;2
title_1.txt;adopt;economicoperands;1
title_1.txt;after;logicalconnectors;49
title_1.txt;agent;economicoperands;1
title_1.txt;allow;regulatoryoperators;1
title_1.txt;along;functionwords;1
title_1.txt;among;functionwords;13
title_1.txt;apply;other;21
title_1.txt;areas;economicoperands;2
title_1.txt;arise;economicoperands;4
title_1.txt;asset;economicoperands;7
title_1.txt;audit;economicoperands;3
title_1.txt;avoid;economicoperands;2
title_1.txt;banks;economicoperands;5
title_1.txt;basic;economicoperands;1
title_1.txt;basis;economicoperands;23
title_1.txt;begin;economicoperands;1
title_1.txt;being;functionwords;5
title_1.txt;board;economicoperands;5
title_1.txt;bonds;economicoperands;1
title_1.txt;books;economicoperands;1
title_1.txt;bring;economicoperands;2
title_1.txt;carry;economicoperands;1
title_1.txt;cease;economicoperands;2
title_1.txt;cited;other;1
title_1.txt;class;economicoperands;1
title_1.txt;costs;economicoperands;4
title_1.txt;could;functionwords;15
title_1.txt;court;economicoperands;9
title_1.txt;cover;economicoperands;1
title_1.txt;cross;economicoperands;1
title_1.txt;daily;attributes;1
title_1.txt;dates;economicoperands;1
title_1.txt;deems;regulatoryoperators;9
title_1.txt;early;economicoperands;4
title_1.txt;evade;economicoperands;1
title_1.txt;event;economicoperands;1
title_1.txt;every;logicalconnectors;2
title_1.txt;fails;economicoperands;2
title_1.txt;final;economicoperands;26
title_1.txt;finds;economicoperands;1
title_1.txt;firms;economicoperands;1
title_1.txt;floor;economicoperands;2
title_1.txt;forms;other;1
title_1.txt;forth;functionwords;1
title_1.txt;forum;economicoperands;1
title_1.txt;found;other;1
title_1.txt;funds;economicoperands;8
title_1.txt;given;functionwords;1
title_1.txt;goods;economicoperands;1
title_1.txt;grant;economicoperands;1
title_1.txt;grave;attributes;2
title_1.txt;holds;economicoperands;1
title_1.txt;issue;economicoperands;14
title_1.txt;items;other;3
title_1.txt;joint;logicalconnectors;1
title_1.txt;known;other;1
title_1.txt;large;economicoperands;14
title_1.txt;later;mathematicaloperators;2
title_1.txt;lease;economicoperands;1
title_1.txt;legal;economicoperands;1
title_1.txt;level;economicoperands;3
title_1.txt;limit;regulatoryoperators;14
title_1.txt;lines;economicoperands;1
title_1.txt;loans;economicoperands;1
title_1.txt;local;economicoperands;2
title_1.txt;lower;mathematicaloperators;3
title_1.txt;major;functionwords;1
title_1.txt;makes;functionwords;4
title_1.txt;means;other;21
title_1.txt;meets;economicoperands;2
title_1.txt;merge;economicoperands;1
title_1.txt;names;economicoperands;1
title_1.txt;needs;economicoperands;3
title_1.txt;offer;economicoperands;1
title_1.txt;order;economicoperands;6
title_1.txt;other;logicalconnectors;98
title_1.txt;owned;economicoperands;3
title_1.txt;party;economicoperands;3
title_1.txt;place;economicoperands;4
title_1.txt;plans;economicoperands;7
title_1.txt;pools;economicoperands;1
title_1.txt;posed;economicoperands;1
title_1.txt;poses;economicoperands;8
title_1.txt;prior;economicoperands;8
title_1.txt;rapid;economicoperands;2
title_1.txt;rates;economicoperands;3
title_1.txt;ratio;mathematicaloperators;3
title_1.txt;right;economicoperands;2
title_1.txt;risks;economicoperands;32
title_1.txt;roles;economicoperands;1
title_1.txt;rules;economicoperands;11
title_1.txt;sales;economicoperands;2
title_1.txt;scale;economicoperands;7
title_1.txt;scope;economicoperands;11
title_1.txt;serve;economicoperands;14
title_1.txt;shall;regulatoryoperators;273
title_1.txt;share;economicoperands;1
title_1.txt;sharp;economicoperands;2
title_1.txt;skill;economicoperands;1
title_1.txt;small;economicoperands;5
title_1.txt;sound;economicoperands;4
title_1.txt;spend;economicoperands;1
title_1.txt;staff;economicoperands;4
title_1.txt;state;economicoperands;20
title_1.txt;steps;functionwords;5
title_1.txt;stock;economicoperands;3
title_1.txt;study;economicoperands;23
title_1.txt;swaps;economicoperands;2
title_1.txt;taken;functionwords;7
title_1.txt;takes;functionwords;1
title_1.txt;terms;other;7
title_1.txt;tests;economicoperands;12
title_1.txt;their;functionwords;14
title_1.txt;there;functionwords;4
title_1.txt;those;functionwords;19
title_1.txt;times;economicoperands;4
title_1.txt;title;legalreferences;1
title_1.txt;tools;economicoperands;1
title_1.txt;total;mathematicaloperators;4
title_1.txt;trust;economicoperands;3
title_1.txt;types;economicoperands;5
title_1.txt;under;functionwords;113
title_1.txt;undue;attributes;1
title_1.txt;units;economicoperands;3
title_1.txt;until;logicalconnectors;4
title_1.txt;value;economicoperands;1
title_1.txt;views;functionwords;2
title_1.txt;waive;regulatoryoperators;1
title_1.txt;where;logicalconnectors;1
title_1.txt;which;functionwords;49
title_1.txt;whole;functionwords;1
title_1.txt;whose;functionwords;2
title_1.txt;would;functionwords;19
title_1.txt;years;attributes;2
title_1.txt;2009;attributes;1
title_1.txt;2010;attributes;13
title_1.txt;2013;attributes;1
title_1.txt;acts;other;1
title_1.txt;also;logicalconnectors;2
title_1.txt;bank;economicoperands;42
title_1.txt;bear;economicoperands;1
title_1.txt;been;functionwords;3
title_1.txt;best;mathematicaloperators;1
title_1.txt;body;economicoperands;1
title_1.txt;both;logicalconnectors;2
title_1.txt;call;economicoperands;1
title_1.txt;cost;economicoperands;3
title_1.txt;data;economicoperands;29
title_1.txt;date;economicoperands;37
title_1.txt;days;economicoperands;4
title_1.txt;debt;economicoperands;9
title_1.txt;deem;regulatoryoperators;2
title_1.txt;deep;economicoperands;1
title_1.txt;dual;economicoperands;1
title_1.txt;each;logicalconnectors;27
title_1.txt;faca;legalreferences;1
title_1.txt;fees;economicoperands;1
title_1.txt;form;other;7
title_1.txt;free;economicoperands;1
title_1.txt;from;functionwords;54
title_1.txt;full;economicoperands;1
title_1.txt;fund;economicoperands;17
title_1.txt;gaps;economicoperands;1
title_1.txt;give;functionwords;2
title_1.txt;harm;economicoperands;1
title_1.txt;have;functionwords;20
title_1.txt;head;economicoperands;5
title_1.txt;held;economicoperands;3
title_1.txt;home;economicoperands;15
title_1.txt;into;functionwords;13
title_1.txt;item;other;1
title_1.txt;keep;economicoperands;2
title_1.txt;kept;economicoperands;1
title_1.txt;last;economicoperands;2
title_1.txt;laws;economicoperands;2
title_1.txt;lead;economicoperands;1
title_1.txt;less;mathematicaloperators;1
title_1.txt;like;logicalconnectors;1
title_1.txt;list;other;1
title_1.txt;loan;economicoperands;3
title_1.txt;loss;economicoperands;3
title_1.txt;made;functionwords;18
title_1.txt;make;functionwords;17
title_1.txt;mean;other;1
title_1.txt;meet;economicoperands;4
title_1.txt;more;mathematicaloperators;24
title_1.txt;need;economicoperands;2
title_1.txt;next;logicalconnectors;1
title_1.txt;oath;economicoperands;2
title_1.txt;obey;economicoperands;2
title_1.txt;only;logicalconnectors;5
title_1.txt;oral;economicoperands;8
title_1.txt;over;mathematicaloperators;3
title_1.txt;owns;economicoperands;2
title_1.txt;paid;economicoperands;1
title_1.txt;part;functionwords;4
title_1.txt;plan;economicoperands;28
title_1.txt;pose;economicoperands;15
title_1.txt;rate;economicoperands;1
title_1.txt;rely;economicoperands;4
title_1.txt;rise;other;1
title_1.txt;risk;economicoperands;26
title_1.txt;rule;economicoperands;2
title_1.txt;safe;economicoperands;2
title_1.txt;sale;economicoperands;2
title_1.txt;same;logicalconnectors;4
title_1.txt;seek;other;3
title_1.txt;sell;economicoperands;1
title_1.txt;sets;other;2
title_1.txt;size;economicoperands;14
title_1.txt;sold;economicoperands;2
title_1.txt;sole;logicalconnectors;5
title_1.txt;some;logicalconnectors;1
title_1.txt;such;logicalconnectors;196
title_1.txt;take;functionwords;11
title_1.txt;term;other;34
title_1.txt;test;economicoperands;1
title_1.txt;than;functionwords;19
title_1.txt;that;functionwords;194
title_1.txt;them;functionwords;1
title_1.txt;then;logicalconnectors;11
title_1.txt;they;functionwords;1
title_1.txt;this;functionwords;2
title_1.txt;tied;economicoperands;1
title_1.txt;time;economicoperands;13
title_1.txt;type;economicoperands;1
title_1.txt;upon;functionwords;16
title_1.txt;used;economicoperands;8
title_1.txt;viii;legalreferences;1
title_1.txt;vote;economicoperands;9
title_1.txt;ways;other;1
title_1.txt;were;functionwords;10
title_1.txt;what;functionwords;1
title_1.txt;when;logicalconnectors;1
title_1.txt;whom;functionwords;1
title_1.txt;wide;economicoperands;1
title_1.txt;will;functionwords;3
title_1.txt;with;functionwords;84
title_1.txt;work;economicoperands;4
title_1.txt;year;attributes;6
title_1.txt;101;legalreferences;1
title_1.txt;102;legalreferences;1
title_1.txt;113;legalreferences;1
title_1.txt;115;legalreferences;1
title_1.txt;119;legalreferences;1
title_1.txt;120;legalreferences;2
title_1.txt;152;legalreferences;1
title_1.txt;153;legalreferences;1
title_1.txt;154;legalreferences;1
title_1.txt;165;legalreferences;1
title_1.txt;167;legalreferences;1
title_1.txt;a 1;other;1
title_1.txt;a 2;other;1
title_1.txt;a 7;other;1
title_1.txt;act;legalreferences;8
title_1.txt;all;logicalconnectors;26
title_1.txt;and;logicalconnectors;651
title_1.txt;any;logicalconnectors;172
title_1.txt;are;functionwords;58
title_1.txt;b 2;other;1
title_1.txt;but;logicalconnectors;7
title_1.txt;end;other;1
title_1.txt;fix;economicoperands;6
title_1.txt;for;functionwords;195
title_1.txt;had;functionwords;3
title_1.txt;has;functionwords;25
title_1.txt;iii;legalreferences;16
title_1.txt;its;functionwords;26
title_1.txt;job;economicoperands;1
title_1.txt;key;economicoperands;1
title_1.txt;law;economicoperands;9
title_1.txt;may;functionwords;136
title_1.txt;mix;economicoperands;5
title_1.txt;new;economicoperands;9
title_1.txt;non;logicalconnectors;1
title_1.txt;nor;logicalconnectors;2
title_1.txt;not;logicalconnectors;70
title_1.txt;one;functionwords;8
title_1.txt;our;functionwords;2
title_1.txt;out;functionwords;5
title_1.txt;own;functionwords;5
title_1.txt;pay;economicoperands;4
title_1.txt;sec;economicoperands;36
title_1.txt;seq;legalreferences;1
title_1.txt;the;functionwords;1724
title_1.txt;usc;legalreferences;4
title_1.txt;use;economicoperands;11
title_1.txt;vii;legalreferences;1
title_1.txt;was;functionwords;7
title_1.txt;who;functionwords;7
title_1.txt;why;logicalconnectors;1
title_1.txt;10;attributes;5
title_1.txt;12;attributes;2
title_1.txt;15;attributes;6
title_1.txt;19;legalreferences;10
title_1.txt;23;attributes;2
title_1.txt;31;attributes;1
title_1.txt;50;attributes;11
title_1.txt;90;attributes;2
title_1.txt;an;functionwords;104
title_1.txt;as;logicalconnectors;131
title_1.txt;at;functionwords;25
title_1.txt;be;functionwords;124
title_1.txt;by;functionwords;243
title_1.txt;do;functionwords;5
title_1.txt;et;functionwords;1
title_1.txt;if;logicalconnectors;46
title_1.txt;ii;legalreferences;22
title_1.txt;in;functionwords;296
title_1.txt;is;functionwords;67
title_1.txt;it;functionwords;4
title_1.txt;iv;legalreferences;11
title_1.txt;ix;legalreferences;2
title_1.txt;no;logicalconnectors;14
title_1.txt;of;functionwords;1003
title_1.txt;on;functionwords;97
title_1.txt;or;logicalconnectors;450
title_1.txt;to;functionwords;478
title_1.txt;us;economicoperands;13
title_1.txt;vi;other;2
title_1.txt;1;attributes;98
title_1.txt;2;attributes;89
title_1.txt;3;attributes;60
title_1.txt;4;attributes;26
title_1.txt;5;attributes;20
title_1.txt;6;attributes;11
title_1.txt;7;attributes;8
title_1.txt;8;attributes;5
title_1.txt;9;attributes;1
title_1.txt;a;functionwords;496
title_1.txt;b;legalreferences;115
title_1.txt;c;legalreferences;73
title_1.txt;d;legalreferences;36
title_1.txt;e;legalreferences;26
title_1.txt;f;legalreferences;17
title_1.txt;h;legalreferences;13
title_1.txt;i;functionwords;32
title_1.txt;j;legalreferences;8
title_1.txt;k;legalreferences;7
title_1.txt;l;legalreferences;2
title_1.txt;m;legalreferences;1
title_1.txt;n;legalreferences;2
title_1.txt;t;legalreferences;1
title_1.txt;v;legalreferences;6
title_1.txt;x;legalreferences;1
