title_3.txt;the enhancing financial institution safety and soundness act of 2010;legalreferences;2
title_3.txt;committee on financial services of the house of representatives;economicoperands;5
title_3.txt;the dodd-frank wall street reform and consumer protection act;legalreferences;3
title_3.txt;the neighborhood reinvestment corporation act 42 usc 8105 c 3;legalreferences;1
title_3.txt;the flood disaster protection act of 1973 42 usc 4003 a 5;legalreferences;1
title_3.txt;the bank holding company act of 1956 12 usc 1841 et seq;legalreferences;2
title_3.txt;the federal deposit insurance act 12 usc 1811 et seq;legalreferences;2
title_3.txt;the bank protection act of 1968 12 usc 1881 et seq;legalreferences;1
title_3.txt;the federal deposit insurance act 12 usc 1813 b 2;legalreferences;5
title_3.txt;the federal deposit insurance act 12 usc 1813 b 3;legalreferences;5
title_3.txt;the federal deposit insurance act 12 usc 1813 q 1;legalreferences;1
title_3.txt;the federal deposit insurance act 12 usc 1817 b 1;legalreferences;1
title_3.txt;the federal deposit insurance act 12 usc 1817 b 2;legalreferences;2
title_3.txt;the federal deposit insurance act 12 usc 1821 a 1;legalreferences;3
title_3.txt;the bank service company act 12 usc 1861 et seq;legalreferences;1
title_3.txt;the federal credit union act 12 usc 1751 et seq;legalreferences;1
title_3.txt;federal savings and loan insurance corporation;economicoperands;6
title_3.txt;the bank enterprise act of 1991 12 usc 1834 a;legalreferences;1
title_3.txt;the federal deposit insurance act 12 usc 1812;legalreferences;1
title_3.txt;the federal deposit insurance act 12 usc 1813;legalreferences;2
title_3.txt;housing and urban-rural recovery act of 1983;legalreferences;2
title_3.txt;neighborhood reinvestment corporation act;legalreferences;1
title_3.txt;office of the comptroller of the currency;economicoperands;84
title_3.txt;the federal reserve act 12 usc 221 et seq;legalreferences;1
title_3.txt;noninterest-bearing transaction accounts;economicoperands;2
title_3.txt;the federal deposit insurance act 12 usc;legalreferences;1
title_3.txt;deficit control act of 1985 2 usc 906 h;legalreferences;1
title_3.txt;noninterest-bearing transaction account;economicoperands;6
title_3.txt;federal deposit insurance corporation;economicoperands;41
title_3.txt;flood disaster protection act of 1973;legalreferences;1
title_3.txt;revised statutes of the united states;legalreferences;4
title_3.txt;the international banking act of 1978;legalreferences;2
title_3.txt;consumer financial protection bureau;economicoperands;5
title_3.txt;national credit union administration;economicoperands;3
title_3.txt;the securities exchange act of 1934;legalreferences;1
title_3.txt;appropriate federal banking agency;economicoperands;64
title_3.txt;community reinvestment act of 1977;legalreferences;2
title_3.txt;securities and exchange commission;economicoperands;1
title_3.txt;the federal reserve act 12 usc 248;legalreferences;1
title_3.txt;community development act of 1992;legalreferences;2
title_3.txt;the federal deposit insurance act;legalreferences;12
title_3.txt;savings and loan holding company;economicoperands;12
title_3.txt;emergency homeowners relief act;legalreferences;2
title_3.txt;office of management and budget;economicoperands;2
title_3.txt;public law 101647 104 stat 4890;legalreferences;1
title_3.txt;public law 102550 106 stat 3798;legalreferences;1
title_3.txt;section 206 g 7 12 usc 1786 g 7;legalreferences;1
title_3.txt;federal housing finance agency;economicoperands;5
title_3.txt;insured depository institution;economicoperands;8
title_3.txt;office of personnel management;economicoperands;4
title_3.txt;the federal home loan bank act;legalreferences;6
title_3.txt;federal deposit insurance act;legalreferences;1
title_3.txt;public law 10173 103 stat 440;legalreferences;1
title_3.txt;section 1 b 4 12 usc 1861 b 4;legalreferences;1
title_3.txt;section 11 a 2 12 usc 248 a 2;legalreferences;1
title_3.txt;section 2 j 3 12 usc 1841 j 3;legalreferences;1
title_3.txt;the crime control act of 1990;legalreferences;1
title_3.txt;office of thrift supervision;economicoperands;182
title_3.txt;section 1103 a 12 usc 3332 a;legalreferences;1
title_3.txt;section 1315 b 12 usc 4515 b;legalreferences;1
title_3.txt;section 1317 c 12 usc 4517 c;legalreferences;1
title_3.txt;the bank holding company act;legalreferences;1
title_3.txt;the federal credit union act;legalreferences;3
title_3.txt;bank enterprise act of 1991;legalreferences;1
title_3.txt;bank protection act of 1968;legalreferences;1
title_3.txt;code of federal regulations;legalreferences;1
title_3.txt;comptroller of the currency;economicoperands;103
title_3.txt;deficit control act of 1985;legalreferences;1
title_3.txt;federal savings association;economicoperands;15
title_3.txt;historically black colleges;economicoperands;1
title_3.txt;holding company act of 1956;legalreferences;2
title_3.txt;section 210 a 12 usc 3208 a;legalreferences;1
title_3.txt;department of the treasury;economicoperands;5
title_3.txt;section 19 e 12 usc 1829 e;legalreferences;1
title_3.txt;crime control act of 1990;legalreferences;1
title_3.txt;secretary of the treasury;economicoperands;3
title_3.txt;section 19 b 12 usc 461 b;legalreferences;1
title_3.txt;section 5 f 12 usc 1844 f;legalreferences;1
title_3.txt;state savings association;economicoperands;13
title_3.txt;subparagraphs a through c;legalreferences;1
title_3.txt;subparagraphs a through g;legalreferences;1
title_3.txt;subparagraphs a through j;legalreferences;2
title_3.txt;subparagraphs c through f;legalreferences;1
title_3.txt;subparagraphs c through g;legalreferences;2
title_3.txt;subparagraphs d through f;legalreferences;1
title_3.txt;subparagraphs d through g;legalreferences;1
title_3.txt;subparagraphs d through h;legalreferences;1
title_3.txt;subparagraphs e through h;legalreferences;1
title_3.txt;career reserved position;economicoperands;1
title_3.txt;designated transfer date;economicoperands;1
title_3.txt;existing retirement plan;economicoperands;4
title_3.txt;federal credit union act;legalreferences;1
title_3.txt;senior executive service;economicoperands;1
title_3.txt;the home owners loan act;legalreferences;3
title_3.txt;the national housing act;legalreferences;1
title_3.txt;minority-owned business;economicoperands;2
title_3.txt;section 205 12 usc 1785;legalreferences;1
title_3.txt;section 207 12 usc 3206;legalreferences;1
title_3.txt;section 209 12 usc 3207;legalreferences;1
title_3.txt;section 803 12 usc 2902;legalreferences;1
title_3.txt;section 806 12 usc 2905;legalreferences;1
title_3.txt;the federal reserve act;legalreferences;1
title_3.txt;under this subparagraph;legalreferences;3
title_3.txt;depository institution;economicoperands;12
title_3.txt;federal banking agency;economicoperands;2
title_3.txt;section 10 12 usc 1820;legalreferences;1
title_3.txt;section 11 12 usc 1468;legalreferences;1
title_3.txt;section 11 12 usc 1821;legalreferences;1
title_3.txt;section 18 12 usc 1828;legalreferences;1
title_3.txt;chapter 87 of title 5;legalreferences;2
title_3.txt;chapter 90 of title 5;legalreferences;1
title_3.txt;federal reserve board;economicoperands;1
title_3.txt;financing corporation;economicoperands;1
title_3.txt;section 1 12 usc 1461;legalreferences;1
title_3.txt;section 2 12 usc 1462;legalreferences;1
title_3.txt;section 2 12 usc 1881;legalreferences;1
title_3.txt;section 3 12 usc 1813;legalreferences;1
title_3.txt;section 3 12 usc 1882;legalreferences;1
title_3.txt;section 4 12 usc 1463;legalreferences;1
title_3.txt;section 4 12 usc 1843;legalreferences;1
title_3.txt;section 5 12 usc 1464;legalreferences;1
title_3.txt;section 5 12 usc 1884;legalreferences;1
title_3.txt;section 7 12 usc 1817;legalreferences;1
title_3.txt;section 8 12 usc 1818;legalreferences;1
title_3.txt;subparagraphs a and b;legalreferences;1
title_3.txt;subparagraphs b and c;legalreferences;2
title_3.txt;subparagraphs c and d;legalreferences;3
title_3.txt;subparagraphs d and e;legalreferences;1
title_3.txt;subparagraphs g and h;legalreferences;1
title_3.txt;to the maximum extent;attributes;2
title_3.txt;under this subsection;legalreferences;2
title_3.txt;agency administrator;economicoperands;10
title_3.txt;bank holding company;economicoperands;9
title_3.txt;district of columbia;economicoperands;1
title_3.txt;federal reserve bank;economicoperands;1
title_3.txt;home owners loan act;legalreferences;2
title_3.txt;in consultation with;economicoperands;6
title_3.txt;insured credit union;economicoperands;3
title_3.txt;national housing act;legalreferences;1
title_3.txt;rule of construction;other;1
title_3.txt;transferred employee;economicoperands;35
title_3.txt;under subparagraph a;legalreferences;6
title_3.txt;under subparagraph b;legalreferences;1
title_3.txt;under this paragraph;legalreferences;1
title_3.txt;business activities;economicoperands;2
title_3.txt;consumer protection;economicoperands;1
title_3.txt;department of labor;economicoperands;1
title_3.txt;federal reserve act;legalreferences;1
title_3.txt;housing act of 1948;legalreferences;2
title_3.txt;part 875 of title 5;legalreferences;1
title_3.txt;savings association;economicoperands;18
title_3.txt;service company act;legalreferences;1
title_3.txt;the manner in which;logicalconnectors;1
title_3.txt;undesignated matter;other;2
title_3.txt;as the case may be;logicalconnectors;10
title_3.txt;board of directors;economicoperands;5
title_3.txt;board of governors;economicoperands;63
title_3.txt;financial literacy;economicoperands;1
title_3.txt;for the purpose of;functionwords;4
title_3.txt;in accordance with;logicalconnectors;10
title_3.txt;in connection with;logicalconnectors;2
title_3.txt;policy-determining;economicoperands;2
title_3.txt;revenues generated;economicoperands;1
title_3.txt;supervisory agency;economicoperands;2
title_3.txt;to the extent that;logicalconnectors;1
title_3.txt;total consolidated;economicoperands;3
title_3.txt;under subsection a;legalreferences;7
title_3.txt;under subsection b;legalreferences;7
title_3.txt;under this section;legalreferences;6
title_3.txt;united states code;legalreferences;23
title_3.txt;affected employee;economicoperands;2
title_3.txt;deposit insurance;economicoperands;7
title_3.txt;in the context of;functionwords;1
title_3.txt;policy-advocating;economicoperands;2
title_3.txt;section 312 b 1 a;legalreferences;1
title_3.txt;section 312 b 2 b;legalreferences;1
title_3.txt;section 312 b 2 c;legalreferences;1
title_3.txt;state member bank;economicoperands;2
title_3.txt;without regard to;logicalconnectors;6
title_3.txt;12 usc 1437 note;legalreferences;1
title_3.txt;12 usc 1463 note;legalreferences;1
title_3.txt;12 usc 1464 note;legalreferences;1
title_3.txt;12 usc 1811 note;legalreferences;1
title_3.txt;12 usc 1812 note;legalreferences;1
title_3.txt;12 usc 1818 note;legalreferences;1
title_3.txt;attorney general;economicoperands;1
title_3.txt;become effective;economicoperands;3
title_3.txt;period beginning;economicoperands;10
title_3.txt;public law 93100;legalreferences;2
title_3.txt;responsibilities;economicoperands;9
title_3.txt;revised statutes;legalreferences;3
title_3.txt;savings and loan;economicoperands;8
title_3.txt;section 11 a 1 e;legalreferences;1
title_3.txt;section 13 k 1 a;legalreferences;1
title_3.txt;section 2539 c 2;legalreferences;1
title_3.txt;section 2554 b 2;legalreferences;1
title_3.txt;subsection b 1 c;legalreferences;1
title_3.txt;the same meaning;logicalconnectors;3
title_3.txt;under this title;legalreferences;8
title_3.txt;28 usc 509 note;legalreferences;1
title_3.txt;assessment base;economicoperands;6
title_3.txt;associated with;logicalconnectors;1
title_3.txt;federal reserve;economicoperands;15
title_3.txt;in the event of;logicalconnectors;1
title_3.txt;instrumentality;economicoperands;2
title_3.txt;interpretations;economicoperands;2
title_3.txt;notwithstanding;logicalconnectors;12
title_3.txt;recommendations;economicoperands;3
title_3.txt;responsible for;economicoperands;4
title_3.txt;section 106 b 1;legalreferences;1
title_3.txt;section 207 k 1;legalreferences;2
title_3.txt;section 207 k 5;legalreferences;1
title_3.txt;section 212 c 2;legalreferences;1
title_3.txt;section 232 a 3;legalreferences;2
title_3.txt;section 606 c 3;legalreferences;1
title_3.txt;section 7 a 2 b;legalreferences;2
title_3.txt;section 7 b 1 e;legalreferences;1
title_3.txt;section 7 b 3 b;legalreferences;1
title_3.txt;section 981 a 1;legalreferences;1
title_3.txt;section 982 a 3;legalreferences;1
title_3.txt;state-chartered;economicoperands;1
title_3.txt;substituted for;other;3
title_3.txt;this subsection;legalreferences;6
title_3.txt;with respect to;logicalconnectors;21
title_3.txt;administration;economicoperands;1
title_3.txt;administrative;economicoperands;5
title_3.txt;advertisements;economicoperands;1
title_3.txt;at the time of;logicalconnectors;1
title_3.txt;banking system;economicoperands;1
title_3.txt;care insurance;economicoperands;3
title_3.txt;clause heading;other;1
title_3.txt;communications;economicoperands;1
title_3.txt;correspondence;economicoperands;2
title_3.txt;determinations;regulatoryoperators;5
title_3.txt;effective date;economicoperands;8
title_3.txt;fair treatment;economicoperands;1
title_3.txt;federal agency;economicoperands;4
title_3.txt;identification;economicoperands;1
title_3.txt;implementation;regulatoryoperators;8
title_3.txt;in addition to;logicalconnectors;1
title_3.txt;in the case of;logicalconnectors;8
title_3.txt;insured branch;economicoperands;2
title_3.txt;interpretative;economicoperands;2
title_3.txt;minority-owned;economicoperands;4
title_3.txt;not later than;logicalconnectors;12
title_3.txt;paragraph 12 a;legalreferences;1
title_3.txt;paragraph 12 b;legalreferences;1
title_3.txt;paragraph 17 a;legalreferences;1
title_3.txt;paragraph 18 b;legalreferences;1
title_3.txt;prior approval;regulatoryoperators;2
title_3.txt;recommendation;economicoperands;3
title_3.txt;reorganization;economicoperands;4
title_3.txt;section 11 a 1;legalreferences;2
title_3.txt;section 1204 c;legalreferences;1
title_3.txt;section 1205 b;legalreferences;1
title_3.txt;section 3 a 34;legalreferences;1
title_3.txt;section 8706 b;legalreferences;1
title_3.txt;subcontractors;economicoperands;1
title_3.txt;subparagraph a;legalreferences;33
title_3.txt;subparagraph b;legalreferences;35
title_3.txt;subparagraph c;legalreferences;13
title_3.txt;subparagraph d;legalreferences;9
title_3.txt;subparagraph e;legalreferences;4
title_3.txt;subparagraph f;legalreferences;3
title_3.txt;subparagraph g;legalreferences;1
title_3.txt;subparagraph h;legalreferences;1
title_3.txt;subsection a 1;legalreferences;2
title_3.txt;subsection a 8;legalreferences;1
title_3.txt;subsection b 2;legalreferences;1
title_3.txt;subsection b 3;legalreferences;1
title_3.txt;subsection c 1;legalreferences;2
title_3.txt;subsection c 2;legalreferences;1
title_3.txt;subsection d 2;legalreferences;1
title_3.txt;subsection d 5;legalreferences;1
title_3.txt;subsection e 2;legalreferences;1
title_3.txt;subsection e 5;legalreferences;1
title_3.txt;subsection e 7;legalreferences;1
title_3.txt;subsection f 2;legalreferences;1
title_3.txt;subsection g 1;legalreferences;1
title_3.txt;subsection g 5;legalreferences;1
title_3.txt;subsection h 2;legalreferences;1
title_3.txt;subsection i 1;legalreferences;1
title_3.txt;subsection i 2;legalreferences;1
title_3.txt;subsection k 5;legalreferences;1
title_3.txt;subsection l 5;legalreferences;1
title_3.txt;subsection r 3;legalreferences;1
title_3.txt;subsection w 1;legalreferences;1
title_3.txt;subsection w 3;legalreferences;1
title_3.txt;the end of the;mathematicaloperators;4
title_3.txt;this paragraph;legalreferences;5
title_3.txt;under clause i;legalreferences;7
title_3.txt;under this act;legalreferences;2
title_3.txt;where feasible;attributes;1
title_3.txt;administering;economicoperands;1
title_3.txt;applicability;functionwords;1
title_3.txt;applicable to;functionwords;5
title_3.txt;apportionment;economicoperands;1
title_3.txt;certification;economicoperands;2
title_3.txt;consideration;economicoperands;5
title_3.txt;contributions;economicoperands;1
title_3.txt;demonstrating;economicoperands;1
title_3.txt;determination;regulatoryoperators;9
title_3.txt;disadvantaged;economicoperands;1
title_3.txt;disbursements;economicoperands;1
title_3.txt;establishment;regulatoryoperators;2
title_3.txt;incorporation;economicoperands;1
title_3.txt;involuntarily;economicoperands;2
title_3.txt;last sentence;functionwords;1
title_3.txt;loan bank act;legalreferences;1
title_3.txt;national bank;economicoperands;2
title_3.txt;opportunities;economicoperands;1
title_3.txt;organizations;economicoperands;1
title_3.txt;paragraph 1 a;legalreferences;1
title_3.txt;paragraph 2 a;legalreferences;3
title_3.txt;paragraph 2 b;legalreferences;2
title_3.txt;paragraph 3 b;legalreferences;1
title_3.txt;paragraph 4 a;legalreferences;1
title_3.txt;paragraph 4 b;legalreferences;2
title_3.txt;paragraph 5 a;legalreferences;1
title_3.txt;participation;economicoperands;1
title_3.txt;policy-making;economicoperands;2
title_3.txt;redesignating;other;21
title_3.txt;regardless of;logicalconnectors;1
title_3.txt;regulation of;regulatoryoperators;4
title_3.txt;reimbursement;economicoperands;1
title_3.txt;reserve ratio;economicoperands;7
title_3.txt;section 1 b 5;legalreferences;1
title_3.txt;section 202 f;legalreferences;1
title_3.txt;section 232 a;legalreferences;1
title_3.txt;section 256 h;legalreferences;1
title_3.txt;section 3 a 5;legalreferences;1
title_3.txt;section 3 b 2;legalreferences;6
title_3.txt;section 3 b 3;legalreferences;6
title_3.txt;section 3 q 1;legalreferences;1
title_3.txt;section 3 q 2;legalreferences;1
title_3.txt;section 3 y 3;legalreferences;1
title_3.txt;section 312 b;legalreferences;1
title_3.txt;section 364 a;legalreferences;1
title_3.txt;section 502 c;legalreferences;1
title_3.txt;section 7 b 1;legalreferences;1
title_3.txt;section 7 b 2;legalreferences;7
title_3.txt;section 714 a;legalreferences;1
title_3.txt;section 744 q;legalreferences;1
title_3.txt;subcontractor;economicoperands;1
title_3.txt;subparagraphs;other;6
title_3.txt;the number of;mathematicaloperators;1
title_3.txt;this subtitle;legalreferences;10
title_3.txt;to the extent;logicalconnectors;3
title_3.txt;together with;logicalconnectors;1
title_3.txt;transfer date;economicoperands;60
title_3.txt;united states;economicoperands;7
title_3.txt;urban affairs;economicoperands;5
title_3.txt;administered;economicoperands;3
title_3.txt;appropriated;economicoperands;1
title_3.txt;arrangements;economicoperands;1
title_3.txt;associations;economicoperands;25
title_3.txt;commencement;economicoperands;1
title_3.txt;compensation;economicoperands;4
title_3.txt;confidential;economicoperands;2
title_3.txt;consolidated;economicoperands;1
title_3.txt;consultation;economicoperands;6
title_3.txt;continuation;economicoperands;5
title_3.txt;contribution;economicoperands;7
title_3.txt;coordinating;economicoperands;1
title_3.txt;departmental;economicoperands;1
title_3.txt;differential;mathematicaloperators;3
title_3.txt;disadvantage;economicoperands;1
title_3.txt;distinctions;economicoperands;1
title_3.txt;distribution;economicoperands;1
title_3.txt;establishing;regulatoryoperators;1
title_3.txt;examinations;economicoperands;3
title_3.txt;foreign bank;economicoperands;4
title_3.txt;high schools;economicoperands;3
title_3.txt;implementing;regulatoryoperators;1
title_3.txt;in the place;logicalconnectors;1
title_3.txt;institutions;economicoperands;19
title_3.txt;insurability;economicoperands;2
title_3.txt;insured bank;economicoperands;2
title_3.txt;jurisdiction;economicoperands;7
title_3.txt;paragraph 12;legalreferences;2
title_3.txt;paragraph 16;legalreferences;1
title_3.txt;paragraph 18;legalreferences;1
title_3.txt;preservation;economicoperands;1
title_3.txt;promulgation;regulatoryoperators;1
title_3.txt;reassignment;economicoperands;1
title_3.txt;redesignated;other;5
title_3.txt;requirements;economicoperands;10
title_3.txt;respectively;logicalconnectors;20
title_3.txt;section 10 e;legalreferences;1
title_3.txt;section 1006;legalreferences;1
title_3.txt;section 1014;legalreferences;1
title_3.txt;section 1032;legalreferences;1
title_3.txt;section 1062;legalreferences;1
title_3.txt;section 1064;legalreferences;1
title_3.txt;section 18 c;legalreferences;2
title_3.txt;section 23 b;legalreferences;1
title_3.txt;section 3132;legalreferences;1
title_3.txt;section 3502;legalreferences;1
title_3.txt;section 3503;legalreferences;2
title_3.txt;section 5136;legalreferences;1
title_3.txt;section 5234;legalreferences;1
title_3.txt;section 5240;legalreferences;3
title_3.txt;section 8336;legalreferences;1
title_3.txt;section 8714;legalreferences;1
title_3.txt;section 8901;legalreferences;1
title_3.txt;section 8909;legalreferences;1
title_3.txt;shareholders;economicoperands;1
title_3.txt;specifically;logicalconnectors;1
title_3.txt;subparagraph;other;13
title_3.txt;subsection a;legalreferences;9
title_3.txt;subsection c;legalreferences;6
title_3.txt;subsection d;legalreferences;5
title_3.txt;subsection e;legalreferences;4
title_3.txt;subsection f;legalreferences;3
title_3.txt;subsection g;legalreferences;1
title_3.txt;subsection h;legalreferences;1
title_3.txt;subsection i;legalreferences;3
title_3.txt;subsection j;legalreferences;2
title_3.txt;subsection l;legalreferences;1
title_3.txt;subsection m;legalreferences;3
title_3.txt;subsection n;legalreferences;2
title_3.txt;subsection o;legalreferences;2
title_3.txt;subsection p;legalreferences;2
title_3.txt;subsection q;legalreferences;3
title_3.txt;subsection r;legalreferences;2
title_3.txt;subsection s;legalreferences;2
title_3.txt;subsection t;legalreferences;1
title_3.txt;subsection v;legalreferences;1
title_3.txt;subsection z;legalreferences;1
title_3.txt;sufficiently;attributes;4
title_3.txt;this section;legalreferences;23
title_3.txt;transactions;economicoperands;1
title_3.txt;transferable;economicoperands;2
title_3.txt;transitional;economicoperands;1
title_3.txt;unacceptable;attributes;2
title_3.txt;underwriters;economicoperands;1
title_3.txt;underwriting;economicoperands;1
title_3.txt;undesignated;other;2
title_3.txt;universities;economicoperands;1
title_3.txt;12 usc 2709;legalreferences;1
title_3.txt;135 percent;attributes;2
title_3.txt;abolishment;regulatoryoperators;2
title_3.txt;accountants;economicoperands;1
title_3.txt;acquisition;economicoperands;2
title_3.txt;affirmative;economicoperands;1
title_3.txt;application;economicoperands;2
title_3.txt;appointment;economicoperands;7
title_3.txt;appropriate;attributes;43
title_3.txt;arrangement;economicoperands;1
title_3.txt;assessments;economicoperands;6
title_3.txt;assignments;economicoperands;2
title_3.txt;association;economicoperands;4
title_3.txt;authorities;economicoperands;4
title_3.txt;calculation;economicoperands;1
title_3.txt;chairperson;economicoperands;17
title_3.txt;communities;economicoperands;1
title_3.txt;competition;economicoperands;2
title_3.txt;competitive;economicoperands;2
title_3.txt;comptroller;economicoperands;46
title_3.txt;conclusions;economicoperands;1
title_3.txt;conservator;economicoperands;3
title_3.txt;consultants;economicoperands;1
title_3.txt;contracting;economicoperands;3
title_3.txt;contractors;economicoperands;2
title_3.txt;corporation;economicoperands;157
title_3.txt;declaration;economicoperands;2
title_3.txt;definitions;economicoperands;2
title_3.txt;description;economicoperands;2
title_3.txt;designation;regulatoryoperators;1
title_3.txt;disposition;economicoperands;1
title_3.txt;eligibility;economicoperands;1
title_3.txt;elimination;economicoperands;1
title_3.txt;enforceable;economicoperands;1
title_3.txt;enforcement;economicoperands;7
title_3.txt;enterprises;economicoperands;2
title_3.txt;established;regulatoryoperators;13
title_3.txt;examination;economicoperands;11
title_3.txt;explanation;economicoperands;1
title_3.txt;function of;economicoperands;7
title_3.txt;immediately;attributes;5
title_3.txt;implemented;regulatoryoperators;2
title_3.txt;in a manner;logicalconnectors;3
title_3.txt;information;economicoperands;4
title_3.txt;institution;economicoperands;3
title_3.txt;instruments;economicoperands;1
title_3.txt;internships;economicoperands;1
title_3.txt;investments;economicoperands;1
title_3.txt;legislative;economicoperands;1
title_3.txt;limitations;regulatoryoperators;1
title_3.txt;obligations;economicoperands;2
title_3.txt;of any kind;logicalconnectors;1
title_3.txt;on the date;logicalconnectors;6
title_3.txt;opportunity;economicoperands;3
title_3.txt;paragraph 1;legalreferences;37
title_3.txt;paragraph 2;legalreferences;33
title_3.txt;paragraph 3;legalreferences;16
title_3.txt;paragraph 4;legalreferences;13
title_3.txt;paragraph 5;legalreferences;8
title_3.txt;paragraph 6;legalreferences;9
title_3.txt;paragraph 7;legalreferences;5
title_3.txt;paragraph 8;legalreferences;2
title_3.txt;paragraph 9;legalreferences;4
title_3.txt;participate;economicoperands;2
title_3.txt;performance;economicoperands;3
title_3.txt;populations;economicoperands;2
title_3.txt;practicable;economicoperands;1
title_3.txt;preferences;economicoperands;1
title_3.txt;proceedings;economicoperands;2
title_3.txt;procurement;economicoperands;1
title_3.txt;procyclical;economicoperands;1
title_3.txt;prospective;other;2
title_3.txt;publication;economicoperands;1
title_3.txt;pursuant to;logicalconnectors;5
title_3.txt;rationalize;economicoperands;1
title_3.txt;referred to;functionwords;1
title_3.txt;regulations;regulatoryoperators;27
title_3.txt;relating to;logicalconnectors;17
title_3.txt;relative to;logicalconnectors;2
title_3.txt;requirement;economicoperands;3
title_3.txt;resolutions;economicoperands;3
title_3.txt;section 107;legalreferences;1
title_3.txt;section 110;legalreferences;1
title_3.txt;section 113;legalreferences;1
title_3.txt;section 203;legalreferences;1
title_3.txt;section 3 c;legalreferences;1
title_3.txt;section 3 q;legalreferences;1
title_3.txt;section 302;legalreferences;1
title_3.txt;section 305;legalreferences;1
title_3.txt;section 308;legalreferences;1
title_3.txt;section 311;legalreferences;1
title_3.txt;section 312;legalreferences;1
title_3.txt;section 313;legalreferences;1
title_3.txt;section 321;legalreferences;1
title_3.txt;section 322;legalreferences;1
title_3.txt;section 323;legalreferences;1
title_3.txt;section 324;legalreferences;2
title_3.txt;section 325;legalreferences;1
title_3.txt;section 329;legalreferences;2
title_3.txt;section 402;legalreferences;1
title_3.txt;section 469;legalreferences;1
title_3.txt;section 5 d;legalreferences;1
title_3.txt;section 5 q;legalreferences;1
title_3.txt;section 543;legalreferences;1
title_3.txt;section 657;legalreferences;1
title_3.txt;section 7 c;legalreferences;2
title_3.txt;section 7 e;legalreferences;1
title_3.txt;short title;other;1
title_3.txt;subclause i;legalreferences;2
title_3.txt;subsections;other;4
title_3.txt;supervision;economicoperands;7
title_3.txt;supervisory;economicoperands;4
title_3.txt;take effect;regulatoryoperators;7
title_3.txt;termination;economicoperands;1
title_3.txt;transaction;economicoperands;1
title_3.txt;transferred;economicoperands;71
title_3.txt;utilization;economicoperands;1
title_3.txt;withdrawals;economicoperands;2
title_3.txt;women-owned;economicoperands;6
title_3.txt;activities;economicoperands;4
title_3.txt;additional;mathematicaloperators;6
title_3.txt;administer;economicoperands;1
title_3.txt;affiliates;economicoperands;1
title_3.txt;agreements;economicoperands;4
title_3.txt;allocating;economicoperands;1
title_3.txt;amendments;other;17
title_3.txt;applicable;functionwords;21
title_3.txt;as follows;functionwords;6
title_3.txt;as long as;logicalconnectors;1
title_3.txt;assessment;economicoperands;6
title_3.txt;assignment;economicoperands;2
title_3.txt;assistance;economicoperands;1
title_3.txt;associated;logicalconnectors;1
title_3.txt;at the end;logicalconnectors;21
title_3.txt;authorized;regulatoryoperators;1
title_3.txt;bank board;economicoperands;3
title_3.txt;because of;logicalconnectors;3
title_3.txt;businesses;economicoperands;6
title_3.txt;challenges;economicoperands;2
title_3.txt;clause iii;legalreferences;12
title_3.txt;clause vii;legalreferences;3
title_3.txt;commercial;economicoperands;1
title_3.txt;commission;economicoperands;1
title_3.txt;comparable;economicoperands;4
title_3.txt;compliance;regulatoryoperators;3
title_3.txt;conducting;economicoperands;1
title_3.txt;conforming;regulatoryoperators;2
title_3.txt;considered;logicalconnectors;1
title_3.txt;consistent;attributes;7
title_3.txt;containing;economicoperands;1
title_3.txt;contractor;economicoperands;3
title_3.txt;coordinate;economicoperands;2
title_3.txt;corrective;economicoperands;1
title_3.txt;definition;economicoperands;3
title_3.txt;department;economicoperands;10
title_3.txt;depositors;economicoperands;2
title_3.txt;depository;economicoperands;7
title_3.txt;describing;other;1
title_3.txt;designated;regulatoryoperators;4
title_3.txt;determined;regulatoryoperators;2
title_3.txt;determines;regulatoryoperators;17
title_3.txt;developing;economicoperands;1
title_3.txt;difference;logicalconnectors;2
title_3.txt;disability;economicoperands;1
title_3.txt;discretion;economicoperands;14
title_3.txt;electronic;economicoperands;2
title_3.txt;employment;economicoperands;6
title_3.txt;enrollment;economicoperands;3
title_3.txt;equivalent;logicalconnectors;1
title_3.txt;evaluation;economicoperands;1
title_3.txt;exceptions;logicalconnectors;2
title_3.txt;extensions;economicoperands;1
title_3.txt;facilitate;economicoperands;3
title_3.txt;geographic;economicoperands;1
title_3.txt;good faith;economicoperands;1
title_3.txt;government;economicoperands;1
title_3.txt;guidelines;economicoperands;2
title_3.txt;identified;economicoperands;4
title_3.txt;in general;logicalconnectors;20
title_3.txt;individual;economicoperands;1
title_3.txt;inner-city;economicoperands;1
title_3.txt;inspectors;economicoperands;4
title_3.txt;instrument;economicoperands;2
title_3.txt;interlocks;economicoperands;2
title_3.txt;investment;economicoperands;2
title_3.txt;later than;mathematicaloperators;1
title_3.txt;leaseholds;economicoperands;1
title_3.txt;limitation;regulatoryoperators;1
title_3.txt;maintained;economicoperands;2
title_3.txt;management;economicoperands;7
title_3.txt;managerial;economicoperands;1
title_3.txt;membership;economicoperands;1
title_3.txt;minorities;economicoperands;6
title_3.txt;negotiable;economicoperands;2
title_3.txt;negotiated;economicoperands;1
title_3.txt;newspapers;economicoperands;1
title_3.txt;noninsured;economicoperands;1
title_3.txt;obligation;economicoperands;1
title_3.txt;on the day;logicalconnectors;20
title_3.txt;operations;economicoperands;1
title_3.txt;paragraphs;functionwords;17
title_3.txt;partnering;economicoperands;2
title_3.txt;percentage;attributes;4
title_3.txt;performing;economicoperands;2
title_3.txt;pertaining;economicoperands;1
title_3.txt;prescribed;regulatoryoperators;1
title_3.txt;procedures;economicoperands;8
title_3.txt;proceeding;economicoperands;8
title_3.txt;protection;economicoperands;5
title_3.txt;provisions;economicoperands;17
title_3.txt;reasonable;attributes;1
title_3.txt;reassigned;economicoperands;1
title_3.txt;recruiting;economicoperands;2
title_3.txt;references;economicoperands;1
title_3.txt;regulation;regulatoryoperators;5
title_3.txt;regulatory;economicoperands;2
title_3.txt;relates to;logicalconnectors;2
title_3.txt;resolution;economicoperands;21
title_3.txt;retirement;economicoperands;7
title_3.txt;rulemaking;other;3
title_3.txt;safeguards;economicoperands;3
title_3.txt;section 10;legalreferences;2
title_3.txt;section 11;legalreferences;2
title_3.txt;section 12;legalreferences;2
title_3.txt;section 13;legalreferences;1
title_3.txt;section 33;legalreferences;1
title_3.txt;securities;economicoperands;1
title_3.txt;sponsoring;economicoperands;1
title_3.txt;state bank;economicoperands;2
title_3.txt;streamline;economicoperands;1
title_3.txt;subject to;logicalconnectors;14
title_3.txt;submission;economicoperands;1
title_3.txt;subpoenaed;economicoperands;2
title_3.txt;subsection;legalreferences;17
title_3.txt;subsidiary;economicoperands;30
title_3.txt;subtitle a;legalreferences;2
title_3.txt;subtitle b;legalreferences;1
title_3.txt;subtitle e;legalreferences;2
title_3.txt;superseded;regulatoryoperators;4
title_3.txt;supervised;regulatoryoperators;1
title_3.txt;terminated;economicoperands;5
title_3.txt;thereafter;logicalconnectors;1
title_3.txt;this title;legalreferences;19
title_3.txt;transition;economicoperands;2
title_3.txt;violations;economicoperands;1
title_3.txt;winding up;economicoperands;1
title_3.txt;withdrawal;economicoperands;4
title_3.txt;12 usc 24;legalreferences;1
title_3.txt;18 months;attributes;1
title_3.txt;30 months;attributes;1
title_3.txt;according;logicalconnectors;3
title_3.txt;affiliate;economicoperands;2
title_3.txt;affording;economicoperands;1
title_3.txt;agreement;economicoperands;2
title_3.txt;amendment;other;2
title_3.txt;amount of;mathematicaloperators;5
title_3.txt;annuitant;economicoperands;1
title_3.txt;applicant;economicoperands;1
title_3.txt;appointed;economicoperands;4
title_3.txt;assessing;economicoperands;1
title_3.txt;attorneys;economicoperands;2
title_3.txt;authority;economicoperands;24
title_3.txt;available;economicoperands;3
title_3.txt;branching;economicoperands;1
title_3.txt;carry out;economicoperands;9
title_3.txt;character;economicoperands;2
title_3.txt;chartered;economicoperands;1
title_3.txt;clause ii;legalreferences;14
title_3.txt;clause iv;legalreferences;12
title_3.txt;clause vi;legalreferences;3
title_3.txt;collected;economicoperands;2
title_3.txt;commenced;economicoperands;1
title_3.txt;committee;economicoperands;5
title_3.txt;companies;economicoperands;21
title_3.txt;competent;economicoperands;5
title_3.txt;component;economicoperands;1
title_3.txt;computers;economicoperands;1
title_3.txt;computing;economicoperands;2
title_3.txt;condition;logicalconnectors;1
title_3.txt;conflicts;economicoperands;1
title_3.txt;considers;economicoperands;1
title_3.txt;construed;other;3
title_3.txt;continued;economicoperands;4
title_3.txt;contracts;economicoperands;9
title_3.txt;cooperate;economicoperands;1
title_3.txt;custodial;economicoperands;3
title_3.txt;customers;economicoperands;1
title_3.txt;declining;economicoperands;1
title_3.txt;deposited;economicoperands;1
title_3.txt;depositor;economicoperands;9
title_3.txt;described;other;11
title_3.txt;describes;other;1
title_3.txt;designate;regulatoryoperators;2
title_3.txt;destroyed;economicoperands;1
title_3.txt;detailing;other;3
title_3.txt;determine;regulatoryoperators;8
title_3.txt;developed;economicoperands;1
title_3.txt;direction;economicoperands;1
title_3.txt;directors;economicoperands;2
title_3.txt;diversity;economicoperands;6
title_3.txt;dividends;economicoperands;2
title_3.txt;documents;economicoperands;1
title_3.txt;effective;other;8
title_3.txt;efficient;economicoperands;1
title_3.txt;emergency;economicoperands;2
title_3.txt;employees;economicoperands;36
title_3.txt;employers;economicoperands;2
title_3.txt;employing;economicoperands;1
title_3.txt;enactment;other;13
title_3.txt;equipment;economicoperands;1
title_3.txt;equitable;attributes;2
title_3.txt;establish;regulatoryoperators;5
title_3.txt;estimated;economicoperands;3
title_3.txt;estimates;economicoperands;1
title_3.txt;examiners;economicoperands;1
title_3.txt;except as;logicalconnectors;17
title_3.txt;executive;economicoperands;3
title_3.txt;expertise;economicoperands;1
title_3.txt;extension;economicoperands;2
title_3.txt;financial;economicoperands;14
title_3.txt;following;functionwords;42
title_3.txt;full-time;economicoperands;1
title_3.txt;functions;economicoperands;33
title_3.txt;furniture;economicoperands;1
title_3.txt;governors;economicoperands;2
title_3.txt;guarantee;economicoperands;1
title_3.txt;implement;regulatoryoperators;3
title_3.txt;including;logicalconnectors;21
title_3.txt;inclusion;logicalconnectors;8
title_3.txt;increased;mathematicaloperators;1
title_3.txt;increases;mathematicaloperators;1
title_3.txt;inserting;other;277
title_3.txt;insurance;economicoperands;23
title_3.txt;intention;economicoperands;4
title_3.txt;intervene;economicoperands;1
title_3.txt;less than;mathematicaloperators;4
title_3.txt;magazines;economicoperands;1
title_3.txt;maintains;economicoperands;2
title_3.txt;materials;economicoperands;3
title_3.txt;memoranda;economicoperands;2
title_3.txt;mentoring;economicoperands;1
title_3.txt;mortgagee;economicoperands;1
title_3.txt;necessary;attributes;25
title_3.txt;nonmember;economicoperands;2
title_3.txt;officials;economicoperands;1
title_3.txt;operating;economicoperands;1
title_3.txt;operation;economicoperands;9
title_3.txt;otherwise;logicalconnectors;7
title_3.txt;oversight;economicoperands;2
title_3.txt;paragraph;legalreferences;2
title_3.txt;permanent;attributes;5
title_3.txt;permitted;regulatoryoperators;4
title_3.txt;personnel;economicoperands;6
title_3.txt;positions;economicoperands;5
title_3.txt;practices;economicoperands;2
title_3.txt;preceding;functionwords;8
title_3.txt;prescribe;regulatoryoperators;5
title_3.txt;principal;economicoperands;2
title_3.txt;procedure;economicoperands;2
title_3.txt;promotion;economicoperands;1
title_3.txt;proposals;economicoperands;1
title_3.txt;protected;economicoperands;1
title_3.txt;providers;economicoperands;2
title_3.txt;providing;economicoperands;3
title_3.txt;provision;economicoperands;11
title_3.txt;published;economicoperands;2
title_3.txt;qualified;economicoperands;2
title_3.txt;receiving;economicoperands;3
title_3.txt;reference;economicoperands;2
title_3.txt;regarding;logicalconnectors;2
title_3.txt;regularly;attributes;2
title_3.txt;regulated;regulatoryoperators;2
title_3.txt;reimburse;economicoperands;2
title_3.txt;remainder;economicoperands;1
title_3.txt;requested;regulatoryoperators;1
title_3.txt;resulting;economicoperands;1
title_3.txt;scheduled;economicoperands;2
title_3.txt;secretary;economicoperands;3
title_3.txt;section 2;legalreferences;1
title_3.txt;section 3;legalreferences;5
title_3.txt;section 7;legalreferences;1
title_3.txt;section 8;legalreferences;3
title_3.txt;section 9;legalreferences;1
title_3.txt;semicolon;other;7
title_3.txt;sentences;other;2
title_3.txt;separated;economicoperands;1
title_3.txt;september;attributes;1
title_3.txt;set forth;regulatoryoperators;2
title_3.txt;soundness;economicoperands;4
title_3.txt;specified;regulatoryoperators;4
title_3.txt;standards;economicoperands;4
title_3.txt;statement;economicoperands;2
title_3.txt;structure;economicoperands;1
title_3.txt;subclause;legalreferences;3
title_3.txt;subpenaed;economicoperands;2
title_3.txt;subpoenas;economicoperands;2
title_3.txt;successes;economicoperands;1
title_3.txt;successor;economicoperands;3
title_3.txt;technical;economicoperands;2
title_3.txt;telephone;economicoperands;2
title_3.txt;temporary;attributes;4
title_3.txt;terminate;economicoperands;3
title_3.txt;title iii;legalreferences;2
title_3.txt;title vii;legalreferences;1
title_3.txt;transfers;economicoperands;6
title_3.txt;transmits;economicoperands;1
title_3.txt;treatment;economicoperands;2
title_3.txt;typically;functionwords;1
title_3.txt;workforce;economicoperands;6
title_3.txt;1 notice;legalreferences;1
title_3.txt;180 days;attributes;1
title_3.txt;270 days;attributes;1
title_3.txt;30-month;attributes;4
title_3.txt;365 days;attributes;1
title_3.txt;6 months;attributes;4
title_3.txt;accounts;economicoperands;5
title_3.txt;achieved;economicoperands;1
title_3.txt;acquired;economicoperands;1
title_3.txt;adjusted;economicoperands;1
title_3.txt;advisory;economicoperands;2
title_3.txt;affected;economicoperands;3
title_3.txt;agencies;economicoperands;3
title_3.txt;amending;regulatoryoperators;4
title_3.txt;approval;regulatoryoperators;2
title_3.txt;assessed;economicoperands;3
title_3.txt;assigned;regulatoryoperators;1
title_3.txt;assuring;economicoperands;1
title_3.txt;balanced;economicoperands;2
title_3.txt;based on;other;2
title_3.txt;belonged;economicoperands;1
title_3.txt;benefits;economicoperands;16
title_3.txt;branches;economicoperands;1
title_3.txt;business;economicoperands;5
title_3.txt;carrying;economicoperands;2
title_3.txt;chairman;economicoperands;11
title_3.txt;clause i;legalreferences;15
title_3.txt;clause v;legalreferences;9
title_3.txt;colleges;economicoperands;2
title_3.txt;commence;economicoperands;1
title_3.txt;comments;economicoperands;1
title_3.txt;complete;economicoperands;1
title_3.txt;conforms;regulatoryoperators;1
title_3.txt;congress;economicoperands;3
title_3.txt;contents;other;1
title_3.txt;continue;economicoperands;7
title_3.txt;contract;economicoperands;5
title_3.txt;coverage;economicoperands;3
title_3.txt;credited;economicoperands;3
title_3.txt;currency;economicoperands;3
title_3.txt;december;attributes;1
title_3.txt;decision;economicoperands;2
title_3.txt;deposits;economicoperands;21
title_3.txt;designed;economicoperands;1
title_3.txt;designee;economicoperands;3
title_3.txt;director;economicoperands;220
title_3.txt;district;economicoperands;1
title_3.txt;division;mathematicaloperators;8
title_3.txt;does not;logicalconnectors;4
title_3.txt;economic;economicoperands;1
title_3.txt;eligible;economicoperands;1
title_3.txt;employed;economicoperands;3
title_3.txt;employee;economicoperands;32
title_3.txt;employer;economicoperands;2
title_3.txt;enforced;regulatoryoperators;3
title_3.txt;enhanced;economicoperands;3
title_3.txt;enrolled;economicoperands;6
title_3.txt;entities;economicoperands;2
title_3.txt;entitled;economicoperands;1
title_3.txt;equal to;logicalconnectors;2
title_3.txt;examiner;economicoperands;2
title_3.txt;excepted;logicalconnectors;4
title_3.txt;exchange;economicoperands;1
title_3.txt;exercise;economicoperands;1
title_3.txt;existing;economicoperands;3
title_3.txt;expenses;economicoperands;6
title_3.txt;extended;economicoperands;1
title_3.txt;feasible;attributes;1
title_3.txt;findings;economicoperands;2
title_3.txt;fixtures;economicoperands;1
title_3.txt;function;economicoperands;1
title_3.txt;hispanic;economicoperands;1
title_3.txt;identify;economicoperands;4
title_3.txt;includes;logicalconnectors;1
title_3.txt;increase;mathematicaloperators;5
title_3.txt;incurred;economicoperands;1
title_3.txt;industry;economicoperands;1
title_3.txt;initiate;economicoperands;1
title_3.txt;intended;economicoperands;2
title_3.txt;interest;economicoperands;4
title_3.txt;issuance;economicoperands;2
title_3.txt;judgment;economicoperands;2
title_3.txt;locality;economicoperands;2
title_3.txt;location;economicoperands;1
title_3.txt;maintain;economicoperands;1
title_3.txt;majority;economicoperands;2
title_3.txt;meanings;other;1
title_3.txt;measures;economicoperands;1
title_3.txt;minority;economicoperands;11
title_3.txt;modified;economicoperands;4
title_3.txt;mortgage;economicoperands;1
title_3.txt;national;economicoperands;2
title_3.txt;obtained;economicoperands;1
title_3.txt;officers;economicoperands;3
title_3.txt;operated;economicoperands;2
title_3.txt;oriented;economicoperands;1
title_3.txt;outreach;economicoperands;1
title_3.txt;payments;economicoperands;2
title_3.txt;personal;economicoperands;2
title_3.txt;policies;economicoperands;5
title_3.txt;position;economicoperands;12
title_3.txt;possible;attributes;2
title_3.txt;preserve;economicoperands;1
title_3.txt;previous;logicalconnectors;1
title_3.txt;priority;economicoperands;1
title_3.txt;programs;economicoperands;6
title_3.txt;property;economicoperands;26
title_3.txt;proposed;economicoperands;6
title_3.txt;provided;logicalconnectors;23
title_3.txt;purposes;economicoperands;17
title_3.txt;reassign;economicoperands;1
title_3.txt;received;economicoperands;2
title_3.txt;receiver;economicoperands;5
title_3.txt;receives;economicoperands;2
title_3.txt;recovery;economicoperands;5
title_3.txt;referral;economicoperands;1
title_3.txt;regional;economicoperands;1
title_3.txt;register;economicoperands;4
title_3.txt;remedies;economicoperands;1
title_3.txt;repealed;regulatoryoperators;5
title_3.txt;required;regulatoryoperators;11
title_3.txt;requires;regulatoryoperators;1
title_3.txt;reserved;economicoperands;2
title_3.txt;sections;legalreferences;6
title_3.txt;security;economicoperands;1
title_3.txt;sentence;other;22
title_3.txt;separate;economicoperands;1
title_3.txt;services;economicoperands;12
title_3.txt;specific;logicalconnectors;1
title_3.txt;standard;economicoperands;2
title_3.txt;statutes;other;2
title_3.txt;striking;other;345
title_3.txt;subpenas;economicoperands;2
title_3.txt;subpoena;economicoperands;3
title_3.txt;subtitle;legalreferences;2
title_3.txt;tangible;economicoperands;1
title_3.txt;this act;legalreferences;13
title_3.txt;title 18;legalreferences;2
title_3.txt;title 31;legalreferences;3
title_3.txt;title 44;legalreferences;1
title_3.txt;transfer;economicoperands;34
title_3.txt;unfairly;attributes;2
title_3.txt;usc 1438;legalreferences;1
title_3.txt;usc 1467;legalreferences;1
title_3.txt;usc 1468;legalreferences;1
title_3.txt;usc 1470;legalreferences;1
title_3.txt;usc 1708;legalreferences;1
title_3.txt;usc 1757;legalreferences;1
title_3.txt;usc 1787;legalreferences;3
title_3.txt;usc 1867;legalreferences;1
title_3.txt;usc 1972;legalreferences;1
title_3.txt;usc 2901;legalreferences;1
title_3.txt;vacation;economicoperands;1
title_3.txt;validity;economicoperands;1
title_3.txt;5 years;attributes;1
title_3.txt;60 days;attributes;1
title_3.txt;absence;economicoperands;1
title_3.txt;account;economicoperands;7
title_3.txt;accrued;economicoperands;3
title_3.txt;acquire;economicoperands;2
title_3.txt;actions;economicoperands;6
title_3.txt;address;economicoperands;1
title_3.txt;adopted;economicoperands;1
title_3.txt;advance;economicoperands;2
title_3.txt;affairs;economicoperands;4
title_3.txt;against;functionwords;8
title_3.txt;allowed;regulatoryoperators;3
title_3.txt;altered;economicoperands;1
title_3.txt;amended;regulatoryoperators;52
title_3.txt;amounts;economicoperands;3
title_3.txt;another;functionwords;1
title_3.txt;appears;economicoperands;57
title_3.txt;applied;other;1
title_3.txt;appoint;economicoperands;2
title_3.txt;arising;economicoperands;4
title_3.txt;aspects;economicoperands;1
title_3.txt;average;mathematicaloperators;2
title_3.txt;banking;economicoperands;10
title_3.txt;becomes;economicoperands;1
title_3.txt;benefit;economicoperands;3
title_3.txt;between;functionwords;2
title_3.txt;brokers;economicoperands;1
title_3.txt;carries;economicoperands;1
title_3.txt;certain;functionwords;1
title_3.txt;chapter;other;9
title_3.txt;charged;economicoperands;1
title_3.txt;charges;economicoperands;3
title_3.txt;charter;economicoperands;1
title_3.txt;clauses;other;9
title_3.txt;collect;economicoperands;2
title_3.txt;comment;economicoperands;2
title_3.txt;company;economicoperands;2
title_3.txt;conduct;economicoperands;1
title_3.txt;consent;economicoperands;1
title_3.txt;consult;economicoperands;3
title_3.txt;content;other;1
title_3.txt;context;other;1
title_3.txt;control;economicoperands;1
title_3.txt;cost of;economicoperands;1
title_3.txt;custody;economicoperands;1
title_3.txt;dealers;economicoperands;1
title_3.txt;decline;economicoperands;1
title_3.txt;defined;economicoperands;23
title_3.txt;deleted;economicoperands;1
title_3.txt;deposit;economicoperands;5
title_3.txt;derived;economicoperands;1
title_3.txt;develop;economicoperands;3
title_3.txt;dispose;economicoperands;2
title_3.txt;enhance;economicoperands;1
title_3.txt;evasion;economicoperands;1
title_3.txt;execute;economicoperands;1
title_3.txt;existed;economicoperands;1
title_3.txt;factors;economicoperands;1
title_3.txt;federal;economicoperands;48
title_3.txt;filling;economicoperands;1
title_3.txt;finance;economicoperands;5
title_3.txt;focused;economicoperands;1
title_3.txt;follows;functionwords;9
title_3.txt;funding;economicoperands;4
title_3.txt;general;functionwords;5
title_3.txt;heading;economicoperands;12
title_3.txt;holding;economicoperands;17
title_3.txt;housing;economicoperands;12
title_3.txt;include;logicalconnectors;8
title_3.txt;insured;economicoperands;33
title_3.txt;interim;economicoperands;3
title_3.txt;january;attributes;3
title_3.txt;jointly;logicalconnectors;15
title_3.txt;leasing;economicoperands;1
title_3.txt;lending;economicoperands;2
title_3.txt;license;economicoperands;1
title_3.txt;limited;logicalconnectors;1
title_3.txt;located;economicoperands;3
title_3.txt;mandate;regulatoryoperators;1
title_3.txt;matters;functionwords;2
title_3.txt;maximum;mathematicaloperators;2
title_3.txt;meaning;other;1
title_3.txt;minimum;mathematicaloperators;1
title_3.txt;neither;logicalconnectors;2
title_3.txt;nonbank;economicoperands;1
title_3.txt;nothing;logicalconnectors;3
title_3.txt;october;attributes;1
title_3.txt;officer;economicoperands;2
title_3.txt;offices;economicoperands;1
title_3.txt;operate;economicoperands;3
title_3.txt;orderly;economicoperands;11
title_3.txt;outside;functionwords;2
title_3.txt;parties;economicoperands;2
title_3.txt;payable;economicoperands;2
title_3.txt;payment;economicoperands;7
title_3.txt;pending;functionwords;1
title_3.txt;perform;economicoperands;5
title_3.txt;periods;economicoperands;6
title_3.txt;persons;economicoperands;1
title_3.txt;placing;economicoperands;1
title_3.txt;prevent;regulatoryoperators;2
title_3.txt;process;economicoperands;4
title_3.txt;program;economicoperands;13
title_3.txt;protect;economicoperands;1
title_3.txt;provide;economicoperands;10
title_3.txt;publish;economicoperands;4
title_3.txt;receipt;economicoperands;1
title_3.txt;receive;economicoperands;2
title_3.txt;records;economicoperands;2
title_3.txt;reduced;economicoperands;2
title_3.txt;reflect;economicoperands;1
title_3.txt;reforms;economicoperands;1
title_3.txt;regular;attributes;2
title_3.txt;related;logicalconnectors;2
title_3.txt;relates;functionwords;1
title_3.txt;remains;economicoperands;1
title_3.txt;reports;economicoperands;9
title_3.txt;request;economicoperands;1
title_3.txt;require;regulatoryoperators;4
title_3.txt;reserve;economicoperands;2
title_3.txt;savings;economicoperands;27
title_3.txt;sec 327;legalreferences;1
title_3.txt;section;legalreferences;13
title_3.txt;service;economicoperands;12
title_3.txt;serving;economicoperands;1
title_3.txt;setting;economicoperands;1
title_3.txt;similar;logicalconnectors;3
title_3.txt;solicit;economicoperands;1
title_3.txt;special;economicoperands;3
title_3.txt;subpena;economicoperands;3
title_3.txt;succeed;economicoperands;3
title_3.txt;support;economicoperands;5
title_3.txt;suspend;regulatoryoperators;1
title_3.txt;that is;logicalconnectors;8
title_3.txt;thereof;logicalconnectors;3
title_3.txt;thereto;logicalconnectors;1
title_3.txt;through;functionwords;24
title_3.txt;title 5;legalreferences;14
title_3.txt;title x;legalreferences;1
title_3.txt;treated;economicoperands;1
title_3.txt;usc 481;legalreferences;3
title_3.txt;usc 482;legalreferences;1
title_3.txt;vacancy;economicoperands;1
title_3.txt;whether;logicalconnectors;7
title_3.txt;wind up;economicoperands;2
title_3.txt;written;economicoperands;4
title_3.txt;1-year;attributes;3
title_3.txt;2-year;attributes;1
title_3.txt;90-day;attributes;4
title_3.txt;accept;economicoperands;2
title_3.txt;access;economicoperands;2
title_3.txt;accrue;economicoperands;1
title_3.txt;acting;economicoperands;3
title_3.txt;action;economicoperands;15
title_3.txt;active;economicoperands;1
title_3.txt;adding;mathematicaloperators;15
title_3.txt;advise;economicoperands;1
title_3.txt;affect;economicoperands;4
title_3.txt;agency;economicoperands;59
title_3.txt;amount;economicoperands;22
title_3.txt;annual;attributes;3
title_3.txt;assess;economicoperands;2
title_3.txt;assets;economicoperands;8
title_3.txt;banker;economicoperands;2
title_3.txt;became;economicoperands;2
title_3.txt;before;logicalconnectors;54
title_3.txt;branch;economicoperands;6
title_3.txt;budget;economicoperands;2
title_3.txt;bureau;economicoperands;4
title_3.txt;charge;economicoperands;3
title_3.txt;credit;economicoperands;4
title_3.txt;deemed;regulatoryoperators;5
title_3.txt;define;economicoperands;1
title_3.txt;dental;economicoperands;4
title_3.txt;deputy;economicoperands;2
title_3.txt;design;economicoperands;1
title_3.txt;detail;other;1
title_3.txt;due to;logicalconnectors;3
title_3.txt;during;functionwords;16
title_3.txt;duties;economicoperands;13
title_3.txt;effect;economicoperands;9
title_3.txt;effort;economicoperands;1
title_3.txt;ending;economicoperands;2
title_3.txt;enroll;economicoperands;1
title_3.txt;ensure;regulatoryoperators;8
title_3.txt;entity;economicoperands;8
title_3.txt;equity;economicoperands;3
title_3.txt;ethnic;economicoperands;1
title_3.txt;except;logicalconnectors;5
title_3.txt;extend;economicoperands;2
title_3.txt;factor;economicoperands;1
title_3.txt;failed;economicoperands;1
title_3.txt;fourth;attributes;1
title_3.txt;gender;economicoperands;1
title_3.txt;having;functionwords;3
title_3.txt;health;economicoperands;2
title_3.txt;higher;mathematicaloperators;1
title_3.txt;hiring;economicoperands;2
title_3.txt;holder;economicoperands;2
title_3.txt;impact;economicoperands;1
title_3.txt;impose;regulatoryoperators;1
title_3.txt;in all;logicalconnectors;2
title_3.txt;insert;other;4
title_3.txt;insure;economicoperands;2
title_3.txt;intend;economicoperands;1
title_3.txt;issued;economicoperands;3
title_3.txt;levels;economicoperands;4
title_3.txt;making;functionwords;3
title_3.txt;manage;economicoperands;2
title_3.txt;matter;other;9
title_3.txt;member;economicoperands;8
title_3.txt;method;economicoperands;1
title_3.txt;monies;economicoperands;1
title_3.txt;motion;economicoperands;2
title_3.txt;nature;economicoperands;1
title_3.txt;notice;economicoperands;9
title_3.txt;notify;economicoperands;1
title_3.txt;office;economicoperands;20
title_3.txt;offset;economicoperands;2
title_3.txt;orders;economicoperands;11
title_3.txt;others;logicalconnectors;2
title_3.txt;papers;economicoperands;3
title_3.txt;period;economicoperands;21
title_3.txt;permit;regulatoryoperators;2
title_3.txt;person;economicoperands;1
title_3.txt;placed;economicoperands;3
title_3.txt;policy;economicoperands;1
title_3.txt;posing;economicoperands;1
title_3.txt;powers;economicoperands;8
title_3.txt;prompt;attributes;1
title_3.txt;public;economicoperands;1
title_3.txt;racial;economicoperands;1
title_3.txt;reduce;economicoperands;2
title_3.txt;reform;economicoperands;4
title_3.txt;remain;economicoperands;1
title_3.txt;repeal;regulatoryoperators;4
title_3.txt;report;economicoperands;7
title_3.txt;retain;economicoperands;2
title_3.txt;review;economicoperands;2
title_3.txt;rights;economicoperands;7
title_3.txt;safety;economicoperands;3
title_3.txt;season;economicoperands;2
title_3.txt;second;attributes;9
title_3.txt;senate;economicoperands;5
title_3.txt;senior;economicoperands;1
title_3.txt;solely;logicalconnectors;1
title_3.txt;status;economicoperands;9
title_3.txt;strike;other;4
title_3.txt;submit;economicoperands;6
title_3.txt;such a;logicalconnectors;1
title_3.txt;summer;economicoperands;1
title_3.txt;system;economicoperands;19
title_3.txt;tenure;economicoperands;4
title_3.txt;thrift;economicoperands;2
title_3.txt;timely;attributes;1
title_3.txt;timing;economicoperands;2
title_3.txt;toward;functionwords;1
title_3.txt;unions;economicoperands;1
title_3.txt;unless;logicalconnectors;2
title_3.txt;vested;economicoperands;7
title_3.txt;vision;economicoperands;4
title_3.txt;within;logicalconnectors;4
title_3.txt;abate;economicoperands;1
title_3.txt;above;functionwords;1
title_3.txt;added;mathematicaloperators;1
title_3.txt;adopt;economicoperands;1
title_3.txt;after;logicalconnectors;56
title_3.txt;amend;regulatoryoperators;1
title_3.txt;apply;other;5
title_3.txt;aside;functionwords;4
title_3.txt;asset;economicoperands;1
title_3.txt;banks;economicoperands;10
title_3.txt;basic;economicoperands;5
title_3.txt;basis;economicoperands;2
title_3.txt;being;functionwords;1
title_3.txt;board;economicoperands;33
title_3.txt;books;economicoperands;2
title_3.txt;cause;economicoperands;2
title_3.txt;chief;economicoperands;1
title_3.txt;cited;other;1
title_3.txt;civil;economicoperands;2
title_3.txt;claim;economicoperands;1
title_3.txt;comma;other;4
title_3.txt;court;economicoperands;5
title_3.txt;deems;regulatoryoperators;3
title_3.txt;delay;economicoperands;1
title_3.txt;elect;economicoperands;2
title_3.txt;enter;economicoperands;1
title_3.txt;equal;logicalconnectors;2
title_3.txt;every;logicalconnectors;1
title_3.txt;faced;economicoperands;1
title_3.txt;fairs;attributes;1
title_3.txt;files;economicoperands;2
title_3.txt;final;economicoperands;3
title_3.txt;firms;economicoperands;3
title_3.txt;first;attributes;11
title_3.txt;fslic;economicoperands;2
title_3.txt;fully;economicoperands;2
title_3.txt;funds;economicoperands;11
title_3.txt;given;functionwords;2
title_3.txt;gives;functionwords;1
title_3.txt;group;other;4
title_3.txt;holds;economicoperands;1
title_3.txt;issue;economicoperands;4
title_3.txt;items;other;2
title_3.txt;joint;logicalconnectors;2
title_3.txt;known;other;2
title_3.txt;lease;economicoperands;2
title_3.txt;leave;other;1
title_3.txt;legal;economicoperands;1
title_3.txt;level;economicoperands;1
title_3.txt;limit;regulatoryoperators;4
title_3.txt;major;functionwords;1
title_3.txt;means;other;14
title_3.txt;media;economicoperands;3
title_3.txt;minus;mathematicaloperators;1
title_3.txt;other;logicalconnectors;59
title_3.txt;paper;economicoperands;1
title_3.txt;party;economicoperands;3
title_3.txt;place;economicoperands;59
title_3.txt;plans;economicoperands;2
title_3.txt;prior;economicoperands;3
title_3.txt;reach;economicoperands;1
title_3.txt;right;economicoperands;4
title_3.txt;risks;economicoperands;1
title_3.txt;rules;economicoperands;2
title_3.txt;scope;economicoperands;1
title_3.txt;serve;economicoperands;2
title_3.txt;shall;regulatoryoperators;132
title_3.txt;share;economicoperands;2
title_3.txt;since;logicalconnectors;1
title_3.txt;sound;economicoperands;4
title_3.txt;staff;economicoperands;1
title_3.txt;state;economicoperands;16
title_3.txt;steps;functionwords;5
title_3.txt;study;economicoperands;2
title_3.txt;suits;economicoperands;1
title_3.txt;table;other;1
title_3.txt;taken;functionwords;5
title_3.txt;takes;functionwords;6
title_3.txt;terms;other;5
title_3.txt;their;functionwords;2
title_3.txt;there;functionwords;3
title_3.txt;third;attributes;6
title_3.txt;those;functionwords;1
title_3.txt;title;legalreferences;1
title_3.txt;total;mathematicaloperators;5
title_3.txt;trust;economicoperands;19
title_3.txt;tying;economicoperands;1
title_3.txt;types;economicoperands;1
title_3.txt;under;functionwords;57
title_3.txt;until;logicalconnectors;6
title_3.txt;urban;economicoperands;1
title_3.txt;using;economicoperands;1
title_3.txt;which;functionwords;62
title_3.txt;while;logicalconnectors;1
title_3.txt;women;economicoperands;15
title_3.txt;would;functionwords;4
title_3.txt;1461;legalreferences;1
title_3.txt;1820;legalreferences;1
title_3.txt;1823;legalreferences;1
title_3.txt;1933;legalreferences;1
title_3.txt;1970;attributes;2
title_3.txt;2008;attributes;2
title_3.txt;2010;attributes;1
title_3.txt;2013;attributes;2
title_3.txt;2020;attributes;1
title_3.txt;area;economicoperands;2
title_3.txt;bank;economicoperands;42
title_3.txt;been;functionwords;5
title_3.txt;both;logicalconnectors;1
title_3.txt;care;economicoperands;1
title_3.txt;case;economicoperands;2
title_3.txt;copy;economicoperands;3
title_3.txt;cost;economicoperands;7
title_3.txt;date;economicoperands;20
title_3.txt;days;economicoperands;5
title_3.txt;debt;economicoperands;1
title_3.txt;deem;regulatoryoperators;1
title_3.txt;dual;economicoperands;1
title_3.txt;duty;economicoperands;1
title_3.txt;each;logicalconnectors;83
title_3.txt;face;economicoperands;1
title_3.txt;fair;attributes;4
title_3.txt;fees;economicoperands;4
title_3.txt;form;other;1
title_3.txt;from;functionwords;21
title_3.txt;full;economicoperands;1
title_3.txt;fund;economicoperands;10
title_3.txt;give;functionwords;1
title_3.txt;have;functionwords;9
title_3.txt;head;economicoperands;1
title_3.txt;held;economicoperands;1
title_3.txt;hold;economicoperands;1
title_3.txt;home;economicoperands;9
title_3.txt;into;functionwords;9
title_3.txt;laws;economicoperands;4
title_3.txt;life;economicoperands;15
title_3.txt;list;other;3
title_3.txt;loan;economicoperands;9
title_3.txt;long;economicoperands;4
title_3.txt;made;functionwords;14
title_3.txt;make;functionwords;9
title_3.txt;mass;economicoperands;1
title_3.txt;meet;economicoperands;2
title_3.txt;more;mathematicaloperators;2
title_3.txt;name;economicoperands;2
title_3.txt;note;economicoperands;1
title_3.txt;only;logicalconnectors;4
title_3.txt;open;economicoperands;3
title_3.txt;paid;economicoperands;8
title_3.txt;part;functionwords;1
title_3.txt;plan;economicoperands;28
title_3.txt;rate;economicoperands;9
title_3.txt;read;other;6
title_3.txt;real;economicoperands;2
title_3.txt;rule;economicoperands;1
title_3.txt;safe;economicoperands;4
title_3.txt;sale;economicoperands;1
title_3.txt;same;logicalconnectors;6
title_3.txt;seek;other;1
title_3.txt;sell;economicoperands;1
title_3.txt;size;economicoperands;2
title_3.txt;sole;logicalconnectors;6
title_3.txt;such;logicalconnectors;75
title_3.txt;take;functionwords;11
title_3.txt;term;other;84
title_3.txt;than;functionwords;19
title_3.txt;that;functionwords;115
title_3.txt;this;functionwords;7
title_3.txt;time;economicoperands;6
title_3.txt;type;economicoperands;3
title_3.txt;upon;functionwords;3
title_3.txt;used;economicoperands;3
title_3.txt;viii;legalreferences;1
title_3.txt;were;functionwords;5
title_3.txt;what;functionwords;1
title_3.txt;when;logicalconnectors;4
title_3.txt;will;functionwords;8
title_3.txt;with;functionwords;36
title_3.txt;work;economicoperands;2
title_3.txt;year;attributes;7
title_3.txt;1 b;other;1
title_3.txt;100;attributes;2
title_3.txt;120;legalreferences;1
title_3.txt;301;legalreferences;3
title_3.txt;311;legalreferences;1
title_3.txt;312;legalreferences;2
title_3.txt;313;legalreferences;2
title_3.txt;314;legalreferences;1
title_3.txt;315;legalreferences;1
title_3.txt;321;legalreferences;1
title_3.txt;322;legalreferences;1
title_3.txt;323;legalreferences;1
title_3.txt;324;legalreferences;2
title_3.txt;325;legalreferences;1
title_3.txt;341;legalreferences;1
title_3.txt;342;legalreferences;1
title_3.txt;343;legalreferences;1
title_3.txt;371;legalreferences;1
title_3.txt;375;legalreferences;1
title_3.txt;4 b;other;2
title_3.txt;act;legalreferences;15
title_3.txt;all;logicalconnectors;40
title_3.txt;and;logicalconnectors;844
title_3.txt;any;logicalconnectors;123
title_3.txt;are;functionwords;46
title_3.txt;b 2;other;1
title_3.txt;but;logicalconnectors;4
title_3.txt;c 2;other;1
title_3.txt;etc;functionwords;1
title_3.txt;fee;economicoperands;3
title_3.txt;fix;economicoperands;2
title_3.txt;for;functionwords;77
title_3.txt;had;functionwords;1
title_3.txt;has;functionwords;9
title_3.txt;her;functionwords;1
title_3.txt;his;functionwords;2
title_3.txt;iii;legalreferences;56
title_3.txt;its;functionwords;6
title_3.txt;job;economicoperands;1
title_3.txt;law;economicoperands;24
title_3.txt;may;functionwords;45
title_3.txt;met;economicoperands;2
title_3.txt;net;economicoperands;15
title_3.txt;new;economicoperands;7
title_3.txt;nor;logicalconnectors;2
title_3.txt;not;logicalconnectors;30
title_3.txt;ots;economicoperands;1
title_3.txt;out;functionwords;6
title_3.txt;own;functionwords;3
title_3.txt;pay;economicoperands;23
title_3.txt;rtc;other;2
title_3.txt;sec;economicoperands;59
title_3.txt;seq;legalreferences;8
title_3.txt;set;other;5
title_3.txt;sum;mathematicaloperators;1
title_3.txt;the;functionwords;1482
title_3.txt;usc;legalreferences;29
title_3.txt;use;economicoperands;1
title_3.txt;vii;legalreferences;2
title_3.txt;was;functionwords;15
title_3.txt;who;functionwords;7
title_3.txt;why;logicalconnectors;1
title_3.txt;yet;logicalconnectors;3
title_3.txt;10;attributes;3
title_3.txt;11;legalreferences;2
title_3.txt;12;attributes;37
title_3.txt;15;attributes;6
title_3.txt;28;legalreferences;1
title_3.txt;30;attributes;1
title_3.txt;31;attributes;1
title_3.txt;41;legalreferences;1
title_3.txt;50;attributes;2
title_3.txt;90;attributes;4
title_3.txt;aa;legalreferences;22
title_3.txt;an;functionwords;52
title_3.txt;as;logicalconnectors;146
title_3.txt;at;functionwords;16
title_3.txt;bb;legalreferences;21
title_3.txt;be;functionwords;70
title_3.txt;by;functionwords;542
title_3.txt;cc;legalreferences;8
title_3.txt;do;functionwords;2
title_3.txt;et;functionwords;8
title_3.txt;if;logicalconnectors;10
title_3.txt;ii;legalreferences;116
title_3.txt;in;functionwords;548
title_3.txt;is;functionwords;87
title_3.txt;it;functionwords;1
title_3.txt;iv;legalreferences;31
title_3.txt;no;logicalconnectors;2
title_3.txt;of;functionwords;709
title_3.txt;on;functionwords;50
title_3.txt;or;logicalconnectors;303
title_3.txt;so;logicalconnectors;6
title_3.txt;to;functionwords;200
title_3.txt;vi;other;2
title_3.txt;1;attributes;93
title_3.txt;2;attributes;80
title_3.txt;3;attributes;46
title_3.txt;4;attributes;27
title_3.txt;5;attributes;17
title_3.txt;6;attributes;10
title_3.txt;7;attributes;6
title_3.txt;8;attributes;9
title_3.txt;9;attributes;9
title_3.txt;a;functionwords;314
title_3.txt;b;legalreferences;127
title_3.txt;c;legalreferences;56
title_3.txt;d;legalreferences;39
title_3.txt;e;legalreferences;30
title_3.txt;f;legalreferences;20
title_3.txt;h;legalreferences;8
title_3.txt;i;functionwords;122
title_3.txt;j;legalreferences;4
title_3.txt;k;legalreferences;8
title_3.txt;l;legalreferences;2
title_3.txt;m;legalreferences;2
title_3.txt;n;legalreferences;2
title_3.txt;o;legalreferences;2
title_3.txt;p;legalreferences;2
title_3.txt;q;legalreferences;1
title_3.txt;r;legalreferences;4
title_3.txt;u;legalreferences;2
title_3.txt;v;legalreferences;11
