title_11.txt;section 1109 of the dodd-frank wall street reform and consumer protection act;legalreferences;1
title_11.txt;asset-backed commercial paper money market mutual fund liquidity facility;economicoperands;2
title_11.txt;section 13 c 4 g of the federal deposit insurance act 12 usc 1823 c 4 g;legalreferences;1
title_11.txt;committee on financial services of the house of representatives;economicoperands;6
title_11.txt;the dodd-frank wall street reform and consumer protection act;legalreferences;8
title_11.txt;section 502 of the gramm-leach-bliley act 12 usc 6802;legalreferences;1
title_11.txt;the federal deposit insurance act 12 usc 1813;legalreferences;1
title_11.txt;the federal reserve act 12 usc 241 et seq;legalreferences;1
title_11.txt;comptroller general of the united states;economicoperands;3
title_11.txt;the federal deposit insurance act 12 usc;legalreferences;1
title_11.txt;the federal reserve act 12 usc 242;legalreferences;1
title_11.txt;the federal reserve act 12 usc 248;legalreferences;2
title_11.txt;the federal reserve act 12 usc 343;legalreferences;4
title_11.txt;the federal deposit insurance act;legalreferences;3
title_11.txt;term securities lending facility;economicoperands;2
title_11.txt;insured depository institution;economicoperands;4
title_11.txt;primary dealer credit facility;economicoperands;2
title_11.txt;the federal reserve act 12 usc;legalreferences;2
title_11.txt;federal deposit insurance act;legalreferences;2
title_11.txt;freedom of information act;legalreferences;2
title_11.txt;vice chairman of the board;economicoperands;1
title_11.txt;covered financial company;economicoperands;1
title_11.txt;secretary of the treasury;economicoperands;4
title_11.txt;house of representatives;economicoperands;11
title_11.txt;broad-based eligibility;economicoperands;4
title_11.txt;chief executive officer;economicoperands;2
title_11.txt;in connection therewith;logicalconnectors;1
title_11.txt;the federal reserve act;legalreferences;7
title_11.txt;depository institution;economicoperands;7
title_11.txt;executive compensation;economicoperands;1
title_11.txt;in the public interest;attributes;2
title_11.txt;open market operations;economicoperands;2
title_11.txt;supervisory functions;economicoperands;1
title_11.txt;term auction facility;economicoperands;2
title_11.txt;to the same extent as;logicalconnectors;1
title_11.txt;under this subsection;legalreferences;2
title_11.txt;federal reserve bank;economicoperands;24
title_11.txt;in consultation with;economicoperands;5
title_11.txt;rule of construction;other;2
title_11.txt;under subparagraph a;legalreferences;5
title_11.txt;under this paragraph;legalreferences;7
title_11.txt;comptroller general;economicoperands;16
title_11.txt;covered transaction;economicoperands;22
title_11.txt;federal reserve act;legalreferences;4
title_11.txt;financial stability;economicoperands;1
title_11.txt;the extent to which;logicalconnectors;1
title_11.txt;the manner in which;logicalconnectors;1
title_11.txt;undesignated matter;other;1
title_11.txt;as the case may be;logicalconnectors;1
title_11.txt;board of governors;economicoperands;29
title_11.txt;for the purpose of;functionwords;3
title_11.txt;in accordance with;logicalconnectors;5
title_11.txt;in connection with;logicalconnectors;5
title_11.txt;in the same manner;logicalconnectors;2
title_11.txt;to the extent that;logicalconnectors;2
title_11.txt;under subsection a;legalreferences;3
title_11.txt;under this section;legalreferences;11
title_11.txt;united states code;legalreferences;12
title_11.txt;deposit insurance;economicoperands;1
title_11.txt;financial company;economicoperands;1
title_11.txt;inconsistent with;economicoperands;1
title_11.txt;inspector general;economicoperands;2
title_11.txt;regulatory policy;economicoperands;1
title_11.txt;section 714 f 1 a;legalreferences;1
title_11.txt;subsection a or c;legalreferences;1
title_11.txt;commercial paper;economicoperands;2
title_11.txt;financial market;economicoperands;2
title_11.txt;financial system;economicoperands;2
title_11.txt;joint resolution;economicoperands;27
title_11.txt;period beginning;economicoperands;6
title_11.txt;the same meaning;logicalconnectors;2
title_11.txt;associated with;logicalconnectors;1
title_11.txt;credit facility;economicoperands;34
title_11.txt;decision-making;economicoperands;1
title_11.txt;discount window;economicoperands;3
title_11.txt;federal reserve;economicoperands;18
title_11.txt;financial firms;economicoperands;3
title_11.txt;holding company;economicoperands;3
title_11.txt;inappropriately;attributes;2
title_11.txt;liquidity event;economicoperands;6
title_11.txt;maiden lane iii;economicoperands;3
title_11.txt;majority leader;economicoperands;1
title_11.txt;minority leader;economicoperands;1
title_11.txt;monetary policy;economicoperands;1
title_11.txt;nongovernmental;economicoperands;1
title_11.txt;notwithstanding;logicalconnectors;5
title_11.txt;recommendations;economicoperands;3
title_11.txt;risk management;economicoperands;1
title_11.txt;section 208 n 5;legalreferences;1
title_11.txt;section 507 a 2;legalreferences;1
title_11.txt;section 552 b 3;legalreferences;2
title_11.txt;this subsection;legalreferences;9
title_11.txt;with respect to;logicalconnectors;11
title_11.txt;written request;economicoperands;1
title_11.txt;administration;economicoperands;1
title_11.txt;administrative;economicoperands;2
title_11.txt;as a result of;logicalconnectors;2
title_11.txt;constitutional;economicoperands;1
title_11.txt;counterparties;economicoperands;1
title_11.txt;covered entity;economicoperands;1
title_11.txt;discrimination;economicoperands;1
title_11.txt;effective date;economicoperands;3
title_11.txt;identification;economicoperands;1
title_11.txt;in the case of;logicalconnectors;3
title_11.txt;maiden lane ii;economicoperands;3
title_11.txt;not later than;logicalconnectors;10
title_11.txt;prior approval;regulatoryoperators;1
title_11.txt;ranking member;economicoperands;2
title_11.txt;recommendation;economicoperands;1
title_11.txt;responsibility;economicoperands;1
title_11.txt;satisfactorily;economicoperands;1
title_11.txt;section 11 a 4;legalreferences;1
title_11.txt;section 1105 a;legalreferences;1
title_11.txt;section 1105 c;legalreferences;3
title_11.txt;subparagraph a;legalreferences;2
title_11.txt;subparagraph c;legalreferences;2
title_11.txt;subsection a 1;legalreferences;1
title_11.txt;the end of the;mathematicaloperators;3
title_11.txt;this paragraph;legalreferences;1
title_11.txt;under clause i;legalreferences;3
title_11.txt;administering;economicoperands;1
title_11.txt;at the end of;logicalconnectors;1
title_11.txt;authorization;regulatoryoperators;2
title_11.txt;balance sheet;economicoperands;1
title_11.txt;certification;economicoperands;3
title_11.txt;consideration;economicoperands;8
title_11.txt;contravention;economicoperands;1
title_11.txt;determination;regulatoryoperators;17
title_11.txt;documentation;economicoperands;4
title_11.txt;effectiveness;economicoperands;5
title_11.txt;establishment;regulatoryoperators;4
title_11.txt;in which case;logicalconnectors;1
title_11.txt;insufficiency;economicoperands;1
title_11.txt;interest rate;economicoperands;1
title_11.txt;justification;economicoperands;1
title_11.txt;nondisclosure;economicoperands;2
title_11.txt;paragraph 3 a;legalreferences;4
title_11.txt;paragraph 3 b;legalreferences;1
title_11.txt;participating;economicoperands;4
title_11.txt;participation;economicoperands;1
title_11.txt;regulation of;regulatoryoperators;4
title_11.txt;section 210 b;legalreferences;1
title_11.txt;section 714 b;legalreferences;1
title_11.txt;section 714 d;legalreferences;1
title_11.txt;section 714 f;legalreferences;3
title_11.txt;stabilization;economicoperands;1
title_11.txt;together with;logicalconnectors;1
title_11.txt;understanding;economicoperands;1
title_11.txt;united states;economicoperands;2
title_11.txt;urban affairs;economicoperands;7
title_11.txt;vice chairman;economicoperands;5
title_11.txt;asset-backed;economicoperands;2
title_11.txt;availability;economicoperands;1
title_11.txt;central bank;economicoperands;2
title_11.txt;chairpersons;economicoperands;1
title_11.txt;compensation;economicoperands;1
title_11.txt;confidential;economicoperands;2
title_11.txt;consultation;economicoperands;1
title_11.txt;coordination;economicoperands;1
title_11.txt;corporations;economicoperands;1
title_11.txt;counterparty;economicoperands;4
title_11.txt;distribution;economicoperands;1
title_11.txt;examinations;economicoperands;3
title_11.txt;incorporated;economicoperands;1
title_11.txt;institutions;economicoperands;4
title_11.txt;insufficient;attributes;1
title_11.txt;introduction;economicoperands;1
title_11.txt;on behalf of;functionwords;2
title_11.txt;participants;economicoperands;10
title_11.txt;requirements;economicoperands;2
title_11.txt;section 11 k;legalreferences;1
title_11.txt;section 1104;legalreferences;1
title_11.txt;section 1105;legalreferences;6
title_11.txt;section 13 c;legalreferences;2
title_11.txt;subparagraph;other;3
title_11.txt;subsection a;legalreferences;2
title_11.txt;subsection c;legalreferences;3
title_11.txt;subsection d;legalreferences;2
title_11.txt;subsection e;legalreferences;2
title_11.txt;this section;legalreferences;12
title_11.txt;transactions;economicoperands;5
title_11.txt;transparency;economicoperands;2
title_11.txt;undesignated;other;7
title_11.txt;agriculture;economicoperands;1
title_11.txt;appearances;economicoperands;2
title_11.txt;application;economicoperands;1
title_11.txt;appropriate;attributes;3
title_11.txt;assessments;economicoperands;3
title_11.txt;conclusions;economicoperands;1
title_11.txt;concurrence;economicoperands;1
title_11.txt;contractors;economicoperands;2
title_11.txt;corporation;economicoperands;35
title_11.txt;definitions;economicoperands;6
title_11.txt;description;economicoperands;2
title_11.txt;determining;regulatoryoperators;1
title_11.txt;effectively;other;1
title_11.txt;established;regulatoryoperators;16
title_11.txt;even though;logicalconnectors;1
title_11.txt;examination;economicoperands;1
title_11.txt;exceptional;attributes;1
title_11.txt;identifying;economicoperands;6
title_11.txt;immediately;attributes;2
title_11.txt;in order to;logicalconnectors;1
title_11.txt;independent;economicoperands;1
title_11.txt;individuals;economicoperands;2
title_11.txt;information;economicoperands;25
title_11.txt;involuntary;economicoperands;1
title_11.txt;legislative;economicoperands;1
title_11.txt;limitations;regulatoryoperators;1
title_11.txt;maiden lane;economicoperands;3
title_11.txt;nonredacted;economicoperands;2
title_11.txt;obligations;economicoperands;7
title_11.txt;on the date;logicalconnectors;8
title_11.txt;operational;economicoperands;2
title_11.txt;outstanding;economicoperands;3
title_11.txt;paragraph 1;legalreferences;10
title_11.txt;paragraph 2;legalreferences;8
title_11.txt;paragraph 3;legalreferences;4
title_11.txt;paragraph 6;legalreferences;1
title_11.txt;participant;economicoperands;11
title_11.txt;partnership;economicoperands;3
title_11.txt;practicable;economicoperands;2
title_11.txt;publication;economicoperands;2
title_11.txt;pursuant to;logicalconnectors;12
title_11.txt;recognition;economicoperands;1
title_11.txt;reconvening;economicoperands;1
title_11.txt;referred to;functionwords;3
title_11.txt;relating to;logicalconnectors;11
title_11.txt;represented;economicoperands;1
title_11.txt;requirement;economicoperands;2
title_11.txt;responsible;economicoperands;1
title_11.txt;section 201;legalreferences;1
title_11.txt;section 202;legalreferences;2
title_11.txt;section 203;legalreferences;1
title_11.txt;section 301;legalreferences;1
title_11.txt;section 303;legalreferences;1
title_11.txt;section 552;legalreferences;1
title_11.txt;section 714;legalreferences;2
title_11.txt;semi-annual;attributes;1
title_11.txt;significant;attributes;3
title_11.txt;subclause i;legalreferences;1
title_11.txt;supervision;economicoperands;12
title_11.txt;termination;economicoperands;3
title_11.txt;third party;economicoperands;1
title_11.txt;third-party;economicoperands;2
title_11.txt;transaction;economicoperands;3
title_11.txt;transferred;economicoperands;5
title_11.txt;accounting;economicoperands;3
title_11.txt;activities;economicoperands;1
title_11.txt;additional;mathematicaloperators;3
title_11.txt;affiliates;economicoperands;1
title_11.txt;amendments;other;4
title_11.txt;applicable;functionwords;2
title_11.txt;appointing;economicoperands;1
title_11.txt;as follows;functionwords;2
title_11.txt;as soon as;logicalconnectors;2
title_11.txt;assessment;economicoperands;1
title_11.txt;assistance;economicoperands;19
title_11.txt;at the end;logicalconnectors;5
title_11.txt;authorized;regulatoryoperators;10
title_11.txt;authorizes;regulatoryoperators;1
title_11.txt;bankruptcy;economicoperands;4
title_11.txt;collateral;economicoperands;13
title_11.txt;committees;economicoperands;1
title_11.txt;concerning;logicalconnectors;4
title_11.txt;conclusion;economicoperands;3
title_11.txt;conditions;logicalconnectors;5
title_11.txt;conduct of;economicoperands;4
title_11.txt;conducting;economicoperands;1
title_11.txt;conferring;regulatoryoperators;1
title_11.txt;conforming;regulatoryoperators;1
title_11.txt;considered;logicalconnectors;4
title_11.txt;consistent;attributes;3
title_11.txt;definition;economicoperands;2
title_11.txt;delegation;economicoperands;1
title_11.txt;depository;economicoperands;2
title_11.txt;designated;regulatoryoperators;7
title_11.txt;determines;regulatoryoperators;4
title_11.txt;disclosure;economicoperands;5
title_11.txt;earlier of;mathematicaloperators;1
title_11.txt;efficiency;economicoperands;1
title_11.txt;enumerated;economicoperands;1
title_11.txt;evaluation;economicoperands;1
title_11.txt;exceptions;logicalconnectors;1
title_11.txt;extensions;economicoperands;2
title_11.txt;facilities;economicoperands;8
title_11.txt;fast track;economicoperands;1
title_11.txt;fewer than;mathematicaloperators;2
title_11.txt;governance;economicoperands;4
title_11.txt;guaranteed;economicoperands;2
title_11.txt;guarantees;economicoperands;7
title_11.txt;in general;logicalconnectors;8
title_11.txt;individual;economicoperands;6
title_11.txt;insolvency;economicoperands;2
title_11.txt;introduced;economicoperands;1
title_11.txt;limitation;regulatoryoperators;1
title_11.txt;limited to;logicalconnectors;1
title_11.txt;litigation;economicoperands;1
title_11.txt;materially;economicoperands;1
title_11.txt;mitigating;regulatoryoperators;2
title_11.txt;objectives;economicoperands;1
title_11.txt;obligation;economicoperands;5
title_11.txt;operations;economicoperands;2
title_11.txt;paragraphs;functionwords;1
title_11.txt;presidents;economicoperands;2
title_11.txt;procedures;economicoperands;13
title_11.txt;proceeding;economicoperands;2
title_11.txt;protection;economicoperands;2
title_11.txt;provisions;economicoperands;1
title_11.txt;reasonable;attributes;2
title_11.txt;reasonably;attributes;1
title_11.txt;recipients;economicoperands;1
title_11.txt;reconsider;economicoperands;1
title_11.txt;referenced;economicoperands;1
title_11.txt;references;economicoperands;1
title_11.txt;regulation;regulatoryoperators;3
title_11.txt;repository;economicoperands;1
title_11.txt;represents;economicoperands;1
title_11.txt;resolution;economicoperands;4
title_11.txt;rulemaking;other;2
title_11.txt;section 10;legalreferences;2
title_11.txt;section 11;legalreferences;4
title_11.txt;section 13;legalreferences;10
title_11.txt;section 14;legalreferences;1
title_11.txt;securities;economicoperands;8
title_11.txt;statements;economicoperands;1
title_11.txt;structured;economicoperands;1
title_11.txt;subject to;logicalconnectors;4
title_11.txt;submission;economicoperands;2
title_11.txt;subsection;legalreferences;3
title_11.txt;sufficient;attributes;1
title_11.txt;supersedes;regulatoryoperators;1
title_11.txt;supervised;regulatoryoperators;3
title_11.txt;suspension;economicoperands;1
title_11.txt;terminated;economicoperands;5
title_11.txt;this title;legalreferences;4
title_11.txt;unfinished;economicoperands;1
title_11.txt;winding up;economicoperands;1
title_11.txt;12 months;attributes;2
title_11.txt;24 months;attributes;1
title_11.txt;30 months;attributes;1
title_11.txt;adjourned;economicoperands;1
title_11.txt;amendment;other;3
title_11.txt;amount of;mathematicaloperators;6
title_11.txt;appointed;economicoperands;5
title_11.txt;approving;regulatoryoperators;1
title_11.txt;assessing;economicoperands;1
title_11.txt;assisting;economicoperands;1
title_11.txt;authority;economicoperands;20
title_11.txt;available;economicoperands;10
title_11.txt;borrowers;economicoperands;2
title_11.txt;borrowing;economicoperands;1
title_11.txt;carry out;economicoperands;1
title_11.txt;collected;economicoperands;2
title_11.txt;commenced;economicoperands;2
title_11.txt;committee;economicoperands;8
title_11.txt;companies;economicoperands;4
title_11.txt;companion;economicoperands;3
title_11.txt;completed;economicoperands;3
title_11.txt;condition;logicalconnectors;1
title_11.txt;conducted;economicoperands;6
title_11.txt;conflicts;economicoperands;3
title_11.txt;construed;other;2
title_11.txt;consumers;economicoperands;1
title_11.txt;corporate;economicoperands;1
title_11.txt;creditors;economicoperands;1
title_11.txt;debatable;economicoperands;4
title_11.txt;decisions;economicoperands;3
title_11.txt;deposited;economicoperands;1
title_11.txt;described;other;13
title_11.txt;designees;economicoperands;1
title_11.txt;determine;regulatoryoperators;3
title_11.txt;directors;economicoperands;5
title_11.txt;disagreed;economicoperands;2
title_11.txt;disclosed;economicoperands;1
title_11.txt;discloses;economicoperands;1
title_11.txt;dividends;economicoperands;2
title_11.txt;effective;other;1
title_11.txt;eliminate;economicoperands;1
title_11.txt;emergency;economicoperands;10
title_11.txt;employees;economicoperands;2
title_11.txt;enactment;other;16
title_11.txt;establish;regulatoryoperators;5
title_11.txt;except as;logicalconnectors;1
title_11.txt;exclusive;economicoperands;1
title_11.txt;execution;economicoperands;1
title_11.txt;executive;economicoperands;1
title_11.txt;exemption;regulatoryoperators;3
title_11.txt;expedited;economicoperands;2
title_11.txt;financial;economicoperands;14
title_11.txt;following;functionwords;20
title_11.txt;formation;economicoperands;1
title_11.txt;functions;economicoperands;2
title_11.txt;gao audit;economicoperands;2
title_11.txt;governing;economicoperands;5
title_11.txt;guarantee;economicoperands;17
title_11.txt;including;logicalconnectors;13
title_11.txt;increased;mathematicaloperators;1
title_11.txt;initially;economicoperands;1
title_11.txt;inserting;other;16
title_11.txt;insolvent;economicoperands;3
title_11.txt;integrity;economicoperands;2
title_11.txt;interests;economicoperands;1
title_11.txt;introduce;economicoperands;1
title_11.txt;less than;mathematicaloperators;1
title_11.txt;liquidity;economicoperands;3
title_11.txt;mandatory;regulatoryoperators;2
title_11.txt;more than;mathematicaloperators;2
title_11.txt;necessary;attributes;4
title_11.txt;nonpublic;economicoperands;1
title_11.txt;operation;economicoperands;1
title_11.txt;organized;economicoperands;1
title_11.txt;otherwise;logicalconnectors;2
title_11.txt;oversight;economicoperands;1
title_11.txt;paragraph;legalreferences;7
title_11.txt;placement;economicoperands;1
title_11.txt;popularly;economicoperands;1
title_11.txt;potential;economicoperands;3
title_11.txt;practices;economicoperands;1
title_11.txt;prescribe;regulatoryoperators;2
title_11.txt;president;economicoperands;11
title_11.txt;procedure;economicoperands;5
title_11.txt;projected;economicoperands;1
title_11.txt;providing;economicoperands;1
title_11.txt;provision;economicoperands;6
title_11.txt;purchases;economicoperands;1
title_11.txt;rationale;economicoperands;1
title_11.txt;recipient;economicoperands;1
title_11.txt;reduction;economicoperands;2
title_11.txt;reference;economicoperands;2
title_11.txt;regarding;logicalconnectors;5
title_11.txt;repayment;economicoperands;2
title_11.txt;reporting;economicoperands;3
title_11.txt;requested;regulatoryoperators;1
title_11.txt;requiring;regulatoryoperators;1
title_11.txt;resolving;economicoperands;1
title_11.txt;secretary;economicoperands;13
title_11.txt;section 3;legalreferences;2
title_11.txt;section 4;legalreferences;2
title_11.txt;selection;economicoperands;4
title_11.txt;set forth;regulatoryoperators;1
title_11.txt;so far as;logicalconnectors;1
title_11.txt;specified;regulatoryoperators;3
title_11.txt;subclause;legalreferences;1
title_11.txt;submitted;economicoperands;3
title_11.txt;taxpayers;economicoperands;5
title_11.txt;treatment;economicoperands;3
title_11.txt;unsecured;economicoperands;2
title_11.txt;24-month;attributes;1
title_11.txt;6 months;attributes;1
title_11.txt;accounts;economicoperands;1
title_11.txt;adoption;economicoperands;1
title_11.txt;approval;regulatoryoperators;8
title_11.txt;approves;regulatoryoperators;1
title_11.txt;auditing;economicoperands;1
title_11.txt;believes;economicoperands;1
title_11.txt;borrowed;economicoperands;7
title_11.txt;borrower;economicoperands;10
title_11.txt;business;economicoperands;4
title_11.txt;calendar;economicoperands;6
title_11.txt;carrying;economicoperands;1
title_11.txt;chairman;economicoperands;9
title_11.txt;chairmen;economicoperands;1
title_11.txt;clause i;legalreferences;2
title_11.txt;clause v;legalreferences;1
title_11.txt;commerce;economicoperands;1
title_11.txt;complete;economicoperands;1
title_11.txt;congress;economicoperands;20
title_11.txt;consider;economicoperands;1
title_11.txt;contents;other;1
title_11.txt;controls;economicoperands;3
title_11.txt;currency;economicoperands;2
title_11.txt;december;attributes;3
title_11.txt;decision;economicoperands;2
title_11.txt;defaults;economicoperands;3
title_11.txt;delegate;economicoperands;2
title_11.txt;deposits;economicoperands;1
title_11.txt;designed;economicoperands;1
title_11.txt;detailed;other;1
title_11.txt;directly;attributes;2
title_11.txt;disclose;economicoperands;4
title_11.txt;discount;economicoperands;2
title_11.txt;disposed;economicoperands;1
title_11.txt;distress;economicoperands;1
title_11.txt;does not;logicalconnectors;1
title_11.txt;duration;economicoperands;1
title_11.txt;economic;economicoperands;3
title_11.txt;eligible;economicoperands;2
title_11.txt;employee;economicoperands;1
title_11.txt;entitled;economicoperands;2
title_11.txt;equal to;logicalconnectors;1
title_11.txt;evidence;economicoperands;1
title_11.txt;exchange;economicoperands;5
title_11.txt;executed;economicoperands;1
title_11.txt;exercise;economicoperands;8
title_11.txt;expected;economicoperands;3
title_11.txt;expenses;economicoperands;3
title_11.txt;extended;economicoperands;1
title_11.txt;facility;economicoperands;23
title_11.txt;findings;economicoperands;2
title_11.txt;followed;functionwords;1
title_11.txt;hearings;economicoperands;1
title_11.txt;identify;economicoperands;1
title_11.txt;identity;economicoperands;4
title_11.txt;includes;logicalconnectors;1
title_11.txt;increase;mathematicaloperators;3
title_11.txt;industry;economicoperands;1
title_11.txt;interest;economicoperands;7
title_11.txt;internal;economicoperands;3
title_11.txt;internet;economicoperands;1
title_11.txt;involved;economicoperands;1
title_11.txt;issuance;economicoperands;1
title_11.txt;lendable;economicoperands;1
title_11.txt;maintain;economicoperands;1
title_11.txt;majority;economicoperands;5
title_11.txt;material;economicoperands;2
title_11.txt;measures;economicoperands;1
title_11.txt;minority;economicoperands;5
title_11.txt;mitigate;regulatoryoperators;1
title_11.txt;mortgage;economicoperands;2
title_11.txt;national;economicoperands;1
title_11.txt;officers;economicoperands;2
title_11.txt;operated;economicoperands;1
title_11.txt;parallel;economicoperands;1
title_11.txt;personal;economicoperands;2
title_11.txt;petition;economicoperands;2
title_11.txt;policies;economicoperands;11
title_11.txt;position;economicoperands;2
title_11.txt;postpone;economicoperands;2
title_11.txt;preamble;economicoperands;1
title_11.txt;prepared;economicoperands;2
title_11.txt;previous;logicalconnectors;1
title_11.txt;priority;economicoperands;1
title_11.txt;proceeds;economicoperands;1
title_11.txt;programs;economicoperands;4
title_11.txt;prohibit;regulatoryoperators;1
title_11.txt;property;economicoperands;1
title_11.txt;provided;logicalconnectors;16
title_11.txt;publicly;economicoperands;2
title_11.txt;purchase;economicoperands;1
title_11.txt;purposes;economicoperands;12
title_11.txt;realized;economicoperands;2
title_11.txt;received;economicoperands;4
title_11.txt;receiver;economicoperands;4
title_11.txt;receives;economicoperands;3
title_11.txt;recessed;economicoperands;1
title_11.txt;recommit;economicoperands;1
title_11.txt;redacted;economicoperands;1
title_11.txt;relevant;attributes;8
title_11.txt;requests;economicoperands;2
title_11.txt;required;regulatoryoperators;10
title_11.txt;security;economicoperands;3
title_11.txt;sentence;other;2
title_11.txt;services;economicoperands;1
title_11.txt;specific;logicalconnectors;9
title_11.txt;standing;economicoperands;1
title_11.txt;striking;other;8
title_11.txt;taxpayer;economicoperands;1
title_11.txt;this act;legalreferences;10
title_11.txt;title 11;legalreferences;3
title_11.txt;title 31;legalreferences;8
title_11.txt;title ii;legalreferences;2
title_11.txt;title xi;legalreferences;1
title_11.txt;transmit;economicoperands;2
title_11.txt;treasury;economicoperands;1
title_11.txt;warrants;economicoperands;2
title_11.txt;30 days;attributes;4
title_11.txt;4 years;attributes;2
title_11.txt;5 years;attributes;1
title_11.txt;ability;economicoperands;3
title_11.txt;absence;economicoperands;1
title_11.txt;actions;economicoperands;4
title_11.txt;address;economicoperands;1
title_11.txt;advance;economicoperands;2
title_11.txt;adverse;economicoperands;2
title_11.txt;against;functionwords;3
title_11.txt;amended;regulatoryoperators;11
title_11.txt;amounts;economicoperands;10
title_11.txt;appeals;economicoperands;2
title_11.txt;appears;economicoperands;3
title_11.txt;applies;other;1
title_11.txt;appoint;economicoperands;1
title_11.txt;arising;economicoperands;1
title_11.txt;aspects;economicoperands;1
title_11.txt;audited;economicoperands;1
title_11.txt;auditor;economicoperands;1
title_11.txt;banking;economicoperands;7
title_11.txt;becomes;economicoperands;1
title_11.txt;between;functionwords;1
title_11.txt;borrows;economicoperands;1
title_11.txt;certain;functionwords;2
title_11.txt;changes;economicoperands;2
title_11.txt;chapter;other;3
title_11.txt;charges;economicoperands;3
title_11.txt;class b;economicoperands;1
title_11.txt;class c;economicoperands;1
title_11.txt;clauses;other;1
title_11.txt;company;economicoperands;8
title_11.txt;concurs;economicoperands;1
title_11.txt;conduct;economicoperands;4
title_11.txt;consent;economicoperands;3
title_11.txt;contain;economicoperands;1
title_11.txt;convene;economicoperands;1
title_11.txt;council;economicoperands;1
title_11.txt;covered;economicoperands;3
title_11.txt;created;economicoperands;3
title_11.txt;current;functionwords;2
title_11.txt;decided;economicoperands;1
title_11.txt;default;economicoperands;2
title_11.txt;defined;economicoperands;3
title_11.txt;delayed;economicoperands;3
title_11.txt;details;other;6
title_11.txt;develop;economicoperands;1
title_11.txt;divided;mathematicaloperators;1
title_11.txt;earlier;mathematicaloperators;2
title_11.txt;effects;economicoperands;2
title_11.txt;efforts;economicoperands;1
title_11.txt;elected;economicoperands;1
title_11.txt;enacted;other;1
title_11.txt;equally;logicalconnectors;1
title_11.txt;examine;economicoperands;3
title_11.txt;execute;economicoperands;1
title_11.txt;failing;economicoperands;1
title_11.txt;failure;economicoperands;1
title_11.txt;fashion;other;1
title_11.txt;federal;economicoperands;5
title_11.txt;foreign;economicoperands;4
title_11.txt;funding;economicoperands;3
title_11.txt;further;logicalconnectors;1
title_11.txt;general;functionwords;3
title_11.txt;granted;regulatoryoperators;1
title_11.txt;helpful;economicoperands;1
title_11.txt;holding;economicoperands;4
title_11.txt;housing;economicoperands;7
title_11.txt;imposed;regulatoryoperators;1
title_11.txt;improve;economicoperands;1
title_11.txt;include;logicalconnectors;5
title_11.txt;insured;economicoperands;2
title_11.txt;lawsuit;economicoperands;1
title_11.txt;leaders;economicoperands;5
title_11.txt;lending;economicoperands;8
title_11.txt;matters;functionwords;2
title_11.txt;maximum;mathematicaloperators;6
title_11.txt;measure;economicoperands;2
title_11.txt;members;economicoperands;4
title_11.txt;message;economicoperands;1
title_11.txt;natural;economicoperands;1
title_11.txt;nothing;logicalconnectors;1
title_11.txt;officer;economicoperands;1
title_11.txt;orderly;economicoperands;1
title_11.txt;oversee;economicoperands;1
title_11.txt;passage;economicoperands;7
title_11.txt;payment;economicoperands;3
title_11.txt;pending;functionwords;1
title_11.txt;persons;economicoperands;1
title_11.txt;pledged;economicoperands;3
title_11.txt;privacy;economicoperands;1
title_11.txt;proceed;economicoperands;4
title_11.txt;program;economicoperands;34
title_11.txt;protect;economicoperands;1
title_11.txt;provide;economicoperands;7
title_11.txt;publish;economicoperands;2
title_11.txt;purpose;economicoperands;5
title_11.txt;quarter;attributes;2
title_11.txt;receipt;economicoperands;2
title_11.txt;records;economicoperands;3
title_11.txt;related;logicalconnectors;3
title_11.txt;release;economicoperands;14
title_11.txt;reports;economicoperands;4
title_11.txt;request;economicoperands;8
title_11.txt;require;regulatoryoperators;2
title_11.txt;reserve;economicoperands;1
title_11.txt;resolve;economicoperands;1
title_11.txt;revenue;economicoperands;2
title_11.txt;rule of;economicoperands;1
title_11.txt;rulings;economicoperands;1
title_11.txt;section;legalreferences;4
title_11.txt;secured;economicoperands;1
title_11.txt;serious;attributes;2
title_11.txt;serving;economicoperands;2
title_11.txt;solvent;economicoperands;4
title_11.txt;speaker;economicoperands;2
title_11.txt;special;economicoperands;4
title_11.txt;subject;economicoperands;3
title_11.txt;that is;logicalconnectors;7
title_11.txt;thereof;logicalconnectors;3
title_11.txt;through;functionwords;3
title_11.txt;title 5;legalreferences;3
title_11.txt;title i;legalreferences;2
title_11.txt;treated;economicoperands;2
title_11.txt;unusual;attributes;4
title_11.txt;updates;economicoperands;1
title_11.txt;utilize;economicoperands;2
title_11.txt;vehicle;economicoperands;1
title_11.txt;version;economicoperands;2
title_11.txt;webpage;economicoperands;1
title_11.txt;website;economicoperands;3
title_11.txt;whether;logicalconnectors;8
title_11.txt;without;logicalconnectors;5
title_11.txt;written;economicoperands;9
title_11.txt;90-day;attributes;2
title_11.txt;absent;economicoperands;2
title_11.txt;access;economicoperands;4
title_11.txt;action;economicoperands;5
title_11.txt;actual;logicalconnectors;2
title_11.txt;adding;mathematicaloperators;6
title_11.txt;advice;economicoperands;2
title_11.txt;affect;economicoperands;1
title_11.txt;agency;economicoperands;3
title_11.txt;agreed;economicoperands;2
title_11.txt;amount;economicoperands;8
title_11.txt;annual;attributes;1
title_11.txt;appear;economicoperands;1
title_11.txt;assess;economicoperands;1
title_11.txt;assets;economicoperands;9
title_11.txt;assign;regulatoryoperators;1
title_11.txt;audits;economicoperands;6
title_11.txt;backed;economicoperands;2
title_11.txt;backup;economicoperands;1
title_11.txt;before;logicalconnectors;11
title_11.txt;borrow;economicoperands;3
title_11.txt;ceases;economicoperands;2
title_11.txt;change;economicoperands;1
title_11.txt;charge;economicoperands;1
title_11.txt;claims;economicoperands;1
title_11.txt;clause;legalreferences;2
title_11.txt;copies;economicoperands;2
title_11.txt;create;economicoperands;1
title_11.txt;credit;economicoperands;8
title_11.txt;debate;economicoperands;6
title_11.txt;deemed;regulatoryoperators;4
title_11.txt;during;functionwords;4
title_11.txt;effect;economicoperands;5
title_11.txt;eighth;attributes;1
title_11.txt;ending;economicoperands;3
title_11.txt;ensure;regulatoryoperators;4
title_11.txt;entity;economicoperands;10
title_11.txt;equity;economicoperands;1
title_11.txt;exceed;mathematicaloperators;1
title_11.txt;except;logicalconnectors;1
title_11.txt;excess;economicoperands;2
title_11.txt;exists;economicoperands;3
title_11.txt;expire;economicoperands;1
title_11.txt;fourth;attributes;1
title_11.txt;impact;economicoperands;2
title_11.txt;impose;regulatoryoperators;1
title_11.txt;incurs;economicoperands;1
title_11.txt;issued;economicoperands;6
title_11.txt;itself;functionwords;1
title_11.txt;likely;attributes;1
title_11.txt;losses;economicoperands;4
title_11.txt;making;functionwords;1
title_11.txt;manner;other;1
title_11.txt;margin;economicoperands;1
title_11.txt;market;economicoperands;2
title_11.txt;matter;other;1
title_11.txt;member;economicoperands;3
title_11.txt;motion;economicoperands;11
title_11.txt;needed;economicoperands;1
title_11.txt;notice;economicoperands;1
title_11.txt;notify;economicoperands;1
title_11.txt;obtain;economicoperands;1
title_11.txt;offset;economicoperands;1
title_11.txt;onsite;economicoperands;1
title_11.txt;origin;economicoperands;1
title_11.txt;period;economicoperands;2
title_11.txt;person;economicoperands;5
title_11.txt;placed;economicoperands;1
title_11.txt;points;economicoperands;1
title_11.txt;policy;economicoperands;2
title_11.txt;powers;economicoperands;1
title_11.txt;proper;economicoperands;1
title_11.txt;public;economicoperands;7
title_11.txt;quorum;economicoperands;1
title_11.txt;raised;economicoperands;1
title_11.txt;remain;economicoperands;2
title_11.txt;remove;economicoperands;1
title_11.txt;repaid;economicoperands;1
title_11.txt;report;economicoperands;20
title_11.txt;retain;economicoperands;1
title_11.txt;review;economicoperands;4
title_11.txt;second;attributes;2
title_11.txt;senate;economicoperands;37
title_11.txt;severe;economicoperands;1
title_11.txt;should;regulatoryoperators;2
title_11.txt;single;economicoperands;3
title_11.txt;solely;logicalconnectors;2
title_11.txt;submit;economicoperands;2
title_11.txt;such a;logicalconnectors;1
title_11.txt;system;economicoperands;11
title_11.txt;timely;attributes;2
title_11.txt;timing;economicoperands;1
title_11.txt;unless;logicalconnectors;4
title_11.txt;update;economicoperands;1
title_11.txt;useful;economicoperands;1
title_11.txt;voting;economicoperands;2
title_11.txt;waived;regulatoryoperators;1
title_11.txt;widely;economicoperands;2
title_11.txt;within;logicalconnectors;2
title_11.txt;about;functionwords;1
title_11.txt;after;logicalconnectors;30
title_11.txt;apply;other;5
title_11.txt;audit;economicoperands;15
title_11.txt;avoid;economicoperands;2
title_11.txt;banks;economicoperands;6
title_11.txt;basis;economicoperands;3
title_11.txt;board;economicoperands;31
title_11.txt;books;economicoperands;1
title_11.txt;broad;economicoperands;1
title_11.txt;chair;economicoperands;2
title_11.txt;claim;economicoperands;1
title_11.txt;color;economicoperands;1
title_11.txt;costs;economicoperands;2
title_11.txt;cover;economicoperands;2
title_11.txt;creed;economicoperands;1
title_11.txt;deems;regulatoryoperators;1
title_11.txt;every;logicalconnectors;1
title_11.txt;fails;economicoperands;1
title_11.txt;filed;economicoperands;1
title_11.txt;final;economicoperands;1
title_11.txt;firms;economicoperands;1
title_11.txt;first;attributes;2
title_11.txt;floor;economicoperands;2
title_11.txt;funds;economicoperands;6
title_11.txt;hours;economicoperands;1
title_11.txt;house;economicoperands;1
title_11.txt;issue;economicoperands;7
title_11.txt;items;other;2
title_11.txt;known;other;2
title_11.txt;labor;economicoperands;1
title_11.txt;limit;regulatoryoperators;1
title_11.txt;lines;economicoperands;2
title_11.txt;loans;economicoperands;6
title_11.txt;means;other;7
title_11.txt;meant;other;1
title_11.txt;meets;economicoperands;1
title_11.txt;names;economicoperands;3
title_11.txt;occur;economicoperands;1
title_11.txt;order;economicoperands;5
title_11.txt;other;logicalconnectors;35
title_11.txt;place;economicoperands;4
title_11.txt;plans;economicoperands;1
title_11.txt;power;economicoperands;1
title_11.txt;right;economicoperands;1
title_11.txt;rules;economicoperands;9
title_11.txt;serve;economicoperands;5
title_11.txt;shall;regulatoryoperators;100
title_11.txt;sound;economicoperands;1
title_11.txt;state;economicoperands;4
title_11.txt;study;economicoperands;4
title_11.txt;taken;functionwords;1
title_11.txt;takes;functionwords;1
title_11.txt;terms;other;7
title_11.txt;their;functionwords;1
title_11.txt;there;functionwords;3
title_11.txt;third;attributes;3
title_11.txt;those;functionwords;1
title_11.txt;times;economicoperands;1
title_11.txt;title;legalreferences;2
title_11.txt;types;economicoperands;1
title_11.txt;under;functionwords;47
title_11.txt;until;logicalconnectors;2
title_11.txt;using;economicoperands;1
title_11.txt;value;economicoperands;7
title_11.txt;which;functionwords;23
title_11.txt;while;logicalconnectors;1
title_11.txt;would;functionwords;8
title_11.txt;1101;legalreferences;1
title_11.txt;1104;legalreferences;1
title_11.txt;1105;legalreferences;1
title_11.txt;1106;legalreferences;1
title_11.txt;1109;legalreferences;1
title_11.txt;1823;legalreferences;1
title_11.txt;2007;attributes;2
title_11.txt;2010;attributes;1
title_11.txt;bank;economicoperands;5
title_11.txt;been;functionwords;4
title_11.txt;both;logicalconnectors;1
title_11.txt;call;economicoperands;1
title_11.txt;code;economicoperands;1
title_11.txt;cost;economicoperands;1
title_11.txt;date;economicoperands;29
title_11.txt;days;economicoperands;4
title_11.txt;debt;economicoperands;7
title_11.txt;duty;economicoperands;1
title_11.txt;each;logicalconnectors;12
title_11.txt;fdic;economicoperands;1
title_11.txt;fees;economicoperands;6
title_11.txt;file;economicoperands;2
title_11.txt;foia;economicoperands;1
title_11.txt;form;other;2
title_11.txt;from;functionwords;13
title_11.txt;full;economicoperands;2
title_11.txt;fund;economicoperands;2
title_11.txt;harm;economicoperands;2
title_11.txt;have;functionwords;6
title_11.txt;held;economicoperands;3
title_11.txt;home;economicoperands;1
title_11.txt;kept;economicoperands;1
title_11.txt;last;economicoperands;1
title_11.txt;laws;economicoperands;1
title_11.txt;link;economicoperands;2
title_11.txt;list;other;1
title_11.txt;loan;economicoperands;9
title_11.txt;loss;economicoperands;2
title_11.txt;made;functionwords;10
title_11.txt;make;functionwords;7
title_11.txt;more;mathematicaloperators;2
title_11.txt;move;other;1
title_11.txt;once;functionwords;1
title_11.txt;one-;functionwords;1
title_11.txt;only;logicalconnectors;4
title_11.txt;open;economicoperands;2
title_11.txt;over;mathematicaloperators;2
title_11.txt;paid;economicoperands;2
title_11.txt;part;functionwords;1
title_11.txt;plan;economicoperands;4
title_11.txt;race;economicoperands;1
title_11.txt;risk;economicoperands;2
title_11.txt;rule;economicoperands;1
title_11.txt;sale;economicoperands;1
title_11.txt;same;logicalconnectors;3
title_11.txt;sell;economicoperands;1
title_11.txt;such;logicalconnectors;53
title_11.txt;swap;economicoperands;2
title_11.txt;take;functionwords;3
title_11.txt;term;other;17
title_11.txt;than;functionwords;1
title_11.txt;that;functionwords;45
title_11.txt;then;logicalconnectors;5
title_11.txt;this;functionwords;3
title_11.txt;thus;logicalconnectors;1
title_11.txt;time;economicoperands;7
title_11.txt;type;economicoperands;1
title_11.txt;upon;functionwords;12
title_11.txt;used;economicoperands;2
title_11.txt;vote;economicoperands;6
title_11.txt;ways;other;1
title_11.txt;were;functionwords;2
title_11.txt;when;logicalconnectors;1
title_11.txt;whom;functionwords;3
title_11.txt;with;functionwords;21
title_11.txt;year;attributes;3
title_11.txt;3 c;other;3
title_11.txt;341;legalreferences;1
title_11.txt;act;legalreferences;1
title_11.txt;aid;economicoperands;1
title_11.txt;all;logicalconnectors;9
title_11.txt;and;logicalconnectors;201
title_11.txt;any;logicalconnectors;78
title_11.txt;are;functionwords;14
title_11.txt;but;logicalconnectors;3
title_11.txt;day;economicoperands;4
title_11.txt;due;attributes;1
title_11.txt;for;functionwords;57
title_11.txt;gao;economicoperands;1
title_11.txt;had;functionwords;2
title_11.txt;has;functionwords;9
title_11.txt;how;functionwords;1
title_11.txt;iii;legalreferences;9
title_11.txt;its;functionwords;5
title_11.txt;law;economicoperands;6
title_11.txt;may;functionwords;23
title_11.txt;net;economicoperands;2
title_11.txt;new;economicoperands;1
title_11.txt;not;logicalconnectors;31
title_11.txt;one;functionwords;2
title_11.txt;out;functionwords;1
title_11.txt;sec;economicoperands;9
title_11.txt;set;other;1
title_11.txt;sex;economicoperands;1
title_11.txt;the;functionwords;623
title_11.txt;use;economicoperands;5
title_11.txt;was;functionwords;4
title_11.txt;who;functionwords;5
title_11.txt;10;attributes;1
title_11.txt;12;attributes;1
title_11.txt;31;attributes;3
title_11.txt;aa;legalreferences;1
title_11.txt;an;functionwords;18
title_11.txt;as;logicalconnectors;40
title_11.txt;at;functionwords;7
title_11.txt;bb;legalreferences;1
title_11.txt;be;functionwords;56
title_11.txt;by;functionwords;84
title_11.txt;cc;legalreferences;1
title_11.txt;if;logicalconnectors;16
title_11.txt;ii;legalreferences;20
title_11.txt;in;functionwords;102
title_11.txt;is;functionwords;45
title_11.txt;it;functionwords;6
title_11.txt;iv;legalreferences;6
title_11.txt;no;logicalconnectors;5
title_11.txt;of;functionwords;363
title_11.txt;on;functionwords;63
title_11.txt;or;logicalconnectors;138
title_11.txt;so;logicalconnectors;3
title_11.txt;to;functionwords;135
title_11.txt;up;functionwords;4
title_11.txt;1;attributes;30
title_11.txt;2;attributes;24
title_11.txt;3;attributes;22
title_11.txt;4;attributes;13
title_11.txt;5;attributes;5
title_11.txt;6;attributes;3
title_11.txt;7;attributes;2
title_11.txt;8;attributes;1
title_11.txt;9;attributes;1
title_11.txt;a;functionwords;143
title_11.txt;b;legalreferences;32
title_11.txt;c;legalreferences;19
title_11.txt;d;legalreferences;12
title_11.txt;e;legalreferences;6
title_11.txt;f;legalreferences;3
title_11.txt;i;functionwords;22
title_11.txt;k;legalreferences;1
title_11.txt;v;legalreferences;1
