title_5.txt;committee on financial services of the house of representatives;economicoperands;3
title_5.txt;the dodd-frank wall street reform and consumer protection act;legalreferences;1
title_5.txt;the liability risk retention act of 1986 15 usc 3901 a 4;legalreferences;1
title_5.txt;national alliance for insurance education & research;economicoperands;1
title_5.txt;the consumer financial protection agency act of 2010;legalreferences;1
title_5.txt;international association of insurance supervisors;economicoperands;1
title_5.txt;nonbank financial company supervised by the board;economicoperands;1
title_5.txt;the federal crop insurance act 7 usc 1501 et seq;legalreferences;1
title_5.txt;national association of insurance commissioners;economicoperands;2
title_5.txt;consumer price index for all urban consumers;economicoperands;1
title_5.txt;office of the comptroller of the currency;economicoperands;1
title_5.txt;comptroller general of the united states;economicoperands;1
title_5.txt;federal deposit insurance corporation;economicoperands;1
title_5.txt;financial stability oversight council;economicoperands;2
title_5.txt;commodity futures trading commission;economicoperands;1
title_5.txt;federal insurance office act of 2010;legalreferences;1
title_5.txt;national credit union administration;economicoperands;1
title_5.txt;federal financial regulatory agency;economicoperands;3
title_5.txt;quarterly listing of alien insurers;economicoperands;1
title_5.txt;the financial stability act of 2010;legalreferences;1
title_5.txt;securities and exchange commission;economicoperands;1
title_5.txt;united states trade representative;economicoperands;6
title_5.txt;global risk management institute;economicoperands;1
title_5.txt;independently procured insurance;economicoperands;4
title_5.txt;non-admitted insurance model act;legalreferences;4
title_5.txt;committee on financial services;economicoperands;2
title_5.txt;federal housing finance agency;economicoperands;1
title_5.txt;insurance institute of america;economicoperands;2
title_5.txt;reinsurance reform act of 2010;legalreferences;2
title_5.txt;the public health service act;legalreferences;1
title_5.txt;associate in risk management;economicoperands;1
title_5.txt;office of thrift supervision;economicoperands;1
title_5.txt;american institute for cpcu;economicoperands;2
title_5.txt;committee on ways and means;economicoperands;1
title_5.txt;commonwealth of puerto rico;economicoperands;2
title_5.txt;terrorism insurance program;economicoperands;1
title_5.txt;the paperwork reduction act;legalreferences;1
title_5.txt;adopted nationwide uniform;economicoperands;1
title_5.txt;bureau of labor statistics;economicoperands;1
title_5.txt;committee on the judiciary;economicoperands;1
title_5.txt;department of the treasury;economicoperands;5
title_5.txt;national producer database;economicoperands;1
title_5.txt;secretary of the treasury;economicoperands;1
title_5.txt;state insurance regulator;economicoperands;5
title_5.txt;surplus lines eligibility;economicoperands;1
title_5.txt;uniform national database;economicoperands;1
title_5.txt;career reserved position;economicoperands;1
title_5.txt;federal insurance office;economicoperands;5
title_5.txt;house of representatives;economicoperands;4
title_5.txt;non-united state insurer;economicoperands;1
title_5.txt;northern mariana islands;economicoperands;2
title_5.txt;senior executive service;economicoperands;1
title_5.txt;trade agreements program;economicoperands;1
title_5.txt;initiating negotiations;economicoperands;1
title_5.txt;policyholder protection;economicoperands;1
title_5.txt;state insurance measure;economicoperands;9
title_5.txt;multilateral agreement;economicoperands;1
title_5.txt;potential consequences;economicoperands;1
title_5.txt;qualified risk manager;economicoperands;3
title_5.txt;administrative ruling;economicoperands;1
title_5.txt;budgeted expenditures;economicoperands;1
title_5.txt;business of insurance;economicoperands;7
title_5.txt;nonadmitted insurance;economicoperands;25
title_5.txt;surplus lines brokers;economicoperands;2
title_5.txt;under this subsection;legalreferences;2
title_5.txt;district of columbia;economicoperands;2
title_5.txt;insurance regulation;economicoperands;3
title_5.txt;regulatory arbitrage;economicoperands;1
title_5.txt;regulatory oversight;economicoperands;1
title_5.txt;rule of construction;other;3
title_5.txt;comptroller general;economicoperands;2
title_5.txt;consumer protection;economicoperands;3
title_5.txt;department of labor;economicoperands;1
title_5.txt;financial statement;economicoperands;1
title_5.txt;in conformance with;regulatoryoperators;1
title_5.txt;information-sharing;economicoperands;3
title_5.txt;nonadmitted insurer;economicoperands;7
title_5.txt;the extent to which;logicalconnectors;4
title_5.txt;accredited college;economicoperands;2
title_5.txt;board of governors;economicoperands;1
title_5.txt;foreign government;economicoperands;1
title_5.txt;in accordance with;logicalconnectors;4
title_5.txt;in connection with;logicalconnectors;1
title_5.txt;interested parties;economicoperands;1
title_5.txt;premium attributed;economicoperands;1
title_5.txt;prudential aspects;economicoperands;1
title_5.txt;to the extent that;logicalconnectors;6
title_5.txt;under subsection a;legalreferences;2
title_5.txt;under this section;legalreferences;2
title_5.txt;united states code;legalreferences;8
title_5.txt;capital standards;economicoperands;1
title_5.txt;commonly known as;functionwords;1
title_5.txt;covered agreement;economicoperands;8
title_5.txt;domiciliary state;economicoperands;6
title_5.txt;inconsistent with;economicoperands;4
title_5.txt;insurance company;economicoperands;1
title_5.txt;producer database;economicoperands;1
title_5.txt;state of domicile;economicoperands;6
title_5.txt;written agreement;economicoperands;1
title_5.txt;12 usc 1811 note;legalreferences;1
title_5.txt;90 calendar days;attributes;1
title_5.txt;admitted insurer;economicoperands;2
title_5.txt;affiliated group;economicoperands;5
title_5.txt;become effective;economicoperands;3
title_5.txt;enter into force;economicoperands;1
title_5.txt;extraterritorial;economicoperands;1
title_5.txt;financial system;economicoperands;1
title_5.txt;period beginning;economicoperands;2
title_5.txt;unconstitutional;attributes;1
title_5.txt;attributable to;functionwords;1
title_5.txt;competitiveness;economicoperands;1
title_5.txt;confidentiality;economicoperands;3
title_5.txt;federal reserve;economicoperands;1
title_5.txt;in favor of the;functionwords;1
title_5.txt;judicial review;economicoperands;2
title_5.txt;moderate-income;economicoperands;1
title_5.txt;notwithstanding;logicalconnectors;2
title_5.txt;priority status;economicoperands;1
title_5.txt;recommendations;economicoperands;2
title_5.txt;representatives;economicoperands;1
title_5.txt;responsible for;economicoperands;2
title_5.txt;risk management;economicoperands;5
title_5.txt;this subsection;legalreferences;3
title_5.txt;with respect to;logicalconnectors;19
title_5.txt;written finding;economicoperands;1
title_5.txt;administration;economicoperands;6
title_5.txt;administrative;economicoperands;3
title_5.txt;american samoa;economicoperands;2
title_5.txt;antitrust laws;legalreferences;4
title_5.txt;appropriations;economicoperands;1
title_5.txt;as a result of;logicalconnectors;1
title_5.txt;at the time of;logicalconnectors;1
title_5.txt;care insurance;economicoperands;3
title_5.txt;ceding insurer;economicoperands;5
title_5.txt;considerations;economicoperands;2
title_5.txt;determinations;regulatoryoperators;1
title_5.txt;effective date;economicoperands;5
title_5.txt;federal agency;economicoperands;3
title_5.txt;implementation;regulatoryoperators;1
title_5.txt;in addition to;logicalconnectors;1
title_5.txt;in the case of;logicalconnectors;5
title_5.txt;matter de novo;other;1
title_5.txt;nondomiciliary;economicoperands;1
title_5.txt;not later than;logicalconnectors;5
title_5.txt;not-for-profit;economicoperands;1
title_5.txt;section 1204 c;legalreferences;1
title_5.txt;subparagraph a;legalreferences;2
title_5.txt;subparagraph b;legalreferences;1
title_5.txt;subsection f 2;legalreferences;1
title_5.txt;this paragraph;legalreferences;1
title_5.txt;virgin islands;economicoperands;2
title_5.txt;accreditation;economicoperands;3
title_5.txt;administering;economicoperands;1
title_5.txt;applicability;functionwords;1
title_5.txt;applicable to;functionwords;1
title_5.txt;authorization;regulatoryoperators;1
title_5.txt;calendar year;economicoperands;3
title_5.txt;certification;economicoperands;1
title_5.txt;complies with;regulatoryoperators;1
title_5.txt;congressional;economicoperands;2
title_5.txt;consideration;economicoperands;2
title_5.txt;determination;regulatoryoperators;13
title_5.txt;due diligence;economicoperands;1
title_5.txt;effectiveness;economicoperands;1
title_5.txt;establishment;regulatoryoperators;2
title_5.txt;fifth january;attributes;2
title_5.txt;inconsistency;economicoperands;8
title_5.txt;international;economicoperands;9
title_5.txt;jurisdictions;economicoperands;2
title_5.txt;multinational;economicoperands;1
title_5.txt;organizations;economicoperands;2
title_5.txt;participation;economicoperands;2
title_5.txt;policy issues;economicoperands;2
title_5.txt;policyholders;economicoperands;2
title_5.txt;redesignating;other;2
title_5.txt;regulation of;regulatoryoperators;9
title_5.txt;section 2 a 4;legalreferences;1
title_5.txt;section 321 a;legalreferences;1
title_5.txt;section 521 b;legalreferences;1
title_5.txt;subchapter ii;legalreferences;1
title_5.txt;substantially;attributes;7
title_5.txt;surplus lines;economicoperands;9
title_5.txt;systemic risk;economicoperands;1
title_5.txt;the number of;mathematicaloperators;2
title_5.txt;this subtitle;legalreferences;17
title_5.txt;to the extent;logicalconnectors;3
title_5.txt;traditionally;economicoperands;1
title_5.txt;united states;economicoperands;24
title_5.txt;urban affairs;economicoperands;7
title_5.txt;appropriated;economicoperands;1
title_5.txt;availability;economicoperands;1
title_5.txt;circumstance;economicoperands;2
title_5.txt;collectively;economicoperands;3
title_5.txt;commissioner;economicoperands;3
title_5.txt;compensation;economicoperands;4
title_5.txt;consequences;economicoperands;1
title_5.txt;consolidated;economicoperands;1
title_5.txt;consultation;economicoperands;6
title_5.txt;coordination;economicoperands;5
title_5.txt;designations;regulatoryoperators;1
title_5.txt;developments;economicoperands;1
title_5.txt;in excess of;logicalconnectors;4
title_5.txt;inconsistent;economicoperands;1
title_5.txt;incorporated;economicoperands;1
title_5.txt;individually;economicoperands;3
title_5.txt;institutions;economicoperands;1
title_5.txt;jurisdiction;economicoperands;3
title_5.txt;market share;economicoperands;3
title_5.txt;municipality;economicoperands;1
title_5.txt;negotiations;economicoperands;1
title_5.txt;on behalf of;functionwords;1
title_5.txt;organization;economicoperands;1
title_5.txt;policyholder;economicoperands;3
title_5.txt;redesignated;other;1
title_5.txt;registration;economicoperands;1
title_5.txt;relationship;economicoperands;1
title_5.txt;representing;economicoperands;1
title_5.txt;requirements;economicoperands;20
title_5.txt;section 2791;legalreferences;1
title_5.txt;section 3132;legalreferences;1
title_5.txt;severability;other;1
title_5.txt;specifically;logicalconnectors;1
title_5.txt;subparagraph;other;1
title_5.txt;subsection a;legalreferences;2
title_5.txt;subsection c;legalreferences;3
title_5.txt;subsection f;legalreferences;2
title_5.txt;subsection r;legalreferences;1
title_5.txt;subsequently;functionwords;1
title_5.txt;this section;legalreferences;17
title_5.txt;underwriting;economicoperands;1
title_5.txt;100 percent;attributes;1
title_5.txt;alternative;economicoperands;1
title_5.txt;application;economicoperands;9
title_5.txt;appropriate;attributes;9
title_5.txt;arbitration;economicoperands;1
title_5.txt;assessments;economicoperands;2
title_5.txt;assigned to;regulatoryoperators;1
title_5.txt;authorities;economicoperands;3
title_5.txt;communities;economicoperands;1
title_5.txt;contractual;economicoperands;2
title_5.txt;coordinated;economicoperands;1
title_5.txt;corporation;economicoperands;1
title_5.txt;definitions;economicoperands;6
title_5.txt;demonstrate;economicoperands;3
title_5.txt;description;economicoperands;1
title_5.txt;designation;regulatoryoperators;5
title_5.txt;development;economicoperands;1
title_5.txt;differences;logicalconnectors;1
title_5.txt;disseminate;economicoperands;1
title_5.txt;eligibility;economicoperands;3
title_5.txt;enforceable;economicoperands;1
title_5.txt;enforcement;economicoperands;3
title_5.txt;established;regulatoryoperators;5
title_5.txt;experienced;economicoperands;1
title_5.txt;feasibility;economicoperands;1
title_5.txt;governments;economicoperands;2
title_5.txt;identifying;economicoperands;2
title_5.txt;immediately;attributes;1
title_5.txt;in order to;logicalconnectors;1
title_5.txt;individuals;economicoperands;2
title_5.txt;information;economicoperands;32
title_5.txt;legislative;economicoperands;1
title_5.txt;liabilities;economicoperands;2
title_5.txt;negotiating;economicoperands;1
title_5.txt;nonadmitted;economicoperands;5
title_5.txt;nonpublicly;economicoperands;2
title_5.txt;on the date;logicalconnectors;4
title_5.txt;opportunity;economicoperands;1
title_5.txt;paragraph 1;legalreferences;9
title_5.txt;paragraph 2;legalreferences;6
title_5.txt;paragraph 3;legalreferences;1
title_5.txt;paragraph 4;legalreferences;1
title_5.txt;paragraph 7;legalreferences;1
title_5.txt;paragraph 8;legalreferences;1
title_5.txt;premium tax;economicoperands;3
title_5.txt;principally;economicoperands;1
title_5.txt;prohibiting;regulatoryoperators;1
title_5.txt;pursuant to;logicalconnectors;14
title_5.txt;recognition;economicoperands;1
title_5.txt;referred to;functionwords;4
title_5.txt;regulations;regulatoryoperators;4
title_5.txt;reinsurance;economicoperands;30
title_5.txt;relating to;logicalconnectors;7
title_5.txt;requirement;economicoperands;3
title_5.txt;section 141;legalreferences;1
title_5.txt;section 312;legalreferences;4
title_5.txt;section 313;legalreferences;3
title_5.txt;section 314;legalreferences;5
title_5.txt;section 315;legalreferences;1
title_5.txt;section 521;legalreferences;1
title_5.txt;section 552;legalreferences;1
title_5.txt;self-funded;economicoperands;1
title_5.txt;short title;other;2
title_5.txt;significant;attributes;1
title_5.txt;state-based;economicoperands;1
title_5.txt;streamlined;economicoperands;1
title_5.txt;subsections;other;1
title_5.txt;supervision;economicoperands;1
title_5.txt;supervisory;economicoperands;1
title_5.txt;take effect;regulatoryoperators;1
title_5.txt;third-party;economicoperands;1
title_5.txt;underserved;economicoperands;1
title_5.txt;underwriter;economicoperands;1
title_5.txt;25 percent;attributes;1
title_5.txt;accredited;economicoperands;3
title_5.txt;additional;mathematicaloperators;3
title_5.txt;affiliated;economicoperands;2
title_5.txt;affiliates;economicoperands;3
title_5.txt;affordable;economicoperands;1
title_5.txt;agreements;economicoperands;10
title_5.txt;allocation;economicoperands;9
title_5.txt;amendments;other;2
title_5.txt;applicable;functionwords;5
title_5.txt;as well as;logicalconnectors;1
title_5.txt;assessment;economicoperands;1
title_5.txt;assumption;logicalconnectors;2
title_5.txt;at the end;logicalconnectors;2
title_5.txt;authorized;regulatoryoperators;4
title_5.txt;chapter 35;legalreferences;1
title_5.txt;collecting;economicoperands;2
title_5.txt;collection;economicoperands;2
title_5.txt;commercial;economicoperands;14
title_5.txt;committees;economicoperands;8
title_5.txt;competence;economicoperands;2
title_5.txt;competency;economicoperands;1
title_5.txt;components;economicoperands;2
title_5.txt;conclusion;economicoperands;1
title_5.txt;conducting;economicoperands;1
title_5.txt;consistent;attributes;2
title_5.txt;constitute;economicoperands;2
title_5.txt;consultant;economicoperands;1
title_5.txt;contribute;economicoperands;1
title_5.txt;controlled;economicoperands;2
title_5.txt;coordinate;economicoperands;4
title_5.txt;department;economicoperands;1
title_5.txt;describing;other;3
title_5.txt;designated;regulatoryoperators;1
title_5.txt;determined;regulatoryoperators;6
title_5.txt;determines;regulatoryoperators;6
title_5.txt;disclosure;economicoperands;1
title_5.txt;effectuate;economicoperands;1
title_5.txt;equivalent;logicalconnectors;6
title_5.txt;experience;economicoperands;3
title_5.txt;expiration;economicoperands;6
title_5.txt;facilitate;economicoperands;1
title_5.txt;facilities;economicoperands;1
title_5.txt;generating;economicoperands;1
title_5.txt;government;economicoperands;1
title_5.txt;home state;economicoperands;13
title_5.txt;importance;economicoperands;2
title_5.txt;in general;logicalconnectors;8
title_5.txt;indirectly;attributes;2
title_5.txt;individual;economicoperands;4
title_5.txt;interstate;economicoperands;1
title_5.txt;leadership;economicoperands;1
title_5.txt;legal text;economicoperands;2
title_5.txt;limitation;regulatoryoperators;2
title_5.txt;limited to;logicalconnectors;1
title_5.txt;maintained;economicoperands;1
title_5.txt;minorities;economicoperands;1
title_5.txt;nationwide;economicoperands;4
title_5.txt;negotiated;economicoperands;1
title_5.txt;objectives;economicoperands;1
title_5.txt;originally;economicoperands;2
title_5.txt;percentage;attributes;4
title_5.txt;performing;economicoperands;1
title_5.txt;population;economicoperands;1
title_5.txt;possession;economicoperands;1
title_5.txt;preemption;economicoperands;9
title_5.txt;preventing;regulatoryoperators;1
title_5.txt;prevention;economicoperands;4
title_5.txt;principles;economicoperands;1
title_5.txt;priorities;economicoperands;1
title_5.txt;procedures;economicoperands;11
title_5.txt;production;economicoperands;1
title_5.txt;properties;economicoperands;2
title_5.txt;protection;economicoperands;7
title_5.txt;provisions;economicoperands;6
title_5.txt;prudential;economicoperands;7
title_5.txt;purchasers;economicoperands;1
title_5.txt;purchasing;economicoperands;4
title_5.txt;reasonable;attributes;2
title_5.txt;reasonably;attributes;1
title_5.txt;recognizes;economicoperands;1
title_5.txt;regulating;regulatoryoperators;2
title_5.txt;regulation;regulatoryoperators;12
title_5.txt;regulators;economicoperands;7
title_5.txt;regulatory;economicoperands;18
title_5.txt;relates to;logicalconnectors;1
title_5.txt;resolution;economicoperands;3
title_5.txt;securities;economicoperands;1
title_5.txt;soliciting;economicoperands;1
title_5.txt;subchapter;other;3
title_5.txt;subclauses;legalreferences;1
title_5.txt;subject to;logicalconnectors;7
title_5.txt;subjecting;regulatoryoperators;1
title_5.txt;submission;economicoperands;2
title_5.txt;subsection;legalreferences;2
title_5.txt;subtitle a;legalreferences;1
title_5.txt;subtitle b;legalreferences;1
title_5.txt;subtitle i;legalreferences;1
title_5.txt;supporting;economicoperands;1
title_5.txt;thereafter;logicalconnectors;1
title_5.txt;undertaken;economicoperands;2
title_5.txt;uniformity;economicoperands;2
title_5.txt;university;economicoperands;2
title_5.txt;12 months;attributes;1
title_5.txt;18 months;attributes;1
title_5.txt;30 months;attributes;1
title_5.txt;affecting;economicoperands;1
title_5.txt;affiliate;economicoperands;10
title_5.txt;aggregate;mathematicaloperators;2
title_5.txt;agreement;economicoperands;9
title_5.txt;allocated;economicoperands;1
title_5.txt;amendment;other;1
title_5.txt;appointed;economicoperands;1
title_5.txt;assisting;economicoperands;1
title_5.txt;authority;economicoperands;19
title_5.txt;available;economicoperands;12
title_5.txt;bachelors;economicoperands;1
title_5.txt;be served;functionwords;1
title_5.txt;beginning;logicalconnectors;3
title_5.txt;carry out;economicoperands;3
title_5.txt;certified;economicoperands;1
title_5.txt;chapter 5;legalreferences;1
title_5.txt;chapter 7;legalreferences;1
title_5.txt;chartered;economicoperands;1
title_5.txt;clause ii;legalreferences;3
title_5.txt;collected;economicoperands;1
title_5.txt;committee;economicoperands;6
title_5.txt;companies;economicoperands;10
title_5.txt;construed;other;7
title_5.txt;consumers;economicoperands;3
title_5.txt;contained;economicoperands;1
title_5.txt;continued;economicoperands;1
title_5.txt;contracts;economicoperands;1
title_5.txt;contumacy;economicoperands;1
title_5.txt;described;other;4
title_5.txt;designate;regulatoryoperators;1
title_5.txt;detailing;other;1
title_5.txt;determine;regulatoryoperators;6
title_5.txt;developed;economicoperands;1
title_5.txt;different;logicalconnectors;1
title_5.txt;direction;economicoperands;2
title_5.txt;directors;economicoperands;1
title_5.txt;disclosed;economicoperands;1
title_5.txt;domiciled;economicoperands;5
title_5.txt;economics;economicoperands;2
title_5.txt;effective;other;1
title_5.txt;eliminate;economicoperands;2
title_5.txt;employees;economicoperands;2
title_5.txt;employing;economicoperands;1
title_5.txt;enactment;other;7
title_5.txt;establish;regulatoryoperators;5
title_5.txt;except as;logicalconnectors;5
title_5.txt;exception;logicalconnectors;2
title_5.txt;exclusive;economicoperands;1
title_5.txt;exposures;economicoperands;2
title_5.txt;expressly;economicoperands;1
title_5.txt;favorable;economicoperands;2
title_5.txt;financial;economicoperands;10
title_5.txt;financing;economicoperands;3
title_5.txt;following;functionwords;11
title_5.txt;full-time;economicoperands;2
title_5.txt;functions;economicoperands;7
title_5.txt;gathering;economicoperands;1
title_5.txt;generates;economicoperands;1
title_5.txt;governing;economicoperands;1
title_5.txt;governors;economicoperands;1
title_5.txt;guideline;economicoperands;1
title_5.txt;implement;regulatoryoperators;1
title_5.txt;including;logicalconnectors;18
title_5.txt;inserting;other;4
title_5.txt;insurance;economicoperands;100
title_5.txt;less than;mathematicaloperators;1
title_5.txt;licensing;economicoperands;2
title_5.txt;licensure;economicoperands;1
title_5.txt;liquidity;economicoperands;1
title_5.txt;long-term;economicoperands;3
title_5.txt;maintains;economicoperands;1
title_5.txt;modernize;economicoperands;1
title_5.txt;more than;mathematicaloperators;3
title_5.txt;necessary;attributes;5
title_5.txt;negotiate;economicoperands;5
title_5.txt;net worth;economicoperands;1
title_5.txt;occurring;economicoperands;2
title_5.txt;operation;economicoperands;2
title_5.txt;organized;economicoperands;2
title_5.txt;otherwise;logicalconnectors;13
title_5.txt;paragraph;legalreferences;1
title_5.txt;performed;economicoperands;1
title_5.txt;permitted;regulatoryoperators;1
title_5.txt;personnel;economicoperands;2
title_5.txt;placement;economicoperands;3
title_5.txt;possesses;economicoperands;1
title_5.txt;potential;economicoperands;8
title_5.txt;practices;economicoperands;2
title_5.txt;preceding;functionwords;1
title_5.txt;preempted;regulatoryoperators;6
title_5.txt;president;economicoperands;3
title_5.txt;principal;economicoperands;2
title_5.txt;privilege;economicoperands;3
title_5.txt;procedure;economicoperands;1
title_5.txt;procuring;economicoperands;2
title_5.txt;providing;economicoperands;2
title_5.txt;provision;economicoperands;10
title_5.txt;published;economicoperands;3
title_5.txt;purchaser;economicoperands;6
title_5.txt;purchases;economicoperands;1
title_5.txt;receiving;economicoperands;1
title_5.txt;recommend;economicoperands;1
title_5.txt;reduction;economicoperands;1
title_5.txt;regarding;logicalconnectors;11
title_5.txt;regulated;regulatoryoperators;2
title_5.txt;regulator;economicoperands;4
title_5.txt;reinsurer;economicoperands;12
title_5.txt;reinsures;economicoperands;1
title_5.txt;remainder;economicoperands;1
title_5.txt;reporting;economicoperands;2
title_5.txt;requested;regulatoryoperators;3
title_5.txt;residence;economicoperands;1
title_5.txt;resources;economicoperands;1
title_5.txt;restricts;regulatoryoperators;1
title_5.txt;retention;economicoperands;5
title_5.txt;secretary;economicoperands;19
title_5.txt;semicolon;other;1
title_5.txt;september;attributes;6
title_5.txt;set forth;regulatoryoperators;3
title_5.txt;signature;economicoperands;1
title_5.txt;solicited;economicoperands;1
title_5.txt;specified;regulatoryoperators;2
title_5.txt;standards;economicoperands;2
title_5.txt;statutory;economicoperands;1
title_5.txt;submitted;economicoperands;2
title_5.txt;subpoenas;economicoperands;2
title_5.txt;successor;economicoperands;3
title_5.txt;supersede;regulatoryoperators;1
title_5.txt;terrorism;economicoperands;1
title_5.txt;threshold;economicoperands;1
title_5.txt;treatment;economicoperands;2
title_5.txt;typically;functionwords;2
title_5.txt;unsecured;economicoperands;1
title_5.txt;10 years;attributes;1
title_5.txt;12-month;attributes;1
title_5.txt;18-month;attributes;1
title_5.txt;3 report;legalreferences;1
title_5.txt;achieved;economicoperands;5
title_5.txt;achieves;economicoperands;1
title_5.txt;adjusted;economicoperands;4
title_5.txt;admitted;economicoperands;9
title_5.txt;advisory;economicoperands;3
title_5.txt;affected;economicoperands;1
title_5.txt;agencies;economicoperands;1
title_5.txt;allocate;economicoperands;1
title_5.txt;analysis;economicoperands;4
title_5.txt;annually;attributes;1
title_5.txt;assuming;logicalconnectors;1
title_5.txt;at least;logicalconnectors;4
title_5.txt;based on;other;4
title_5.txt;benefits;economicoperands;1
title_5.txt;bulletin;economicoperands;1
title_5.txt;business;economicoperands;7
title_5.txt;capacity;economicoperands;2
title_5.txt;carrying;economicoperands;3
title_5.txt;casualty;economicoperands;3
title_5.txt;clause i;legalreferences;3
title_5.txt;clerical;economicoperands;1
title_5.txt;comments;economicoperands;2
title_5.txt;complete;economicoperands;1
title_5.txt;conflict;economicoperands;1
title_5.txt;congress;economicoperands;5
title_5.txt;consider;economicoperands;1
title_5.txt;consumer;economicoperands;1
title_5.txt;contempt;economicoperands;1
title_5.txt;contents;other;1
title_5.txt;continue;economicoperands;1
title_5.txt;contract;economicoperands;10
title_5.txt;controls;economicoperands;4
title_5.txt;coverage;economicoperands;12
title_5.txt;creditor;economicoperands;1
title_5.txt;criteria;economicoperands;3
title_5.txt;critical;economicoperands;1
title_5.txt;december;attributes;1
title_5.txt;dedicate;economicoperands;1
title_5.txt;deposits;economicoperands;1
title_5.txt;directly;attributes;4
title_5.txt;director;economicoperands;27
title_5.txt;disputes;economicoperands;2
title_5.txt;district;economicoperands;1
title_5.txt;does not;logicalconnectors;3
title_5.txt;domestic;economicoperands;2
title_5.txt;duration;economicoperands;1
title_5.txt;election;economicoperands;1
title_5.txt;eligible;economicoperands;1
title_5.txt;employee;economicoperands;1
title_5.txt;entering;economicoperands;1
title_5.txt;entities;economicoperands;2
title_5.txt;existing;economicoperands;3
title_5.txt;findings;economicoperands;2
title_5.txt;graduate;economicoperands;1
title_5.txt;greatest;mathematicaloperators;1
title_5.txt;guaranty;economicoperands;2
title_5.txt;included;logicalconnectors;2
title_5.txt;includes;logicalconnectors;2
title_5.txt;industry;economicoperands;6
title_5.txt;insurers;economicoperands;12
title_5.txt;involved;economicoperands;1
title_5.txt;licensed;economicoperands;6
title_5.txt;licenses;economicoperands;1
title_5.txt;majority;economicoperands;1
title_5.txt;measures;economicoperands;9
title_5.txt;minimize;mathematicaloperators;1
title_5.txt;national;economicoperands;3
title_5.txt;obtained;economicoperands;4
title_5.txt;official;economicoperands;3
title_5.txt;original;economicoperands;1
title_5.txt;part iii;legalreferences;1
title_5.txt;policies;economicoperands;6
title_5.txt;position;economicoperands;2
title_5.txt;practice;economicoperands;1
title_5.txt;premiums;economicoperands;4
title_5.txt;procured;economicoperands;1
title_5.txt;products;economicoperands;2
title_5.txt;prohibit;regulatoryoperators;1
title_5.txt;property;economicoperands;3
title_5.txt;provided;logicalconnectors;9
title_5.txt;provides;economicoperands;1
title_5.txt;publicly;economicoperands;2
title_5.txt;punished;economicoperands;1
title_5.txt;purchase;economicoperands;1
title_5.txt;purports;economicoperands;1
title_5.txt;purposes;economicoperands;5
title_5.txt;received;economicoperands;3
title_5.txt;recovery;economicoperands;1
title_5.txt;register;economicoperands;2
title_5.txt;relevant;attributes;4
title_5.txt;required;regulatoryoperators;12
title_5.txt;resolved;economicoperands;1
title_5.txt;resource;economicoperands;1
title_5.txt;restrict;regulatoryoperators;1
title_5.txt;retained;economicoperands;1
title_5.txt;revenues;economicoperands;1
title_5.txt;sections;legalreferences;3
title_5.txt;separate;economicoperands;2
title_5.txt;services;economicoperands;6
title_5.txt;solvency;economicoperands;6
title_5.txt;specific;logicalconnectors;1
title_5.txt;standard;economicoperands;1
title_5.txt;striking;other;3
title_5.txt;subitems;legalreferences;1
title_5.txt;subpoena;economicoperands;3
title_5.txt;systemic;economicoperands;1
title_5.txt;title 31;legalreferences;3
title_5.txt;title 44;legalreferences;1
title_5.txt;trustees;economicoperands;1
title_5.txt;usc 2171;legalreferences;1
title_5.txt;usc 6701;legalreferences;1
title_5.txt;30 days;attributes;1
title_5.txt;330-day;attributes;4
title_5.txt;7 years;attributes;1
title_5.txt;ability;economicoperands;3
title_5.txt;account;economicoperands;2
title_5.txt;achieve;economicoperands;3
title_5.txt;actions;economicoperands;2
title_5.txt;adopted;economicoperands;4
title_5.txt;advance;economicoperands;1
title_5.txt;amended;regulatoryoperators;4
title_5.txt;amounts;economicoperands;2
title_5.txt;analyze;economicoperands;2
title_5.txt;annuity;economicoperands;1
title_5.txt;another;functionwords;4
title_5.txt;applies;other;1
title_5.txt;arising;economicoperands;2
title_5.txt;aspects;economicoperands;1
title_5.txt;attempt;economicoperands;1
title_5.txt;banking;economicoperands;7
title_5.txt;between;functionwords;5
title_5.txt;breadth;economicoperands;1
title_5.txt;capital;economicoperands;2
title_5.txt;certain;functionwords;2
title_5.txt;chapter;other;2
title_5.txt;collect;economicoperands;3
title_5.txt;compact;economicoperands;7
title_5.txt;conduct;economicoperands;3
title_5.txt;consult;economicoperands;7
title_5.txt;contain;economicoperands;1
title_5.txt;control;economicoperands;4
title_5.txt;council;economicoperands;1
title_5.txt;covered;economicoperands;4
title_5.txt;defined;economicoperands;4
title_5.txt;develop;economicoperands;2
title_5.txt;effects;economicoperands;1
title_5.txt;efforts;economicoperands;1
title_5.txt;employs;economicoperands;2
title_5.txt;enforce;regulatoryoperators;2
title_5.txt;engaged;economicoperands;3
title_5.txt;entered;economicoperands;2
title_5.txt;examine;economicoperands;1
title_5.txt;experts;economicoperands;1
title_5.txt;expired;economicoperands;1
title_5.txt;factors;economicoperands;3
title_5.txt;failure;economicoperands;2
title_5.txt;federal;economicoperands;25
title_5.txt;finance;economicoperands;5
title_5.txt;foreign;economicoperands;4
title_5.txt;general;functionwords;3
title_5.txt;governs;economicoperands;1
title_5.txt;greater;mathematicaloperators;1
title_5.txt;holding;economicoperands;2
title_5.txt;housing;economicoperands;7
title_5.txt;implied;logicalconnectors;1
title_5.txt;imposed;regulatoryoperators;1
title_5.txt;improve;economicoperands;1
title_5.txt;in that;logicalconnectors;2
title_5.txt;include;logicalconnectors;4
title_5.txt;insured;economicoperands;12
title_5.txt;insurer;economicoperands;41
title_5.txt;intends;economicoperands;1
title_5.txt;january;attributes;3
title_5.txt;jointly;logicalconnectors;3
title_5.txt;largest;mathematicaloperators;1
title_5.txt;layover;economicoperands;1
title_5.txt;leaving;other;1
title_5.txt;license;economicoperands;1
title_5.txt;located;economicoperands;3
title_5.txt;manager;economicoperands;1
title_5.txt;markets;economicoperands;1
title_5.txt;matters;functionwords;3
title_5.txt;measure;economicoperands;2
title_5.txt;minimum;mathematicaloperators;4
title_5.txt;monitor;economicoperands;2
title_5.txt;nothing;logicalconnectors;5
title_5.txt;october;attributes;1
title_5.txt;ongoing;economicoperands;1
title_5.txt;only if;logicalconnectors;2
title_5.txt;outcome;economicoperands;2
title_5.txt;outside;functionwords;1
title_5.txt;part ii;legalreferences;2
title_5.txt;payment;economicoperands;6
title_5.txt;perform;economicoperands;1
title_5.txt;persons;economicoperands;4
title_5.txt;placing;economicoperands;2
title_5.txt;portion;economicoperands;1
title_5.txt;preempt;regulatoryoperators;3
title_5.txt;premium;economicoperands;11
title_5.txt;privacy;economicoperands;1
title_5.txt;procure;economicoperands;2
title_5.txt;provide;economicoperands;9
title_5.txt;purpose;economicoperands;1
title_5.txt;receipt;economicoperands;1
title_5.txt;receive;economicoperands;1
title_5.txt;reflect;economicoperands;1
title_5.txt;related;logicalconnectors;1
title_5.txt;renewal;economicoperands;1
title_5.txt;reports;economicoperands;5
title_5.txt;require;regulatoryoperators;8
title_5.txt;resolve;economicoperands;1
title_5.txt;results;economicoperands;2
title_5.txt;retains;economicoperands;1
title_5.txt;satisfy;regulatoryoperators;1
title_5.txt;savings;economicoperands;1
title_5.txt;section;legalreferences;1
title_5.txt;seeking;other;1
title_5.txt;session;economicoperands;1
title_5.txt;shifted;economicoperands;1
title_5.txt;similar;logicalconnectors;4
title_5.txt;skilled;economicoperands;1
title_5.txt;solicit;economicoperands;2
title_5.txt;sources;economicoperands;2
title_5.txt;special;economicoperands;1
title_5.txt;subject;economicoperands;3
title_5.txt;systems;economicoperands;1
title_5.txt;taxable;economicoperands;1
title_5.txt;that is;logicalconnectors;12
title_5.txt;thereof;logicalconnectors;1
title_5.txt;through;functionwords;5
title_5.txt;title 5;legalreferences;3
title_5.txt;title 9;legalreferences;1
title_5.txt;title i;legalreferences;1
title_5.txt;uniform;economicoperands;3
title_5.txt;updated;economicoperands;1
title_5.txt;various;functionwords;1
title_5.txt;whether;logicalconnectors;5
title_5.txt;workers;economicoperands;3
title_5.txt;writing;economicoperands;1
title_5.txt;written;economicoperands;2
title_5.txt;2-year;attributes;1
title_5.txt;5-year;attributes;1
title_5.txt;accept;economicoperands;1
title_5.txt;access;economicoperands;2
title_5.txt;across;functionwords;1
title_5.txt;acting;economicoperands;1
title_5.txt;action;economicoperands;2
title_5.txt;actual;logicalconnectors;1
title_5.txt;adding;mathematicaloperators;1
title_5.txt;advise;economicoperands;2
title_5.txt;affect;economicoperands;5
title_5.txt;agency;economicoperands;9
title_5.txt;amount;economicoperands;4
title_5.txt;annual;attributes;3
title_5.txt;assets;economicoperands;1
title_5.txt;assist;economicoperands;1
title_5.txt;august;attributes;1
title_5.txt;before;logicalconnectors;8
title_5.txt;begins;economicoperands;3
title_5.txt;branch;economicoperands;2
title_5.txt;broker;economicoperands;10
title_5.txt;ceding;economicoperands;1
title_5.txt;change;economicoperands;4
title_5.txt;charge;economicoperands;1
title_5.txt;claims;economicoperands;5
title_5.txt;common;functionwords;2
title_5.txt;comply;regulatoryoperators;1
title_5.txt;credit;economicoperands;4
title_5.txt;crisis;economicoperands;1
title_5.txt;deemed;regulatoryoperators;1
title_5.txt;degree;economicoperands;3
title_5.txt;direct;economicoperands;2
title_5.txt;during;functionwords;2
title_5.txt;duties;economicoperands;2
title_5.txt;effect;economicoperands;4
title_5.txt;employ;economicoperands;1
title_5.txt;engage;economicoperands;2
title_5.txt;entity;economicoperands;19
title_5.txt;except;logicalconnectors;10
title_5.txt;excess;economicoperands;1
title_5.txt;exempt;regulatoryoperators;6
title_5.txt;exists;economicoperands;1
title_5.txt;extend;economicoperands;1
title_5.txt;extent;economicoperands;2
title_5.txt;fellow;economicoperands;1
title_5.txt;filing;economicoperands;1
title_5.txt;fiscal;economicoperands;1
title_5.txt;global;economicoperands;2
title_5.txt;govern;economicoperands;1
title_5.txt;groups;other;1
title_5.txt;guided;economicoperands;1
title_5.txt;headed;economicoperands;1
title_5.txt;health;economicoperands;8
title_5.txt;higher;mathematicaloperators;1
title_5.txt;houses;economicoperands;1
title_5.txt;impact;economicoperands;2
title_5.txt;impair;economicoperands;1
title_5.txt;impose;regulatoryoperators;1
title_5.txt;income;economicoperands;1
title_5.txt;issued;economicoperands;4
title_5.txt;issues;economicoperands;2
title_5.txt;listed;other;1
title_5.txt;making;functionwords;2
title_5.txt;manner;other;3
title_5.txt;market;economicoperands;13
title_5.txt;matter;other;1
title_5.txt;member;economicoperands;2
title_5.txt;modify;economicoperands;1
title_5.txt;nature;economicoperands;1
title_5.txt;notice;economicoperands;5
title_5.txt;notify;economicoperands;5
title_5.txt;obtain;economicoperands;1
title_5.txt;office;economicoperands;30
title_5.txt;orders;economicoperands;1
title_5.txt;part i;legalreferences;1
title_5.txt;period;economicoperands;11
title_5.txt;person;economicoperands;19
title_5.txt;placed;economicoperands;1
title_5.txt;policy;economicoperands;5
title_5.txt;public;economicoperands;1
title_5.txt;reform;economicoperands;2
title_5.txt;report;economicoperands;16
title_5.txt;review;economicoperands;1
title_5.txt;rights;economicoperands;1
title_5.txt;robust;attributes;1
title_5.txt;search;economicoperands;1
title_5.txt;senate;economicoperands;7
title_5.txt;shifts;economicoperands;1
title_5.txt;single;economicoperands;1
title_5.txt;solely;logicalconnectors;2
title_5.txt;sought;other;1
title_5.txt;source;economicoperands;5
title_5.txt;states;economicoperands;10
title_5.txt;status;economicoperands;1
title_5.txt;submit;economicoperands;9
title_5.txt;system;economicoperands;3
title_5.txt;timely;attributes;2
title_5.txt;unless;logicalconnectors;2
title_5.txt;volume;economicoperands;1
title_5.txt;voting;economicoperands;1
title_5.txt;waiver;regulatoryoperators;2
title_5.txt;within;logicalconnectors;2
title_5.txt;writes;economicoperands;1
title_5.txt;adopt;economicoperands;1
title_5.txt;after;logicalconnectors;10
title_5.txt;agent;economicoperands;1
title_5.txt;alter;economicoperands;1
title_5.txt;amend;regulatoryoperators;1
title_5.txt;among;functionwords;3
title_5.txt;apply;other;10
title_5.txt;basis;economicoperands;3
title_5.txt;cause;economicoperands;2
title_5.txt;ceded;economicoperands;1
title_5.txt;cited;other;2
title_5.txt;class;economicoperands;2
title_5.txt;costs;economicoperands;1
title_5.txt;could;functionwords;1
title_5.txt;court;economicoperands;7
title_5.txt;enter;economicoperands;5
title_5.txt;field;economicoperands;2
title_5.txt;filed;economicoperands;1
title_5.txt;final;economicoperands;2
title_5.txt;first;attributes;1
title_5.txt;forms;other;2
title_5.txt;given;functionwords;1
title_5.txt;group;other;2
title_5.txt;human;economicoperands;3
title_5.txt;issue;economicoperands;4
title_5.txt;items;other;1
title_5.txt;level;economicoperands;8
title_5.txt;limit;regulatoryoperators;2
title_5.txt;lines;economicoperands;10
title_5.txt;major;functionwords;2
title_5.txt;means;other;32
title_5.txt;meets;economicoperands;4
title_5.txt;might;functionwords;1
title_5.txt;named;economicoperands;1
title_5.txt;order;economicoperands;3
title_5.txt;other;logicalconnectors;36
title_5.txt;place;economicoperands;3
title_5.txt;plans;economicoperands;1
title_5.txt;plays;economicoperands;1
title_5.txt;power;economicoperands;2
title_5.txt;price;economicoperands;1
title_5.txt;prior;economicoperands;1
title_5.txt;rates;economicoperands;1
title_5.txt;risks;economicoperands;3
title_5.txt;rules;economicoperands;2
title_5.txt;sales;economicoperands;1
title_5.txt;scope;economicoperands;4
title_5.txt;serve;economicoperands;1
title_5.txt;shall;regulatoryoperators;68
title_5.txt;small;economicoperands;1
title_5.txt;state;economicoperands;87
title_5.txt;still;logicalconnectors;1
title_5.txt;study;economicoperands;12
title_5.txt;table;other;1
title_5.txt;taken;functionwords;1
title_5.txt;taxes;economicoperands;9
title_5.txt;terms;other;3
title_5.txt;their;functionwords;1
title_5.txt;there;functionwords;3
title_5.txt;those;functionwords;2
title_5.txt;title;legalreferences;2
title_5.txt;trade;economicoperands;2
title_5.txt;under;functionwords;30
title_5.txt;which;functionwords;9
title_5.txt;while;logicalconnectors;1
title_5.txt;whose;functionwords;1
title_5.txt;years;attributes;1
title_5.txt;1974;legalreferences;1
title_5.txt;1996;attributes;1
title_5.txt;2002;attributes;2
title_5.txt;2011;attributes;2
title_5.txt;2012;attributes;1
title_5.txt;2013;attributes;1
title_5.txt;2015;attributes;1
title_5.txt;also;logicalconnectors;2
title_5.txt;bear;economicoperands;1
title_5.txt;been;functionwords;4
title_5.txt;both;logicalconnectors;3
title_5.txt;copy;economicoperands;3
title_5.txt;cpcu;economicoperands;1
title_5.txt;crop;economicoperands;1
title_5.txt;data;economicoperands;22
title_5.txt;date;economicoperands;3
title_5.txt;deny;regulatoryoperators;1
title_5.txt;each;logicalconnectors;9
title_5.txt;fees;economicoperands;2
title_5.txt;file;economicoperands;2
title_5.txt;firm;economicoperands;1
title_5.txt;from;functionwords;18
title_5.txt;full;economicoperands;1
title_5.txt;fund;economicoperands;2
title_5.txt;gaps;economicoperands;2
title_5.txt;guam;economicoperands;2
title_5.txt;have;functionwords;8
title_5.txt;held;economicoperands;1
title_5.txt;home;economicoperands;1
title_5.txt;into;functionwords;7
title_5.txt;item;other;1
title_5.txt;june;attributes;1
title_5.txt;laws;economicoperands;7
title_5.txt;less;mathematicaloperators;2
title_5.txt;life;economicoperands;2
title_5.txt;loss;economicoperands;8
title_5.txt;made;functionwords;6
title_5.txt;make;functionwords;1
title_5.txt;mean;other;1
title_5.txt;more;mathematicaloperators;5
title_5.txt;naic;economicoperands;16
title_5.txt;note;economicoperands;1
title_5.txt;obey;economicoperands;2
title_5.txt;only;logicalconnectors;3
title_5.txt;over;mathematicaloperators;4
title_5.txt;owns;economicoperands;1
title_5.txt;paid;economicoperands;4
title_5.txt;part;functionwords;6
title_5.txt;risk;economicoperands;15
title_5.txt;role;economicoperands;1
title_5.txt;rule;economicoperands;2
title_5.txt;sell;economicoperands;2
title_5.txt;size;economicoperands;4
title_5.txt;sold;economicoperands;1
title_5.txt;such;logicalconnectors;65
title_5.txt;sums;mathematicaloperators;1
title_5.txt;term;other;35
title_5.txt;than;functionwords;7
title_5.txt;that;functionwords;42
title_5.txt;then;logicalconnectors;1
title_5.txt;they;functionwords;1
title_5.txt;this;functionwords;5
title_5.txt;time;economicoperands;2
title_5.txt;type;economicoperands;2
title_5.txt;upon;functionwords;6
title_5.txt;vote;economicoperands;1
title_5.txt;ways;other;2
title_5.txt;what;functionwords;1
title_5.txt;will;functionwords;1
title_5.txt;with;functionwords;34
title_5.txt;year;attributes;1
title_5.txt;100;attributes;1
title_5.txt;313;legalreferences;1
title_5.txt;314;legalreferences;1
title_5.txt;500;attributes;1
title_5.txt;501;legalreferences;1
title_5.txt;502;legalreferences;1
title_5.txt;521;legalreferences;1
title_5.txt;act;legalreferences;5
title_5.txt;all;logicalconnectors;10
title_5.txt;and;logicalconnectors;188
title_5.txt;any;logicalconnectors;93
title_5.txt;are;functionwords;10
title_5.txt;arm;economicoperands;1
title_5.txt;but;logicalconnectors;3
title_5.txt;can;functionwords;1
title_5.txt;crm;economicoperands;1
title_5.txt;day;economicoperands;1
title_5.txt;fee;economicoperands;1
title_5.txt;for;functionwords;43
title_5.txt;gao;economicoperands;1
title_5.txt;has;functionwords;25
title_5.txt;how;functionwords;2
title_5.txt;iii;legalreferences;6
title_5.txt;its;functionwords;5
title_5.txt;law;economicoperands;12
title_5.txt;low;economicoperands;1
title_5.txt;may;functionwords;31
title_5.txt;net;economicoperands;1
title_5.txt;new;economicoperands;3
title_5.txt;non;logicalconnectors;4
title_5.txt;not;logicalconnectors;18
title_5.txt;one;functionwords;1
title_5.txt;out;functionwords;4
title_5.txt;per;functionwords;1
title_5.txt;sec;economicoperands;18
title_5.txt;tax;economicoperands;5
title_5.txt;the;functionwords;519
title_5.txt;usc;legalreferences;1
title_5.txt;use;economicoperands;1
title_5.txt;who;functionwords;5
title_5.txt;10;attributes;2
title_5.txt;11;legalreferences;1
title_5.txt;12;attributes;1
title_5.txt;13;legalreferences;1
title_5.txt;14;legalreferences;1
title_5.txt;15;attributes;2
title_5.txt;16;legalreferences;1
title_5.txt;19;legalreferences;1
title_5.txt;20;attributes;1
title_5.txt;30;attributes;7
title_5.txt;42;legalreferences;1
title_5.txt;50;attributes;2
title_5.txt;aa;legalreferences;3
title_5.txt;an;functionwords;55
title_5.txt;as;logicalconnectors;41
title_5.txt;at;functionwords;4
title_5.txt;bb;legalreferences;3
title_5.txt;be;functionwords;46
title_5.txt;by;functionwords;59
title_5.txt;cc;legalreferences;1
title_5.txt;if;logicalconnectors;17
title_5.txt;ii;legalreferences;14
title_5.txt;in;functionwords;108
title_5.txt;is;functionwords;45
title_5.txt;it;functionwords;2
title_5.txt;iv;legalreferences;5
title_5.txt;no;logicalconnectors;6
title_5.txt;of;functionwords;299
title_5.txt;on;functionwords;48
title_5.txt;or;logicalconnectors;192
title_5.txt;so;logicalconnectors;2
title_5.txt;to;functionwords;125
title_5.txt;us;economicoperands;1
title_5.txt;1;attributes;33
title_5.txt;2;attributes;24
title_5.txt;3;attributes;17
title_5.txt;4;attributes;9
title_5.txt;5;attributes;6
title_5.txt;6;attributes;5
title_5.txt;7;attributes;2
title_5.txt;8;attributes;3
title_5.txt;9;attributes;3
title_5.txt;a;functionwords;147
title_5.txt;b;legalreferences;30
title_5.txt;c;legalreferences;18
title_5.txt;d;legalreferences;9
title_5.txt;e;legalreferences;4
title_5.txt;f;legalreferences;5
title_5.txt;h;legalreferences;2
title_5.txt;i;functionwords;16
title_5.txt;j;legalreferences;1
title_5.txt;k;legalreferences;1
title_5.txt;l;legalreferences;1
title_5.txt;m;legalreferences;1
title_5.txt;n;legalreferences;1
title_5.txt;o;legalreferences;1
title_5.txt;p;legalreferences;1
title_5.txt;q;legalreferences;1
title_5.txt;r;legalreferences;1
title_5.txt;v;legalreferences;3
