title_13.txt;section 1603 of the american recovery and reinvestment act of 2009 public law 1115 123 stat 302;legalreferences;1
title_13.txt;section 1607 of the american recovery and reinvestment act of 2009 public law 1115 123 stat 305;legalreferences;1
title_13.txt;section 1117 of the housing and economic recovery act of 2008 public law 110289 122 stat 2683;legalreferences;1
title_13.txt;title xvi of the american recovery and reinvestment act of 2009 public law 1115 123 stat 302;legalreferences;1
title_13.txt;the federal national mortgage association charter act 12 usc 1719 g 2;legalreferences;1
title_13.txt;the emergency economic stabilization act of 2008 12 usc 5225 a;legalreferences;1
title_13.txt;the federal home loan mortgage corporation act 12 usc 1455 l 2;legalreferences;1
title_13.txt;the emergency economic stabilization act of 2008 12 usc 5216;legalreferences;1
title_13.txt;the federal home loan bank act 12 usc 1431 l 2;legalreferences;1
title_13.txt;federal home loan mortgage corporation;economicoperands;1
title_13.txt;federal national mortgage association;economicoperands;1
title_13.txt;federal housing finance agency;economicoperands;2
title_13.txt;economic recovery act of 2008;legalreferences;1
title_13.txt;secretary of the treasury;economicoperands;6
title_13.txt;mortgage-backed security;economicoperands;1
title_13.txt;governor of the state;economicoperands;1
title_13.txt;under this subsection;legalreferences;3
title_13.txt;the pay it back act;legalreferences;2
title_13.txt;under subsection b;legalreferences;2
title_13.txt;notwithstanding;logicalconnectors;1
title_13.txt;pay it back act;legalreferences;1
title_13.txt;section 304 g 2;legalreferences;1
title_13.txt;section 306 l 2;legalreferences;1
title_13.txt;this subsection;legalreferences;1
title_13.txt;appropriations;economicoperands;1
title_13.txt;as a result of;logicalconnectors;1
title_13.txt;for any reason;logicalconnectors;1
title_13.txt;section 11 l 2;legalreferences;1
title_13.txt;subparagraph b;legalreferences;3
title_13.txt;subparagraph c;legalreferences;3
title_13.txt;subparagraph d;legalreferences;3
title_13.txt;under this act;legalreferences;2
title_13.txt;authorization;regulatoryoperators;1
title_13.txt;discretionary;economicoperands;1
title_13.txt;redesignating;other;3
title_13.txt;section 115 a;legalreferences;1
title_13.txt;appropriated;economicoperands;1
title_13.txt;guaranteeing;economicoperands;1
title_13.txt;presidential;economicoperands;1
title_13.txt;requirements;economicoperands;2
title_13.txt;subsection a;legalreferences;1
title_13.txt;subsection d;legalreferences;1
title_13.txt;association;economicoperands;1
title_13.txt;authorities;economicoperands;2
title_13.txt;carried out;economicoperands;1
title_13.txt;corporation;economicoperands;1
title_13.txt;freddie mac;economicoperands;1
title_13.txt;legislature;economicoperands;1
title_13.txt;obligations;economicoperands;3
title_13.txt;outstanding;economicoperands;1
title_13.txt;paragraph 3;legalreferences;1
title_13.txt;pursuant to;logicalconnectors;4
title_13.txt;section 106;legalreferences;1
title_13.txt;short title;other;1
title_13.txt;transferred;economicoperands;1
title_13.txt;uncommitted;economicoperands;1
title_13.txt;unnecessary;attributes;1
title_13.txt;unobligated;economicoperands;6
title_13.txt;amendments;other;1
title_13.txt;assessment;economicoperands;1
title_13.txt;assistance;economicoperands;2
title_13.txt;at the end;logicalconnectors;5
title_13.txt;authorized;regulatoryoperators;1
title_13.txt;commitment;economicoperands;1
title_13.txt;considered;logicalconnectors;1
title_13.txt;determines;regulatoryoperators;1
title_13.txt;fannie mae;economicoperands;1
title_13.txt;government;economicoperands;1
title_13.txt;guarantees;economicoperands;1
title_13.txt;in general;logicalconnectors;1
title_13.txt;initiative;economicoperands;1
title_13.txt;obligation;economicoperands;4
title_13.txt;prohibited;regulatoryoperators;7
title_13.txt;recaptured;economicoperands;1
title_13.txt;reductions;economicoperands;7
title_13.txt;securities;economicoperands;2
title_13.txt;subsection;legalreferences;1
title_13.txt;this title;legalreferences;1
title_13.txt;title xiii;legalreferences;1
title_13.txt;withdrawal;economicoperands;2
title_13.txt;agreement;economicoperands;1
title_13.txt;amendment;other;1
title_13.txt;amount of;mathematicaloperators;1
title_13.txt;authority;economicoperands;3
title_13.txt;available;economicoperands;2
title_13.txt;committed;economicoperands;1
title_13.txt;dedicated;economicoperands;7
title_13.txt;deposited;economicoperands;4
title_13.txt;enactment;other;1
title_13.txt;executive;economicoperands;2
title_13.txt;exercised;economicoperands;1
title_13.txt;financial;economicoperands;2
title_13.txt;following;functionwords;8
title_13.txt;including;logicalconnectors;1
title_13.txt;increases;mathematicaloperators;7
title_13.txt;initiated;economicoperands;1
title_13.txt;inserting;other;6
title_13.txt;obligated;regulatoryoperators;2
title_13.txt;otherwise;logicalconnectors;1
title_13.txt;preferred;economicoperands;1
title_13.txt;president;economicoperands;3
title_13.txt;principal;economicoperands;1
title_13.txt;provision;economicoperands;1
title_13.txt;recapture;economicoperands;2
title_13.txt;reduction;economicoperands;13
title_13.txt;rejection;economicoperands;2
title_13.txt;repayment;economicoperands;4
title_13.txt;rescinded;economicoperands;2
title_13.txt;secretary;economicoperands;12
title_13.txt;statewide;economicoperands;1
title_13.txt;withdraws;economicoperands;1
title_13.txt;6 months;attributes;1
title_13.txt;accepted;economicoperands;1
title_13.txt;acquired;economicoperands;3
title_13.txt;activity;economicoperands;1
title_13.txt;american;economicoperands;1
title_13.txt;congress;economicoperands;2
title_13.txt;continue;economicoperands;1
title_13.txt;contract;economicoperands;1
title_13.txt;december;attributes;2
title_13.txt;director;economicoperands;1
title_13.txt;division;mathematicaloperators;3
title_13.txt;industry;economicoperands;1
title_13.txt;interest;economicoperands;1
title_13.txt;maintain;economicoperands;1
title_13.txt;periodic;attributes;1
title_13.txt;provided;logicalconnectors;1
title_13.txt;purchase;economicoperands;2
title_13.txt;purposes;economicoperands;1
title_13.txt;realized;economicoperands;1
title_13.txt;received;economicoperands;6
title_13.txt;requests;economicoperands;1
title_13.txt;sec 1613;legalreferences;1
title_13.txt;specific;logicalconnectors;2
title_13.txt;spending;economicoperands;7
title_13.txt;striking;other;3
title_13.txt;taxpayer;economicoperands;1
title_13.txt;this act;legalreferences;2
title_13.txt;treasury;economicoperands;10
title_13.txt;amended;regulatoryoperators;8
title_13.txt;amounts;economicoperands;14
title_13.txt;between;functionwords;1
title_13.txt;deficit;economicoperands;13
title_13.txt;deposit;economicoperands;3
title_13.txt;enacted;other;1
title_13.txt;federal;economicoperands;1
title_13.txt;general;functionwords;8
title_13.txt;granted;regulatoryoperators;2
title_13.txt;housing;economicoperands;2
title_13.txt;program;economicoperands;4
title_13.txt;project;economicoperands;1
title_13.txt;purpose;economicoperands;7
title_13.txt;reduced;economicoperands;3
title_13.txt;rescind;economicoperands;1
title_13.txt;revenue;economicoperands;7
title_13.txt;support;economicoperands;1
title_13.txt;adding;mathematicaloperators;4
title_13.txt;agency;economicoperands;3
title_13.txt;agreed;economicoperands;1
title_13.txt;amount;economicoperands;3
title_13.txt;became;economicoperands;1
title_13.txt;become;economicoperands;1
title_13.txt;before;logicalconnectors;1
title_13.txt;entity;economicoperands;1
title_13.txt;hereby;functionwords;1
title_13.txt;losses;economicoperands;2
title_13.txt;nation;economicoperands;2
title_13.txt;offset;economicoperands;7
title_13.txt;reduce;economicoperands;1
title_13.txt;report;economicoperands;5
title_13.txt;return;economicoperands;1
title_13.txt;submit;economicoperands;1
title_13.txt;suffer;economicoperands;1
title_13.txt;waiver;regulatoryoperators;2
title_13.txt;after;logicalconnectors;5
title_13.txt;apply;other;1
title_13.txt;banks;economicoperands;1
title_13.txt;cited;other;1
title_13.txt;every;logicalconnectors;1
title_13.txt;funds;economicoperands;14
title_13.txt;incur;economicoperands;1
title_13.txt;local;economicoperands;1
title_13.txt;other;logicalconnectors;11
title_13.txt;plans;economicoperands;1
title_13.txt;prior;economicoperands;1
title_13.txt;shall;regulatoryoperators;17
title_13.txt;state;economicoperands;4
title_13.txt;stock;economicoperands;1
title_13.txt;under;functionwords;5
title_13.txt;vital;economicoperands;1
title_13.txt;waive;regulatoryoperators;1
title_13.txt;where;logicalconnectors;7
title_13.txt;while;logicalconnectors;1
title_13.txt;1301;legalreferences;1
title_13.txt;2010;attributes;1
title_13.txt;2012;attributes;3
title_13.txt;also;logicalconnectors;1
title_13.txt;arra;economicoperands;2
title_13.txt;been;functionwords;2
title_13.txt;best;mathematicaloperators;1
title_13.txt;date;economicoperands;1
title_13.txt;fees;economicoperands;1
title_13.txt;from;functionwords;12
title_13.txt;fund;economicoperands;8
title_13.txt;have;functionwords;2
title_13.txt;head;economicoperands;2
title_13.txt;home;economicoperands;1
title_13.txt;june;attributes;1
title_13.txt;loan;economicoperands;1
title_13.txt;made;functionwords;2
title_13.txt;paid;economicoperands;1
title_13.txt;sale;economicoperands;6
title_13.txt;same;logicalconnectors;1
title_13.txt;sole;logicalconnectors;7
title_13.txt;such;logicalconnectors;13
title_13.txt;tarp;economicoperands;3
title_13.txt;that;functionwords;6
title_13.txt;then;logicalconnectors;1
title_13.txt;this;functionwords;2
title_13.txt;time;economicoperands;2
title_13.txt;used;economicoperands;1
title_13.txt;will;functionwords;1
title_13.txt;all;logicalconnectors;2
title_13.txt;and;logicalconnectors;24
title_13.txt;any;logicalconnectors;23
title_13.txt;are;functionwords;2
title_13.txt;end;other;1
title_13.txt;fee;economicoperands;3
title_13.txt;for;functionwords;20
title_13.txt;has;functionwords;1
title_13.txt;may;functionwords;4
title_13.txt;not;logicalconnectors;7
title_13.txt;one;functionwords;1
title_13.txt;sec;economicoperands;6
title_13.txt;the;functionwords;81
title_13.txt;use;economicoperands;8
title_13.txt;was;functionwords;1
title_13.txt;25;attributes;1
title_13.txt;31;attributes;2
title_13.txt;an;functionwords;9
title_13.txt;as;logicalconnectors;14
title_13.txt;at;functionwords;2
title_13.txt;be;functionwords;15
title_13.txt;by;functionwords;37
title_13.txt;if;logicalconnectors;3
title_13.txt;ii;legalreferences;3
title_13.txt;in;functionwords;12
title_13.txt;is;functionwords;11
title_13.txt;it;functionwords;1
title_13.txt;no;logicalconnectors;1
title_13.txt;of;functionwords;47
title_13.txt;on;functionwords;3
title_13.txt;or;logicalconnectors;25
title_13.txt;to;functionwords;18
title_13.txt;1;attributes;11
title_13.txt;2;attributes;10
title_13.txt;4;attributes;1
title_13.txt;5;attributes;1
title_13.txt;a;functionwords;14
title_13.txt;b;legalreferences;8
title_13.txt;c;legalreferences;7
title_13.txt;d;legalreferences;2
title_13.txt;f;legalreferences;1
title_13.txt;i;functionwords;3
