title_15.txt;united nations group of experts on the democratic republic of congo;economicoperands;1
title_15.txt;committee on financial services of the house of representatives;economicoperands;3
title_15.txt;the dodd-frank wall street reform and consumer protection act;legalreferences;2
title_15.txt;the federal mine safety and health act of 1977 30 usc 817 a;legalreferences;1
title_15.txt;the federal mine safety and health act of 1977 30 usc 802;legalreferences;2
title_15.txt;the federal mine safety and health act of 1977 30 usc 814;legalreferences;1
title_15.txt;comptroller general of the united states;economicoperands;4
title_15.txt;appropriate congressional committees;economicoperands;9
title_15.txt;the securities exchange act of 1934;legalreferences;11
title_15.txt;securities and exchange commission;economicoperands;2
title_15.txt;the inspector general act of 1978;legalreferences;2
title_15.txt;democratic republic of the congo;economicoperands;29
title_15.txt;committee on ways and means;economicoperands;1
title_15.txt;international monetary fund;economicoperands;1
title_15.txt;resource extraction issuer;economicoperands;16
title_15.txt;interactive data standard;economicoperands;5
title_15.txt;secretary of the treasury;economicoperands;3
title_15.txt;house of representatives;economicoperands;1
title_15.txt;interactive data format;economicoperands;3
title_15.txt;in the public interest;attributes;1
title_15.txt;in consultation with;economicoperands;2
title_15.txt;less frequently than;mathematicaloperators;1
title_15.txt;rule of construction;other;1
title_15.txt;under subparagraph a;legalreferences;13
title_15.txt;columbite-tantalite;economicoperands;1
title_15.txt;comptroller general;economicoperands;1
title_15.txt;coal or other mine;economicoperands;12
title_15.txt;for the purpose of;functionwords;2
title_15.txt;foreign government;economicoperands;6
title_15.txt;in accordance with;logicalconnectors;5
title_15.txt;in connection with;logicalconnectors;1
title_15.txt;in the same manner;logicalconnectors;1
title_15.txt;under subsection a;legalreferences;1
title_15.txt;under this section;legalreferences;1
title_15.txt;30 usc 801 et seq;legalreferences;2
title_15.txt;adjoining country;economicoperands;11
title_15.txt;deposit insurance;economicoperands;1
title_15.txt;homeland security;economicoperands;1
title_15.txt;ministry of mines;economicoperands;1
title_15.txt;characterized by;logicalconnectors;1
title_15.txt;period beginning;economicoperands;1
title_15.txt;section 13 p 1 a;legalreferences;1
title_15.txt;community banks;economicoperands;1
title_15.txt;instrumentality;economicoperands;1
title_15.txt;internationally;economicoperands;1
title_15.txt;nongovernmental;economicoperands;1
title_15.txt;recommendations;economicoperands;2
title_15.txt;section 110 b 2;legalreferences;1
title_15.txt;this subsection;legalreferences;5
title_15.txt;vulnerabilities;economicoperands;1
title_15.txt;with respect to;logicalconnectors;3
title_15.txt;30 usc 820 b 2;legalreferences;1
title_15.txt;administration;economicoperands;4
title_15.txt;appropriations;economicoperands;3
title_15.txt;effective date;economicoperands;2
title_15.txt;identification;economicoperands;1
title_15.txt;not later than;logicalconnectors;11
title_15.txt;presidentially;economicoperands;1
title_15.txt;recommendation;economicoperands;1
title_15.txt;subparagraph a;legalreferences;1
title_15.txt;the end of the;mathematicaloperators;1
title_15.txt;this paragraph;legalreferences;3
title_15.txt;administrator;economicoperands;1
title_15.txt;authorization;regulatoryoperators;1
title_15.txt;certification;economicoperands;1
title_15.txt;consideration;economicoperands;1
title_15.txt;core deposits;economicoperands;7
title_15.txt;determination;regulatoryoperators;3
title_15.txt;due diligence;economicoperands;5
title_15.txt;effectiveness;economicoperands;3
title_15.txt;functionality;economicoperands;2
title_15.txt;in particular;logicalconnectors;1
title_15.txt;international;economicoperands;6
title_15.txt;miscellaneous;functionwords;1
title_15.txt;organizations;economicoperands;1
title_15.txt;paragraph 1 a;legalreferences;1
title_15.txt;paragraph 2 a;legalreferences;2
title_15.txt;paragraph 2 b;legalreferences;1
title_15.txt;regulation of;regulatoryoperators;1
title_15.txt;section 104 b;legalreferences;1
title_15.txt;section 104 d;legalreferences;1
title_15.txt;section 104 e;legalreferences;2
title_15.txt;section 107 a;legalreferences;2
title_15.txt;significantly;attributes;3
title_15.txt;substantially;attributes;3
title_15.txt;to the extent;logicalconnectors;4
title_15.txt;united states;economicoperands;8
title_15.txt;unwarrantable;economicoperands;1
title_15.txt;urban affairs;economicoperands;4
title_15.txt;30 usc 814 b;legalreferences;1
title_15.txt;30 usc 814 d;legalreferences;1
title_15.txt;30 usc 814 e;legalreferences;2
title_15.txt;30 usc 817 a;legalreferences;1
title_15.txt;appropriated;economicoperands;1
title_15.txt;availability;economicoperands;1
title_15.txt;consultation;economicoperands;1
title_15.txt;contributing;economicoperands;1
title_15.txt;cross-border;economicoperands;1
title_15.txt;earlier than;mathematicaloperators;2
title_15.txt;entitlements;economicoperands;1
title_15.txt;establishing;regulatoryoperators;1
title_15.txt;exploitation;economicoperands;3
title_15.txt;gender-based;economicoperands;2
title_15.txt;governmental;economicoperands;1
title_15.txt;human rights;economicoperands;6
title_15.txt;humanitarian;economicoperands;1
title_15.txt;independence;economicoperands;2
title_15.txt;institutions;economicoperands;2
title_15.txt;manufactured;economicoperands;4
title_15.txt;order issued;economicoperands;1
title_15.txt;particularly;functionwords;1
title_15.txt;perpetrators;economicoperands;1
title_15.txt;promulgation;regulatoryoperators;1
title_15.txt;requirements;economicoperands;7
title_15.txt;restrictions;regulatoryoperators;2
title_15.txt;section 13 p;legalreferences;7
title_15.txt;section 1502;legalreferences;2
title_15.txt;standardized;economicoperands;1
title_15.txt;subparagraph;other;1
title_15.txt;subsection a;legalreferences;2
title_15.txt;this section;legalreferences;7
title_15.txt;transparency;economicoperands;4
title_15.txt;acquisition;economicoperands;1
title_15.txt;appropriate;attributes;3
title_15.txt;armed group;economicoperands;4
title_15.txt;assessments;economicoperands;1
title_15.txt;association;economicoperands;1
title_15.txt;benefitting;economicoperands;1
title_15.txt;calculating;economicoperands;1
title_15.txt;cassiterite;economicoperands;1
title_15.txt;competitive;economicoperands;1
title_15.txt;compilation;economicoperands;1
title_15.txt;contributed;economicoperands;2
title_15.txt;corporation;economicoperands;2
title_15.txt;declaration;economicoperands;1
title_15.txt;definitions;economicoperands;6
title_15.txt;derivatives;economicoperands;2
title_15.txt;description;economicoperands;4
title_15.txt;designation;regulatoryoperators;1
title_15.txt;development;economicoperands;10
title_15.txt;differences;logicalconnectors;1
title_15.txt;disclosures;economicoperands;1
title_15.txt;distinguish;economicoperands;1
title_15.txt;encountered;economicoperands;1
title_15.txt;enforcement;economicoperands;1
title_15.txt;established;regulatoryoperators;1
title_15.txt;establishes;regulatoryoperators;1
title_15.txt;explanatory;economicoperands;1
title_15.txt;exploration;economicoperands;1
title_15.txt;governments;economicoperands;4
title_15.txt;independent;economicoperands;4
title_15.txt;individuals;economicoperands;1
title_15.txt;information;economicoperands;19
title_15.txt;legislative;economicoperands;1
title_15.txt;on the date;logicalconnectors;3
title_15.txt;originating;economicoperands;4
title_15.txt;paragraph 1;legalreferences;3
title_15.txt;paragraph 2;legalreferences;2
title_15.txt;paragraph 4;legalreferences;1
title_15.txt;potentially;other;1
title_15.txt;practicable;economicoperands;3
title_15.txt;promulgated;regulatoryoperators;2
title_15.txt;publication;economicoperands;2
title_15.txt;pursuant to;logicalconnectors;4
title_15.txt;regulations;regulatoryoperators;8
title_15.txt;relating to;logicalconnectors;8
title_15.txt;section 104;legalreferences;1
title_15.txt;significant;attributes;1
title_15.txt;specificity;economicoperands;1
title_15.txt;stimulative;economicoperands;1
title_15.txt;take effect;regulatoryoperators;2
title_15.txt;temporarily;attributes;1
title_15.txt;termination;economicoperands;2
title_15.txt;activities;economicoperands;3
title_15.txt;agreements;economicoperands;1
title_15.txt;amendments;other;1
title_15.txt;applicable;functionwords;1
title_15.txt;assessment;economicoperands;4
title_15.txt;assistance;economicoperands;2
title_15.txt;at the end;logicalconnectors;3
title_15.txt;authorized;regulatoryoperators;2
title_15.txt;commercial;economicoperands;12
title_15.txt;commission;economicoperands;26
title_15.txt;commitment;economicoperands;1
title_15.txt;committees;economicoperands;2
title_15.txt;consistent;attributes;2
title_15.txt;constitute;economicoperands;1
title_15.txt;contracted;economicoperands;1
title_15.txt;contribute;economicoperands;2
title_15.txt;de minimis;functionwords;1
title_15.txt;definition;economicoperands;3
title_15.txt;department;economicoperands;1
title_15.txt;describing;other;1
title_15.txt;designated;regulatoryoperators;1
title_15.txt;determined;regulatoryoperators;4
title_15.txt;determines;regulatoryoperators;3
title_15.txt;disclosing;economicoperands;1
title_15.txt;disclosure;economicoperands;8
title_15.txt;electronic;economicoperands;4
title_15.txt;evaluation;economicoperands;1
title_15.txt;extraction;economicoperands;3
title_15.txt;extractive;economicoperands;1
title_15.txt;facilitate;economicoperands;1
title_15.txt;facilities;economicoperands;3
title_15.txt;governance;economicoperands;1
title_15.txt;government;economicoperands;9
title_15.txt;guidelines;economicoperands;1
title_15.txt;identified;economicoperands;2
title_15.txt;in general;logicalconnectors;7
title_15.txt;in no case;logicalconnectors;1
title_15.txt;indirectly;attributes;3
title_15.txt;industries;economicoperands;1
title_15.txt;initiative;economicoperands;1
title_15.txt;inspectors;economicoperands;2
title_15.txt;likelihood;economicoperands;1
title_15.txt;management;economicoperands;1
title_15.txt;obligation;economicoperands;1
title_15.txt;on the day;logicalconnectors;1
title_15.txt;opposition;economicoperands;1
title_15.txt;physically;economicoperands;1
title_15.txt;previously;logicalconnectors;1
title_15.txt;processing;economicoperands;2
title_15.txt;production;economicoperands;3
title_15.txt;promulgate;regulatoryoperators;1
title_15.txt;protection;economicoperands;4
title_15.txt;provisions;economicoperands;6
title_15.txt;recognized;economicoperands;2
title_15.txt;redefining;economicoperands;2
title_15.txt;rulemaking;other;1
title_15.txt;section 13;legalreferences;3
title_15.txt;securities;economicoperands;2
title_15.txt;subject to;logicalconnectors;2
title_15.txt;submitting;economicoperands;1
title_15.txt;subsection;legalreferences;5
title_15.txt;subsidiary;economicoperands;6
title_15.txt;supporting;economicoperands;2
title_15.txt;thereafter;logicalconnectors;4
title_15.txt;thereunder;logicalconnectors;2
title_15.txt;unreliable;economicoperands;2
title_15.txt;violations;economicoperands;8
title_15.txt;warranting;economicoperands;1
title_15.txt;wolframite;economicoperands;1
title_15.txt;30 months;attributes;1
title_15.txt;adjoining;economicoperands;7
title_15.txt;amount of;mathematicaloperators;3
title_15.txt;appointed;economicoperands;1
title_15.txt;assessing;economicoperands;2
title_15.txt;authority;economicoperands;1
title_15.txt;available;economicoperands;7
title_15.txt;beginning;logicalconnectors;2
title_15.txt;borrowing;economicoperands;3
title_15.txt;carry out;economicoperands;3
title_15.txt;certified;economicoperands;1
title_15.txt;certifies;economicoperands;1
title_15.txt;citations;economicoperands;1
title_15.txt;civilians;economicoperands;1
title_15.txt;clause ii;legalreferences;1
title_15.txt;committee;economicoperands;9
title_15.txt;community;economicoperands;1
title_15.txt;component;economicoperands;1
title_15.txt;conducted;economicoperands;2
title_15.txt;construed;other;1
title_15.txt;countries;economicoperands;7
title_15.txt;described;other;12
title_15.txt;determine;regulatoryoperators;2
title_15.txt;directors;economicoperands;2
title_15.txt;disclosed;economicoperands;1
title_15.txt;emergency;economicoperands;1
title_15.txt;enactment;other;14
title_15.txt;establish;regulatoryoperators;2
title_15.txt;executive;economicoperands;4
title_15.txt;exemption;regulatoryoperators;2
title_15.txt;expertise;economicoperands;1
title_15.txt;financial;economicoperands;2
title_15.txt;financing;economicoperands;1
title_15.txt;following;functionwords;8
title_15.txt;formalize;economicoperands;1
title_15.txt;including;logicalconnectors;9
title_15.txt;indicates;other;1
title_15.txt;insurance;economicoperands;1
title_15.txt;investors;economicoperands;2
title_15.txt;involving;economicoperands;4
title_15.txt;mandatory;regulatoryoperators;4
title_15.txt;necessary;attributes;6
title_15.txt;originate;economicoperands;3
title_15.txt;oversight;economicoperands;1
title_15.txt;penalties;economicoperands;1
title_15.txt;potential;economicoperands;4
title_15.txt;practices;economicoperands;2
title_15.txt;president;economicoperands;3
title_15.txt;processes;economicoperands;3
title_15.txt;promoting;economicoperands;1
title_15.txt;promotion;economicoperands;1
title_15.txt;proposals;economicoperands;2
title_15.txt;regarding;logicalconnectors;2
title_15.txt;relations;economicoperands;2
title_15.txt;reporting;economicoperands;4
title_15.txt;requiring;regulatoryoperators;1
title_15.txt;resources;economicoperands;2
title_15.txt;revisions;economicoperands;1
title_15.txt;royalties;economicoperands;1
title_15.txt;secretary;economicoperands;8
title_15.txt;section 3;legalreferences;3
title_15.txt;shutdowns;economicoperands;1
title_15.txt;situation;economicoperands;1
title_15.txt;standards;economicoperands;6
title_15.txt;structure;economicoperands;1
title_15.txt;submitted;economicoperands;6
title_15.txt;successor;economicoperands;1
title_15.txt;suppliers;economicoperands;2
title_15.txt;taxpayers;economicoperands;2
title_15.txt;terminate;economicoperands;2
title_15.txt;transmits;economicoperands;1
title_15.txt;transport;economicoperands;1
title_15.txt;violation;economicoperands;3
title_15.txt;worldwide;economicoperands;1
title_15.txt;180 days;attributes;3
title_15.txt;270 days;attributes;2
title_15.txt;3 report;legalreferences;1
title_15.txt;accuracy;economicoperands;2
title_15.txt;activity;economicoperands;2
title_15.txt;agencies;economicoperands;1
title_15.txt;american;economicoperands;2
title_15.txt;annually;attributes;5
title_15.txt;approved;regulatoryoperators;1
title_15.txt;approves;regulatoryoperators;1
title_15.txt;auditing;economicoperands;1
title_15.txt;based on;other;1
title_15.txt;baseline;economicoperands;1
title_15.txt;benefits;economicoperands;1
title_15.txt;brokered;economicoperands;4
title_15.txt;business;economicoperands;1
title_15.txt;carrying;economicoperands;1
title_15.txt;category;economicoperands;1
title_15.txt;citation;economicoperands;1
title_15.txt;clause i;legalreferences;2
title_15.txt;commerce;economicoperands;1
title_15.txt;commonly;functionwords;1
title_15.txt;concerns;economicoperands;1
title_15.txt;conflict;economicoperands;38
title_15.txt;congress;economicoperands;4
title_15.txt;contents;other;1
title_15.txt;continue;economicoperands;1
title_15.txt;critical;economicoperands;1
title_15.txt;currency;economicoperands;1
title_15.txt;december;attributes;1
title_15.txt;depicted;economicoperands;2
title_15.txt;deposits;economicoperands;4
title_15.txt;directly;attributes;4
title_15.txt;director;economicoperands;2
title_15.txt;disclose;economicoperands;1
title_15.txt;does not;logicalconnectors;1
title_15.txt;domestic;economicoperands;1
title_15.txt;duration;economicoperands;1
title_15.txt;economic;economicoperands;1
title_15.txt;eligible;economicoperands;1
title_15.txt;entities;economicoperands;3
title_15.txt;evaluate;economicoperands;2
title_15.txt;exercise;economicoperands;2
title_15.txt;external;economicoperands;1
title_15.txt;flagrant;economicoperands;1
title_15.txt;floating;economicoperands;1
title_15.txt;greatest;mathematicaloperators;1
title_15.txt;guidance;economicoperands;1
title_15.txt;identify;economicoperands;1
title_15.txt;imminent;attributes;2
title_15.txt;included;logicalconnectors;5
title_15.txt;includes;logicalconnectors;8
title_15.txt;instruct;economicoperands;2
title_15.txt;interest;economicoperands;1
title_15.txt;internal;economicoperands;1
title_15.txt;internet;economicoperands;1
title_15.txt;involved;economicoperands;1
title_15.txt;location;economicoperands;1
title_15.txt;material;economicoperands;1
title_15.txt;maturity;economicoperands;1
title_15.txt;measures;economicoperands;3
title_15.txt;minerals;economicoperands;37
title_15.txt;multiple;logicalconnectors;1
title_15.txt;national;economicoperands;1
title_15.txt;one year;attributes;1
title_15.txt;operator;economicoperands;10
title_15.txt;patterns;economicoperands;1
title_15.txt;payments;economicoperands;11
title_15.txt;periodic;attributes;1
title_15.txt;possible;attributes;3
title_15.txt;premiums;economicoperands;1
title_15.txt;products;economicoperands;5
title_15.txt;proposal;economicoperands;3
title_15.txt;proposed;economicoperands;2
title_15.txt;publicly;economicoperands;1
title_15.txt;punitive;economicoperands;1
title_15.txt;purposes;economicoperands;5
title_15.txt;received;economicoperands;2
title_15.txt;regional;economicoperands;1
title_15.txt;register;economicoperands;2
title_15.txt;relative;economicoperands;1
title_15.txt;relevant;attributes;2
title_15.txt;required;regulatoryoperators;14
title_15.txt;resource;economicoperands;2
title_15.txt;revising;economicoperands;1
title_15.txt;revision;economicoperands;1
title_15.txt;sections;legalreferences;1
title_15.txt;security;economicoperands;3
title_15.txt;services;economicoperands;1
title_15.txt;strategy;economicoperands;5
title_15.txt;stronger;mathematicaloperators;1
title_15.txt;therefor;logicalconnectors;1
title_15.txt;this act;legalreferences;14
title_15.txt;title xv;legalreferences;1
title_15.txt;unlikely;economicoperands;1
title_15.txt;violence;economicoperands;3
title_15.txt;war-torn;economicoperands;1
title_15.txt;2 years;attributes;2
title_15.txt;30 days;attributes;2
title_15.txt;ability;economicoperands;1
title_15.txt;actions;economicoperands;1
title_15.txt;address;economicoperands;3
title_15.txt;affairs;economicoperands;2
title_15.txt;against;functionwords;1
title_15.txt;amended;regulatoryoperators;5
title_15.txt;amounts;economicoperands;1
title_15.txt;arising;economicoperands;1
title_15.txt;banking;economicoperands;5
title_15.txt;benefit;economicoperands;2
title_15.txt;between;functionwords;5
title_15.txt;bonuses;economicoperands;1
title_15.txt;certify;economicoperands;1
title_15.txt;company;economicoperands;1
title_15.txt;conduct;economicoperands;1
title_15.txt;consult;economicoperands;1
title_15.txt;contain;economicoperands;2
title_15.txt;control;economicoperands;9
title_15.txt;country;economicoperands;12
title_15.txt;covered;economicoperands;2
title_15.txt;current;functionwords;2
title_15.txt;custody;economicoperands;3
title_15.txt;declare;regulatoryoperators;1
title_15.txt;defined;economicoperands;3
title_15.txt;develop;economicoperands;1
title_15.txt;eastern;economicoperands;1
title_15.txt;economy;economicoperands;1
title_15.txt;effects;economicoperands;1
title_15.txt;efforts;economicoperands;4
title_15.txt;engages;economicoperands;1
title_15.txt;exceeds;mathematicaloperators;1
title_15.txt;experts;economicoperands;2
title_15.txt;extreme;economicoperands;1
title_15.txt;failure;economicoperands;1
title_15.txt;federal;economicoperands;7
title_15.txt;finance;economicoperands;5
title_15.txt;foreign;economicoperands;6
title_15.txt;further;logicalconnectors;1
title_15.txt;general;functionwords;3
title_15.txt;helping;economicoperands;1
title_15.txt;housing;economicoperands;4
title_15.txt;improve;economicoperands;2
title_15.txt;include;logicalconnectors;5
title_15.txt;indexed;economicoperands;1
title_15.txt;initial;economicoperands;1
title_15.txt;issuers;economicoperands;2
title_15.txt;issuing;economicoperands;1
title_15.txt;labeled;economicoperands;1
title_15.txt;license;economicoperands;2
title_15.txt;listing;economicoperands;1
title_15.txt;located;economicoperands;2
title_15.txt;meaning;other;3
title_15.txt;mineral;economicoperands;8
title_15.txt;monitor;economicoperands;1
title_15.txt;nations;economicoperands;3
title_15.txt;natural;economicoperands;10
title_15.txt;nothing;logicalconnectors;2
title_15.txt;pattern;economicoperands;4
title_15.txt;payment;economicoperands;3
title_15.txt;pending;functionwords;1
title_15.txt;persons;economicoperands;2
title_15.txt;private;economicoperands;5
title_15.txt;process;economicoperands;1
title_15.txt;produce;economicoperands;1
title_15.txt;product;economicoperands;5
title_15.txt;program;economicoperands;1
title_15.txt;project;economicoperands;2
title_15.txt;promote;economicoperands;2
title_15.txt;provide;economicoperands;2
title_15.txt;publish;economicoperands;1
title_15.txt;reasons;economicoperands;1
title_15.txt;receipt;economicoperands;2
title_15.txt;receive;economicoperands;1
title_15.txt;regular;attributes;1
title_15.txt;related;logicalconnectors;1
title_15.txt;reports;economicoperands;6
title_15.txt;require;regulatoryoperators;3
title_15.txt;results;economicoperands;1
title_15.txt;revenue;economicoperands;1
title_15.txt;satisfy;regulatoryoperators;1
title_15.txt;section;legalreferences;1
title_15.txt;seeking;other;1
title_15.txt;segment;economicoperands;1
title_15.txt;serious;attributes;1
title_15.txt;sources;economicoperands;2
title_15.txt;support;economicoperands;1
title_15.txt;that is;logicalconnectors;12
title_15.txt;therein;logicalconnectors;1
title_15.txt;through;functionwords;1
title_15.txt;trading;economicoperands;1
title_15.txt;treated;economicoperands;1
title_15.txt;updates;economicoperands;1
title_15.txt;usc 286;legalreferences;1
title_15.txt;waivers;regulatoryoperators;1
title_15.txt;website;economicoperands;1
title_15.txt;whether;logicalconnectors;5
title_15.txt;writing;economicoperands;1
title_15.txt;written;economicoperands;2
title_15.txt;5-year;attributes;1
title_15.txt;abuses;economicoperands;2
title_15.txt;action;economicoperands;1
title_15.txt;adding;mathematicaloperators;3
title_15.txt;affect;economicoperands;2
title_15.txt;agency;economicoperands;3
title_15.txt;annual;attributes;7
title_15.txt;audits;economicoperands;3
title_15.txt;before;logicalconnectors;3
title_15.txt;begins;economicoperands;1
title_15.txt;better;mathematicaloperators;1
title_15.txt;border;economicoperands;1
title_15.txt;clause;legalreferences;1
title_15.txt;coltan;economicoperands;1
title_15.txt;comply;regulatoryoperators;1
title_15.txt;danger;economicoperands;2
title_15.txt;dollar;economicoperands;1
title_15.txt;effect;economicoperands;5
title_15.txt;ensure;regulatoryoperators;1
title_15.txt;entire;logicalconnectors;1
title_15.txt;entity;economicoperands;3
title_15.txt;expire;economicoperands;1
title_15.txt;export;economicoperands;3
title_15.txt;extent;economicoperands;1
title_15.txt;extort;economicoperands;2
title_15.txt;fiscal;economicoperands;2
title_15.txt;format;economicoperands;1
title_15.txt;groups;other;14
title_15.txt;hazard;economicoperands;1
title_15.txt;health;economicoperands;12
title_15.txt;impact;economicoperands;1
title_15.txt;intent;economicoperands;1
title_15.txt;issued;economicoperands;12
title_15.txt;issuer;economicoperands;9
title_15.txt;issues;economicoperands;2
title_15.txt;levels;economicoperands;1
title_15.txt;likely;attributes;1
title_15.txt;member;economicoperands;1
title_15.txt;mining;economicoperands;2
title_15.txt;nature;economicoperands;2
title_15.txt;notice;economicoperands;3
title_15.txt;number;economicoperands;6
title_15.txt;online;economicoperands;2
title_15.txt;oppose;economicoperands;1
title_15.txt;orders;economicoperands;3
title_15.txt;origin;economicoperands;3
title_15.txt;parity;economicoperands;1
title_15.txt;period;economicoperands;3
title_15.txt;person;economicoperands;18
title_15.txt;public;economicoperands;6
title_15.txt;recent;economicoperands;1
title_15.txt;reduce;economicoperands;1
title_15.txt;reform;economicoperands;1
title_15.txt;relate;economicoperands;1
title_15.txt;relies;economicoperands;1
title_15.txt;repaid;economicoperands;3
title_15.txt;report;economicoperands;28
title_15.txt;result;economicoperands;2
title_15.txt;review;economicoperands;2
title_15.txt;revise;economicoperands;1
title_15.txt;routes;economicoperands;2
title_15.txt;safety;economicoperands;14
title_15.txt;sector;economicoperands;6
title_15.txt;senate;economicoperands;4
title_15.txt;sexual;economicoperands;2
title_15.txt;shares;economicoperands;1
title_15.txt;source;economicoperands;2
title_15.txt;states;economicoperands;1
title_15.txt;status;economicoperands;1
title_15.txt;stream;economicoperands;1
title_15.txt;submit;economicoperands;7
title_15.txt;such a;logicalconnectors;3
title_15.txt;united;economicoperands;3
title_15.txt;update;economicoperands;1
title_15.txt;waiver;regulatoryoperators;1
title_15.txt;within;logicalconnectors;2
title_15.txt;about;functionwords;1
title_15.txt;added;mathematicaloperators;4
title_15.txt;after;logicalconnectors;18
title_15.txt;areas;economicoperands;4
title_15.txt;armed;economicoperands;15
title_15.txt;audit;economicoperands;5
title_15.txt;banks;economicoperands;1
title_15.txt;based;other;1
title_15.txt;board;economicoperands;3
title_15.txt;cases;economicoperands;1
title_15.txt;cause;economicoperands;3
title_15.txt;chain;economicoperands;3
title_15.txt;could;functionwords;6
title_15.txt;every;logicalconnectors;1
title_15.txt;filed;economicoperands;1
title_15.txt;final;economicoperands;3
title_15.txt;first;attributes;1
title_15.txt;fixed;economicoperands;1
title_15.txt;force;economicoperands;1
title_15.txt;funds;economicoperands;2
title_15.txt;given;functionwords;3
title_15.txt;gross;economicoperands;1
title_15.txt;group;other;2
title_15.txt;issue;economicoperands;3
title_15.txt;known;other;3
title_15.txt;labor;economicoperands;2
title_15.txt;large;economicoperands;1
title_15.txt;legal;economicoperands;1
title_15.txt;loans;economicoperands;2
title_15.txt;local;economicoperands;3
title_15.txt;means;other;11
title_15.txt;other;logicalconnectors;13
title_15.txt;owned;economicoperands;1
title_15.txt;peace;economicoperands;2
title_15.txt;point;economicoperands;2
title_15.txt;prior;economicoperands;1
title_15.txt;rates;economicoperands;1
title_15.txt;repay;economicoperands;1
title_15.txt;route;economicoperands;1
title_15.txt;rules;economicoperands;14
title_15.txt;sense;economicoperands;2
title_15.txt;shall;regulatoryoperators;41
title_15.txt;state;economicoperands;6
title_15.txt;study;economicoperands;5
title_15.txt;taken;functionwords;2
title_15.txt;taxes;economicoperands;1
title_15.txt;terms;other;4
title_15.txt;their;functionwords;5
title_15.txt;there;functionwords;1
title_15.txt;those;functionwords;1
title_15.txt;total;mathematicaloperators;10
title_15.txt;trade;economicoperands;6
title_15.txt;under;functionwords;29
title_15.txt;until;logicalconnectors;2
title_15.txt;using;economicoperands;1
title_15.txt;value;economicoperands;1
title_15.txt;voice;economicoperands;1
title_15.txt;waive;regulatoryoperators;1
title_15.txt;where;logicalconnectors;1
title_15.txt;which;functionwords;19
title_15.txt;whole;functionwords;1
title_15.txt;whose;functionwords;1
title_15.txt;1502;legalreferences;1
title_15.txt;1503;legalreferences;1
title_15.txt;2008;attributes;1
title_15.txt;best;mathematicaloperators;1
title_15.txt;data;economicoperands;2
title_15.txt;date;economicoperands;18
title_15.txt;debt;economicoperands;3
title_15.txt;each;logicalconnectors;10
title_15.txt;ends;other;1
title_15.txt;fees;economicoperands;2
title_15.txt;file;economicoperands;5
title_15.txt;form;other;2
title_15.txt;free;economicoperands;4
title_15.txt;from;functionwords;13
title_15.txt;full;economicoperands;4
title_15.txt;fund;economicoperands;5
title_15.txt;gold;economicoperands;1
title_15.txt;have;functionwords;6
title_15.txt;held;economicoperands;1
title_15.txt;june;attributes;1
title_15.txt;laws;economicoperands;2
title_15.txt;list;other;3
title_15.txt;loan;economicoperands;2
title_15.txt;made;functionwords;9
title_15.txt;make;functionwords;7
title_15.txt;mark;economicoperands;1
title_15.txt;mean;other;1
title_15.txt;mine;economicoperands;10
title_15.txt;most;functionwords;1
title_15.txt;note;economicoperands;1
title_15.txt;once;functionwords;1
title_15.txt;part;functionwords;3
title_15.txt;plan;economicoperands;2
title_15.txt;rate;economicoperands;1
title_15.txt;rich;economicoperands;1
title_15.txt;role;economicoperands;1
title_15.txt;rule;economicoperands;1
title_15.txt;same;logicalconnectors;2
title_15.txt;sell;economicoperands;1
title_15.txt;stop;economicoperands;1
title_15.txt;such;logicalconnectors;54
title_15.txt;sums;mathematicaloperators;1
title_15.txt;tags;economicoperands;3
title_15.txt;term;other;15
title_15.txt;than;functionwords;1
title_15.txt;that;functionwords;41
title_15.txt;them;functionwords;1
title_15.txt;this;functionwords;1
title_15.txt;time;economicoperands;1
title_15.txt;type;economicoperands;2
title_15.txt;used;economicoperands;5
title_15.txt;vote;economicoperands;1
title_15.txt;ways;other;1
title_15.txt;were;functionwords;1
title_15.txt;whom;functionwords;1
title_15.txt;will;functionwords;1
title_15.txt;with;functionwords;12
title_15.txt;year;attributes;8
title_15.txt;zone;economicoperands;2
title_15.txt;act;legalreferences;11
title_15.txt;add;mathematicaloperators;1
title_15.txt;all;logicalconnectors;2
title_15.txt;and;logicalconnectors;122
title_15.txt;any;logicalconnectors;19
title_15.txt;are;functionwords;11
title_15.txt;but;logicalconnectors;1
title_15.txt;can;functionwords;1
title_15.txt;day;economicoperands;1
title_15.txt;did;functionwords;2
title_15.txt;drc;economicoperands;4
title_15.txt;for;functionwords;26
title_15.txt;gas;economicoperands;8
title_15.txt;has;functionwords;5
title_15.txt;iii;legalreferences;4
title_15.txt;its;functionwords;3
title_15.txt;law;economicoperands;1
title_15.txt;map;economicoperands;9
title_15.txt;may;functionwords;4
title_15.txt;new;economicoperands;1
title_15.txt;not;logicalconnectors;10
title_15.txt;oil;economicoperands;8
title_15.txt;one;functionwords;1
title_15.txt;out;functionwords;1
title_15.txt;sec;economicoperands;7
title_15.txt;seq;legalreferences;2
title_15.txt;tax;economicoperands;2
title_15.txt;the;functionwords;387
title_15.txt;usc;legalreferences;6
title_15.txt;use;economicoperands;4
title_15.txt;vii;legalreferences;1
title_15.txt;15;attributes;6
title_15.txt;22;legalreferences;2
title_15.txt;30;attributes;1
title_15.txt;68;legalreferences;1
title_15.txt;an;functionwords;35
title_15.txt;as;logicalconnectors;27
title_15.txt;at;functionwords;2
title_15.txt;be;functionwords;21
title_15.txt;by;functionwords;40
title_15.txt;do;functionwords;2
title_15.txt;et;functionwords;2
title_15.txt;if;logicalconnectors;8
title_15.txt;ii;legalreferences;15
title_15.txt;in;functionwords;73
title_15.txt;is;functionwords;29
title_15.txt;it;functionwords;4
title_15.txt;iv;legalreferences;1
title_15.txt;no;logicalconnectors;1
title_15.txt;of;functionwords;242
title_15.txt;on;functionwords;39
title_15.txt;or;logicalconnectors;78
title_15.txt;to;functionwords;92
title_15.txt;vi;other;1
title_15.txt;1;attributes;16
title_15.txt;2;attributes;12
title_15.txt;3;attributes;7
title_15.txt;4;attributes;4
title_15.txt;5;attributes;3
title_15.txt;a;functionwords;92
title_15.txt;b;legalreferences;28
title_15.txt;c;legalreferences;10
title_15.txt;d;legalreferences;10
title_15.txt;e;legalreferences;6
title_15.txt;f;legalreferences;4
title_15.txt;i;functionwords;17
title_15.txt;p;legalreferences;1
title_15.txt;q;legalreferences;1
title_15.txt;v;legalreferences;1
