title_12.txt;committee on financial services of the house of representatives;economicoperands;1
title_12.txt;the federal deposit insurance act 12 usc 1813;legalreferences;1
title_12.txt;community development financial institution;economicoperands;6
title_12.txt;federally insured depository institution;economicoperands;5
title_12.txt;the internal revenue code of 1986;legalreferences;1
title_12.txt;insured depository institution;economicoperands;1
title_12.txt;the fair credit reporting act;legalreferences;1
title_12.txt;the federal credit union act;legalreferences;1
title_12.txt;small dollar loan program;economicoperands;5
title_12.txt;insured credit union;economicoperands;1
title_12.txt;under this paragraph;legalreferences;1
title_12.txt;financial literacy;economicoperands;3
title_12.txt;in accordance with;logicalconnectors;1
title_12.txt;under subsection a;legalreferences;3
title_12.txt;under this section;legalreferences;6
title_12.txt;differentiations;logicalconnectors;1
title_12.txt;the same meaning;logicalconnectors;2
title_12.txt;under this title;legalreferences;5
title_12.txt;associated with;logicalconnectors;1
title_12.txt;classifications;economicoperands;1
title_12.txt;eligible entity;economicoperands;7
title_12.txt;moderate-income;economicoperands;3
title_12.txt;section 501 c 3;legalreferences;1
title_12.txt;administrative;economicoperands;1
title_12.txt;appropriations;economicoperands;1
title_12.txt;administrator;economicoperands;1
title_12.txt;affordability;economicoperands;1
title_12.txt;authorization;regulatoryoperators;3
title_12.txt;circumvention;economicoperands;1
title_12.txt;demonstration;economicoperands;1
title_12.txt;joint venture;economicoperands;1
title_12.txt;opportunities;economicoperands;3
title_12.txt;participating;economicoperands;1
title_12.txt;participation;economicoperands;1
title_12.txt;section 501 a;legalreferences;1
title_12.txt;subparagraphs;other;1
title_12.txt;urban affairs;economicoperands;1
title_12.txt;alternatives;economicoperands;2
title_12.txt;appropriated;economicoperands;2
title_12.txt;comprised of;logicalconnectors;1
title_12.txt;establishing;regulatoryoperators;1
title_12.txt;incorporated;economicoperands;1
title_12.txt;installments;economicoperands;1
title_12.txt;institutions;economicoperands;18
title_12.txt;organization;economicoperands;1
title_12.txt;requirements;economicoperands;1
title_12.txt;small-dollar;economicoperands;1
title_12.txt;this section;legalreferences;3
title_12.txt;transactions;economicoperands;1
title_12.txt;undertakings;economicoperands;5
title_12.txt;adjustments;economicoperands;1
title_12.txt;application;economicoperands;1
title_12.txt;appropriate;attributes;5
title_12.txt;carried out;economicoperands;1
title_12.txt;cooperative;economicoperands;2
title_12.txt;definitions;economicoperands;3
title_12.txt;description;economicoperands;1
title_12.txt;development;economicoperands;7
title_12.txt;distributed;economicoperands;1
title_12.txt;educational;economicoperands;2
title_12.txt;eligibility;economicoperands;1
title_12.txt;established;regulatoryoperators;8
title_12.txt;in order to;logicalconnectors;2
title_12.txt;individuals;economicoperands;5
title_12.txt;information;economicoperands;1
title_12.txt;initiatives;economicoperands;2
title_12.txt;institution;economicoperands;5
title_12.txt;non-federal;economicoperands;1
title_12.txt;paragraph 1;legalreferences;2
title_12.txt;participate;economicoperands;2
title_12.txt;partnership;economicoperands;7
title_12.txt;pre-payment;economicoperands;1
title_12.txt;pursuant to;logicalconnectors;3
title_12.txt;regulations;regulatoryoperators;6
title_12.txt;relating to;logicalconnectors;2
title_12.txt;requirement;economicoperands;1
title_12.txt;section 101;legalreferences;1
title_12.txt;section 103;legalreferences;2
title_12.txt;section 603;legalreferences;1
title_12.txt;short title;other;1
title_12.txt;50 percent;attributes;1
title_12.txt;accessible;economicoperands;1
title_12.txt;activities;economicoperands;3
title_12.txt;administer;economicoperands;2
title_12.txt;agreements;economicoperands;5
title_12.txt;assistance;economicoperands;3
title_12.txt;at the end;logicalconnectors;1
title_12.txt;authorized;regulatoryoperators;8
title_12.txt;closed-end;economicoperands;1
title_12.txt;compliance;regulatoryoperators;1
title_12.txt;conditions;logicalconnectors;2
title_12.txt;conducting;economicoperands;1
title_12.txt;containing;economicoperands;2
title_12.txt;counseling;economicoperands;3
title_12.txt;effectuate;economicoperands;1
title_12.txt;evaluation;economicoperands;1
title_12.txt;exceptions;logicalconnectors;1
title_12.txt;facilitate;economicoperands;1
title_12.txt;government;economicoperands;1
title_12.txt;in general;logicalconnectors;5
title_12.txt;individual;economicoperands;2
title_12.txt;investment;economicoperands;1
title_12.txt;mainstream;economicoperands;5
title_12.txt;maintained;economicoperands;1
title_12.txt;measurable;economicoperands;1
title_12.txt;nationwide;economicoperands;2
title_12.txt;prescribed;regulatoryoperators;4
title_12.txt;procedural;economicoperands;1
title_12.txt;promulgate;regulatoryoperators;1
title_12.txt;provisions;economicoperands;2
title_12.txt;reasonable;attributes;3
title_12.txt;regulatory;economicoperands;1
title_12.txt;subject to;logicalconnectors;2
title_12.txt;technology;economicoperands;1
title_12.txt;this title;legalreferences;8
title_12.txt;agreement;economicoperands;1
title_12.txt;americans;economicoperands;1
title_12.txt;amount of;mathematicaloperators;2
title_12.txt;authority;economicoperands;2
title_12.txt;available;economicoperands;3
title_12.txt;beginning;logicalconnectors;1
title_12.txt;committee;economicoperands;1
title_12.txt;community;economicoperands;7
title_12.txt;consumers;economicoperands;7
title_12.txt;contracts;economicoperands;2
title_12.txt;defaulted;economicoperands;1
title_12.txt;described;other;2
title_12.txt;designate;regulatoryoperators;1
title_12.txt;education;economicoperands;4
title_12.txt;encourage;economicoperands;2
title_12.txt;establish;regulatoryoperators;8
title_12.txt;exceeding;mathematicaloperators;1
title_12.txt;financial;economicoperands;18
title_12.txt;following;functionwords;2
title_12.txt;implement;regulatoryoperators;2
title_12.txt;improving;economicoperands;2
title_12.txt;including;logicalconnectors;3
title_12.txt;loan-loss;economicoperands;4
title_12.txt;maintains;economicoperands;2
title_12.txt;multiyear;economicoperands;2
title_12.txt;necessary;attributes;3
title_12.txt;operating;economicoperands;1
title_12.txt;operation;economicoperands;1
title_12.txt;practices;economicoperands;1
title_12.txt;providing;economicoperands;1
title_12.txt;provision;economicoperands;2
title_12.txt;recapture;economicoperands;1
title_12.txt;regarding;logicalconnectors;1
title_12.txt;reporting;economicoperands;2
title_12.txt;secretary;economicoperands;15
title_12.txt;section 3;legalreferences;1
title_12.txt;technical;economicoperands;2
title_12.txt;accounts;economicoperands;4
title_12.txt;agencies;economicoperands;1
title_12.txt;at least;logicalconnectors;1
title_12.txt;building;economicoperands;2
title_12.txt;compiles;economicoperands;2
title_12.txt;congress;economicoperands;1
title_12.txt;consumer;economicoperands;3
title_12.txt;designed;economicoperands;2
title_12.txt;desiring;economicoperands;1
title_12.txt;eligible;economicoperands;4
title_12.txt;entities;economicoperands;5
title_12.txt;equal to;logicalconnectors;2
title_12.txt;expanded;economicoperands;1
title_12.txt;expended;economicoperands;1
title_12.txt;includes;logicalconnectors;1
title_12.txt;judgment;economicoperands;1
title_12.txt;low-cost;economicoperands;2
title_12.txt;maintain;economicoperands;2
title_12.txt;managing;economicoperands;1
title_12.txt;matching;economicoperands;2
title_12.txt;measures;economicoperands;1
title_12.txt;mitigate;regulatoryoperators;1
title_12.txt;normally;economicoperands;1
title_12.txt;payments;economicoperands;1
title_12.txt;products;economicoperands;4
title_12.txt;programs;economicoperands;11
title_12.txt;projects;economicoperands;1
title_12.txt;provided;logicalconnectors;3
title_12.txt;purposes;economicoperands;4
title_12.txt;received;economicoperands;3
title_12.txt;relevant;attributes;2
title_12.txt;restrict;regulatoryoperators;1
title_12.txt;services;economicoperands;7
title_12.txt;targeted;economicoperands;1
title_12.txt;usc 1752;legalreferences;1
title_12.txt;usc 4702;legalreferences;1
title_12.txt;account;economicoperands;7
title_12.txt;amended;regulatoryoperators;1
title_12.txt;amounts;economicoperands;5
title_12.txt;awarded;economicoperands;1
title_12.txt;banking;economicoperands;4
title_12.txt;between;functionwords;5
title_12.txt;contain;economicoperands;1
title_12.txt;defined;economicoperands;3
title_12.txt;deposit;economicoperands;1
title_12.txt;evasion;economicoperands;1
title_12.txt;housing;economicoperands;1
title_12.txt;improve;economicoperands;1
title_12.txt;lending;economicoperands;2
title_12.txt;mission;economicoperands;1
title_12.txt;obtains;economicoperands;1
title_12.txt;penalty;economicoperands;1
title_12.txt;portion;economicoperands;1
title_12.txt;prevent;regulatoryoperators;1
title_12.txt;primary;economicoperands;1
title_12.txt;program;economicoperands;8
title_12.txt;project;economicoperands;1
title_12.txt;promote;economicoperands;2
title_12.txt;provide;economicoperands;6
title_12.txt;purpose;economicoperands;2
title_12.txt;reports;economicoperands;1
title_12.txt;require;regulatoryoperators;1
title_12.txt;reserve;economicoperands;5
title_12.txt;results;economicoperands;1
title_12.txt;savings;economicoperands;2
title_12.txt;sec 122;legalreferences;1
title_12.txt;several;functionwords;1
title_12.txt;similar;logicalconnectors;2
title_12.txt;support;economicoperands;2
title_12.txt;through;functionwords;2
title_12.txt;utilize;economicoperands;1
title_12.txt;wherein;functionwords;1
title_12.txt;access;economicoperands;7
title_12.txt;adding;mathematicaloperators;1
title_12.txt;agency;economicoperands;3
title_12.txt;amount;economicoperands;2
title_12.txt;combat;economicoperands;1
title_12.txt;costly;economicoperands;1
title_12.txt;defray;economicoperands;2
title_12.txt;direct;economicoperands;1
title_12.txt;dollar;economicoperands;6
title_12.txt;enable;economicoperands;2
title_12.txt;ensure;regulatoryoperators;1
title_12.txt;entity;economicoperands;2
title_12.txt;exempt;regulatoryoperators;1
title_12.txt;expand;economicoperands;2
title_12.txt;fiscal;economicoperands;4
title_12.txt;funded;economicoperands;1
title_12.txt;grants;economicoperands;11
title_12.txt;losses;economicoperands;1
title_12.txt;market;economicoperands;1
title_12.txt;obtain;economicoperands;2
title_12.txt;offers;economicoperands;1
title_12.txt;proper;economicoperands;1
title_12.txt;remain;economicoperands;1
title_12.txt;repaid;economicoperands;1
title_12.txt;report;economicoperands;2
title_12.txt;senate;economicoperands;1
title_12.txt;submit;economicoperands;2
title_12.txt;tribal;economicoperands;1
title_12.txt;wealth;economicoperands;2
title_12.txt;agent;economicoperands;2
title_12.txt;among;functionwords;3
title_12.txt;apply;other;1
title_12.txt;areas;economicoperands;2
title_12.txt;basis;economicoperands;2
title_12.txt;cited;other;1
title_12.txt;class;economicoperands;1
title_12.txt;costs;economicoperands;4
title_12.txt;deems;regulatoryoperators;1
title_12.txt;files;economicoperands;2
title_12.txt;fully;economicoperands;1
title_12.txt;funds;economicoperands;5
title_12.txt;given;functionwords;1
title_12.txt;grant;economicoperands;8
title_12.txt;loans;economicoperands;8
title_12.txt;local;economicoperands;1
title_12.txt;means;other;5
title_12.txt;money;economicoperands;1
title_12.txt;needs;economicoperands;1
title_12.txt;offer;economicoperands;1
title_12.txt;other;logicalconnectors;6
title_12.txt;serve;economicoperands;1
title_12.txt;shall;regulatoryoperators;9
title_12.txt;small;economicoperands;7
title_12.txt;staff;economicoperands;1
title_12.txt;state;economicoperands;1
title_12.txt;steps;functionwords;1
title_12.txt;terms;other;3
title_12.txt;their;functionwords;1
title_12.txt;there;functionwords;2
title_12.txt;title;legalreferences;1
title_12.txt;under;functionwords;5
title_12.txt;until;logicalconnectors;1
title_12.txt;value;economicoperands;1
title_12.txt;which;functionwords;2
title_12.txt;would;functionwords;1
title_12.txt;2010;attributes;2
title_12.txt;both;logicalconnectors;1
title_12.txt;code;economicoperands;1
title_12.txt;cost;economicoperands;1
title_12.txt;each;logicalconnectors;4
title_12.txt;form;other;1
title_12.txt;from;functionwords;4
title_12.txt;fund;economicoperands;9
title_12.txt;give;functionwords;1
title_12.txt;have;functionwords;1
title_12.txt;help;economicoperands;3
title_12.txt;high;economicoperands;1
title_12.txt;into;functionwords;1
title_12.txt;loan;economicoperands;9
title_12.txt;loss;economicoperands;1
title_12.txt;made;functionwords;3
title_12.txt;make;functionwords;3
title_12.txt;meet;economicoperands;2
title_12.txt;more;mathematicaloperators;5
title_12.txt;must;regulatoryoperators;1
title_12.txt;part;functionwords;1
title_12.txt;some;logicalconnectors;1
title_12.txt;such;logicalconnectors;23
title_12.txt;sums;mathematicaloperators;1
title_12.txt;take;functionwords;1
title_12.txt;term;other;9
title_12.txt;that;functionwords;10
title_12.txt;used;economicoperands;4
title_12.txt;will;functionwords;1
title_12.txt;with;functionwords;4
title_12.txt;year;attributes;3
title_12.txt;500;attributes;1
title_12.txt;act;legalreferences;3
title_12.txt;all;logicalconnectors;1
title_12.txt;and;logicalconnectors;53
title_12.txt;any;logicalconnectors;15
title_12.txt;are;functionwords;10
title_12.txt;for;functionwords;14
title_12.txt;has;functionwords;3
title_12.txt;low;economicoperands;3
title_12.txt;may;functionwords;12
title_12.txt;not;logicalconnectors;3
title_12.txt;one;functionwords;1
title_12.txt;own;functionwords;1
title_12.txt;sec;economicoperands;10
title_12.txt;seq;legalreferences;1
title_12.txt;tax;economicoperands;1
title_12.txt;the;functionwords;64
title_12.txt;usc;legalreferences;2
title_12.txt;use;economicoperands;1
title_12.txt;who;functionwords;2
title_12.txt;xii;legalreferences;1
title_12.txt;12;attributes;3
title_12.txt;15;attributes;1
title_12.txt;16;legalreferences;1
title_12.txt;an;functionwords;12
title_12.txt;as;logicalconnectors;13
title_12.txt;be;functionwords;11
title_12.txt;by;functionwords;14
title_12.txt;et;functionwords;1
title_12.txt;in;functionwords;21
title_12.txt;is;functionwords;9
title_12.txt;no;logicalconnectors;1
title_12.txt;of;functionwords;39
title_12.txt;on;functionwords;8
title_12.txt;or;logicalconnectors;34
title_12.txt;to;functionwords;64
title_12.txt;1;attributes;12
title_12.txt;2;attributes;8
title_12.txt;3;attributes;2
title_12.txt;4;attributes;2
title_12.txt;5;attributes;2
title_12.txt;a;functionwords;43
title_12.txt;b;legalreferences;10
title_12.txt;c;legalreferences;4
title_12.txt;d;legalreferences;3
title_12.txt;e;legalreferences;2
title_12.txt;p;legalreferences;2
