title_2.txt;the federal deposit insurance corporation improvement act of 1991 12 usc 4403 a;legalreferences;1
title_2.txt;committee on financial services of the house of representatives;economicoperands;8
title_2.txt;the dodd-frank wall street reform and consumer protection act;legalreferences;2
title_2.txt;section 5 a of the inspector general act of 1978 5 usc app;legalreferences;2
title_2.txt;the bank holding company act of 1956 12 usc 1841 a;legalreferences;1
title_2.txt;the bank holding company act of 1956 12 usc 1843 k;legalreferences;3
title_2.txt;nonbank financial company supervised by the board;economicoperands;4
title_2.txt;the bank holding company act of 1956 12 usc;legalreferences;1
title_2.txt;comptroller general of the united states;economicoperands;9
title_2.txt;the federal deposit insurance act 12 usc;legalreferences;2
title_2.txt;administrative expenses of the receiver;economicoperands;4
title_2.txt;administrative expense of the receiver;economicoperands;1
title_2.txt;records of a covered financial company;economicoperands;2
title_2.txt;federal deposit insurance corporation;economicoperands;6
title_2.txt;revised statutes of the united states;legalreferences;1
title_2.txt;primary financial regulatory agency;economicoperands;6
title_2.txt;the securities exchange act of 1934;legalreferences;8
title_2.txt;actual direct compensatory damages;economicoperands;4
title_2.txt;appropriate federal banking agency;economicoperands;2
title_2.txt;supreme court of the united states;economicoperands;1
title_2.txt;chapter 11 of the bankruptcy code;legalreferences;2
title_2.txt;the federal deposit insurance act;legalreferences;6
title_2.txt;the internal revenue code of 1986;legalreferences;1
title_2.txt;federal reserve bank of new york;economicoperands;1
title_2.txt;federal rules of civil procedure;legalreferences;2
title_2.txt;committee on financial services;economicoperands;2
title_2.txt;insured depository institution;economicoperands;9
title_2.txt;united states court of appeals;economicoperands;1
title_2.txt;impact on financial stability;economicoperands;1
title_2.txt;orderly liquidation authority;economicoperands;4
title_2.txt;district of columbia circuit;economicoperands;1
title_2.txt;eligible financial companies;economicoperands;3
title_2.txt;qualified financial contract;economicoperands;26
title_2.txt;reverse repurchase agreement;economicoperands;1
title_2.txt;self-regulatory organization;economicoperands;1
title_2.txt;the federal credit union act;legalreferences;1
title_2.txt;code of federal regulations;legalreferences;1
title_2.txt;futures commission merchant;economicoperands;3
title_2.txt;the farm credit act of 1971;legalreferences;1
title_2.txt;committee on the judiciary;economicoperands;6
title_2.txt;department of the treasury;economicoperands;4
title_2.txt;eligible financial company;economicoperands;1
title_2.txt;the commodity exchange act;legalreferences;1
title_2.txt;covered financial company;economicoperands;414
title_2.txt;federal regulatory agency;economicoperands;1
title_2.txt;nonbank financial company;economicoperands;2
title_2.txt;state insurance regulator;economicoperands;1
title_2.txt;subclauses i through viii;legalreferences;2
title_2.txt;bridge financial company;economicoperands;134
title_2.txt;covered broker or dealer;economicoperands;43
title_2.txt;customer name securities;economicoperands;8
title_2.txt;federal insurance office;economicoperands;2
title_2.txt;federal trade commission;economicoperands;2
title_2.txt;house of representatives;economicoperands;6
title_2.txt;prompt corrective action;economicoperands;4
title_2.txt;subclauses i through xii;legalreferences;1
title_2.txt;implementation expenses;economicoperands;5
title_2.txt;in connection therewith;logicalconnectors;3
title_2.txt;investor protection act;legalreferences;22
title_2.txt;new york stock exchange;economicoperands;1
title_2.txt;under this subparagraph;legalreferences;5
title_2.txt;as soon as practicable;attributes;1
title_2.txt;customer name security;economicoperands;2
title_2.txt;depository institution;economicoperands;2
title_2.txt;gramm-leach-bliley act;legalreferences;1
title_2.txt;in the public interest;attributes;1
title_2.txt;institution-affiliated;economicoperands;1
title_2.txt;subclauses i through v;legalreferences;1
title_2.txt;subclauses i through x;legalreferences;2
title_2.txt;business of insurance;economicoperands;1
title_2.txt;clearing organization;economicoperands;12
title_2.txt;financial institution;economicoperands;14
title_2.txt;predominantly engaged;economicoperands;3
title_2.txt;resolution mechanisms;economicoperands;2
title_2.txt;subparagraphs a and b;legalreferences;3
title_2.txt;to the maximum extent;attributes;1
title_2.txt;to the same extent as;logicalconnectors;1
title_2.txt;under this subsection;legalreferences;17
title_2.txt;bank holding company;economicoperands;2
title_2.txt;conflict of interest;economicoperands;1
title_2.txt;conflict-of-interest;economicoperands;1
title_2.txt;corporate governance;economicoperands;2
title_2.txt;district of columbia;economicoperands;2
title_2.txt;federal reserve bank;economicoperands;2
title_2.txt;in consultation with;economicoperands;11
title_2.txt;in danger of default;economicoperands;13
title_2.txt;insured credit union;economicoperands;1
title_2.txt;less frequently than;mathematicaloperators;1
title_2.txt;repurchase agreement;economicoperands;7
title_2.txt;risk-related factors;economicoperands;1
title_2.txt;rule of construction;other;3
title_2.txt;under subparagraph a;legalreferences;19
title_2.txt;under subparagraph b;legalreferences;3
title_2.txt;under this paragraph;legalreferences;7
title_2.txt;comptroller general;economicoperands;3
title_2.txt;derivatives markets;economicoperands;1
title_2.txt;financial condition;economicoperands;4
title_2.txt;financial stability;economicoperands;12
title_2.txt;financial statement;economicoperands;1
title_2.txt;investor protection;economicoperands;6
title_2.txt;subclauses i and iv;legalreferences;1
title_2.txt;subparagraph g or h;legalreferences;1
title_2.txt;the extent to which;logicalconnectors;6
title_2.txt;the manner in which;logicalconnectors;1
title_2.txt;12 usc 2001 et seq;legalreferences;1
title_2.txt;bankruptcy process;economicoperands;5
title_2.txt;board of directors;economicoperands;9
title_2.txt;board of governors;economicoperands;25
title_2.txt;commodity contract;economicoperands;6
title_2.txt;covered subsidiary;economicoperands;14
title_2.txt;credit enhancement;economicoperands;10
title_2.txt;farm credit system;economicoperands;1
title_2.txt;federal assistance;economicoperands;2
title_2.txt;for the purpose of;functionwords;7
title_2.txt;foreign government;economicoperands;1
title_2.txt;in accordance with;logicalconnectors;52
title_2.txt;in conformity with;regulatoryoperators;1
title_2.txt;in connection with;logicalconnectors;29
title_2.txt;interconnectedness;economicoperands;1
title_2.txt;resolution process;economicoperands;1
title_2.txt;section 210 c 10 b;legalreferences;1
title_2.txt;to the extent that;logicalconnectors;10
title_2.txt;total consolidated;economicoperands;5
title_2.txt;transfer of assets;economicoperands;5
title_2.txt;under subsection a;legalreferences;9
title_2.txt;under subsection b;legalreferences;6
title_2.txt;under this section;legalreferences;23
title_2.txt;united states code;legalreferences;9
title_2.txt;writ of certiorari;legalreferences;1
title_2.txt;at the request of;economicoperands;7
title_2.txt;customer property;economicoperands;19
title_2.txt;deposit insurance;economicoperands;6
title_2.txt;financial company;economicoperands;61
title_2.txt;in the context of;functionwords;2
title_2.txt;in the event that;logicalconnectors;4
title_2.txt;inspector general;economicoperands;15
title_2.txt;insurance company;economicoperands;13
title_2.txt;market discipline;economicoperands;2
title_2.txt;off-balance sheet;economicoperands;2
title_2.txt;paragraph 9 or 10;legalreferences;1
title_2.txt;protective decree;economicoperands;5
title_2.txt;public disclosure;economicoperands;1
title_2.txt;section 202 a 1 a;legalreferences;1
title_2.txt;section 202 c 1 a;legalreferences;1
title_2.txt;section 210 a 1 a;legalreferences;2
title_2.txt;unjust enrichment;economicoperands;1
title_2.txt;without regard to;logicalconnectors;7
title_2.txt;written agreement;economicoperands;3
title_2.txt;attorney general;economicoperands;7
title_2.txt;cease-and-desist;economicoperands;1
title_2.txt;characterization;economicoperands;1
title_2.txt;commodity broker;economicoperands;2
title_2.txt;court of appeals;economicoperands;6
title_2.txt;financial system;economicoperands;10
title_2.txt;foreign exchange;economicoperands;1
title_2.txt;forward contract;economicoperands;6
title_2.txt;fully guaranteed;economicoperands;2
title_2.txt;golden parachute;economicoperands;1
title_2.txt;letter of credit;economicoperands;1
title_2.txt;master agreement;economicoperands;33
title_2.txt;mortgage-related;economicoperands;1
title_2.txt;paragraph 1 or 2;legalreferences;1
title_2.txt;paragraph 3 or 5;legalreferences;1
title_2.txt;period beginning;economicoperands;11
title_2.txt;pursuant thereto;logicalconnectors;1
title_2.txt;responsibilities;economicoperands;9
title_2.txt;section 201 a 11;legalreferences;4
title_2.txt;section 210 n 14;legalreferences;1
title_2.txt;the same meaning;logicalconnectors;7
title_2.txt;under this title;legalreferences;46
title_2.txt;unenforceability;economicoperands;1
title_2.txt;associated with;logicalconnectors;8
title_2.txt;bankruptcy code;economicoperands;33
title_2.txt;compatible with;economicoperands;1
title_2.txt;confidentiality;economicoperands;2
title_2.txt;federal reserve;economicoperands;1
title_2.txt;financial firms;economicoperands;1
title_2.txt;in the event of;logicalconnectors;2
title_2.txt;instrumentality;economicoperands;3
title_2.txt;judicial review;economicoperands;2
title_2.txt;legal certainty;economicoperands;1
title_2.txt;loan commitment;economicoperands;1
title_2.txt;majority leader;economicoperands;1
title_2.txt;minority leader;economicoperands;2
title_2.txt;notwithstanding;logicalconnectors;36
title_2.txt;ordinary course;economicoperands;3
title_2.txt;recommendations;economicoperands;4
title_2.txt;representatives;economicoperands;2
title_2.txt;responsible for;economicoperands;8
title_2.txt;section 102 a 4;legalreferences;2
title_2.txt;section 202 a 1;legalreferences;1
title_2.txt;section 203 c 3;legalreferences;2
title_2.txt;section 210 a 2;legalreferences;1
title_2.txt;section 210 a 5;legalreferences;1
title_2.txt;section 210 b 1;legalreferences;1
title_2.txt;section 210 c 8;legalreferences;1
title_2.txt;section 210 n 9;legalreferences;1
title_2.txt;self-regulatory;economicoperands;1
title_2.txt;state-chartered;economicoperands;4
title_2.txt;subsection a 11;legalreferences;2
title_2.txt;the clayton act;legalreferences;3
title_2.txt;this subsection;legalreferences;24
title_2.txt;walkaway clause;economicoperands;3
title_2.txt;with respect to;logicalconnectors;92
title_2.txt;administration;economicoperands;2
title_2.txt;administrative;economicoperands;15
title_2.txt;adverse effect;economicoperands;1
title_2.txt;as a result of;logicalconnectors;9
title_2.txt;as a source of;logicalconnectors;2
title_2.txt;at the time of;logicalconnectors;6
title_2.txt;board of trade;economicoperands;3
title_2.txt;categorization;economicoperands;1
title_2.txt;certifications;economicoperands;1
title_2.txt;collateralized;economicoperands;1
title_2.txt;commodity swap;economicoperands;1
title_2.txt;concentrations;economicoperands;2
title_2.txt;considerations;economicoperands;3
title_2.txt;counterparties;economicoperands;6
title_2.txt;cross-currency;economicoperands;1
title_2.txt;determinations;regulatoryoperators;2
title_2.txt;discrimination;economicoperands;1
title_2.txt;electronically;economicoperands;1
title_2.txt;federal agency;economicoperands;11
title_2.txt;for purpose of;functionwords;1
title_2.txt;identification;economicoperands;1
title_2.txt;implementation;regulatoryoperators;7
title_2.txt;in addition to;logicalconnectors;3
title_2.txt;in the case of;logicalconnectors;19
title_2.txt;interconnected;economicoperands;1
title_2.txt;investigations;economicoperands;5
title_2.txt;nonperformance;economicoperands;2
title_2.txt;not later than;logicalconnectors;31
title_2.txt;paragraph 10 a;legalreferences;1
title_2.txt;paragraph 10 b;legalreferences;1
title_2.txt;paragraph 13 a;legalreferences;1
title_2.txt;paragraph 13 b;legalreferences;1
title_2.txt;recommendation;economicoperands;14
title_2.txt;rehabilitation;economicoperands;3
title_2.txt;reorganization;economicoperands;2
title_2.txt;representative;economicoperands;3
title_2.txt;responsibility;economicoperands;4
title_2.txt;section 15 c 5;legalreferences;1
title_2.txt;section 3 a 47;legalreferences;1
title_2.txt;subchapter iii;legalreferences;1
title_2.txt;subparagraph a;legalreferences;27
title_2.txt;subparagraph b;legalreferences;11
title_2.txt;subparagraph c;legalreferences;3
title_2.txt;subparagraph d;legalreferences;3
title_2.txt;subparagraph f;legalreferences;1
title_2.txt;subparagraph g;legalreferences;1
title_2.txt;subparagraph h;legalreferences;1
title_2.txt;subsection a 6;legalreferences;1
title_2.txt;subsection a 8;legalreferences;2
title_2.txt;subsection d 4;legalreferences;1
title_2.txt;subsection e 2;legalreferences;1
title_2.txt;subsection h 2;legalreferences;1
title_2.txt;subsection n 9;legalreferences;2
title_2.txt;subsection o 1;legalreferences;4
title_2.txt;swap agreement;economicoperands;5
title_2.txt;the end of the;mathematicaloperators;15
title_2.txt;this paragraph;legalreferences;23
title_2.txt;under clause i;legalreferences;12
title_2.txt;with regard to;logicalconnectors;5
title_2.txt;applicability;functionwords;1
title_2.txt;applicable to;functionwords;9
title_2.txt;authorization;regulatoryoperators;2
title_2.txt;automatically;economicoperands;1
title_2.txt;balance sheet;economicoperands;2
title_2.txt;circumvention;economicoperands;1
title_2.txt;clarification;economicoperands;2
title_2.txt;congressional;economicoperands;1
title_2.txt;consideration;economicoperands;6
title_2.txt;consisting of;economicoperands;1
title_2.txt;consolidation;economicoperands;4
title_2.txt;contributions;economicoperands;1
title_2.txt;counterpartys;economicoperands;1
title_2.txt;currency swap;economicoperands;1
title_2.txt;determination;regulatoryoperators;38
title_2.txt;differentiate;logicalconnectors;1
title_2.txt;disaffirmance;economicoperands;11
title_2.txt;discretionary;economicoperands;1
title_2.txt;documentation;economicoperands;4
title_2.txt;effectiveness;economicoperands;6
title_2.txt;establishment;regulatoryoperators;8
title_2.txt;expeditiously;economicoperands;1
title_2.txt;in the future;attributes;2
title_2.txt;incorporation;economicoperands;1
title_2.txt;insufficiency;economicoperands;6
title_2.txt;interest rate;economicoperands;4
title_2.txt;interlocutory;economicoperands;1
title_2.txt;international;economicoperands;13
title_2.txt;investigation;economicoperands;2
title_2.txt;involuntarily;economicoperands;2
title_2.txt;miscellaneous;functionwords;2
title_2.txt;modifications;economicoperands;1
title_2.txt;noncontingent;economicoperands;1
title_2.txt;nondefaulting;economicoperands;1
title_2.txt;noninsolvency;economicoperands;6
title_2.txt;normal course;economicoperands;2
title_2.txt;organizations;economicoperands;2
title_2.txt;paragraph 1 a;legalreferences;3
title_2.txt;paragraph 1 b;legalreferences;4
title_2.txt;paragraph 2 b;legalreferences;3
title_2.txt;paragraph 3 a;legalreferences;3
title_2.txt;paragraph 6 b;legalreferences;1
title_2.txt;paragraph 8 a;legalreferences;1
title_2.txt;paragraph 9 a;legalreferences;1
title_2.txt;participation;economicoperands;4
title_2.txt;prescriptions;economicoperands;1
title_2.txt;provided that;logicalconnectors;2
title_2.txt;public policy;economicoperands;1
title_2.txt;ramifications;economicoperands;1
title_2.txt;receiverships;economicoperands;3
title_2.txt;recordkeeping;economicoperands;3
title_2.txt;regardless of;logicalconnectors;1
title_2.txt;registrations;economicoperands;1
title_2.txt;regulation of;regulatoryoperators;2
title_2.txt;reimbursement;economicoperands;8
title_2.txt;reincorporate;economicoperands;2
title_2.txt;section 202 a;legalreferences;1
title_2.txt;section 203 a;legalreferences;1
title_2.txt;section 203 b;legalreferences;3
title_2.txt;section 203 d;legalreferences;2
title_2.txt;section 204 d;legalreferences;2
title_2.txt;section 205 e;legalreferences;1
title_2.txt;section 205 f;legalreferences;2
title_2.txt;section 210 b;legalreferences;1
title_2.txt;section 210 c;legalreferences;1
title_2.txt;section 210 h;legalreferences;1
title_2.txt;section 210 n;legalreferences;1
title_2.txt;section 403 a;legalreferences;1
title_2.txt;section 5 b 2;legalreferences;1
title_2.txt;section 547 c;legalreferences;1
title_2.txt;section 548 c;legalreferences;1
title_2.txt;subparagraphs;other;3
title_2.txt;substantially;attributes;9
title_2.txt;systemic risk;economicoperands;1
title_2.txt;the number of;mathematicaloperators;2
title_2.txt;to the extent;logicalconnectors;8
title_2.txt;together with;logicalconnectors;7
title_2.txt;united states;economicoperands;48
title_2.txt;urban affairs;economicoperands;12
title_2.txt;acceleration;economicoperands;5
title_2.txt;adjudication;economicoperands;2
title_2.txt;administered;economicoperands;1
title_2.txt;anticipation;economicoperands;1
title_2.txt;appointments;economicoperands;1
title_2.txt;arrangements;economicoperands;1
title_2.txt;availability;economicoperands;1
title_2.txt;business day;economicoperands;5
title_2.txt;by reason of;functionwords;5
title_2.txt;by virtue of;functionwords;4
title_2.txt;certificates;economicoperands;6
title_2.txt;commencement;economicoperands;4
title_2.txt;commensurate;economicoperands;1
title_2.txt;compensation;economicoperands;6
title_2.txt;compensatory;economicoperands;1
title_2.txt;confidential;economicoperands;1
title_2.txt;confirmation;economicoperands;2
title_2.txt;consolidated;economicoperands;2
title_2.txt;constitution;economicoperands;1
title_2.txt;construction;economicoperands;1
title_2.txt;consultation;economicoperands;3
title_2.txt;consummation;economicoperands;1
title_2.txt;continuation;economicoperands;1
title_2.txt;contribution;economicoperands;1
title_2.txt;coordination;economicoperands;12
title_2.txt;counterparty;economicoperands;2
title_2.txt;definitional;other;1
title_2.txt;demonstrated;economicoperands;1
title_2.txt;demonstrates;economicoperands;3
title_2.txt;disallowance;regulatoryoperators;10
title_2.txt;distribution;economicoperands;2
title_2.txt;duty of care;economicoperands;1
title_2.txt;earlier than;mathematicaloperators;1
title_2.txt;enhancements;economicoperands;1
title_2.txt;entitlements;economicoperands;3
title_2.txt;establishing;regulatoryoperators;1
title_2.txt;expectations;economicoperands;1
title_2.txt;extinguishes;economicoperands;1
title_2.txt;facilitating;economicoperands;4
title_2.txt;finalization;economicoperands;1
title_2.txt;foreign bank;economicoperands;3
title_2.txt;governmental;economicoperands;5
title_2.txt;greater than;mathematicaloperators;4
title_2.txt;guaranteeing;economicoperands;2
title_2.txt;implications;logicalconnectors;1
title_2.txt;in the place;logicalconnectors;1
title_2.txt;incorporated;economicoperands;4
title_2.txt;institutions;economicoperands;6
title_2.txt;insufficient;attributes;3
title_2.txt;jurisdiction;economicoperands;13
title_2.txt;market share;economicoperands;1
title_2.txt;maximization;mathematicaloperators;1
title_2.txt;modification;economicoperands;2
title_2.txt;moral hazard;economicoperands;4
title_2.txt;municipality;economicoperands;3
title_2.txt;notification;economicoperands;7
title_2.txt;on behalf of;functionwords;5
title_2.txt;organization;economicoperands;6
title_2.txt;paragraph 11;legalreferences;1
title_2.txt;paragraph 12;legalreferences;3
title_2.txt;paragraph 13;legalreferences;6
title_2.txt;paragraph 14;legalreferences;2
title_2.txt;paragraph 15;legalreferences;1
title_2.txt;participants;economicoperands;2
title_2.txt;participated;economicoperands;2
title_2.txt;periodically;attributes;1
title_2.txt;precipitated;economicoperands;1
title_2.txt;preferential;economicoperands;2
title_2.txt;quantitative;economicoperands;1
title_2.txt;receivership;economicoperands;28
title_2.txt;recommending;economicoperands;1
title_2.txt;relationship;economicoperands;1
title_2.txt;remuneration;economicoperands;1
title_2.txt;requirements;economicoperands;18
title_2.txt;respectively;logicalconnectors;2
title_2.txt;restrictions;regulatoryoperators;4
title_2.txt;satisfaction;economicoperands;10
title_2.txt;section 1032;legalreferences;2
title_2.txt;section 11 e;legalreferences;1
title_2.txt;section 1303;legalreferences;1
title_2.txt;section 1367;legalreferences;1
title_2.txt;section 15 b;legalreferences;3
title_2.txt;section 5242;legalreferences;1
title_2.txt;shareholders;economicoperands;14
title_2.txt;similarities;economicoperands;1
title_2.txt;simultaneous;economicoperands;1
title_2.txt;solicitation;economicoperands;1
title_2.txt;specifically;logicalconnectors;4
title_2.txt;stakeholders;economicoperands;1
title_2.txt;stockholders;economicoperands;2
title_2.txt;subordinated;economicoperands;2
title_2.txt;subparagraph;other;8
title_2.txt;subsection a;legalreferences;3
title_2.txt;subsection c;legalreferences;1
title_2.txt;subsection d;legalreferences;5
title_2.txt;subsection e;legalreferences;2
title_2.txt;subsection h;legalreferences;3
title_2.txt;subsection o;legalreferences;2
title_2.txt;subsidiaries;economicoperands;9
title_2.txt;this section;legalreferences;19
title_2.txt;transactions;economicoperands;14
title_2.txt;transferring;economicoperands;2
title_2.txt;undersecured;economicoperands;1
title_2.txt;unencumbered;economicoperands;1
title_2.txt;unliquidated;economicoperands;1
title_2.txt;unreasonably;economicoperands;1
title_2.txt;acceptances;economicoperands;3
title_2.txt;acquiescing;economicoperands;2
title_2.txt;acquisition;economicoperands;4
title_2.txt;affirmative;economicoperands;1
title_2.txt;alternative;economicoperands;2
title_2.txt;application;economicoperands;3
title_2.txt;appointment;economicoperands;72
title_2.txt;appropriate;attributes;48
title_2.txt;arrangement;economicoperands;7
title_2.txt;as a result;logicalconnectors;1
title_2.txt;assessments;economicoperands;21
title_2.txt;association;economicoperands;6
title_2.txt;authorities;economicoperands;15
title_2.txt;authorizing;regulatoryoperators;3
title_2.txt;calculation;economicoperands;1
title_2.txt;certificate;economicoperands;5
title_2.txt;chairperson;economicoperands;4
title_2.txt;combination;economicoperands;5
title_2.txt;commissions;economicoperands;2
title_2.txt;commodities;economicoperands;1
title_2.txt;communities;economicoperands;2
title_2.txt;competition;economicoperands;1
title_2.txt;competitive;economicoperands;2
title_2.txt;concealment;economicoperands;1
title_2.txt;conclusions;economicoperands;1
title_2.txt;concurrence;economicoperands;2
title_2.txt;conditional;logicalconnectors;1
title_2.txt;conflicting;economicoperands;1
title_2.txt;consequence;economicoperands;1
title_2.txt;conservator;economicoperands;4
title_2.txt;consignment;economicoperands;1
title_2.txt;constituent;economicoperands;2
title_2.txt;constitutes;economicoperands;1
title_2.txt;consummated;economicoperands;3
title_2.txt;contingency;economicoperands;1
title_2.txt;contractual;economicoperands;5
title_2.txt;contributed;economicoperands;3
title_2.txt;convertible;economicoperands;1
title_2.txt;cooperation;economicoperands;3
title_2.txt;corporation;economicoperands;518
title_2.txt;defalcation;economicoperands;1
title_2.txt;definitions;economicoperands;9
title_2.txt;description;economicoperands;6
title_2.txt;designation;regulatoryoperators;1
title_2.txt;determining;regulatoryoperators;6
title_2.txt;development;economicoperands;3
title_2.txt;differences;logicalconnectors;4
title_2.txt;discontinue;economicoperands;1
title_2.txt;disposition;economicoperands;13
title_2.txt;dissolution;economicoperands;3
title_2.txt;distributed;economicoperands;1
title_2.txt;duplicative;economicoperands;1
title_2.txt;enforceable;economicoperands;16
title_2.txt;enforcement;economicoperands;2
title_2.txt;enterprises;economicoperands;2
title_2.txt;entitlement;economicoperands;5
title_2.txt;established;regulatoryoperators;28
title_2.txt;establishes;regulatoryoperators;1
title_2.txt;evaluations;economicoperands;1
title_2.txt;evidentiary;economicoperands;1
title_2.txt;examination;economicoperands;1
title_2.txt;exclusively;logicalconnectors;2
title_2.txt;filing date;economicoperands;6
title_2.txt;foreclosure;economicoperands;2
title_2.txt;garnishment;economicoperands;1
title_2.txt;governments;economicoperands;1
title_2.txt;immediately;attributes;13
title_2.txt;improvement;economicoperands;5
title_2.txt;improvident;economicoperands;1
title_2.txt;in a manner;logicalconnectors;6
title_2.txt;in any case;logicalconnectors;3
title_2.txt;in order to;logicalconnectors;3
title_2.txt;information;economicoperands;6
title_2.txt;institution;economicoperands;3
title_2.txt;instruments;economicoperands;3
title_2.txt;intentional;economicoperands;3
title_2.txt;investments;economicoperands;2
title_2.txt;involuntary;economicoperands;2
title_2.txt;irreparable;economicoperands;2
title_2.txt;legislative;economicoperands;1
title_2.txt;liabilities;economicoperands;37
title_2.txt;limitations;regulatoryoperators;16
title_2.txt;liquidating;economicoperands;3
title_2.txt;liquidation;economicoperands;65
title_2.txt;longer than;mathematicaloperators;1
title_2.txt;longer-term;mathematicaloperators;1
title_2.txt;maintaining;economicoperands;1
title_2.txt;memberships;economicoperands;1
title_2.txt;obligations;economicoperands;56
title_2.txt;on the date;logicalconnectors;13
title_2.txt;opportunity;economicoperands;3
title_2.txt;outstanding;economicoperands;5
title_2.txt;paragraph 1;legalreferences;31
title_2.txt;paragraph 2;legalreferences;13
title_2.txt;paragraph 3;legalreferences;7
title_2.txt;paragraph 4;legalreferences;4
title_2.txt;paragraph 5;legalreferences;5
title_2.txt;paragraph 6;legalreferences;1
title_2.txt;paragraph 8;legalreferences;6
title_2.txt;paragraph 9;legalreferences;2
title_2.txt;partnership;economicoperands;1
title_2.txt;performance;economicoperands;6
title_2.txt;practicable;economicoperands;4
title_2.txt;prejudicial;economicoperands;1
title_2.txt;presumption;economicoperands;1
title_2.txt;proceedings;economicoperands;5
title_2.txt;prohibition;regulatoryoperators;6
title_2.txt;promulgated;regulatoryoperators;1
title_2.txt;prosecution;economicoperands;1
title_2.txt;protections;economicoperands;3
title_2.txt;publication;economicoperands;4
title_2.txt;pursuant to;logicalconnectors;41
title_2.txt;recoverable;economicoperands;1
title_2.txt;referred to;functionwords;42
title_2.txt;regulations;regulatoryoperators;25
title_2.txt;relating to;logicalconnectors;17
title_2.txt;relative to;logicalconnectors;1
title_2.txt;replenished;economicoperands;1
title_2.txt;repudiation;economicoperands;28
title_2.txt;requirement;economicoperands;4
title_2.txt;restitution;economicoperands;2
title_2.txt;restriction;regulatoryoperators;1
title_2.txt;section 101;legalreferences;4
title_2.txt;section 120;legalreferences;1
title_2.txt;section 165;legalreferences;1
title_2.txt;section 2 a;legalreferences;1
title_2.txt;section 2 b;legalreferences;1
title_2.txt;section 201;legalreferences;2
title_2.txt;section 202;legalreferences;4
title_2.txt;section 203;legalreferences;4
title_2.txt;section 204;legalreferences;1
title_2.txt;section 205;legalreferences;4
title_2.txt;section 206;legalreferences;1
title_2.txt;section 209;legalreferences;1
title_2.txt;section 210;legalreferences;9
title_2.txt;section 215;legalreferences;1
title_2.txt;section 4 k;legalreferences;3
title_2.txt;section 402;legalreferences;1
title_2.txt;section 546;legalreferences;1
title_2.txt;section 8 c;legalreferences;1
title_2.txt;section 8 e;legalreferences;1
title_2.txt;section 8 n;legalreferences;1
title_2.txt;section 8 v;legalreferences;1
title_2.txt;shareholder;economicoperands;3
title_2.txt;significant;attributes;2
title_2.txt;stockbroker;economicoperands;2
title_2.txt;stockholder;economicoperands;2
title_2.txt;subclause i;legalreferences;12
title_2.txt;subordinate;economicoperands;2
title_2.txt;subsections;other;5
title_2.txt;substantial;attributes;3
title_2.txt;summarizing;economicoperands;6
title_2.txt;supervision;economicoperands;2
title_2.txt;supervisory;economicoperands;1
title_2.txt;supplements;economicoperands;6
title_2.txt;termination;economicoperands;14
title_2.txt;territorial;economicoperands;3
title_2.txt;third party;economicoperands;3
title_2.txt;to conclude;logicalconnectors;2
title_2.txt;transaction;economicoperands;68
title_2.txt;transferred;economicoperands;16
title_2.txt;transmittal;economicoperands;1
title_2.txt;transmitted;economicoperands;1
title_2.txt;unallocated;economicoperands;1
title_2.txt;underserved;economicoperands;2
title_2.txt;unperformed;economicoperands;1
title_2.txt;utilization;economicoperands;4
title_2.txt;voidability;economicoperands;1
title_2.txt;voluntarily;economicoperands;2
title_2.txt;10 percent;attributes;1
title_2.txt;85 percent;attributes;1
title_2.txt;90 percent;attributes;1
title_2.txt;accelerate;economicoperands;1
title_2.txt;acceptable;attributes;4
title_2.txt;acceptance;economicoperands;3
title_2.txt;accountant;economicoperands;3
title_2.txt;accounting;economicoperands;5
title_2.txt;acquiesces;economicoperands;1
title_2.txt;activities;economicoperands;8
title_2.txt;additional;mathematicaloperators;14
title_2.txt;administer;economicoperands;1
title_2.txt;affiliates;economicoperands;6
title_2.txt;agreements;economicoperands;15
title_2.txt;allocation;economicoperands;1
title_2.txt;amendments;other;4
title_2.txt;antecedent;economicoperands;3
title_2.txt;appealable;economicoperands;3
title_2.txt;applicable;functionwords;44
title_2.txt;appointing;economicoperands;1
title_2.txt;as soon as;logicalconnectors;1
title_2.txt;assessment;economicoperands;7
title_2.txt;assignment;economicoperands;6
title_2.txt;assistance;economicoperands;5
title_2.txt;associated;logicalconnectors;3
title_2.txt;assumption;logicalconnectors;6
title_2.txt;attachment;economicoperands;4
title_2.txt;authorized;regulatoryoperators;23
title_2.txt;bankruptcy;economicoperands;12
title_2.txt;based upon;other;3
title_2.txt;basis swap;economicoperands;1
title_2.txt;because of;logicalconnectors;1
title_2.txt;beneficial;economicoperands;1
title_2.txt;benefitted;economicoperands;1
title_2.txt;burdensome;attributes;1
title_2.txt;businesses;economicoperands;2
title_2.txt;calculated;economicoperands;2
title_2.txt;capricious;economicoperands;5
title_2.txt;categories;economicoperands;2
title_2.txt;challenges;economicoperands;1
title_2.txt;circumvent;economicoperands;2
title_2.txt;collateral;economicoperands;6
title_2.txt;collecting;economicoperands;3
title_2.txt;collection;economicoperands;2
title_2.txt;commercial;economicoperands;4
title_2.txt;commission;economicoperands;12
title_2.txt;committees;economicoperands;8
title_2.txt;comparable;economicoperands;3
title_2.txt;completing;economicoperands;1
title_2.txt;completion;economicoperands;2
title_2.txt;complexity;economicoperands;1
title_2.txt;conclusion;economicoperands;1
title_2.txt;conditions;logicalconnectors;18
title_2.txt;conduct of;economicoperands;3
title_2.txt;conducting;economicoperands;3
title_2.txt;conforming;regulatoryoperators;1
title_2.txt;consenting;economicoperands;1
title_2.txt;considered;logicalconnectors;11
title_2.txt;consist of;economicoperands;1
title_2.txt;consistent;attributes;8
title_2.txt;conspiring;economicoperands;1
title_2.txt;constitute;economicoperands;3
title_2.txt;consulting;economicoperands;1
title_2.txt;containing;economicoperands;1
title_2.txt;contingent;economicoperands;7
title_2.txt;continuing;economicoperands;1
title_2.txt;convenient;economicoperands;2
title_2.txt;conversion;economicoperands;1
title_2.txt;coordinate;economicoperands;5
title_2.txt;cumulative;mathematicaloperators;2
title_2.txt;currencies;economicoperands;2
title_2.txt;definition;economicoperands;14
title_2.txt;dependency;economicoperands;1
title_2.txt;depository;economicoperands;4
title_2.txt;describing;other;6
title_2.txt;designated;regulatoryoperators;1
title_2.txt;determined;regulatoryoperators;23
title_2.txt;determines;regulatoryoperators;21
title_2.txt;difference;logicalconnectors;3
title_2.txt;directives;legalreferences;1
title_2.txt;disaffirms;economicoperands;1
title_2.txt;disallowed;regulatoryoperators;5
title_2.txt;discharged;economicoperands;1
title_2.txt;disclosing;economicoperands;1
title_2.txt;discretion;economicoperands;17
title_2.txt;dishonesty;economicoperands;1
title_2.txt;disruptive;economicoperands;1
title_2.txt;dissolving;regulatoryoperators;1
title_2.txt;due regard;economicoperands;1
title_2.txt;earlier of;mathematicaloperators;3
title_2.txt;efficiency;economicoperands;1
title_2.txt;employment;economicoperands;2
title_2.txt;equivalent;logicalconnectors;1
title_2.txt;evaluating;economicoperands;1
title_2.txt;evaluation;economicoperands;8
title_2.txt;exceptions;logicalconnectors;3
title_2.txt;executives;economicoperands;3
title_2.txt;exemptions;regulatoryoperators;1
title_2.txt;exercising;economicoperands;6
title_2.txt;expedition;economicoperands;2
title_2.txt;experience;economicoperands;1
title_2.txt;expiration;economicoperands;3
title_2.txt;explaining;economicoperands;1
title_2.txt;extensions;economicoperands;1
title_2.txt;facilitate;economicoperands;4
title_2.txt;fewer than;mathematicaloperators;3
title_2.txt;foreclosed;economicoperands;1
title_2.txt;fraudulent;economicoperands;3
title_2.txt;fulfilling;economicoperands;1
title_2.txt;good faith;economicoperands;4
title_2.txt;government;economicoperands;1
title_2.txt;guaranteed;economicoperands;2
title_2.txt;guidelines;economicoperands;1
title_2.txt;households;economicoperands;1
title_2.txt;impairment;economicoperands;1
title_2.txt;importance;economicoperands;2
title_2.txt;imprisoned;economicoperands;1
title_2.txt;in general;logicalconnectors;61
title_2.txt;in lieu of;logicalconnectors;2
title_2.txt;incentives;economicoperands;2
title_2.txt;incidental;economicoperands;6
title_2.txt;indirectly;attributes;2
title_2.txt;individual;economicoperands;4
title_2.txt;industries;economicoperands;1
title_2.txt;initiative;economicoperands;3
title_2.txt;injunction;economicoperands;1
title_2.txt;injunctive;economicoperands;1
title_2.txt;insolvency;economicoperands;21
title_2.txt;investment;economicoperands;1
title_2.txt;justifying;regulatoryoperators;1
title_2.txt;likelihood;economicoperands;2
title_2.txt;limitation;regulatoryoperators;13
title_2.txt;limited to;logicalconnectors;5
title_2.txt;liquidated;economicoperands;5
title_2.txt;litigation;economicoperands;6
title_2.txt;maintained;economicoperands;2
title_2.txt;management;economicoperands;13
title_2.txt;marketable;economicoperands;2
title_2.txt;materially;economicoperands;1
title_2.txt;maturities;economicoperands;1
title_2.txt;maximizing;mathematicaloperators;1
title_2.txt;mechanisms;economicoperands;2
title_2.txt;microfiche;economicoperands;1
title_2.txt;misconduct;economicoperands;2
title_2.txt;mitigating;regulatoryoperators;1
title_2.txt;multiplied;logicalconnectors;1
title_2.txt;negligence;economicoperands;2
title_2.txt;net equity;economicoperands;4
title_2.txt;obligation;economicoperands;45
title_2.txt;occurrence;economicoperands;3
title_2.txt;operations;economicoperands;7
title_2.txt;paragraphs;functionwords;9
title_2.txt;particular;functionwords;2
title_2.txt;performing;economicoperands;5
title_2.txt;permitting;regulatoryoperators;2
title_2.txt;personally;economicoperands;1
title_2.txt;photograph;economicoperands;1
title_2.txt;possession;economicoperands;10
title_2.txt;preference;economicoperands;1
title_2.txt;prescribed;regulatoryoperators;5
title_2.txt;preserving;economicoperands;1
title_2.txt;prevention;economicoperands;1
title_2.txt;previously;logicalconnectors;3
title_2.txt;priorities;economicoperands;4
title_2.txt;privileges;economicoperands;15
title_2.txt;procedures;economicoperands;21
title_2.txt;proceeding;economicoperands;18
title_2.txt;prohibited;regulatoryoperators;3
title_2.txt;promulgate;regulatoryoperators;1
title_2.txt;prosecuted;economicoperands;1
title_2.txt;protection;economicoperands;4
title_2.txt;protective;economicoperands;2
title_2.txt;provisions;economicoperands;33
title_2.txt;purchasing;economicoperands;2
title_2.txt;reason for;economicoperands;4
title_2.txt;reasonable;attributes;10
title_2.txt;reasonably;attributes;2
title_2.txt;recklessly;economicoperands;1
title_2.txt;recoupment;economicoperands;2
title_2.txt;recoveries;economicoperands;1
title_2.txt;redemption;economicoperands;2
title_2.txt;registered;economicoperands;4
title_2.txt;regulation;regulatoryoperators;10
title_2.txt;regulators;economicoperands;2
title_2.txt;regulatory;economicoperands;11
title_2.txt;repayments;economicoperands;1
title_2.txt;repudiates;economicoperands;3
title_2.txt;repurchase;economicoperands;10
title_2.txt;resolution;economicoperands;21
title_2.txt;risk-based;economicoperands;4
title_2.txt;rulemaking;other;8
title_2.txt;scheduling;economicoperands;1
title_2.txt;section 14;legalreferences;1
title_2.txt;section 16;legalreferences;1
title_2.txt;section 21;legalreferences;2
title_2.txt;securities;economicoperands;59
title_2.txt;semiannual;attributes;2
title_2.txt;settlement;economicoperands;9
title_2.txt;short-term;economicoperands;1
title_2.txt;standstill;economicoperands;1
title_2.txt;structures;economicoperands;3
title_2.txt;subchapter;other;4
title_2.txt;subclauses;legalreferences;1
title_2.txt;subject to;logicalconnectors;55
title_2.txt;subsection;legalreferences;7
title_2.txt;subsequent;functionwords;3
title_2.txt;subsidiary;economicoperands;9
title_2.txt;subtitle a;legalreferences;1
title_2.txt;succession;economicoperands;1
title_2.txt;successive;economicoperands;2
title_2.txt;sufficient;attributes;2
title_2.txt;supervised;regulatoryoperators;2
title_2.txt;supporting;economicoperands;2
title_2.txt;suspension;economicoperands;2
title_2.txt;terminated;economicoperands;5
title_2.txt;themselves;functionwords;2
title_2.txt;thereafter;logicalconnectors;6
title_2.txt;thereunder;logicalconnectors;2
title_2.txt;this title;legalreferences;45
title_2.txt;timeliness;economicoperands;1
title_2.txt;transferee;economicoperands;16
title_2.txt;transferor;economicoperands;2
title_2.txt;unaffected;economicoperands;1
title_2.txt;underlying;economicoperands;1
title_2.txt;undisputed;economicoperands;1
title_2.txt;unresolved;economicoperands;1
title_2.txt;valuations;economicoperands;1
title_2.txt;volatility;economicoperands;2
title_2.txt;winding up;economicoperands;1
title_2.txt;24 months;attributes;1
title_2.txt;according;logicalconnectors;2
title_2.txt;acquiesce;economicoperands;2
title_2.txt;acquiring;economicoperands;1
title_2.txt;adversely;economicoperands;2
title_2.txt;advisable;attributes;2
title_2.txt;affecting;economicoperands;3
title_2.txt;affiliate;economicoperands;13
title_2.txt;aggregate;mathematicaloperators;7
title_2.txt;agreement;economicoperands;88
title_2.txt;allegedly;economicoperands;1
title_2.txt;allocated;economicoperands;1
title_2.txt;allowance;economicoperands;1
title_2.txt;amendment;other;1
title_2.txt;amount of;mathematicaloperators;18
title_2.txt;antitrust;economicoperands;2
title_2.txt;appearing;economicoperands;2
title_2.txt;appellate;economicoperands;1
title_2.txt;applicant;economicoperands;1
title_2.txt;appointed;economicoperands;57
title_2.txt;appraiser;economicoperands;3
title_2.txt;arbitrary;economicoperands;5
title_2.txt;authority;economicoperands;37
title_2.txt;authorize;regulatoryoperators;3
title_2.txt;available;economicoperands;22
title_2.txt;avoidable;economicoperands;3
title_2.txt;avoidance;economicoperands;3
title_2.txt;be served;functionwords;1
title_2.txt;beginning;logicalconnectors;1
title_2.txt;bona fide;economicoperands;2
title_2.txt;borrowing;economicoperands;1
title_2.txt;brokerage;economicoperands;1
title_2.txt;byproduct;economicoperands;1
title_2.txt;carry out;economicoperands;7
title_2.txt;certifies;economicoperands;1
title_2.txt;challenge;economicoperands;2
title_2.txt;chapter 7;legalreferences;8
title_2.txt;chartered;economicoperands;2
title_2.txt;claimants;economicoperands;8
title_2.txt;clause ii;legalreferences;9
title_2.txt;clearance;economicoperands;1
title_2.txt;commenced;economicoperands;9
title_2.txt;committed;economicoperands;2
title_2.txt;committee;economicoperands;10
title_2.txt;commodity;economicoperands;8
title_2.txt;companies;economicoperands;61
title_2.txt;competent;economicoperands;6
title_2.txt;condition;logicalconnectors;7
title_2.txt;conducted;economicoperands;8
title_2.txt;confirmed;economicoperands;2
title_2.txt;conflicts;economicoperands;4
title_2.txt;considers;economicoperands;1
title_2.txt;construed;other;9
title_2.txt;consumers;economicoperands;2
title_2.txt;contained;economicoperands;4
title_2.txt;contracts;economicoperands;42
title_2.txt;convicted;economicoperands;2
title_2.txt;cooperate;economicoperands;1
title_2.txt;corporate;economicoperands;4
title_2.txt;creditors;economicoperands;30
title_2.txt;currently;functionwords;2
title_2.txt;custodian;economicoperands;5
title_2.txt;customers;economicoperands;6
title_2.txt;decisions;economicoperands;1
title_2.txt;defaulted;economicoperands;2
title_2.txt;depletion;economicoperands;1
title_2.txt;deposited;economicoperands;2
title_2.txt;described;other;59
title_2.txt;designate;regulatoryoperators;1
title_2.txt;determine;regulatoryoperators;20
title_2.txt;deterrent;economicoperands;1
title_2.txt;developed;economicoperands;1
title_2.txt;different;logicalconnectors;6
title_2.txt;direction;economicoperands;2
title_2.txt;directors;economicoperands;10
title_2.txt;disaffirm;economicoperands;4
title_2.txt;disallows;regulatoryoperators;2
title_2.txt;discharge;economicoperands;1
title_2.txt;disclosed;economicoperands;1
title_2.txt;discloses;economicoperands;1
title_2.txt;discovery;economicoperands;2
title_2.txt;dismissal;economicoperands;1
title_2.txt;dismissed;economicoperands;1
title_2.txt;disposing;economicoperands;1
title_2.txt;disregard;economicoperands;2
title_2.txt;disrupted;economicoperands;1
title_2.txt;dissolved;regulatoryoperators;1
title_2.txt;dividends;economicoperands;4
title_2.txt;documents;economicoperands;4
title_2.txt;effecting;economicoperands;1
title_2.txt;effective;other;15
title_2.txt;efficient;economicoperands;1
title_2.txt;emissions;economicoperands;1
title_2.txt;employees;economicoperands;5
title_2.txt;enactment;other;14
title_2.txt;equitable;attributes;3
title_2.txt;equitably;attributes;1
title_2.txt;essential;economicoperands;3
title_2.txt;establish;regulatoryoperators;9
title_2.txt;estimated;economicoperands;1
title_2.txt;evidenced;economicoperands;1
title_2.txt;except as;logicalconnectors;20
title_2.txt;exception;logicalconnectors;3
title_2.txt;excessive;economicoperands;1
title_2.txt;excluding;logicalconnectors;1
title_2.txt;exclusion;logicalconnectors;1
title_2.txt;executing;economicoperands;1
title_2.txt;execution;economicoperands;6
title_2.txt;executive;economicoperands;10
title_2.txt;exemplary;economicoperands;1
title_2.txt;exercised;economicoperands;1
title_2.txt;exercises;economicoperands;1
title_2.txt;expedited;economicoperands;7
title_2.txt;expressly;economicoperands;1
title_2.txt;extension;economicoperands;17
title_2.txt;favorable;economicoperands;2
title_2.txt;fiduciary;economicoperands;2
title_2.txt;financial;economicoperands;114
title_2.txt;financing;economicoperands;3
title_2.txt;following;functionwords;14
title_2.txt;foregoing;economicoperands;2
title_2.txt;franchise;economicoperands;2
title_2.txt;frequency;mathematicaloperators;3
title_2.txt;functions;economicoperands;10
title_2.txt;generally;functionwords;2
title_2.txt;generated;economicoperands;2
title_2.txt;governing;economicoperands;4
title_2.txt;governors;economicoperands;4
title_2.txt;graduated;economicoperands;2
title_2.txt;guarantee;economicoperands;7
title_2.txt;harmonize;economicoperands;1
title_2.txt;hereafter;logicalconnectors;1
title_2.txt;hereunder;logicalconnectors;1
title_2.txt;immediate;attributes;5
title_2.txt;impairing;economicoperands;1
title_2.txt;implement;regulatoryoperators;4
title_2.txt;inability;economicoperands;1
title_2.txt;including;logicalconnectors;86
title_2.txt;incurring;economicoperands;1
title_2.txt;inflation;economicoperands;3
title_2.txt;initiated;economicoperands;1
title_2.txt;inserting;other;2
title_2.txt;insolvent;economicoperands;10
title_2.txt;insurance;economicoperands;6
title_2.txt;intention;economicoperands;1
title_2.txt;interests;economicoperands;15
title_2.txt;interfere;economicoperands;1
title_2.txt;investors;economicoperands;1
title_2.txt;involving;economicoperands;5
title_2.txt;judiciary;economicoperands;4
title_2.txt;justifies;regulatoryoperators;1
title_2.txt;knowledge;economicoperands;1
title_2.txt;leasehold;economicoperands;2
title_2.txt;less than;mathematicaloperators;11
title_2.txt;leveraged;economicoperands;1
title_2.txt;liability;economicoperands;22
title_2.txt;liquidate;economicoperands;4
title_2.txt;liquidity;economicoperands;3
title_2.txt;long-term;economicoperands;1
title_2.txt;magnitude;economicoperands;1
title_2.txt;mandatory;regulatoryoperators;2
title_2.txt;marketing;economicoperands;1
title_2.txt;maximizes;mathematicaloperators;1
title_2.txt;measuring;economicoperands;1
title_2.txt;microfilm;economicoperands;1
title_2.txt;minimizes;mathematicaloperators;4
title_2.txt;mitigates;regulatoryoperators;2
title_2.txt;more than;mathematicaloperators;9
title_2.txt;municipal;economicoperands;2
title_2.txt;necessary;attributes;29
title_2.txt;obligated;regulatoryoperators;1
title_2.txt;obtaining;economicoperands;5
title_2.txt;occurring;economicoperands;1
title_2.txt;officials;economicoperands;1
title_2.txt;omissions;economicoperands;1
title_2.txt;operating;economicoperands;1
title_2.txt;operation;economicoperands;11
title_2.txt;organized;economicoperands;6
title_2.txt;otherwise;logicalconnectors;38
title_2.txt;ownership;economicoperands;2
title_2.txt;partially;economicoperands;1
title_2.txt;penalties;economicoperands;2
title_2.txt;perfected;economicoperands;7
title_2.txt;performed;economicoperands;4
title_2.txt;permitted;regulatoryoperators;7
title_2.txt;petitions;economicoperands;1
title_2.txt;portfolio;economicoperands;1
title_2.txt;positions;economicoperands;1
title_2.txt;potential;economicoperands;10
title_2.txt;practices;economicoperands;4
title_2.txt;preceding;functionwords;7
title_2.txt;prejudice;economicoperands;4
title_2.txt;prescribe;regulatoryoperators;13
title_2.txt;presented;economicoperands;2
title_2.txt;presently;attributes;2
title_2.txt;president;economicoperands;1
title_2.txt;prevented;regulatoryoperators;1
title_2.txt;principal;economicoperands;4
title_2.txt;privilege;economicoperands;1
title_2.txt;procedure;economicoperands;5
title_2.txt;prohibits;regulatoryoperators;4
title_2.txt;promoting;economicoperands;1
title_2.txt;providing;economicoperands;6
title_2.txt;provision;economicoperands;49
title_2.txt;published;economicoperands;3
title_2.txt;purchased;economicoperands;4
title_2.txt;purchaser;economicoperands;8
title_2.txt;purchases;economicoperands;3
title_2.txt;qualified;economicoperands;26
title_2.txt;quarterly;attributes;1
title_2.txt;realizing;economicoperands;1
title_2.txt;receivers;economicoperands;1
title_2.txt;receiving;economicoperands;1
title_2.txt;recommend;economicoperands;1
title_2.txt;recording;economicoperands;2
title_2.txt;recovered;economicoperands;2
title_2.txt;recurrent;economicoperands;1
title_2.txt;reference;economicoperands;2
title_2.txt;regarding;logicalconnectors;12
title_2.txt;regulated;regulatoryoperators;1
title_2.txt;reimburse;economicoperands;1
title_2.txt;remaining;economicoperands;3
title_2.txt;repayment;economicoperands;8
title_2.txt;reporting;economicoperands;1
title_2.txt;republish;economicoperands;1
title_2.txt;repudiate;economicoperands;7
title_2.txt;requested;regulatoryoperators;5
title_2.txt;requiring;regulatoryoperators;1
title_2.txt;resolving;economicoperands;1
title_2.txt;restricts;regulatoryoperators;1
title_2.txt;resulting;economicoperands;3
title_2.txt;retention;economicoperands;4
title_2.txt;revesting;economicoperands;1
title_2.txt;reviewing;economicoperands;1
title_2.txt;satisfied;regulatoryoperators;2
title_2.txt;satisfies;regulatoryoperators;7
title_2.txt;schedules;economicoperands;1
title_2.txt;secretary;economicoperands;70
title_2.txt;section 1;legalreferences;1
title_2.txt;section 3;legalreferences;1
title_2.txt;section 4;legalreferences;1
title_2.txt;section 7;legalreferences;1
title_2.txt;selection;economicoperands;1
title_2.txt;set forth;regulatoryoperators;7
title_2.txt;severance;economicoperands;3
title_2.txt;similarly;logicalconnectors;7
title_2.txt;soundness;economicoperands;3
title_2.txt;specified;regulatoryoperators;9
title_2.txt;stability;economicoperands;4
title_2.txt;standards;economicoperands;1
title_2.txt;statement;economicoperands;6
title_2.txt;subclause;legalreferences;8
title_2.txt;submitted;economicoperands;1
title_2.txt;successor;economicoperands;2
title_2.txt;suffering;economicoperands;1
title_2.txt;supervise;regulatoryoperators;2
title_2.txt;supported;economicoperands;1
title_2.txt;surcharge;economicoperands;1
title_2.txt;suspended;regulatoryoperators;1
title_2.txt;taxpayers;economicoperands;4
title_2.txt;temporary;attributes;1
title_2.txt;terminate;economicoperands;11
title_2.txt;territory;economicoperands;1
title_2.txt;testimony;economicoperands;4
title_2.txt;transfers;economicoperands;13
title_2.txt;treatment;economicoperands;14
title_2.txt;unexpired;economicoperands;1
title_2.txt;uninsured;economicoperands;1
title_2.txt;unmatured;economicoperands;1
title_2.txt;unsecured;economicoperands;20
title_2.txt;valuation;economicoperands;2
title_2.txt;violation;economicoperands;5
title_2.txt;voluntary;economicoperands;1
title_2.txt;whereupon;economicoperands;1
title_2.txt;wind down;economicoperands;1
title_2.txt;180 days;attributes;4
title_2.txt;2 months;attributes;1
title_2.txt;24 hours;attributes;2
title_2.txt;3 report;legalreferences;1
title_2.txt;6 months;attributes;6
title_2.txt;absolute;mathematicaloperators;1
title_2.txt;accounts;economicoperands;7
title_2.txt;accreted;economicoperands;1
title_2.txt;accruing;economicoperands;2
title_2.txt;acquired;economicoperands;5
title_2.txt;activity;economicoperands;2
title_2.txt;adequacy;economicoperands;2
title_2.txt;adequate;attributes;4
title_2.txt;affected;economicoperands;2
title_2.txt;agencies;economicoperands;12
title_2.txt;allocate;economicoperands;1
title_2.txt;amortize;economicoperands;1
title_2.txt;analysis;economicoperands;1
title_2.txt;approval;regulatoryoperators;26
title_2.txt;approved;regulatoryoperators;4
title_2.txt;articles;economicoperands;8
title_2.txt;asserted;economicoperands;2
title_2.txt;assessed;economicoperands;6
title_2.txt;assigned;regulatoryoperators;2
title_2.txt;assuming;logicalconnectors;1
title_2.txt;at least;logicalconnectors;1
title_2.txt;attorney;economicoperands;3
title_2.txt;barriers;economicoperands;2
title_2.txt;based on;other;5
title_2.txt;baseline;economicoperands;1
title_2.txt;behavior;economicoperands;1
title_2.txt;believed;economicoperands;1
title_2.txt;benefits;economicoperands;7
title_2.txt;borrowed;economicoperands;1
title_2.txt;business;economicoperands;20
title_2.txt;calendar;economicoperands;4
title_2.txt;capacity;economicoperands;7
title_2.txt;carrying;economicoperands;9
title_2.txt;category;economicoperands;4
title_2.txt;cause of;economicoperands;3
title_2.txt;claimant;economicoperands;34
title_2.txt;claiming;economicoperands;2
title_2.txt;clause i;legalreferences;19
title_2.txt;clause v;legalreferences;2
title_2.txt;clearing;economicoperands;2
title_2.txt;commence;economicoperands;1
title_2.txt;companys;economicoperands;4
title_2.txt;complete;economicoperands;2
title_2.txt;computer;economicoperands;1
title_2.txt;conclude;economicoperands;1
title_2.txt;congress;economicoperands;12
title_2.txt;consents;economicoperands;3
title_2.txt;consider;economicoperands;6
title_2.txt;contains;economicoperands;2
title_2.txt;contents;other;1
title_2.txt;continue;economicoperands;13
title_2.txt;contract;economicoperands;68
title_2.txt;contrary;other;2
title_2.txt;conveyed;economicoperands;2
title_2.txt;creating;economicoperands;4
title_2.txt;creation;economicoperands;1
title_2.txt;credited;economicoperands;2
title_2.txt;creditor;economicoperands;21
title_2.txt;criminal;economicoperands;2
title_2.txt;criteria;economicoperands;2
title_2.txt;customer;economicoperands;29
title_2.txt;deadline;economicoperands;1
title_2.txt;dealings;economicoperands;1
title_2.txt;decision;economicoperands;11
title_2.txt;decrease;mathematicaloperators;1
title_2.txt;defaults;economicoperands;1
title_2.txt;defenses;economicoperands;3
title_2.txt;deferred;economicoperands;1
title_2.txt;defining;economicoperands;1
title_2.txt;delaware;economicoperands;2
title_2.txt;delivery;economicoperands;4
title_2.txt;designed;economicoperands;1
title_2.txt;diminish;economicoperands;3
title_2.txt;directly;attributes;4
title_2.txt;director;economicoperands;22
title_2.txt;disallow;regulatoryoperators;3
title_2.txt;discount;economicoperands;1
title_2.txt;disputed;economicoperands;1
title_2.txt;dissolve;regulatoryoperators;1
title_2.txt;distress;economicoperands;2
title_2.txt;district;economicoperands;11
title_2.txt;document;economicoperands;2
title_2.txt;does not;logicalconnectors;11
title_2.txt;duration;economicoperands;1
title_2.txt;dynamics;economicoperands;1
title_2.txt;earliest;mathematicaloperators;1
title_2.txt;earnings;economicoperands;1
title_2.txt;economic;economicoperands;11
title_2.txt;election;economicoperands;5
title_2.txt;eligible;economicoperands;3
title_2.txt;employed;economicoperands;3
title_2.txt;employee;economicoperands;9
title_2.txt;enforces;regulatoryoperators;1
title_2.txt;ensuring;regulatoryoperators;1
title_2.txt;entering;economicoperands;1
title_2.txt;entities;economicoperands;1
title_2.txt;entitled;economicoperands;8
title_2.txt;equal to;logicalconnectors;7
title_2.txt;estimate;economicoperands;1
title_2.txt;evaluate;economicoperands;4
title_2.txt;excepted;logicalconnectors;1
title_2.txt;exchange;economicoperands;2
title_2.txt;executed;economicoperands;6
title_2.txt;exempted;regulatoryoperators;1
title_2.txt;exercise;economicoperands;27
title_2.txt;existing;economicoperands;3
title_2.txt;expected;economicoperands;3
title_2.txt;expedite;economicoperands;1
title_2.txt;expended;economicoperands;1
title_2.txt;expenses;economicoperands;8
title_2.txt;exposure;economicoperands;1
title_2.txt;extended;economicoperands;12
title_2.txt;findings;economicoperands;4
title_2.txt;followed;functionwords;1
title_2.txt;fulfills;economicoperands;1
title_2.txt;function;economicoperands;3
title_2.txt;governed;economicoperands;1
title_2.txt;granting;regulatoryoperators;1
title_2.txt;greatest;mathematicaloperators;1
title_2.txt;guaranty;economicoperands;1
title_2.txt;haircuts;economicoperands;1
title_2.txt;identify;economicoperands;3
title_2.txt;identity;economicoperands;1
title_2.txt;imposing;regulatoryoperators;2
title_2.txt;improper;attributes;2
title_2.txt;incident;economicoperands;1
title_2.txt;included;logicalconnectors;3
title_2.txt;includes;logicalconnectors;6
title_2.txt;increase;mathematicaloperators;4
title_2.txt;incurred;economicoperands;14
title_2.txt;indebted;economicoperands;1
title_2.txt;indirect;attributes;1
title_2.txt;initiate;economicoperands;3
title_2.txt;instance;economicoperands;1
title_2.txt;intended;economicoperands;1
title_2.txt;interest;economicoperands;45
title_2.txt;involves;economicoperands;1
title_2.txt;issuance;economicoperands;7
title_2.txt;judgment;economicoperands;6
title_2.txt;judicial;economicoperands;9
title_2.txt;leverage;economicoperands;3
title_2.txt;limiting;regulatoryoperators;3
title_2.txt;maintain;economicoperands;4
title_2.txt;majority;economicoperands;3
title_2.txt;material;economicoperands;3
title_2.txt;maturity;economicoperands;6
title_2.txt;maximize;mathematicaloperators;6
title_2.txt;meanings;other;4
title_2.txt;measured;economicoperands;3
title_2.txt;measures;economicoperands;3
title_2.txt;merchant;economicoperands;1
title_2.txt;minimize;mathematicaloperators;5
title_2.txt;minority;economicoperands;2
title_2.txt;mitigate;regulatoryoperators;4
title_2.txt;modified;economicoperands;1
title_2.txt;monetary;economicoperands;2
title_2.txt;mortgage;economicoperands;15
title_2.txt;multiple;logicalconnectors;1
title_2.txt;national;economicoperands;2
title_2.txt;notified;economicoperands;1
title_2.txt;novation;economicoperands;1
title_2.txt;obtained;economicoperands;2
title_2.txt;occurred;economicoperands;2
title_2.txt;offering;economicoperands;1
title_2.txt;offerors;economicoperands;1
title_2.txt;officers;economicoperands;5
title_2.txt;official;economicoperands;3
title_2.txt;omission;economicoperands;2
title_2.txt;organize;economicoperands;3
title_2.txt;original;economicoperands;1
title_2.txt;outweigh;economicoperands;1
title_2.txt;partners;economicoperands;4
title_2.txt;payments;economicoperands;21
title_2.txt;pendency;economicoperands;2
title_2.txt;personal;economicoperands;2
title_2.txt;petition;economicoperands;14
title_2.txt;planning;economicoperands;1
title_2.txt;policies;economicoperands;6
title_2.txt;possible;attributes;3
title_2.txt;practice;economicoperands;8
title_2.txt;precious;economicoperands;1
title_2.txt;prepared;economicoperands;2
title_2.txt;presumed;economicoperands;2
title_2.txt;previous;logicalconnectors;3
title_2.txt;priority;economicoperands;20
title_2.txt;probable;economicoperands;1
title_2.txt;proceeds;economicoperands;11
title_2.txt;products;economicoperands;1
title_2.txt;prohibit;regulatoryoperators;2
title_2.txt;promptly;attributes;9
title_2.txt;property;economicoperands;53
title_2.txt;proposed;economicoperands;3
title_2.txt;proposes;economicoperands;1
title_2.txt;prospect;economicoperands;3
title_2.txt;protects;economicoperands;1
title_2.txt;provided;logicalconnectors;51
title_2.txt;provides;economicoperands;14
title_2.txt;punitive;economicoperands;1
title_2.txt;purchase;economicoperands;15
title_2.txt;purposes;economicoperands;41
title_2.txt;realized;economicoperands;7
title_2.txt;receipts;economicoperands;1
title_2.txt;received;economicoperands;14
title_2.txt;receiver;economicoperands;271
title_2.txt;receives;economicoperands;1
title_2.txt;recorded;economicoperands;1
title_2.txt;recovery;economicoperands;4
title_2.txt;redeemed;economicoperands;1
title_2.txt;relevant;attributes;2
title_2.txt;reliance;economicoperands;1
title_2.txt;remedies;economicoperands;6
title_2.txt;rendered;economicoperands;4
title_2.txt;renewing;economicoperands;1
title_2.txt;requests;economicoperands;1
title_2.txt;required;regulatoryoperators;39
title_2.txt;requires;regulatoryoperators;3
title_2.txt;reserves;economicoperands;1
title_2.txt;resolved;economicoperands;1
title_2.txt;resolves;economicoperands;1
title_2.txt;response;economicoperands;2
title_2.txt;restrain;regulatoryoperators;2
title_2.txt;resubmit;economicoperands;1
title_2.txt;resulted;economicoperands;1
title_2.txt;retained;economicoperands;3
title_2.txt;revenues;economicoperands;3
title_2.txt;reversal;economicoperands;1
title_2.txt;reviewed;economicoperands;1
title_2.txt;salaries;economicoperands;2
title_2.txt;saturday;attributes;1
title_2.txt;schedule;economicoperands;5
title_2.txt;sections;legalreferences;4
title_2.txt;securing;economicoperands;5
title_2.txt;security;economicoperands;34
title_2.txt;selected;economicoperands;1
title_2.txt;separate;economicoperands;4
title_2.txt;services;economicoperands;20
title_2.txt;situated;economicoperands;7
title_2.txt;so as to;logicalconnectors;3
title_2.txt;specific;logicalconnectors;4
title_2.txt;strictly;attributes;1
title_2.txt;striking;other;1
title_2.txt;subpoena;economicoperands;1
title_2.txt;suitable;regulatoryoperators;1
title_2.txt;superior;mathematicaloperators;2
title_2.txt;suspends;regulatoryoperators;1
title_2.txt;systemic;economicoperands;2
title_2.txt;taxation;economicoperands;3
title_2.txt;taxpayer;economicoperands;3
title_2.txt;this act;legalreferences;16
title_2.txt;title 11;legalreferences;2
title_2.txt;title 18;legalreferences;3
title_2.txt;title 31;legalreferences;2
title_2.txt;title ii;legalreferences;2
title_2.txt;title iv;legalreferences;1
title_2.txt;tomorrow;attributes;2
title_2.txt;tortious;economicoperands;1
title_2.txt;transfer;economicoperands;65
title_2.txt;treasury;economicoperands;4
title_2.txt;usc 1782;legalreferences;1
title_2.txt;usc 4401;legalreferences;1
title_2.txt;usc 4502;legalreferences;1
title_2.txt;utilized;economicoperands;2
title_2.txt;vacation;economicoperands;2
title_2.txt;validity;economicoperands;2
title_2.txt;violated;economicoperands;1
title_2.txt;walkaway;economicoperands;1
title_2.txt;10 days;attributes;2
title_2.txt;10-year;attributes;1
title_2.txt;2 years;attributes;2
title_2.txt;24-hour;attributes;1
title_2.txt;30 days;attributes;7
title_2.txt;45 days;attributes;1
title_2.txt;5 years;attributes;2
title_2.txt;60 days;attributes;1
title_2.txt;ability;economicoperands;5
title_2.txt;accepts;economicoperands;1
title_2.txt;account;economicoperands;12
title_2.txt;accrued;economicoperands;3
title_2.txt;accrues;economicoperands;5
title_2.txt;achieve;economicoperands;1
title_2.txt;acquire;economicoperands;9
title_2.txt;actions;economicoperands;31
title_2.txt;address;economicoperands;6
title_2.txt;adopted;economicoperands;2
title_2.txt;advance;economicoperands;1
title_2.txt;adverse;economicoperands;9
title_2.txt;affairs;economicoperands;5
title_2.txt;affects;economicoperands;1
title_2.txt;against;functionwords;42
title_2.txt;alleges;economicoperands;1
title_2.txt;allowed;regulatoryoperators;8
title_2.txt;already;attributes;2
title_2.txt;amended;regulatoryoperators;6
title_2.txt;amounts;economicoperands;18
title_2.txt;another;functionwords;5
title_2.txt;appears;economicoperands;1
title_2.txt;applied;other;1
title_2.txt;applies;other;2
title_2.txt;appoint;economicoperands;7
title_2.txt;approve;regulatoryoperators;4
title_2.txt;arising;economicoperands;13
title_2.txt;arrange;economicoperands;1
title_2.txt;article;economicoperands;1
title_2.txt;assumed;logicalconnectors;2
title_2.txt;auction;economicoperands;1
title_2.txt;average;mathematicaloperators;3
title_2.txt;avoided;economicoperands;2
title_2.txt;back-up;economicoperands;1
title_2.txt;balance;economicoperands;3
title_2.txt;banking;economicoperands;15
title_2.txt;becomes;economicoperands;5
title_2.txt;benefit;economicoperands;11
title_2.txt;between;functionwords;12
title_2.txt;bonuses;economicoperands;1
title_2.txt;brokers;economicoperands;5
title_2.txt;brought;economicoperands;6
title_2.txt;capital;economicoperands;22
title_2.txt;central;economicoperands;1
title_2.txt;certain;functionwords;18
title_2.txt;chapter;other;3
title_2.txt;charter;economicoperands;12
title_2.txt;clauses;other;5
title_2.txt;cleared;economicoperands;4
title_2.txt;collect;economicoperands;1
title_2.txt;company;economicoperands;46
title_2.txt;compare;economicoperands;1
title_2.txt;conduct;economicoperands;18
title_2.txt;consent;economicoperands;12
title_2.txt;consult;economicoperands;6
title_2.txt;contact;economicoperands;1
title_2.txt;contain;economicoperands;3
title_2.txt;content;other;1
title_2.txt;context;other;1
title_2.txt;control;economicoperands;4
title_2.txt;convert;economicoperands;1
title_2.txt;cost of;economicoperands;2
title_2.txt;council;economicoperands;21
title_2.txt;country;economicoperands;2
title_2.txt;coupled;economicoperands;2
title_2.txt;covered;economicoperands;19
title_2.txt;created;economicoperands;2
title_2.txt;credits;economicoperands;1
title_2.txt;current;functionwords;8
title_2.txt;custody;economicoperands;8
title_2.txt;damages;economicoperands;25
title_2.txt;dealers;economicoperands;5
title_2.txt;dealing;economicoperands;1
title_2.txt;debtors;economicoperands;1
title_2.txt;decided;economicoperands;1
title_2.txt;declare;regulatoryoperators;1
title_2.txt;default;economicoperands;35
title_2.txt;defined;economicoperands;18
title_2.txt;defraud;economicoperands;2
title_2.txt;degrees;economicoperands;1
title_2.txt;deliver;economicoperands;2
title_2.txt;deplete;economicoperands;2
title_2.txt;deposit;economicoperands;11
title_2.txt;derived;economicoperands;1
title_2.txt;destroy;economicoperands;1
title_2.txt;differs;logicalconnectors;1
title_2.txt;diffuse;economicoperands;1
title_2.txt;dispute;economicoperands;1
title_2.txt;earlier;mathematicaloperators;3
title_2.txt;eastern;economicoperands;3
title_2.txt;effects;economicoperands;8
title_2.txt;efforts;economicoperands;3
title_2.txt;enables;economicoperands;1
title_2.txt;enforce;regulatoryoperators;5
title_2.txt;engaged;economicoperands;6
title_2.txt;enhance;economicoperands;1
title_2.txt;ensures;regulatoryoperators;1
title_2.txt;entered;economicoperands;8
title_2.txt;examine;economicoperands;1
title_2.txt;exceeds;mathematicaloperators;3
title_2.txt;expense;economicoperands;2
title_2.txt;experts;economicoperands;1
title_2.txt;expired;economicoperands;2
title_2.txt;factors;economicoperands;3
title_2.txt;failing;economicoperands;3
title_2.txt;failure;economicoperands;9
title_2.txt;federal;economicoperands;42
title_2.txt;finding;economicoperands;1
title_2.txt;foreign;economicoperands;14
title_2.txt;forward;economicoperands;12
title_2.txt;fulfill;economicoperands;1
title_2.txt;funding;economicoperands;11
title_2.txt;furnish;economicoperands;1
title_2.txt;further;logicalconnectors;10
title_2.txt;general;functionwords;9
title_2.txt;granted;regulatoryoperators;10
title_2.txt;greater;mathematicaloperators;2
title_2.txt;haircut;economicoperands;1
title_2.txt;heading;economicoperands;1
title_2.txt;hearing;economicoperands;7
title_2.txt;holders;economicoperands;2
title_2.txt;holding;economicoperands;1
title_2.txt;housing;economicoperands;14
title_2.txt;imposed;regulatoryoperators;7
title_2.txt;improve;economicoperands;1
title_2.txt;in that;logicalconnectors;1
title_2.txt;include;logicalconnectors;17
title_2.txt;indexed;economicoperands;2
title_2.txt;indices;economicoperands;1
title_2.txt;initial;economicoperands;3
title_2.txt;insider;economicoperands;4
title_2.txt;insured;economicoperands;4
title_2.txt;interim;economicoperands;2
title_2.txt;issuing;economicoperands;1
title_2.txt;jointly;logicalconnectors;6
title_2.txt;justice;economicoperands;1
title_2.txt;largest;mathematicaloperators;2
title_2.txt;legally;economicoperands;7
title_2.txt;lending;economicoperands;2
title_2.txt;limited;logicalconnectors;4
title_2.txt;located;economicoperands;1
title_2.txt;mailing;economicoperands;2
title_2.txt;managed;economicoperands;1
title_2.txt;markets;economicoperands;4
title_2.txt;masters;economicoperands;1
title_2.txt;matters;functionwords;1
title_2.txt;matured;economicoperands;2
title_2.txt;maximum;mathematicaloperators;6
title_2.txt;meaning;other;2
title_2.txt;measure;economicoperands;3
title_2.txt;mediate;economicoperands;2
title_2.txt;members;economicoperands;10
title_2.txt;mergers;economicoperands;1
title_2.txt;minimum;mathematicaloperators;2
title_2.txt;monitor;economicoperands;1
title_2.txt;neither;logicalconnectors;1
title_2.txt;netting;economicoperands;3
title_2.txt;nonbank;economicoperands;2
title_2.txt;nothing;logicalconnectors;4
title_2.txt;obligee;economicoperands;3
title_2.txt;offense;economicoperands;3
title_2.txt;offered;economicoperands;2
title_2.txt;officer;economicoperands;15
title_2.txt;offsets;economicoperands;2
title_2.txt;ongoing;economicoperands;5
title_2.txt;only if;logicalconnectors;2
title_2.txt;operate;economicoperands;6
title_2.txt;opinion;economicoperands;2
title_2.txt;options;economicoperands;1
title_2.txt;ordered;economicoperands;1
title_2.txt;orderly;economicoperands;44
title_2.txt;outside;functionwords;3
title_2.txt;overall;logicalconnectors;1
title_2.txt;oversee;economicoperands;1
title_2.txt;parties;economicoperands;15
title_2.txt;parting;economicoperands;1
title_2.txt;partner;economicoperands;2
title_2.txt;pattern;economicoperands;1
title_2.txt;payable;economicoperands;3
title_2.txt;payment;economicoperands;25
title_2.txt;penalty;economicoperands;1
title_2.txt;pending;functionwords;3
title_2.txt;percent;attributes;2
title_2.txt;perform;economicoperands;3
title_2.txt;periods;economicoperands;1
title_2.txt;permits;regulatoryoperators;1
title_2.txt;persons;economicoperands;7
title_2.txt;placing;economicoperands;1
title_2.txt;portion;economicoperands;8
title_2.txt;prepaid;economicoperands;1
title_2.txt;present;economicoperands;11
title_2.txt;prevail;economicoperands;1
title_2.txt;prevent;regulatoryoperators;3
title_2.txt;primary;economicoperands;6
title_2.txt;private;economicoperands;7
title_2.txt;probate;economicoperands;1
title_2.txt;process;economicoperands;8
title_2.txt;product;economicoperands;1
title_2.txt;profits;economicoperands;2
title_2.txt;promise;economicoperands;1
title_2.txt;promote;economicoperands;1
title_2.txt;protect;economicoperands;2
title_2.txt;provide;economicoperands;28
title_2.txt;prudent;attributes;1
title_2.txt;publish;economicoperands;2
title_2.txt;purpose;economicoperands;7
title_2.txt;quarter;attributes;2
title_2.txt;reached;economicoperands;1
title_2.txt;realize;economicoperands;1
title_2.txt;reasons;economicoperands;2
title_2.txt;receipt;economicoperands;4
title_2.txt;receive;economicoperands;12
title_2.txt;records;economicoperands;14
title_2.txt;recover;economicoperands;13
title_2.txt;reduced;economicoperands;1
title_2.txt;reflect;economicoperands;3
title_2.txt;related;logicalconnectors;15
title_2.txt;remains;economicoperands;2
title_2.txt;removal;economicoperands;1
title_2.txt;removed;economicoperands;4
title_2.txt;reports;economicoperands;12
title_2.txt;request;economicoperands;10
title_2.txt;require;regulatoryoperators;1
title_2.txt;resolve;economicoperands;2
title_2.txt;respect;functionwords;11
title_2.txt;results;economicoperands;6
title_2.txt;reverse;economicoperands;4
title_2.txt;reviews;economicoperands;4
title_2.txt;revival;economicoperands;1
title_2.txt;rule of;economicoperands;1
title_2.txt;satisfy;regulatoryoperators;5
title_2.txt;savings;economicoperands;2
title_2.txt;secrecy;economicoperands;1
title_2.txt;section;legalreferences;7
title_2.txt;secured;economicoperands;17
title_2.txt;seeking;other;3
title_2.txt;selling;economicoperands;1
title_2.txt;serious;attributes;5
title_2.txt;service;economicoperands;5
title_2.txt;serving;economicoperands;5
title_2.txt;setting;economicoperands;3
title_2.txt;settles;economicoperands;1
title_2.txt;sharing;economicoperands;3
title_2.txt;shorter;mathematicaloperators;1
title_2.txt;showing;economicoperands;1
title_2.txt;similar;logicalconnectors;20
title_2.txt;so that;logicalconnectors;1
title_2.txt;solvent;economicoperands;1
title_2.txt;sources;economicoperands;3
title_2.txt;speaker;economicoperands;1
title_2.txt;special;economicoperands;3
title_2.txt;statute;other;12
title_2.txt;studied;economicoperands;7
title_2.txt;studies;economicoperands;2
title_2.txt;subject;economicoperands;8
title_2.txt;submits;economicoperands;2
title_2.txt;succeed;economicoperands;9
title_2.txt;summary;economicoperands;3
title_2.txt;support;economicoperands;3
title_2.txt;supreme;attributes;4
title_2.txt;surplus;economicoperands;3
title_2.txt;suspend;regulatoryoperators;1
title_2.txt;systems;economicoperands;1
title_2.txt;that is;logicalconnectors;52
title_2.txt;therein;logicalconnectors;6
title_2.txt;thereof;logicalconnectors;16
title_2.txt;thereon;logicalconnectors;1
title_2.txt;thereto;logicalconnectors;9
title_2.txt;through;functionwords;10
title_2.txt;tiering;economicoperands;1
title_2.txt;title 1;legalreferences;1
title_2.txt;title 5;legalreferences;1
title_2.txt;treated;economicoperands;13
title_2.txt;trustee;economicoperands;17
title_2.txt;unsound;economicoperands;1
title_2.txt;utilize;economicoperands;1
title_2.txt;variety;economicoperands;1
title_2.txt;various;functionwords;2
title_2.txt;waiting;economicoperands;4
title_2.txt;weather;economicoperands;1
title_2.txt;website;economicoperands;1
title_2.txt;whether;logicalconnectors;33
title_2.txt;willful;economicoperands;1
title_2.txt;wind up;economicoperands;1
title_2.txt;without;logicalconnectors;23
title_2.txt;writing;economicoperands;5
title_2.txt;written;economicoperands;15
title_2.txt;1-year;attributes;2
title_2.txt;2-year;attributes;3
title_2.txt;3-year;attributes;2
title_2.txt;30-day;attributes;3
title_2.txt;60-day;attributes;3
title_2.txt;90 day;attributes;1
title_2.txt;90-day;attributes;8
title_2.txt;accept;economicoperands;3
title_2.txt;access;economicoperands;2
title_2.txt;accrue;economicoperands;2
title_2.txt;acting;economicoperands;10
title_2.txt;action;economicoperands;62
title_2.txt;actual;logicalconnectors;4
title_2.txt;affect;economicoperands;11
title_2.txt;afford;economicoperands;1
title_2.txt;agency;economicoperands;25
title_2.txt;agents;economicoperands;1
title_2.txt;agreed;economicoperands;2
title_2.txt;agrees;economicoperands;1
title_2.txt;allows;regulatoryoperators;1
title_2.txt;amount;economicoperands;29
title_2.txt;annual;attributes;2
title_2.txt;appeal;economicoperands;18
title_2.txt;appear;economicoperands;4
title_2.txt;arisen;economicoperands;1
title_2.txt;arises;economicoperands;2
title_2.txt;assets;economicoperands;89
title_2.txt;assign;regulatoryoperators;1
title_2.txt;assist;economicoperands;4
title_2.txt;assume;economicoperands;5
title_2.txt;assure;economicoperands;1
title_2.txt;attach;economicoperands;2
title_2.txt;audits;economicoperands;2
title_2.txt;backup;economicoperands;1
title_2.txt;became;economicoperands;2
title_2.txt;become;economicoperands;3
title_2.txt;before;logicalconnectors;39
title_2.txt;begins;economicoperands;1
title_2.txt;beyond;functionwords;1
title_2.txt;branch;economicoperands;3
title_2.txt;breach;economicoperands;10
title_2.txt;bridge;economicoperands;12
title_2.txt;broker;economicoperands;6
title_2.txt;burden;economicoperands;2
title_2.txt;bylaws;economicoperands;1
title_2.txt;cancel;economicoperands;1
title_2.txt;cannot;regulatoryoperators;1
title_2.txt;caused;economicoperands;1
title_2.txt;causes;economicoperands;1
title_2.txt;charge;economicoperands;1
title_2.txt;choice;economicoperands;1
title_2.txt;claims;economicoperands;71
title_2.txt;clause;legalreferences;28
title_2.txt;closed;economicoperands;1
title_2.txt;collar;economicoperands;2
title_2.txt;commit;economicoperands;1
title_2.txt;comply;regulatoryoperators;4
title_2.txt;copies;economicoperands;1
title_2.txt;county;economicoperands;5
title_2.txt;course;economicoperands;2
title_2.txt;courts;economicoperands;8
title_2.txt;create;economicoperands;1
title_2.txt;credit;economicoperands;36
title_2.txt;damage;economicoperands;1
title_2.txt;dealer;economicoperands;7
title_2.txt;debtor;economicoperands;2
title_2.txt;deemed;regulatoryoperators;14
title_2.txt;defeat;economicoperands;2
title_2.txt;define;economicoperands;1
title_2.txt;degree;economicoperands;1
title_2.txt;demand;economicoperands;1
title_2.txt;denies;economicoperands;1
title_2.txt;direct;economicoperands;3
title_2.txt;docket;economicoperands;1
title_2.txt;dollar;economicoperands;1
title_2.txt;due to;logicalconnectors;2
title_2.txt;during;functionwords;10
title_2.txt;duties;economicoperands;10
title_2.txt;earned;economicoperands;3
title_2.txt;effect;economicoperands;17
title_2.txt;either;logicalconnectors;6
title_2.txt;enable;economicoperands;1
title_2.txt;engage;economicoperands;1
title_2.txt;ensure;regulatoryoperators;9
title_2.txt;entire;logicalconnectors;1
title_2.txt;entity;economicoperands;14
title_2.txt;equity;economicoperands;10
title_2.txt;estate;economicoperands;3
title_2.txt;ethnic;economicoperands;1
title_2.txt;events;economicoperands;2
title_2.txt;exceed;mathematicaloperators;3
title_2.txt;except;logicalconnectors;23
title_2.txt;exempt;regulatoryoperators;4
title_2.txt;exists;economicoperands;3
title_2.txt;extend;economicoperands;4
title_2.txt;extent;economicoperands;5
title_2.txt;failed;economicoperands;3
title_2.txt;filing;economicoperands;14
title_2.txt;follow;functionwords;1
title_2.txt;former;economicoperands;1
title_2.txt;future;economicoperands;14
title_2.txt;govern;economicoperands;2
title_2.txt;having;functionwords;8
title_2.txt;higher;mathematicaloperators;2
title_2.txt;hinder;economicoperands;2
title_2.txt;holder;economicoperands;3
title_2.txt;if not;logicalconnectors;1
title_2.txt;impact;economicoperands;5
title_2.txt;impair;economicoperands;4
title_2.txt;impede;economicoperands;1
title_2.txt;impose;regulatoryoperators;6
title_2.txt;income;economicoperands;5
title_2.txt;induce;economicoperands;1
title_2.txt;inform;economicoperands;1
title_2.txt;injury;economicoperands;2
title_2.txt;intent;economicoperands;2
title_2.txt;invest;economicoperands;1
title_2.txt;issued;economicoperands;13
title_2.txt;issues;economicoperands;7
title_2.txt;itself;functionwords;3
title_2.txt;judges;economicoperands;1
title_2.txt;junior;economicoperands;1
title_2.txt;leases;economicoperands;2
title_2.txt;lessee;economicoperands;9
title_2.txt;lessor;economicoperands;4
title_2.txt;liable;economicoperands;8
title_2.txt;likely;attributes;10
title_2.txt;limits;regulatoryoperators;1
title_2.txt;linked;economicoperands;1
title_2.txt;longer;mathematicaloperators;3
title_2.txt;losses;economicoperands;11
title_2.txt;mailed;economicoperands;2
title_2.txt;making;functionwords;8
title_2.txt;manage;economicoperands;2
title_2.txt;manner;other;12
title_2.txt;margin;economicoperands;4
title_2.txt;market;economicoperands;7
title_2.txt;matrix;mathematicaloperators;4
title_2.txt;member;economicoperands;17
title_2.txt;merged;economicoperands;2
title_2.txt;merger;economicoperands;6
title_2.txt;metals;economicoperands;1
title_2.txt;method;economicoperands;1
title_2.txt;modify;economicoperands;1
title_2.txt;months;attributes;1
title_2.txt;motion;economicoperands;2
title_2.txt;mutual;economicoperands;3
title_2.txt;nature;economicoperands;5
title_2.txt;normal;economicoperands;2
title_2.txt;notice;economicoperands;35
title_2.txt;notify;economicoperands;9
title_2.txt;obtain;economicoperands;10
title_2.txt;offers;economicoperands;1
title_2.txt;office;economicoperands;9
title_2.txt;offset;economicoperands;8
title_2.txt;online;economicoperands;1
title_2.txt;oppose;economicoperands;1
title_2.txt;option;economicoperands;26
title_2.txt;orders;economicoperands;2
title_2.txt;others;logicalconnectors;1
title_2.txt;paying;economicoperands;1
title_2.txt;period;economicoperands;44
title_2.txt;permit;regulatoryoperators;1
title_2.txt;person;economicoperands;51
title_2.txt;powers;economicoperands;35
title_2.txt;prompt;attributes;1
title_2.txt;proved;economicoperands;3
title_2.txt;proven;economicoperands;8
title_2.txt;public;economicoperands;8
title_2.txt;pursue;economicoperands;1
title_2.txt;reason;economicoperands;2
title_2.txt;recent;economicoperands;1
title_2.txt;record;economicoperands;6
title_2.txt;refile;economicoperands;2
title_2.txt;relate;economicoperands;1
title_2.txt;relief;economicoperands;6
title_2.txt;remain;economicoperands;3
title_2.txt;remedy;economicoperands;1
title_2.txt;report;economicoperands;36
title_2.txt;result;economicoperands;2
title_2.txt;retain;economicoperands;2
title_2.txt;return;economicoperands;7
title_2.txt;revest;economicoperands;1
title_2.txt;review;economicoperands;13
title_2.txt;revise;economicoperands;1
title_2.txt;rights;economicoperands;62
title_2.txt;safety;economicoperands;3
title_2.txt;salary;economicoperands;3
title_2.txt;second;attributes;2
title_2.txt;sector;economicoperands;7
title_2.txt;secure;economicoperands;2
title_2.txt;senate;economicoperands;14
title_2.txt;senior;economicoperands;18
title_2.txt;serves;economicoperands;1
title_2.txt;setoff;economicoperands;12
title_2.txt;severe;economicoperands;1
title_2.txt;should;regulatoryoperators;5
title_2.txt;simply;economicoperands;1
title_2.txt;single;economicoperands;2
title_2.txt;smooth;economicoperands;1
title_2.txt;solely;logicalconnectors;8
title_2.txt;sought;other;1
title_2.txt;spread;economicoperands;1
title_2.txt;stated;economicoperands;1
title_2.txt;status;economicoperands;17
title_2.txt;stayed;economicoperands;4
title_2.txt;submit;economicoperands;9
title_2.txt;such a;logicalconnectors;3
title_2.txt;sudden;economicoperands;1
title_2.txt;sunday;attributes;1
title_2.txt;taking;functionwords;11
title_2.txt;taxing;economicoperands;2
title_2.txt;timely;attributes;3
title_2.txt;timing;economicoperands;4
title_2.txt;titles;other;5
title_2.txt;tolled;economicoperands;2
title_2.txt;traded;economicoperands;1
title_2.txt;unable;economicoperands;4
title_2.txt;unless;logicalconnectors;18
title_2.txt;unpaid;economicoperands;2
title_2.txt;unsafe;economicoperands;1
title_2.txt;vested;economicoperands;1
title_2.txt;viable;economicoperands;1
title_2.txt;waived;regulatoryoperators;1
title_2.txt;wholly;economicoperands;1
title_2.txt;within;logicalconnectors;14
title_2.txt;abide;economicoperands;1
title_2.txt;about;functionwords;1
title_2.txt;above;functionwords;2
title_2.txt;after;logicalconnectors;83
title_2.txt;agent;economicoperands;5
title_2.txt;agree;economicoperands;1
title_2.txt;allow;regulatoryoperators;3
title_2.txt;along;functionwords;1
title_2.txt;amend;regulatoryoperators;5
title_2.txt;among;functionwords;3
title_2.txt;apply;other;22
title_2.txt;arise;economicoperands;2
title_2.txt;arose;economicoperands;1
title_2.txt;asset;economicoperands;12
title_2.txt;audit;economicoperands;2
title_2.txt;avoid;economicoperands;14
title_2.txt;banks;economicoperands;4
title_2.txt;based;other;1
title_2.txt;bases;economicoperands;1
title_2.txt;basis;economicoperands;12
title_2.txt;being;functionwords;7
title_2.txt;books;economicoperands;6
title_2.txt;bring;economicoperands;1
title_2.txt;calls;economicoperands;1
title_2.txt;cases;economicoperands;5
title_2.txt;cause;economicoperands;5
title_2.txt;cease;economicoperands;1
title_2.txt;civil;economicoperands;2
title_2.txt;claim;economicoperands;94
title_2.txt;clear;economicoperands;1
title_2.txt;close;economicoperands;1
title_2.txt;costs;economicoperands;7
title_2.txt;could;functionwords;4
title_2.txt;count;economicoperands;2
title_2.txt;court;economicoperands;65
title_2.txt;cover;economicoperands;3
title_2.txt;debts;economicoperands;3
title_2.txt;deems;regulatoryoperators;3
title_2.txt;delay;economicoperands;3
title_2.txt;elect;economicoperands;1
title_2.txt;enter;economicoperands;6
title_2.txt;entry;economicoperands;2
title_2.txt;equal;logicalconnectors;4
title_2.txt;event;economicoperands;2
title_2.txt;every;logicalconnectors;4
title_2.txt;exist;economicoperands;2
title_2.txt;facto;other;1
title_2.txt;fails;economicoperands;3
title_2.txt;fifth;attributes;2
title_2.txt;filed;economicoperands;23
title_2.txt;files;economicoperands;2
title_2.txt;final;economicoperands;17
title_2.txt;fined;economicoperands;1
title_2.txt;fines;economicoperands;1
title_2.txt;first;attributes;3
title_2.txt;fixed;economicoperands;2
title_2.txt;floor;economicoperands;1
title_2.txt;forth;functionwords;3
title_2.txt;found;other;1
title_2.txt;frame;economicoperands;2
title_2.txt;fraud;economicoperands;2
title_2.txt;fully;economicoperands;3
title_2.txt;funds;economicoperands;18
title_2.txt;gains;economicoperands;1
title_2.txt;given;functionwords;1
title_2.txt;grant;economicoperands;4
title_2.txt;gross;economicoperands;2
title_2.txt;group;other;6
title_2.txt;hedge;economicoperands;1
title_2.txt;hours;economicoperands;1
title_2.txt;incur;economicoperands;6
title_2.txt;index;economicoperands;9
title_2.txt;issue;economicoperands;19
title_2.txt;joint;logicalconnectors;4
title_2.txt;known;other;1
title_2.txt;large;economicoperands;1
title_2.txt;later;mathematicaloperators;4
title_2.txt;lease;economicoperands;17
title_2.txt;least;logicalconnectors;1
title_2.txt;leave;other;2
title_2.txt;legal;economicoperands;10
title_2.txt;liens;economicoperands;1
title_2.txt;limit;regulatoryoperators;11
title_2.txt;loans;economicoperands;9
title_2.txt;local;economicoperands;6
title_2.txt;means;other;44
title_2.txt;meets;economicoperands;1
title_2.txt;merge;economicoperands;1
title_2.txt;might;functionwords;1
title_2.txt;money;economicoperands;7
title_2.txt;month;attributes;1
title_2.txt;needs;economicoperands;2
title_2.txt;occur;economicoperands;1
title_2.txt;offer;economicoperands;2
title_2.txt;order;economicoperands;19
title_2.txt;other;logicalconnectors;178
title_2.txt;owned;economicoperands;2
title_2.txt;panel;economicoperands;1
title_2.txt;paper;economicoperands;1
title_2.txt;party;economicoperands;29
title_2.txt;place;economicoperands;3
title_2.txt;plans;economicoperands;2
title_2.txt;posed;economicoperands;1
title_2.txt;power;economicoperands;9
title_2.txt;prior;economicoperands;10
title_2.txt;proof;economicoperands;4
title_2.txt;rates;economicoperands;1
title_2.txt;renew;economicoperands;1
title_2.txt;repay;economicoperands;1
title_2.txt;right;economicoperands;29
title_2.txt;risks;economicoperands;3
title_2.txt;rules;economicoperands;30
title_2.txt;sales;economicoperands;3
title_2.txt;scope;economicoperands;5
title_2.txt;seeks;other;2
title_2.txt;serve;economicoperands;1
title_2.txt;shall;regulatoryoperators;388
title_2.txt;shown;economicoperands;1
title_2.txt;since;logicalconnectors;2
title_2.txt;small;economicoperands;2
title_2.txt;stand;economicoperands;1
title_2.txt;state;economicoperands;57
title_2.txt;steps;functionwords;5
title_2.txt;stock;economicoperands;7
title_2.txt;study;economicoperands;27
title_2.txt;taken;functionwords;17
title_2.txt;takes;functionwords;1
title_2.txt;taxed;economicoperands;1
title_2.txt;tends;economicoperands;2
title_2.txt;terms;other;35
title_2.txt;their;functionwords;12
title_2.txt;there;functionwords;6
title_2.txt;third;attributes;6
title_2.txt;those;functionwords;7
title_2.txt;times;economicoperands;1
title_2.txt;title;legalreferences;4
title_2.txt;total;mathematicaloperators;4
title_2.txt;trade;economicoperands;1
title_2.txt;treat;economicoperands;4
title_2.txt;trust;economicoperands;8
title_2.txt;types;economicoperands;1
title_2.txt;under;functionwords;232
title_2.txt;until;logicalconnectors;6
title_2.txt;using;economicoperands;1
title_2.txt;valid;economicoperands;7
title_2.txt;value;economicoperands;29
title_2.txt;weigh;mathematicaloperators;1
title_2.txt;where;logicalconnectors;3
title_2.txt;which;functionwords;162
title_2.txt;while;logicalconnectors;4
title_2.txt;whole;functionwords;3
title_2.txt;whose;functionwords;3
title_2.txt;would;functionwords;29
title_2.txt;yield;economicoperands;2
title_2.txt;1006;legalreferences;1
title_2.txt;1014;legalreferences;1
title_2.txt;1032;legalreferences;1
title_2.txt;1841;attributes;1
title_2.txt;1970;attributes;21
title_2.txt;1991;legalreferences;5
title_2.txt;2000;attributes;1
title_2.txt;able;economicoperands;4
title_2.txt;acts;other;1
title_2.txt;also;logicalconnectors;1
title_2.txt;bank;economicoperands;2
title_2.txt;bear;economicoperands;5
title_2.txt;been;functionwords;44
title_2.txt;best;mathematicaloperators;4
title_2.txt;body;economicoperands;5
title_2.txt;bond;economicoperands;4
title_2.txt;book;economicoperands;1
title_2.txt;both;logicalconnectors;6
title_2.txt;case;economicoperands;12
title_2.txt;cash;economicoperands;2
title_2.txt;code;economicoperands;1
title_2.txt;copy;economicoperands;1
title_2.txt;cost;economicoperands;5
title_2.txt;date;economicoperands;117
title_2.txt;days;economicoperands;9
title_2.txt;deal;economicoperands;2
title_2.txt;debt;economicoperands;31
title_2.txt;duty;economicoperands;4
title_2.txt;each;logicalconnectors;27
title_2.txt;ends;other;1
title_2.txt;face;economicoperands;1
title_2.txt;fail;economicoperands;1
title_2.txt;fair;attributes;3
title_2.txt;fdic;economicoperands;1
title_2.txt;fees;economicoperands;1
title_2.txt;file;economicoperands;9
title_2.txt;firm;economicoperands;2
title_2.txt;form;other;2
title_2.txt;free;economicoperands;1
title_2.txt;from;functionwords;75
title_2.txt;full;economicoperands;2
title_2.txt;fund;economicoperands;22
title_2.txt;gain;economicoperands;1
title_2.txt;give;functionwords;1
title_2.txt;good;attributes;1
title_2.txt;have;functionwords;61
title_2.txt;hear;economicoperands;1
title_2.txt;held;economicoperands;10
title_2.txt;hold;economicoperands;1
title_2.txt;into;functionwords;27
title_2.txt;ipso;other;1
title_2.txt;knew;other;1
title_2.txt;last;economicoperands;2
title_2.txt;laws;economicoperands;17
title_2.txt;lent;economicoperands;1
title_2.txt;less;mathematicaloperators;3
title_2.txt;levy;economicoperands;1
title_2.txt;lien;economicoperands;14
title_2.txt;loan;economicoperands;15
title_2.txt;lose;economicoperands;1
title_2.txt;loss;economicoperands;9
title_2.txt;lost;economicoperands;1
title_2.txt;made;functionwords;26
title_2.txt;mail;economicoperands;1
title_2.txt;make;functionwords;24
title_2.txt;mean;other;2
title_2.txt;meet;economicoperands;5
title_2.txt;mode;economicoperands;1
title_2.txt;more;mathematicaloperators;26
title_2.txt;most;functionwords;1
title_2.txt;name;economicoperands;3
title_2.txt;need;economicoperands;4
title_2.txt;next;logicalconnectors;1
title_2.txt;none;logicalconnectors;2
title_2.txt;only;logicalconnectors;12
title_2.txt;over;mathematicaloperators;6
title_2.txt;owed;economicoperands;9
title_2.txt;paid;economicoperands;14
title_2.txt;pain;economicoperands;1
title_2.txt;part;functionwords;12
title_2.txt;past;functionwords;1
title_2.txt;plan;economicoperands;18
title_2.txt;plus;mathematicaloperators;4
title_2.txt;pose;economicoperands;1
title_2.txt;post;economicoperands;4
title_2.txt;race;economicoperands;1
title_2.txt;rate;economicoperands;9
title_2.txt;real;economicoperands;11
title_2.txt;rent;economicoperands;5
title_2.txt;risk;economicoperands;10
title_2.txt;rule;economicoperands;5
title_2.txt;sale;economicoperands;37
title_2.txt;same;logicalconnectors;10
title_2.txt;seal;economicoperands;1
title_2.txt;seek;other;2
title_2.txt;sell;economicoperands;6
title_2.txt;show;economicoperands;1
title_2.txt;sick;economicoperands;2
title_2.txt;sipc;economicoperands;37
title_2.txt;size;economicoperands;2
title_2.txt;sole;logicalconnectors;2
title_2.txt;spot;economicoperands;2
title_2.txt;stay;economicoperands;5
title_2.txt;such;logicalconnectors;440
title_2.txt;suit;economicoperands;8
title_2.txt;swap;economicoperands;12
title_2.txt;take;functionwords;19
title_2.txt;term;other;51
title_2.txt;than;functionwords;37
title_2.txt;that;functionwords;181
title_2.txt;then;logicalconnectors;7
title_2.txt;they;functionwords;1
title_2.txt;this;functionwords;32
title_2.txt;time;economicoperands;42
title_2.txt;tool;economicoperands;1
title_2.txt;tort;economicoperands;3
title_2.txt;type;economicoperands;1
title_2.txt;upon;functionwords;40
title_2.txt;used;economicoperands;13
title_2.txt;viii;legalreferences;4
title_2.txt;vote;economicoperands;4
title_2.txt;ways;other;5
title_2.txt;were;functionwords;15
title_2.txt;when;logicalconnectors;6
title_2.txt;whom;functionwords;1
title_2.txt;will;functionwords;13
title_2.txt;wind;economicoperands;1
title_2.txt;with;functionwords;94
title_2.txt;year;attributes;18
title_2.txt;1 b;other;1
title_2.txt;120;legalreferences;1
title_2.txt;2 c;other;1
title_2.txt;201;legalreferences;1
title_2.txt;202;legalreferences;1
title_2.txt;203;legalreferences;1
title_2.txt;204;legalreferences;2
title_2.txt;205;legalreferences;1
title_2.txt;206;legalreferences;1
title_2.txt;208;legalreferences;1
title_2.txt;209;legalreferences;1
title_2.txt;210;attributes;3
title_2.txt;211;legalreferences;1
title_2.txt;212;legalreferences;1
title_2.txt;214;legalreferences;1
title_2.txt;215;legalreferences;1
title_2.txt;217;legalreferences;1
title_2.txt;403;legalreferences;1
title_2.txt;404;legalreferences;1
title_2.txt;657;legalreferences;1
title_2.txt;725;attributes;2
title_2.txt;741;legalreferences;1
title_2.txt;761;legalreferences;1
title_2.txt;a 1;other;1
title_2.txt;act;legalreferences;16
title_2.txt;aid;economicoperands;1
title_2.txt;all;logicalconnectors;94
title_2.txt;amd;economicoperands;1
title_2.txt;and;logicalconnectors;733
title_2.txt;any;logicalconnectors;651
title_2.txt;are;functionwords;58
title_2.txt;b 2;other;1
title_2.txt;b 4;other;3
title_2.txt;ban;economicoperands;1
title_2.txt;bar;other;1
title_2.txt;but;logicalconnectors;8
title_2.txt;cap;regulatoryoperators;1
title_2.txt;day;economicoperands;9
title_2.txt;did;functionwords;2
title_2.txt;due;attributes;9
title_2.txt;e 2;other;1
title_2.txt;end;other;5
title_2.txt;far;economicoperands;1
title_2.txt;for;functionwords;357
title_2.txt;gao;economicoperands;1
title_2.txt;h 2;other;1
title_2.txt;had;functionwords;13
title_2.txt;has;functionwords;64
title_2.txt;how;functionwords;2
title_2.txt;iii;legalreferences;66
title_2.txt;its;functionwords;76
title_2.txt;law;economicoperands;80
title_2.txt;low;economicoperands;2
title_2.txt;map;economicoperands;1
title_2.txt;may;functionwords;144
title_2.txt;met;economicoperands;1
title_2.txt;net;economicoperands;7
title_2.txt;new;economicoperands;2
title_2.txt;non;logicalconnectors;3
title_2.txt;nor;logicalconnectors;2
title_2.txt;not;logicalconnectors;134
title_2.txt;now;attributes;1
title_2.txt;one;functionwords;16
title_2.txt;out;functionwords;13
title_2.txt;own;functionwords;3
title_2.txt;pay;economicoperands;19
title_2.txt;put;other;1
title_2.txt;run;economicoperands;1
title_2.txt;sec;economicoperands;17
title_2.txt;seq;legalreferences;20
title_2.txt;sex;economicoperands;1
title_2.txt;tax;economicoperands;5
title_2.txt;the;functionwords;2689
title_2.txt;usc;legalreferences;29
title_2.txt;use;economicoperands;8
title_2.txt;vii;legalreferences;5
title_2.txt;was;functionwords;54
title_2.txt;way;other;1
title_2.txt;who;functionwords;13
title_2.txt;why;logicalconnectors;2
title_2.txt;xii;legalreferences;1
title_2.txt;10;attributes;7
title_2.txt;11;legalreferences;8
title_2.txt;12;attributes;12
title_2.txt;13;legalreferences;6
title_2.txt;14;legalreferences;5
title_2.txt;15;attributes;32
title_2.txt;16;legalreferences;4
title_2.txt;17;legalreferences;1
title_2.txt;20;attributes;2
title_2.txt;27;legalreferences;2
title_2.txt;31;attributes;3
title_2.txt;32;legalreferences;2
title_2.txt;50;attributes;2
title_2.txt;60;attributes;1
title_2.txt;65;attributes;3
title_2.txt;90;attributes;7
title_2.txt;aa;legalreferences;4
title_2.txt;an;functionwords;137
title_2.txt;as;logicalconnectors;398
title_2.txt;at;functionwords;31
title_2.txt;bb;legalreferences;4
title_2.txt;be;functionwords;243
title_2.txt;by;functionwords;282
title_2.txt;do;functionwords;3
title_2.txt;et;functionwords;20
title_2.txt;if;logicalconnectors;92
title_2.txt;ii;legalreferences;153
title_2.txt;in;functionwords;457
title_2.txt;is;functionwords;188
title_2.txt;it;functionwords;5
title_2.txt;iv;legalreferences;36
title_2.txt;ix;legalreferences;4
title_2.txt;no;logicalconnectors;60
title_2.txt;of;functionwords;1663
title_2.txt;on;functionwords;185
title_2.txt;or;logicalconnectors;1004
title_2.txt;so;logicalconnectors;6
title_2.txt;to;functionwords;629
title_2.txt;up;functionwords;3
title_2.txt;vi;other;8
title_2.txt;xi;legalreferences;2
title_2.txt;1;attributes;74
title_2.txt;2;attributes;57
title_2.txt;3;attributes;34
title_2.txt;4;attributes;27
title_2.txt;5;attributes;23
title_2.txt;6;attributes;14
title_2.txt;7;attributes;6
title_2.txt;8;attributes;5
title_2.txt;9;attributes;9
title_2.txt;a;functionwords;761
title_2.txt;b;legalreferences;130
title_2.txt;c;legalreferences;85
title_2.txt;d;legalreferences;62
title_2.txt;e;legalreferences;33
title_2.txt;f;legalreferences;15
title_2.txt;h;legalreferences;16
title_2.txt;i;functionwords;158
title_2.txt;j;legalreferences;2
title_2.txt;k;legalreferences;2
title_2.txt;l;legalreferences;3
title_2.txt;m;legalreferences;2
title_2.txt;n;legalreferences;2
title_2.txt;o;legalreferences;2
title_2.txt;p;legalreferences;1
title_2.txt;q;legalreferences;1
title_2.txt;r;legalreferences;1
title_2.txt;v;legalreferences;15
title_2.txt;x;legalreferences;4
