title_0.txt;the dodd-frank wall street reform and consumer protection act;legalreferences;1
title_0.txt;nationally recognized statistical rating organization;economicoperands;2
title_0.txt;the bank holding company act of 1956 12 usc 1841 p;legalreferences;1
title_0.txt;the federal deposit insurance act 12 usc 1813;legalreferences;3
title_0.txt;commonwealth of the northern mariana islands;economicoperands;1
title_0.txt;the bank holding company act of 1956 12 usc;legalreferences;2
title_0.txt;the sarbanes-oxley act of 2002 15 usc 7211;legalreferences;1
title_0.txt;office of the comptroller of the currency;economicoperands;1
title_0.txt;the investment company act of 1940 15 usc;legalreferences;1
title_0.txt;bureau of consumer financial protection;economicoperands;1
title_0.txt;federal home loan mortgage corporation;economicoperands;1
title_0.txt;security-based swap execution facility;economicoperands;1
title_0.txt;federal deposit insurance corporation;economicoperands;1
title_0.txt;federal national mortgage association;economicoperands;1
title_0.txt;financial stability oversight council;economicoperands;1
title_0.txt;major security-based swap participant;economicoperands;1
title_0.txt;municipal securities rulemaking board;economicoperands;1
title_0.txt;commodity futures trading commission;economicoperands;10
title_0.txt;primary financial regulatory agency;economicoperands;2
title_0.txt;security-based swap data repository;economicoperands;1
title_0.txt;the investment advisers act of 1940;legalreferences;2
title_0.txt;the securities exchange act of 1934;legalreferences;10
title_0.txt;appropriate federal banking agency;economicoperands;3
title_0.txt;securities and exchange commission;economicoperands;2
title_0.txt;the investment company act of 1940;legalreferences;1
title_0.txt;functionally regulated subsidiary;economicoperands;2
title_0.txt;the federal deposit insurance act;legalreferences;1
title_0.txt;savings and loan holding company;economicoperands;1
title_0.txt;the commodity exchange act 7 usc;legalreferences;10
title_0.txt;the federal trade commission act;legalreferences;1
title_0.txt;federal housing finance agency;economicoperands;1
title_0.txt;insured depository institution;economicoperands;1
title_0.txt;federal deposit insurance act;legalreferences;1
title_0.txt;the federal credit union act;legalreferences;1
title_0.txt;commonwealth of puerto rico;economicoperands;1
title_0.txt;federal savings association;economicoperands;1
title_0.txt;futures commission merchant;economicoperands;4
title_0.txt;security-based swap dealer;economicoperands;1
title_0.txt;commodity trading adviser;economicoperands;1
title_0.txt;commodity trading advisor;economicoperands;3
title_0.txt;financial holding company;economicoperands;1
title_0.txt;secretary of the treasury;economicoperands;1
title_0.txt;state savings association;economicoperands;1
title_0.txt;the home owners loan act;legalreferences;1
title_0.txt;commodity pool operator;economicoperands;4
title_0.txt;investor protection act;legalreferences;1
title_0.txt;swap execution facility;economicoperands;2
title_0.txt;depository institution;economicoperands;3
title_0.txt;federal banking agency;economicoperands;2
title_0.txt;major swap participant;economicoperands;1
title_0.txt;clearing organization;economicoperands;4
title_0.txt;bank holding company;economicoperands;2
title_0.txt;district of columbia;economicoperands;1
title_0.txt;federal credit union;economicoperands;1
title_0.txt;prudential standards;economicoperands;2
title_0.txt;state nonmember bank;economicoperands;1
title_0.txt;swap data repository;economicoperands;1
title_0.txt;investor protection;economicoperands;1
title_0.txt;savings association;economicoperands;1
title_0.txt;security-based swap;economicoperands;1
title_0.txt;board of governors;economicoperands;5
title_0.txt;for the purpose of;functionwords;1
title_0.txt;introducing broker;economicoperands;3
title_0.txt;investment adviser;economicoperands;2
title_0.txt;investment company;economicoperands;4
title_0.txt;to the extent that;logicalconnectors;2
title_0.txt;in the context of;functionwords;1
title_0.txt;insurance company;economicoperands;2
title_0.txt;state member bank;economicoperands;1
title_0.txt;foreign exchange;economicoperands;3
title_0.txt;the same meaning;logicalconnectors;9
title_0.txt;unconstitutional;attributes;1
title_0.txt;federal reserve;economicoperands;1
title_0.txt;state-chartered;economicoperands;1
title_0.txt;the clayton act;legalreferences;1
title_0.txt;with respect to;logicalconnectors;18
title_0.txt;american samoa;economicoperands;1
title_0.txt;antitrust laws;legalreferences;2
title_0.txt;board of trade;economicoperands;2
title_0.txt;commodity pool;economicoperands;2
title_0.txt;complying with;regulatoryoperators;1
title_0.txt;effective date;economicoperands;1
title_0.txt;insured branch;economicoperands;1
title_0.txt;subparagraph a;legalreferences;1
title_0.txt;subparagraph b;legalreferences;1
title_0.txt;virgin islands;economicoperands;1
title_0.txt;congressional;economicoperands;1
title_0.txt;provided that;logicalconnectors;1
title_0.txt;section 5 c 5;legalreferences;1
title_0.txt;transfer date;economicoperands;3
title_0.txt;united states;economicoperands;2
title_0.txt;circumstance;economicoperands;2
title_0.txt;collectively;economicoperands;1
title_0.txt;credit union;economicoperands;4
title_0.txt;foreign bank;economicoperands;1
title_0.txt;incorporated;economicoperands;1
title_0.txt;individually;economicoperands;1
title_0.txt;institutions;economicoperands;1
title_0.txt;severability;other;1
title_0.txt;specifically;logicalconnectors;2
title_0.txt;subsection a;legalreferences;1
title_0.txt;this section;legalreferences;1
title_0.txt;application;economicoperands;2
title_0.txt;association;economicoperands;2
title_0.txt;competition;economicoperands;1
title_0.txt;corporation;economicoperands;4
title_0.txt;definitions;economicoperands;3
title_0.txt;derivatives;economicoperands;4
title_0.txt;established;regulatoryoperators;6
title_0.txt;information;economicoperands;1
title_0.txt;institution;economicoperands;2
title_0.txt;legislation;economicoperands;1
title_0.txt;referred to;functionwords;1
title_0.txt;section 101;legalreferences;1
title_0.txt;section 165;legalreferences;1
title_0.txt;section 2 p;legalreferences;1
title_0.txt;section 202;legalreferences;1
title_0.txt;section 3 q;legalreferences;2
title_0.txt;section 311;legalreferences;1
title_0.txt;short title;other;2
title_0.txt;supervision;economicoperands;2
title_0.txt;swap dealer;economicoperands;2
title_0.txt;take effect;regulatoryoperators;1
title_0.txt;accounting;economicoperands;1
title_0.txt;activities;economicoperands;18
title_0.txt;amendments;other;3
title_0.txt;as follows;functionwords;1
title_0.txt;commission;economicoperands;12
title_0.txt;committees;economicoperands;1
title_0.txt;designated;regulatoryoperators;1
title_0.txt;determined;regulatoryoperators;1
title_0.txt;incidental;economicoperands;2
title_0.txt;investment;economicoperands;1
title_0.txt;possession;economicoperands;1
title_0.txt;provisions;economicoperands;1
title_0.txt;registered;economicoperands;31
title_0.txt;regulatory;economicoperands;1
title_0.txt;section 10;legalreferences;1
title_0.txt;securities;economicoperands;7
title_0.txt;state bank;economicoperands;1
title_0.txt;subject to;logicalconnectors;1
title_0.txt;subsidiary;economicoperands;1
title_0.txt;affiliate;economicoperands;2
title_0.txt;amendment;other;4
title_0.txt;antitrust;economicoperands;1
title_0.txt;authority;economicoperands;2
title_0.txt;commodity;economicoperands;1
title_0.txt;companies;economicoperands;1
title_0.txt;construed;other;1
title_0.txt;described;other;2
title_0.txt;developed;economicoperands;1
title_0.txt;domiciled;economicoperands;1
title_0.txt;enactment;other;1
title_0.txt;except as;logicalconnectors;2
title_0.txt;following;functionwords;1
title_0.txt;including;logicalconnectors;1
title_0.txt;insurance;economicoperands;5
title_0.txt;nonmember;economicoperands;1
title_0.txt;operation;economicoperands;1
title_0.txt;otherwise;logicalconnectors;5
title_0.txt;oversight;economicoperands;1
title_0.txt;processor;economicoperands;1
title_0.txt;provision;economicoperands;2
title_0.txt;reference;economicoperands;1
title_0.txt;remainder;economicoperands;1
title_0.txt;secretary;economicoperands;2
title_0.txt;section 2;legalreferences;1
title_0.txt;section 3;legalreferences;4
title_0.txt;section 5;legalreferences;2
title_0.txt;specified;regulatoryoperators;1
title_0.txt;standards;economicoperands;1
title_0.txt;statement;economicoperands;2
title_0.txt;statutory;economicoperands;1
title_0.txt;submitted;economicoperands;2
title_0.txt;supersede;regulatoryoperators;1
title_0.txt;territory;economicoperands;1
title_0.txt;title iii;legalreferences;1
title_0.txt;advisory;economicoperands;2
title_0.txt;affected;economicoperands;1
title_0.txt;agencies;economicoperands;2
title_0.txt;chairmen;economicoperands;1
title_0.txt;clearing;economicoperands;2
title_0.txt;contents;other;3
title_0.txt;contract;economicoperands;1
title_0.txt;enhanced;economicoperands;1
title_0.txt;exchange;economicoperands;2
title_0.txt;includes;logicalconnectors;1
title_0.txt;meanings;other;3
title_0.txt;national;economicoperands;4
title_0.txt;provided;logicalconnectors;2
title_0.txt;purposes;economicoperands;1
title_0.txt;requires;regulatoryoperators;1
title_0.txt;security;economicoperands;1
title_0.txt;this act;legalreferences;16
title_0.txt;transfer;economicoperands;1
title_0.txt;usc 1752;legalreferences;1
title_0.txt;amended;regulatoryoperators;1
title_0.txt;applies;other;1
title_0.txt;banking;economicoperands;1
title_0.txt;between;functionwords;1
title_0.txt;company;economicoperands;2
title_0.txt;context;other;1
title_0.txt;control;economicoperands;1
title_0.txt;council;economicoperands;2
title_0.txt;defined;economicoperands;2
title_0.txt;deposit;economicoperands;1
title_0.txt;effects;economicoperands;3
title_0.txt;federal;economicoperands;4
title_0.txt;futures;economicoperands;2
title_0.txt;holding;economicoperands;1
title_0.txt;in that;logicalconnectors;1
title_0.txt;jointly;logicalconnectors;1
title_0.txt;methods;economicoperands;1
title_0.txt;nothing;logicalconnectors;1
title_0.txt;passage;economicoperands;1
title_0.txt;require;regulatoryoperators;11
title_0.txt;savings;economicoperands;1
title_0.txt;section;legalreferences;2
title_0.txt;that is;logicalconnectors;4
title_0.txt;thereby;logicalconnectors;1
title_0.txt;title i;legalreferences;1
title_0.txt;title x;legalreferences;1
title_0.txt;acting;economicoperands;1
title_0.txt;agency;economicoperands;3
title_0.txt;broker;economicoperands;4
title_0.txt;budget;economicoperands;1
title_0.txt;bureau;economicoperands;2
title_0.txt;clause;legalreferences;1
title_0.txt;dealer;economicoperands;7
title_0.txt;entity;economicoperands;3
title_0.txt;except;logicalconnectors;3
title_0.txt;houses;economicoperands;1
title_0.txt;impair;economicoperands;1
title_0.txt;issuer;economicoperands;1
title_0.txt;market;economicoperands;1
title_0.txt;member;economicoperands;1
title_0.txt;modify;economicoperands;1
title_0.txt;person;economicoperands;6
title_0.txt;public;economicoperands;1
title_0.txt;record;economicoperands;1
title_0.txt;report;economicoperands;1
title_0.txt;retail;economicoperands;3
title_0.txt;senate;economicoperands;1
title_0.txt;system;economicoperands;2
title_0.txt;titled;economicoperands;1
title_0.txt;unfair;attributes;1
title_0.txt;unless;logicalconnectors;1
title_0.txt;after;logicalconnectors;2
title_0.txt;agent;economicoperands;1
title_0.txt;apply;other;1
title_0.txt;banks;economicoperands;1
title_0.txt;board;economicoperands;1
title_0.txt;cited;other;1
title_0.txt;first;attributes;2
title_0.txt;given;functionwords;1
title_0.txt;house;economicoperands;2
title_0.txt;means;other;13
title_0.txt;other;logicalconnectors;1
title_0.txt;prior;economicoperands;1
title_0.txt;shall;regulatoryoperators;5
title_0.txt;state;economicoperands;9
title_0.txt;table;other;3
title_0.txt;terms;other;7
title_0.txt;those;functionwords;1
title_0.txt;title;legalreferences;1
title_0.txt;under;functionwords;38
title_0.txt;which;functionwords;1
title_0.txt;1841;attributes;1
title_0.txt;1970;attributes;1
title_0.txt;2010;attributes;1
title_0.txt;bank;economicoperands;4
title_0.txt;been;functionwords;1
title_0.txt;date;economicoperands;2
title_0.txt;guam;economicoperands;1
title_0.txt;have;functionwords;3
title_0.txt;held;economicoperands;1
title_0.txt;home;economicoperands;2
title_0.txt;laws;economicoperands;1
title_0.txt;loan;economicoperands;2
title_0.txt;made;functionwords;4
title_0.txt;same;logicalconnectors;3
title_0.txt;such;logicalconnectors;13
title_0.txt;swap;economicoperands;2
title_0.txt;term;other;20
title_0.txt;that;functionwords;23
title_0.txt;this;functionwords;1
title_0.txt;used;economicoperands;1
title_0.txt;viii;legalreferences;2
title_0.txt;vote;economicoperands;1
title_0.txt;with;functionwords;17
title_0.txt;act;legalreferences;13
title_0.txt;all;logicalconnectors;1
title_0.txt;and;logicalconnectors;18
title_0.txt;any;logicalconnectors;25
title_0.txt;are;functionwords;4
title_0.txt;day;economicoperands;1
title_0.txt;for;functionwords;4
title_0.txt;has;functionwords;10
title_0.txt;iii;legalreferences;3
title_0.txt;law;economicoperands;1
title_0.txt;may;functionwords;1
title_0.txt;not;logicalconnectors;1
title_0.txt;pay;economicoperands;1
title_0.txt;sec;economicoperands;6
title_0.txt;seq;legalreferences;12
title_0.txt;the;functionwords;132
title_0.txt;usc;legalreferences;4
title_0.txt;vii;legalreferences;2
title_0.txt;xii;legalreferences;1
title_0.txt;10;attributes;1
title_0.txt;11;legalreferences;1
title_0.txt;12;attributes;3
title_0.txt;13;legalreferences;1
title_0.txt;14;legalreferences;1
title_0.txt;15;attributes;4
title_0.txt;16;legalreferences;1
title_0.txt;17;legalreferences;1
title_0.txt;18;legalreferences;1
title_0.txt;an;functionwords;5
title_0.txt;as;logicalconnectors;21
title_0.txt;be;functionwords;16
title_0.txt;by;functionwords;10
title_0.txt;et;functionwords;12
title_0.txt;go;functionwords;1
title_0.txt;if;logicalconnectors;1
title_0.txt;ii;legalreferences;3
title_0.txt;in;functionwords;23
title_0.txt;is;functionwords;4
title_0.txt;iv;legalreferences;2
title_0.txt;ix;legalreferences;2
title_0.txt;of;functionwords;53
title_0.txt;on;functionwords;3
title_0.txt;or;logicalconnectors;25
title_0.txt;to;functionwords;20
title_0.txt;vi;other;2
title_0.txt;xi;legalreferences;1
title_0.txt;1;attributes;13
title_0.txt;2;attributes;2
title_0.txt;3;attributes;2
title_0.txt;4;attributes;2
title_0.txt;5;attributes;3
title_0.txt;6;attributes;2
title_0.txt;7;attributes;1
title_0.txt;8;attributes;1
title_0.txt;9;attributes;1
title_0.txt;a;functionwords;10
title_0.txt;b;legalreferences;5
title_0.txt;c;legalreferences;4
title_0.txt;d;legalreferences;2
title_0.txt;e;legalreferences;2
title_0.txt;i;functionwords;3
title_0.txt;q;legalreferences;1
title_0.txt;v;legalreferences;2
title_0.txt;x;legalreferences;1
